{"定山渓":[42.973435,141.153053],"定山渓温泉東4":[42.963936,141.162908],"定山渓温泉西4":[42.965665,141.161208],"定山渓温泉西3":[42.968514,141.165835],"定山渓温泉東3":[42.966649,141.168524],"定山渓温泉西2":[42.973007,141.166926],"定山渓温泉東2":[42.969606,141.172462],"定山渓温泉西1":[42.972961,141.173529],"定山渓温泉東1":[42.967858,141.197314],"小金湯":[42.960224,141.22913],"豊滝":[42.953707,141.238697],"砥山":[42.966194,141.258318],"豊滝2":[42.951665,141.235664],"豊滝1":[42.951497,141.238736],"簾舞":[42.964593,141.268884],"簾舞三条6":[42.960264,141.259913],"簾舞四条6":[42.959302,141.260411],"簾舞二条5":[42.963033,141.262622],"簾舞一条5":[42.963554,141.261541],"簾舞三条5":[42.960584,141.262772],"簾舞一条4":[42.964284,141.266297],"簾舞二条4":[42.963689,141.266132],"中ノ沢":[43.000315,141.317682],"簾舞二条3":[42.962241,141.268135],"白川":[42.968643,141.287945],"簾舞一条2":[42.96412,141.268835],"簾舞三条3":[42.960449,141.269352],"簾舞四条3":[42.958713,141.269862],"簾舞二条2":[42.963208,141.268958],"簾舞三条2":[42.959679,141.272889],"簾舞二条1":[42.963476,141.272383],"簾舞一条1":[42.96446,141.271024],"簾舞四条2":[42.958409,141.273192],"簾舞六条2":[42.953963,141.273692],"簾舞五条2":[42.955636,141.273606],"藤野":[42.952434,141.314815],"藤野二条13":[42.963329,141.274569],"簾舞三条1":[42.959739,141.275095],"藤野二条12":[42.963584,141.278027],"簾舞四条1":[42.957919,141.275533],"簾舞五条1":[42.955934,141.275608],"簾舞六条1":[42.954091,141.274919],"藤野一条10":[42.965082,141.285307],"藤野三条11":[42.958661,141.281364],"藤野四条11":[42.958599,141.280286],"南沢":[42.988251,141.3243],"藤野二条11":[42.962065,141.280491],"藤野五条10":[42.956263,141.2823],"藤野二条10":[42.962182,141.283558],"藤野四条10":[42.959145,141.283534],"藤野三条10":[42.960853,141.284246],"藤野五条9":[42.956048,141.286534],"藤野六条9":[42.955403,141.285642],"藤野四条9":[42.95971,141.285754],"藤野二条9":[42.964924,141.288095],"藤野三条9":[42.961917,141.287292],"藤野一条9":[42.966824,141.288232],"藤野四条8":[42.959805,141.289619],"藤野五条8":[42.954577,141.28886],"藤野三条8":[42.961544,141.290416],"藤野二条8":[42.964878,141.291269],"藤野一条8":[42.967957,141.291478],"藤野五条7":[42.954684,141.290946],"藤野四条7":[42.959036,141.292684],"藤野六条6":[42.951884,141.292319],"藤野三条7":[42.96159,141.293532],"藤野五条6":[42.956419,141.295873],"藤野二条7":[42.964898,141.294895],"藤野一条7":[42.967566,141.295634],"藤野四条6":[42.959962,141.297586],"藤野三条6":[42.961119,141.298206],"北ノ沢":[43.026246,141.317213],"藤野二条6":[42.96471,141.297762],"藤野五条5":[42.95523,141.300881],"藤野一条6":[42.966593,141.298428],"藤野四条5":[42.957417,141.301068],"藤野二条5":[42.963005,141.300142],"藤野一条5":[42.965093,141.301567],"藤野三条5":[42.960629,141.301852],"藤野二条4":[42.961961,141.303096],"藤野六条4":[42.95258,141.305123],"藤野三条4":[42.960853,141.304735],"藤野五条4":[42.955263,141.304464],"藤野四条4":[42.958442,141.305072],"石山":[42.949741,141.344267],"藤野三条3":[42.959972,141.307449],"藤野二条3":[42.962136,141.306901],"南沢六条4":[42.988023,141.309068],"藤野五条3":[42.954615,141.307512],"藤野四条3":[42.958978,141.307657],"藤野六条3":[42.952834,141.306006],"藤野六条2":[42.952691,141.308451],"南沢五条4":[42.986234,141.3118],"藤野二条2":[42.961926,141.309702],"藤野五条2":[42.955619,141.309502],"南沢六条3":[42.989299,141.310962],"藤野四条2":[42.958405,141.309658],"藤野三条2":[42.960178,141.309586],"常盤":[42.934943,141.344949],"藤野二条1":[42.963451,141.314493],"南沢五条3":[42.987591,141.313683],"南沢四条4":[42.985192,141.314355],"藤野四条1":[42.955754,141.310672],"藤野五条1":[42.954109,141.311658],"藤野三条1":[42.96054,141.311238],"南沢六条2":[42.991623,141.314594],"藤野六条1":[42.952997,141.311016],"石山二条9":[42.959745,141.316884],"南沢五条2":[42.990148,141.315147],"石山一条9":[42.961956,141.315092],"南沢四条3":[42.986338,141.315298],"南沢三条4":[42.982371,141.316138],"中ノ沢7":[42.997246,141.315021],"南沢二条4":[42.979978,141.316914],"南沢四条2":[42.987708,141.318144],"石山一条8":[42.962365,141.318213],"中ノ沢6":[42.998393,141.318718],"南沢五条1":[42.991073,141.316924],"南沢三条3":[42.984297,141.317661],"中ノ沢4":[42.994907,141.318527],"中ノ沢5":[42.997158,141.319134],"石山一条7":[42.963315,141.322066],"石山二条8":[42.959066,141.319862],"北ノ沢9":[43.001398,141.320631],"南沢二条3":[42.982131,141.320734],"南沢四条1":[42.989775,141.320872],"石山三条8":[42.956625,141.321139],"南沢三条2":[42.985383,141.321843],"北ノ沢8":[43.002456,141.322896],"川沿一条6":[43.000918,141.322708],"石山二条7":[42.959502,141.322227],"中ノ沢2":[42.996671,141.322388],"北ノ沢5":[43.004493,141.32266],"南沢二条2":[42.984446,141.324105],"南沢三条1":[42.986184,141.322769],"川沿二条6":[42.998619,141.323303],"中ノ沢3":[42.993899,141.322437],"硬石山":[42.969182,141.327209],"北ノ沢4":[43.005935,141.324152],"石山三条7":[42.957384,141.322496],"南沢一条3":[42.981057,141.32685],"石山一条6":[42.965626,141.325468],"石山二条6":[42.961804,141.325351],"北ノ沢3":[43.007591,141.327204],"石山三条6":[42.95907,141.326067],"北ノ沢6":[43.003686,141.326607],"中ノ沢1":[42.994641,141.32461],"南沢二条1":[42.984471,141.328217],"南沢一条1":[42.983361,141.326737],"石山四条6":[42.956017,141.324604],"石山一条5":[42.96557,141.326534],"北ノ沢7":[43.001334,141.325256],"川沿一条5":[43.00016,141.32537],"川沿二条5":[42.999304,141.325198],"藻岩下":[43.009582,141.342728],"川沿三条5":[42.996177,141.326144],"南沢一条2":[42.982102,141.32838],"石山二条5":[42.962902,141.326695],"川沿四条5":[42.994252,141.32639],"川沿町":[42.985703,141.328789],"北ノ沢2":[43.006486,141.329025],"川沿一条4":[43.003182,141.32807],"石山三条5":[42.961356,141.329315],"川沿二条4":[42.998592,141.328121],"川沿六条4":[42.99039,141.32911],"川沿五条4":[42.992206,141.328541],"川沿三条4":[42.996079,141.32849],"川沿七条4":[42.988444,141.329312],"川沿四条4":[42.993514,141.32882],"川沿十二条5":[42.978866,141.328169],"川沿十一条3":[42.981348,141.329557],"石山一条4":[42.96677,141.33136],"石山二条4":[42.966035,141.331457],"川沿八条4":[42.987369,141.329495],"北ノ沢1":[43.003737,141.331986],"川沿一条3":[43.001561,141.334662],"川沿十二条4":[42.979832,141.330404],"川沿二条3":[43.000472,141.333426],"川沿九条4":[42.985881,141.329497],"川沿三条3":[42.997146,141.331769],"川沿四条3":[42.994598,141.331165],"川沿五条3":[42.992249,141.331231],"川沿六条3":[42.990775,141.331968],"川沿十条3":[42.983369,141.332333],"川沿七条3":[42.989689,141.331626],"川沿十七条2":[42.974292,141.334218],"川沿八条3":[42.986751,141.332011],"川沿九条3":[42.985524,141.332119],"川沿十二条3":[42.980291,141.333136],"川沿十八条2":[42.972176,141.33329],"川沿十三条3":[42.978216,141.332348],"川沿十八条1":[42.970942,141.333717],"川沿一条2":[43.002168,141.33669],"川沿十六条2":[42.975431,141.334797],"川沿十五条2":[42.977002,141.335609],"川沿四条2":[42.994807,141.33462],"川沿三条2":[42.996428,141.334715],"川沿五条2":[42.99366,141.334073],"石山一条3":[42.971488,141.338147],"川沿七条2":[42.988746,141.332886],"石山一条1":[42.977822,141.343963],"川沿六条2":[42.989696,141.334486],"川沿八条2":[42.987616,141.333817],"石山二条3":[42.967722,141.338198],"川沿九条2":[42.985806,141.334115],"川沿十条2":[42.983511,141.335255],"川沿二条2":[42.999441,141.336197],"川沿十一条2":[42.982105,141.335576],"川沿十二条2":[42.980288,141.335806],"川沿十三条2":[42.979132,141.335801],"川沿十七条1":[42.972616,141.335551],"川沿十四条2":[42.978052,141.336049],"藻岩下4":[43.008897,141.336984],"川沿八条1":[42.987267,141.334881],"川沿一条1":[43.000209,141.339179],"川沿五条1":[42.992938,141.335844],"川沿九条1":[42.98511,141.335631],"川沿十六条1":[42.974217,141.336329],"芸術の森3":[42.933356,141.338583],"藻岩下5":[43.009384,141.338059],"川沿十五条1":[42.975271,141.336516],"川沿十条1":[42.983868,141.338398],"芸術の森2":[42.941133,141.342922],"川沿四条1":[42.994452,141.336624],"川沿十一条1":[42.982733,141.338897],"川沿三条1":[42.998187,141.337697],"石山二条2":[42.971071,141.341347],"川沿十二条1":[42.980492,141.339164],"川沿十四条1":[42.978315,141.338641],"藻岩下3":[43.008056,141.339676],"川沿十三条1":[42.979087,141.339672],"川沿二条1":[42.999401,141.338722],"芸術の森1":[42.945124,141.342996],"藻岩下2":[43.008615,141.341086],"石山一条2":[42.974641,141.343612],"真駒内柏丘12":[42.981853,141.343683],"真駒内":[42.959622,141.361943],"藻岩下1":[43.009882,141.341256],"真駒内柏丘7":[42.986233,141.344629],"藻岩山":[43.016098,141.344059],"南三十九条西10":[43.003912,141.343295],"南三十八条西11":[43.006913,141.343738],"常盤五条1":[42.937604,141.342383],"南三十七条西11":[43.008576,141.344192],"真駒内公園":[42.996856,141.347032],"南三十九条西11":[43.004299,141.342622],"常盤六条1":[42.936178,141.341779],"常盤六条2":[42.933458,141.34341],"石山東2":[42.970411,141.345658],"石山東3":[42.964803,141.346205],"真駒内柏丘5":[42.988761,141.345884],"常盤五条2":[42.937938,141.345322],"真駒内柏丘6":[42.992998,141.345887],"石山東5":[42.959701,141.346399],"石山東4":[42.964231,141.345806],"石山東6":[42.957956,141.346541],"常盤四条1":[42.941216,141.344299],"南三十六条西11":[43.009816,141.344248],"石山東7":[42.955011,141.346083],