{"大谷地西1":[43.021582,141.446801],"大谷地西2":[43.023794,141.448709],"大谷地西3":[43.022936,141.450856],"厚別西":[43.058428,141.450762],"厚別西五条1":[43.054263,141.449711],"大谷地西4":[43.019731,141.452136],"大谷地東3":[43.027386,141.452729],"大谷地西5":[43.021057,141.453546],"厚別西四条1":[43.050139,141.455506],"大谷地東1":[43.029282,141.448049],"厚別町山本":[43.072102,141.4645],"厚別西三条1":[43.048335,141.458936],"大谷地東5":[43.022892,141.458426],"厚別西二条1":[43.04668,141.458786],"大谷地西6":[43.020733,141.455268],"厚別西一条1":[43.044567,141.458782],"厚別中央三条1":[43.033891,141.455035],"厚別中央二条1":[43.031922,141.456468],"厚別西四条2":[43.049232,141.459028],"厚別西五条2":[43.054811,141.459383],"大谷地東2":[43.0283,141.452846],"厚別中央五条1":[43.040684,141.457805],"大谷地東4":[43.028017,141.454819],"厚別中央四条2":[43.037957,141.461642],"厚別中央三条2":[43.036357,141.459153],"厚別中央一条2":[43.031883,141.459696],"厚別西二条2":[43.046301,141.4617],"厚別西一条2":[43.045799,141.462007],"大谷地東7":[43.027491,141.460887],"厚別西三条2":[43.049674,141.460747],"厚別西四条3":[43.05241,141.461128],"厚別中央五条2":[43.0419,141.461387],"厚別中央二条2":[43.034402,141.461497],"上野幌三条1":[43.021859,141.462542],"厚別南1":[43.030866,141.465826],"厚別西五条4":[43.055491,141.461297],"厚別西三条3":[43.049155,141.46351],"厚別西二条3":[43.047979,141.464984],"厚別中央五条3":[43.043913,141.46358],"厚別中央四条3":[43.04214,141.46396],"厚別中央三条3":[43.037292,141.464283],"厚別中央二条3":[43.036741,141.464822],"厚別西四条4":[43.052897,141.464239],"厚別西一条3":[43.046589,141.466026],"厚別中央一条3":[43.03301,141.46554],"厚別南3":[43.027725,141.470936],"厚別西三条4":[43.051383,141.466889],"上野幌二条1":[43.017979,141.467294],"上野幌三条2":[43.013101,141.469545],"厚別西五条5":[43.055914,141.465506],"厚別中央五条4":[43.044292,141.464267],"厚別中央四条4":[43.043251,141.467512],"厚別西二条4":[43.04919,141.468333],"厚別南4":[43.025642,141.466142],"厚別中央三条4":[43.04177,141.469022],"上野幌一条1":[43.023615,141.467465],"厚別西五条6":[43.056958,141.468272],"厚別西四条5":[43.052935,141.468375],"厚別中央二条4":[43.036099,141.467764],"厚別中央一条4":[43.03423,141.469114],"厚別西一条4":[43.048059,141.46908],"厚別南2":[43.032516,141.4684],"上野幌二条2":[43.017968,141.468169],"厚別西三条5":[43.051428,141.469936],"厚別西四条6":[43.054333,141.469782],"厚別西二条5":[43.050187,141.470983],"上野幌一条2":[43.022913,141.468762],"厚別町小野幌":[43.062409,141.468116],"厚別中央四条5":[43.04394,141.471572],"厚別中央五条5":[43.045932,141.470394],"厚別中央三条5":[43.041818,141.46938],"厚別西一条5":[43.049952,141.471922],"厚別北四条2":[43.057669,141.471796],"厚別北四条5":[43.063912,141.478428],"厚別中央二条5":[43.040202,141.473337],"厚別北三条2":[43.056131,141.473252],"上野幌三条3":[43.014095,141.470432],"厚別中央五条6":[43.045963,141.472234],"厚別中央一条5":[43.036904,141.47588],"厚別北六条4":[43.064282,141.472043],"上野幌二条3":[43.018127,141.473376],"厚別西二条6":[43.051278,141.472313],"青葉町1":[43.033097,141.470895],"厚別北六条5":[43.065281,141.473311],"厚別北五条4":[43.063776,141.473296],"厚別中央四条6":[43.045137,141.473244],"上野幌一条3":[43.018756,141.472584],"厚別北四条3":[43.058939,141.474738],"青葉町5":[43.028007,141.474584],"厚別北二条1":[43.052841,141.473556],"厚別南5":[43.022151,141.474018],"厚別北二条2":[43.053853,141.475568],"厚別中央三条6":[43.043655,141.474442],"上野幌三条4":[43.012772,141.475805],"青葉町2":[43.031901,141.47584],"厚別北三条3":[43.05747,141.476403],"厚別北一条1":[43.050851,141.475358],"上野幌二条4":[43.015364,141.474632],"厚別東五条1":[43.04601,141.475232],"厚別中央二条6":[43.041559,141.476663],"上野幌一条4":[43.018793,141.476154],"厚別中央一条6":[43.038112,141.476764],"厚別北五条5":[43.064011,141.474406],"厚別北四条4":[43.06054,141.47687],"厚別北一条2":[43.051863,141.476],"厚別北二条3":[43.055985,141.477858],"青葉町3":[43.032739,141.477286],"厚別南6":[43.023023,141.478392],"上野幌三条5":[43.012712,141.47832],"青葉町6":[43.02838,141.477062],"青葉町8":[43.026179,141.478405],"厚別東四条1":[43.044742,141.477961],"上野幌二条5":[43.014654,141.479378],"厚別北三条4":[43.058795,141.477985],"厚別北一条3":[43.053629,141.478346],"青葉町4":[43.03525,141.479729],"厚別南7":[43.021263,141.482008],"厚別中央一条7":[43.039058,141.479763],"青葉町7":[43.029355,141.480474],"上野幌三条6":[43.009902,141.480696],"厚別北三条5":[43.060273,141.482533],"青葉町9":[43.02587,141.48016],"青葉町11":[43.037272,141.482422],"厚別北二条4":[43.056275,141.479572],"厚別町上野幌":[43.01494,141.48305],"厚別東五条3":[43.048355,141.480022],"上野幌二条6":[43.014647,141.481981],"青葉町10":[43.024374,141.482121],"厚別北二条5":[43.058298,141.481418],"厚別東四条2":[43.045092,141.478851],"上野幌一条6":[43.018032,141.480351],"厚別北一条4":[43.055954,141.480528],"厚別東三条2":[43.043675,141.48041],"厚別東二条1":[43.041335,141.481213],"青葉町13":[43.029858,141.481053],"厚別東三条3":[43.044185,141.481929],"厚別東五条4":[43.051149,141.483309],"厚別東五条7":[43.053994,141.484951],"厚別東一条1":[43.04052,141.482488],"青葉町12":[43.031614,141.483929],"厚別東二条2":[43.041726,141.482361],"青葉町14":[43.031124,141.483417],"もみじ台西1":[43.037978,141.484284],"厚別東三条4":[43.046296,141.485749],"厚別東二条3":[43.041756,141.483922],"厚別東四条4":[43.048402,141.482795],"青葉町15":[43.026984,141.483703],"もみじ台西2":[43.035445,141.486373],"厚別東五条8":[43.056227,141.482454],"青葉町16":[43.023295,141.484272],"厚別東四条6":[43.049492,141.487863],"厚別東四条5":[43.048637,141.487195],"厚別東二条4":[43.045543,141.486377],"もみじ台北1":[43.038998,141.488653],"厚別東四条8":[43.058105,141.48709],"厚別東一条3":[43.04017,141.488549],"厚別東四条9":[43.057908,141.48834],"もみじ台西3":[43.032041,141.489083],"厚別東三条5":[43.047024,141.487047],"もみじ台北4":[43.037302,141.489307],"もみじ台西5":[43.03148,141.489507],"もみじ台西4":[43.03302,141.490693],"厚別東四条7":[43.051574,141.485722],"厚別東二条5":[43.046462,141.48884],"もみじ台西7":[43.02733,141.489385],"厚別東三条7":[43.051018,141.48898],"もみじ台南1":[43.025935,141.491194],"厚別東三条6":[43.047673,141.489332],"厚別東一条4":[43.04059,141.491394],"もみじ台北2":[43.038089,141.493511],"もみじ台西6":[43.031629,141.490695],"もみじ台北5":[43.036214,141.493631],"もみじ台北6":[43.034524,141.494001],"厚別東二条6":[43.0466,141.490052],"もみじ台南3":[43.025954,141.495323],"厚別東二条7":[43.048964,141.489957],"もみじ台南2":[43.027896,141.493084],"厚別東一条5":[43.040273,141.492678],"もみじ台北7":[43.031067,141.492605],"もみじ台東1":[43.03084,141.495026],"もみじ台北3":[43.039086,141.49703],"厚別東一条6":[43.040454,141.496809],"もみじ台東3":[43.028087,141.49723],"もみじ台東2":[43.031791,141.498232],"もみじ台南4":[43.025524,141.499437],"もみじ台東4":[43.030246,141.499528],"もみじ台南5":[43.024345,141.498825],"もみじ台東5":[43.026398,141.500258],"厚別町下野幌":[43.041039,141.498664],"もみじ台東6":[43.027641,141.501659],"もみじ台南6":[43.023234,141.502671],"下野幌テクノパーク2":[43.034824,141.499083],"もみじ台東7":[43.026025,141.503922],"下野幌テクノパーク1":[43.033486,141.499471],"もみじ台南7":[43.02395,141.504349],"厚別東五条2":[43.046705,141.477627],"上野幌一条5":[43.017459,141.478723],"厚別西五条3":[43.05424,141.460675],"厚別西三条6":[43.052837,141.4716],"厚別東三条1":[43.042761,141.478212],"厚別東一条2":[43.040526,141.483922],"大谷地東6":[43.025389,141.460671],"厚別中央一条1":[43.030417,141.457028],"厚別東四条3":[43.04755,141.481647]}