{"三橋4":[35.889766,139.599801],"三橋2":[35.899543,139.607205],"三橋1":[35.905031,139.60762],"三橋3":[35.895962,139.610516],"櫛引町1":[35.906411,139.612992],"上小町":[35.894356,139.613757],"大成町2":[35.912138,139.617629],"大成町1":[35.910884,139.617905],"大成町3":[35.916765,139.618626],"桜木町4":[35.896743,139.621624],"桜木町2":[35.906165,139.622154],"桜木町3":[35.915797,139.619685],"桜木町1":[35.901843,139.624422],"錦町":[35.899491,139.629206],"土手町1":[35.9147,139.622743],"宮町5":[35.90965,139.624041],"宮町4":[35.910208,139.625566],"土手町3":[35.915538,139.627568],"宮町1":[35.908404,139.625959],"大門町1":[35.907388,139.62631],"土手町2":[35.91406,139.627488],"仲町1":[35.905387,139.626759],"宮町3":[35.911189,139.628864],"高鼻町3":[35.917881,139.62797],"吉敷町2":[35.900427,139.625622],"宮町2":[35.90937,139.628585],"下町1":[35.90294,139.62711],"大門町2":[35.906392,139.627572],"吉敷町1":[35.901247,139.630851],"高鼻町4":[35.917449,139.633462],"仲町2":[35.904805,139.627955],"下町2":[35.903747,139.628697],"高鼻町1":[35.910495,139.630413],"大門町3":[35.90756,139.630332],"仲町3":[35.905373,139.628461],"寿能町1":[35.921628,139.634845],"下町3":[35.902825,139.63042],"吉敷町4":[35.897811,139.631048],"高鼻町2":[35.914541,139.634437],"東町2":[35.909429,139.633783],"東町1":[35.906479,139.635295],"浅間町1":[35.904762,139.635593],"浅間町2":[35.901993,139.637694],"吉敷町3":[35.900962,139.636881],"堀の内町2":[35.913715,139.641001],"堀の内町3":[35.914844,139.639079],"堀の内町1":[35.912359,139.640736],"北袋町1":[35.892387,139.642442],"天沼町2":[35.904935,139.645516],"寿能町2":[35.918287,139.637404],"天沼町1":[35.910755,139.642743],"大原6":[35.898062,139.642258],"北袋町2":[35.890756,139.647089],"大原7":[35.902084,139.642238]}