{"東大宮3":[35.953386,139.630371],"砂町2":[35.943133,139.636288],"東大宮2":[35.945362,139.638733],"東大宮4":[35.95345,139.640492],"東大宮1":[35.938864,139.645157],"東大宮5":[35.949585,139.645775],"大和田町1":[35.917521,139.64611],"大和田町2":[35.928947,139.649502],"東大宮7":[35.945404,139.649096],"東大宮6":[35.94838,139.650563],"大字南中丸":[35.916805,139.647137],"丸ヶ崎町":[35.956006,139.652706],"堀崎町":[35.937646,139.66024],"大字上山口新田":[35.898002,139.6518],"大字南中野":[35.916943,139.660839],"島町":[35.946624,139.649119],"大字中川":[35.90762,139.650236],"大字新右ェ門新田":[35.902909,139.649625],"大字丸ヶ崎":[35.963115,139.656989],"島町1":[35.94577,139.656832],"大字深作":[35.952869,139.656294],"大字蓮沼":[35.919713,139.659751],"春岡3":[35.947971,139.66044],"春野3":[35.959858,139.6607],"島町2":[35.94373,139.659971],"春岡2":[35.946303,139.665225],"春岡1":[35.942171,139.66382],"大字東新井":[35.902005,139.662614],"春野2":[35.956094,139.66415],"深作3":[35.953973,139.667627],"大字風渡野":[35.936996,139.675827],"大字小深作":[35.944983,139.66976],"大字御蔵":[35.914341,139.669671],"春野4":[35.958782,139.66127],"深作1":[35.949061,139.670461],"大字東門前":[35.937679,139.676803],"大字大谷":[35.916994,139.683371],"深作2":[35.948052,139.673928],"春野1":[35.955302,139.670923],"大字西山村新田":[35.901676,139.6735],"大字新堤":[35.926896,139.677046],"宮ヶ谷塔4":[35.944192,139.669557],"深作5":[35.953639,139.677145],"深作4":[35.95186,139.673847],"大字西山新田":[35.896807,139.677579],"大字東宮下":[35.931724,139.680392],"卸町1":[35.948994,139.677144],"宮ヶ谷塔3":[35.939215,139.677679],"大字笹丸":[35.909706,139.676945],"宮ヶ谷塔2":[35.943056,139.677644],"大字染谷":[35.909733,139.681556],"大字片柳":[35.905514,139.685692],"大字山":[35.90233,139.681082],"卸町2":[35.95113,139.679002],"大字見山":[35.897827,139.685853],"大字宮ヶ谷塔":[35.939031,139.680509],"宮ヶ谷塔1":[35.947695,139.681235],"大字加田屋新田":[35.916029,139.681217],"東宮下2":[35.933229,139.683402],"東宮下3":[35.937841,139.68183],"東宮下1":[35.930137,139.688287],"大字膝子":[35.916316,139.688871],"染谷1":[35.91326,139.686901],"染谷3":[35.905815,139.685086],"加田屋1":[35.916478,139.688487],"染谷2":[35.907639,139.690092],"片柳2":[35.897406,139.692255],"片柳1":[35.902593,139.697777],"加田屋2":[35.907678,139.69422],"片柳東":[35.905132,139.694937]}