{"上木崎1":[35.883837,139.640429],"針ヶ谷4":[35.878057,139.64089],"上木崎2":[35.885074,139.642075],"北浦和5":[35.873851,139.643707],"常盤10":[35.869057,139.642071],"北浦和4":[35.871402,139.646054],"針ヶ谷3":[35.883447,139.644107],"北浦和3":[35.871614,139.647371],"常盤8":[35.864039,139.643471],"仲町4":[35.85926,139.646745],"常盤6":[35.861254,139.646447],"針ヶ谷2":[35.882053,139.646927],"上木崎3":[35.887278,139.64548],"針ヶ谷1":[35.881054,139.647381],"常盤9":[35.867711,139.64391],"上木崎4":[35.884665,139.648523],"大原5":[35.900215,139.647763],"高砂4":[35.856297,139.647231],"常盤7":[35.864017,139.646172],"領家7":[35.882159,139.651871],"北浦和2":[35.877901,139.648984],"上木崎5":[35.887716,139.648563],"大原4":[35.897279,139.649804],"北浦和1":[35.876496,139.650641],"大原3":[35.893896,139.651255],"常盤5":[35.866251,139.649758],"領家6":[35.880986,139.653026],"上木崎8":[35.8909,139.648904],"常盤4":[35.863321,139.650122],"上木崎6":[35.884565,139.652783],"仲町3":[35.85943,139.649805],"常盤3":[35.867958,139.651201],"高砂3":[35.856949,139.652687],"元町2":[35.872061,139.658646],"上木崎7":[35.889582,139.652528],"元町3":[35.87388,139.654357],"元町1":[35.869933,139.65949],"常盤2":[35.8639,139.653202],"大原2":[35.893705,139.652863],"岸町5":[35.850875,139.654996],"岸町6":[35.853527,139.654586],"岸町7":[35.85453,139.654449],"仲町2":[35.859512,139.653215],"領家5":[35.878381,139.654658],"常盤1":[35.862296,139.654305],"本太3":[35.864821,139.655763],"皇山町":[35.884338,139.65584],"領家4":[35.879741,139.656838],"領家2":[35.876954,139.656299],"大原1":[35.891649,139.654626],"高砂2":[35.858438,139.655127],"木崎3":[35.889811,139.658083],"仲町1":[35.859802,139.655941],"領家1":[35.872712,139.660125],"大字三崎":[35.89391,139.664512],"岸町4":[35.854663,139.660203],"木崎2":[35.886495,139.660519],"高砂1":[35.85707,139.658219],"東仲町":[35.860379,139.66108],"領家3":[35.873598,139.660345],"岸町3":[35.853708,139.660663],"本太2":[35.861333,139.661311],"岸町2":[35.851465,139.660671],"本太4":[35.865893,139.659738],"大東1":[35.881919,139.661302],"木崎1":[35.884091,139.664963],"神明2":[35.847577,139.660685],"東高砂町":[35.858823,139.662922],"木崎4":[35.889438,139.663128],"瀬ヶ崎2":[35.878153,139.662196],"瀬ヶ崎1":[35.877027,139.662466],"駒場1":[35.868859,139.664183],"本太5":[35.865929,139.664551],"東岸町":[35.853223,139.666617],"駒場2":[35.872979,139.666932],"本太1":[35.862125,139.665577],"大東2":[35.880086,139.665316],"神明1":[35.84936,139.663977],"岸町1":[35.850919,139.665049],"木崎5":[35.884083,139.66733],"前地2":[35.858188,139.664543],"瀬ヶ崎5":[35.874529,139.666999],"瀬ヶ崎3":[35.878987,139.66641],"前地3":[35.860115,139.666995],"瀬ヶ崎4":[35.877017,139.667025],"前地1":[35.854524,139.667274],"大東3":[35.882903,139.668362]}