{"大字三浦":[35.896225,139.677456],"山崎1":[35.887514,139.665698],"大字三室":[35.887612,139.689679],"原山2":[35.873951,139.670346],"太田窪1":[35.865321,139.666772],"大字大道":[35.893448,139.676134],"道祖土1":[35.876205,139.670331],"道祖土2":[35.879973,139.671627],"原山1":[35.865472,139.673134],"道祖土3":[35.877898,139.67353],"道祖土4":[35.874114,139.670332],"太田窪3":[35.860817,139.675161],"原山3":[35.872204,139.677533],"原山4":[35.866691,139.681272],"大字中尾":[35.864411,139.695862],"大字新宿":[35.89519,139.690697],"馬場1":[35.886049,139.685648],"松木1":[35.881574,139.685263],"芝原1":[35.880676,139.69047],"馬場2":[35.88792,139.689408],"松木2":[35.882253,139.688923],"大字大間木":[35.870098,139.713925],"大字宮後":[35.89099,139.699555],"松木3":[35.884032,139.692359],"宮本1":[35.89045,139.695309],"芝原2":[35.882331,139.695973],"宮本2":[35.88971,139.696811],"芝原3":[35.879436,139.697733],"東浦和9":[35.87167,139.697474],"大字大谷口":[35.864372,139.693155],"大字上野田":[35.911056,139.705169],"大字見沼":[35.878339,139.708299],"東浦和8":[35.870927,139.698851],"大字南部領辻":[35.896797,139.724661],"東浦和2":[35.861933,139.700879],"大字高畑":[35.910397,139.708775],"東浦和3":[35.865016,139.700316],"大字大牧":[35.867909,139.711002],"東浦和4":[35.865917,139.70364],"東浦和7":[35.870078,139.705267],"東浦和1":[35.862853,139.70608],"大字寺山":[35.907079,139.710731],"大字大崎":[35.892414,139.714078],"東浦和5":[35.865854,139.707268],"大字代山":[35.902507,139.711554],"東浦和6":[35.87127,139.707684],"大字蓮見新田":[35.870179,139.710774],"大字中野田":[35.898927,139.721231],"大字下山口新田":[35.869245,139.719276],"大字間宮":[35.879696,139.728806],"大字玄蕃新田":[35.891975,139.714203],"美園1":[35.90473,139.712734],"美園2":[35.904344,139.722881],"大字北原":[35.885525,139.723559],"大字大門":[35.892962,139.7219],"大字下野田":[35.891878,139.722182],"美園3":[35.89728,139.726917],"美園4":[35.897785,139.730792],"美園5":[35.891415,139.736269],"美園6":[35.888688,139.738063],"東大門1":[35.881652,139.737901],"東大門2":[35.883178,139.740904],"東大門3":[35.882963,139.744084]}