{"有明":[42.958743,141.440249],"清田":[42.991023,141.436696],"清田七条1":[42.9954,141.41912],"清田九条1":[42.98804,141.422151],"清田六条1":[42.996088,141.423969],"清田八条1":[42.990304,141.424271],"清田五条1":[42.998615,141.423451],"真栄":[42.960591,141.43507],"清田十条3":[42.981901,141.424096],"清田八条2":[42.987647,141.427775],"北野一条1":[43.010711,141.427317],"清田十条4":[42.979789,141.425223],"清田五条2":[42.996431,141.424704],"清田七条2":[42.991237,141.428715],"清田三条1":[43.003389,141.425505],"北野二条1":[43.011944,141.429111],"清田二条1":[43.004447,141.430173],"北野一条2":[43.009745,141.430194],"清田四条2":[43.000072,141.427422],"清田六条2":[42.992869,141.426572],"清田三条2":[43.00162,141.431317],"北野二条2":[43.009655,141.432139],"清田八条3":[42.984059,141.430581],"北野三条1":[43.014289,141.429719],"北野五条1":[43.019971,141.4301],"清田九条3":[42.981937,141.429374],"北野四条1":[43.019305,141.43004],"北野六条1":[43.024263,141.433365],"清田二条2":[43.003543,141.430715],"清田七条3":[42.987747,141.433054],"北野三条2":[43.013224,141.433338],"北野四条2":[43.016224,141.434082],"清田六条3":[42.992683,141.43248],"清田五条3":[42.994254,141.432726],"清田四条3":[42.997701,141.433266],"清田三条3":[42.998755,141.433796],"北野五条2":[43.017928,141.435008],"真栄六条1":[42.981829,141.433727],"清田四条4":[42.996552,141.435641],"清田六条4":[42.993433,141.432898],"清田一条1":[43.006393,141.434486],"北野七条1":[43.02457,141.436028],"北野六条2":[43.01948,141.435169],"清田五条4":[42.994425,141.433714],"北野二条3":[43.006988,141.43624],"清田七条4":[42.987735,141.436889],"真栄五条1":[42.982836,141.434404],"北野三条3":[43.009455,141.438392],"真栄四条1":[42.987904,141.437415],"北野七条2":[43.022039,141.437041],"北野五条3":[43.017699,141.438497],"北野六条3":[43.018893,141.439138],"北野四条3":[43.014303,141.435646],"真栄五条2":[42.980064,141.442903],"真栄一条1":[42.998317,141.438622],"北野七条3":[43.021872,141.441714],"真栄四条2":[42.986805,141.44195],"清田一条2":[43.003474,141.43921],"清田一条4":[42.999122,141.441778],"真栄二条1":[42.998291,141.437665],"北野五条4":[43.013725,141.441837],"北野六条4":[43.018346,141.445197],"北野四条4":[43.012453,141.444163],"真栄三条2":[42.988282,141.444447],"真栄二条2":[42.990179,141.446378],"北野三条4":[43.008598,141.440941],"清田一条3":[43.003886,141.441623],"真栄一条2":[42.996618,141.442054],"真栄五条3":[42.980576,141.442443],"北野七条4":[43.019476,141.445285],"平岡一条1":[42.996664,141.443166],"真栄四条3":[42.986378,141.442876],"北野三条5":[43.008873,141.44705],"真栄四条4":[42.983673,141.447103],"美しが丘三条1":[42.988899,141.445481],"真栄五条4":[42.97906,141.446043],"北野四条5":[43.011936,141.445245],"平岡二条1":[43.001144,141.444496],"平岡一条2":[42.99619,141.445021],"美しが丘三条2":[42.986205,141.44796],"美しが丘二条1":[42.988806,141.447819],"平岡一条3":[42.995463,141.447149],"平岡三条1":[43.004897,141.446205],"真栄四条5":[42.982111,141.450144],"北野五条5":[43.012885,141.449741],"真栄五条5":[42.97973,141.447483],"北野六条5":[43.016039,141.451948],"平岡三条2":[43.002272,141.44887],"平岡二条2":[42.998274,141.446827],"北野七条5":[43.018705,141.448453],"美しが丘二条2":[42.988439,141.450599],"平岡五条1":[43.008965,141.451485],"平岡四条1":[43.006581,141.449724],"美しが丘五条5":[42.977499,141.450203],"平岡六条1":[43.009864,141.452792],"平岡二条3":[42.998271,141.448685],"美しが丘二条3":[42.986079,141.450455],"平岡四条2":[43.002955,141.450807],"平岡三条3":[43.000899,141.451103],"美しが丘二条4":[42.983364,141.452347],"平岡二条5":[42.994056,141.451539],"美しが丘四条5":[42.979579,141.451537],"平岡五条2":[43.008023,141.453293],"平岡七条1":[43.012933,141.450786],"美しが丘五条6":[42.975275,141.454673],"平岡三条4":[42.996528,141.454613],"平岡四条3":[43.002445,141.451505],"美しが丘三条4":[42.982428,141.452129],"美しが丘三条5":[42.981919,141.45616],"美しが丘四条6":[42.977054,141.458237],"平岡八条1":[43.014431,141.452391],"平岡六条2":[43.009827,141.454282],"平岡五条3":[43.007598,141.455127],"美しが丘二条5":[42.984296,141.454399],"平岡九条1":[43.016877,141.453496],"平岡十条1":[43.019665,141.459682],"里塚一条1":[42.988536,141.454035],"平岡三条5":[42.99605,141.455575],"里塚二条1":[42.990348,141.460507],"平岡八条2":[43.013487,141.456355],"里塚一条2":[42.989229,141.458546],"平岡五条4":[43.003183,141.459589],"美しが丘三条6":[42.980278,141.459962],"平岡六条3":[43.007844,141.458469],"美しが丘四条7":[42.97604,141.458993],"里塚三条1":[42.992214,141.45803],"美しが丘二条6":[42.981561,141.459893],"平岡二条6":[42.993052,141.457016],"平岡九条2":[43.013966,141.457463],"里塚一条3":[42.984387,141.459235],"平岡七条3":[43.010707,141.457994],"平岡十条2":[43.01595,141.460929],"平岡六条4":[43.007089,141.459827],"平岡八条3":[43.012742,141.458216],"平岡九条3":[43.012812,141.460223],"美しが丘三条7":[42.977394,141.460615],"美しが丘二条7":[42.979186,141.462233],"里塚一条4":[42.982395,141.462468],"平岡七条4":[43.007836,141.461744],"平岡三条6":[42.995696,141.459408],"美しが丘一条7":[42.980958,141.462209],"美しが丘四条8":[42.975811,141.461505],"里塚":[42.9671,141.464251],"美しが丘五条9":[42.975395,141.460282],"平岡五条6":[43.000995,141.463408],"平岡十条3":[43.015774,141.46134],"平岡四条6":[42.99788,141.462654],"平岡八条4":[43.008678,141.46325],"美しが丘二条8":[42.978199,141.465317],"里塚二条2":[42.991285,141.462117],"平岡九条4":[43.01364,141.462968],"美しが丘二条9":[42.976372,141.465415],"里塚二条3":[42.989114,141.462531],"美しが丘四条9":[42.974361,141.462504],"里塚三条2":[42.992645,141.463127],"平岡四条7":[42.998147,141.463974],"美しが丘一条9":[42.977724,141.465411],"里塚二条4":[42.986738,141.464286],"里塚四条3":[42.993947,141.464774],"里塚三条3":[42.991209,141.466254],"美しが丘一条8":[42.980569,141.462984],"平岡公園東1":[43.010989,141.468724],"里塚二条5":[42.985076,141.467022],"里塚三条4":[42.989994,141.467814],"美しが丘二条10":[42.975498,141.466951],"平岡公園":[43.000848,141.466416],"里塚三条5":[42.986357,141.470408],"里塚二条6":[42.97974,141.469028],"里塚緑ケ丘3":[42.99626,141.46997],"平岡公園東2":[43.010765,141.471299],"里塚緑ケ丘1":[42.999641,141.472632],"里塚三条6":[42.984203,141.471539],"里塚二条7":[42.978742,141.469665],"平岡公園東11":[43.002486,141.472631],"平岡公園東3":[43.008553,141.473743],"平岡公園東4":[43.004342,141.472651],"里塚緑ケ丘10":[42.988546,141.471244],"里塚緑ケ丘9":[42.993704,141.472298],"里塚緑ケ丘4":[42.994359,141.470523],"里塚緑ケ丘8":[42.993393,141.474824],"里塚緑ケ丘5":[42.998188,141.477249],"里塚緑ケ丘11":[42.989861,141.475897],"里塚緑ケ丘2":[42.999775,141.475316],"平岡公園東10":[43.003476,141.476641],"平岡公園東5":[43.005532,141.475171],"平岡公園東6":[43.007829,141.476347],"里塚緑ケ丘12":[42.986879,141.475883],"平岡公園東9":[43.003656,141.478654],"里塚緑ケ丘7":[42.990526,141.4789],"平岡公園東7":[43.008184,141.478211],"里塚緑ケ丘6":[42.992729,141.477223],"平岡公園東8":[43.005559,141.479299],"清田二条3":[43.00059,141.434385],"平岡一条6":[42.989823,141.453056],"里塚四条1":[42.994847,141.463702],"平岡七条2":[43.01088,141.454623],"平岡二条4":[42.995671,141.451599],"美しが丘一条1":[42.990427,141.448234],"平岡一条5":[42.99207,141.451808],"美しが丘一条2":[42.989008,141.451086],"清田四条1":[43.000947,141.423808],"美しが丘三条9":[42.975722,141.463872],"美しが丘一条10":[42.977119,141.468522],"美しが丘三条10":[42.975006,141.466632],"美しが丘一条3":[42.987889,141.452358],"美しが丘一条4":[42.986817,141.453758],"美しが丘三条3":[42.982895,141.450337],"美しが丘三条8":[42.97685,141.462611],"美しが丘一条6":[42.982902,141.459016],"里塚三条7":[42.98071,141.470993],"美しが丘四条10":[42.972974,141.464038],"美しが丘一条5":[42.984111,141.456699],"平岡一条4":[42.992991,141.448872]}