{"大字宝来":[35.921928,139.56232],"大字内野本郷":[35.934449,139.597376],"大字清河寺":[35.931105,139.588437],"大字中釘":[35.935989,139.574122],"大字西遊馬":[35.905185,139.571596],"大字峰岸":[35.926843,139.559106],"大字飯田新田":[35.885562,139.561091],"大字指扇領別所":[35.919604,139.570159],"大字西新井":[35.940044,139.590989],"湯木町2":[35.896843,139.557024],"湯木町1":[35.895012,139.55792],"塚本町2":[35.875951,139.568725],"大字植田谷本村新田":[35.883282,139.56053],"大字指扇領辻":[35.925867,139.561459],"塚本町3":[35.87352,139.571233],"大字塚本":[35.884821,139.562826],"塚本町1":[35.879771,139.564737],"大字土屋":[35.906749,139.575025],"大字平方領々家":[35.923498,139.562749],"大字高木":[35.924146,139.5705],"大字二ツ宮":[35.893055,139.583104],"大字指扇":[35.924187,139.573671],"大字昭和":[35.881938,139.581702],"プラザ":[35.904431,139.583258],"大字佐知川":[35.903951,139.589834],"大字三条町":[35.886954,139.593107],"大字中野林":[35.894882,139.595499],"大字飯田":[35.898166,139.591681],"大字島根":[35.885743,139.602595],"宮前町":[35.92021,139.594773],"三橋6":[35.914239,139.597293],"大字植田谷本":[35.888285,139.602673],"三橋5":[35.911156,139.598965],"大字水判土":[35.896997,139.594874]}