{"久那":[35.985001,139.058479],"田村":[36.017621,139.063578],"別所":[35.986481,139.059543],"寺尾":[36.008265,139.071961],"下影森":[35.97714,139.080594],"上影森":[35.977688,139.067758],"蒔田":[36.029817,139.073176],"和泉町":[35.982762,139.064722],"品沢":[36.035877,139.066998],"近戸町":[35.994897,139.075815],"上町3":[35.988281,139.078938],"中村町3":[36.001833,139.070986],"上町2":[35.9905,139.080701],"中村町4":[36.002157,139.078917],"中村町2":[35.996973,139.07948],"上町1":[35.991269,139.080654],"中町":[35.994339,139.082158],"金室町":[36.007045,139.080183],"日野田町1":[35.985569,139.082157],"中村町1":[35.997828,139.079816],"日野田町2":[35.977962,139.081212],"本町":[35.996247,139.082672],"道生町":[35.998471,139.080521],"桜木町":[36.003876,139.086075],"野坂町1":[35.98961,139.084803],"阿保町":[36.017973,139.087946],"東町":[35.993689,139.08453],"柳田町":[36.011387,139.086229],"永田町":[36.009254,139.086497],"宮側町":[35.998658,139.086558],"番場町":[35.997539,139.086494],"野坂町2":[35.98829,139.088202],"熊木町":[35.992773,139.092685],"相生町":[36.006732,139.088284],"上野町":[35.992732,139.089971],"上宮地町":[36.002447,139.09329],"滝の上町":[36.012658,139.090347],"大野原":[36.025613,139.107082],"大宮":[36.006704,139.100802],"中宮地町":[36.009379,139.090193],"大畑町":[36.017189,139.092785],"下宮地町":[36.01464,139.094403],"黒谷":[36.029309,139.11056],"山田":[36.012402,139.133761],"栃谷":[36.029304,139.135418],"定峰":[36.027612,139.129504]}