{"大字勝楽寺":[35.774492,139.415491],"林1":[35.798738,139.395815],"糀谷":[35.798414,139.398047],"堀之内":[35.788775,139.397866],"林2":[35.799775,139.403274],"三ケ島5":[35.798559,139.408172],"三ケ島2":[35.789816,139.409861],"林3":[35.811479,139.408422],"和ケ原3":[35.80622,139.405707],"西狭山ケ丘2":[35.801737,139.410866],"三ケ島1":[35.788768,139.415907],"三ケ島3":[35.794444,139.412265],"和ケ原2":[35.808892,139.409482],"西狭山ケ丘1":[35.806297,139.414266],"大字上山口":[35.779024,139.429415],"和ケ原1":[35.806487,139.413901],"狭山ケ丘2":[35.812825,139.414493],"三ケ島4":[35.799003,139.417793],"北野3":[35.799306,139.419555],"狭山ケ丘1":[35.809441,139.418276],"若狭4":[35.804892,139.418153],"若狭3":[35.801231,139.420167],"東狭山ケ丘1":[35.814546,139.421248],"北野南3":[35.78694,139.419715],"若狭1":[35.806459,139.422796],"東狭山ケ丘2":[35.809572,139.425556],"北野2":[35.796947,139.426703],"北野南2":[35.785069,139.424625],"北野新町2":[35.800253,139.428917],"東狭山ケ丘6":[35.816724,139.426157],"東狭山ケ丘3":[35.812608,139.425967],"若狭2":[35.805038,139.427327],"大字山口":[35.785902,139.458697],"北野1":[35.796121,139.429432],"北野南1":[35.78733,139.427395],"東狭山ケ丘4":[35.810341,139.427852],"北野新町1":[35.802424,139.432352],"小手指南6":[35.783352,139.429829],"東狭山ケ丘5":[35.814331,139.435611],"小手指南5":[35.78662,139.434634],"小手指南4":[35.788302,139.434906],"小手指町2":[35.806475,139.436922],"北中1":[35.80805,139.435369],"小手指元町3":[35.791112,139.432233],"小手指南2":[35.788781,139.439293],"北中2":[35.812942,139.438764],"小手指町4":[35.796713,139.438957],"小手指町5":[35.7957,139.439217],"小手指元町2":[35.793308,139.435344],"小手指町3":[35.79875,139.440064],"小手指南3":[35.788561,139.439024],"北中4":[35.814329,139.439247],"小手指町1":[35.80334,139.442397],"小手指元町1":[35.790881,139.439897],"青葉台":[35.808993,139.444366],"大字北岩岡":[35.818636,139.453526],"大字荒幡":[35.783284,139.456223],"北中3":[35.812769,139.444232],"岩岡町":[35.813772,139.447781],"小手指南1":[35.785498,139.441104],"上新井3":[35.796533,139.444802],"小手指台":[35.789895,139.446253],"上新井4":[35.800374,139.447568],"榎町":[35.804535,139.445542],"上新井2":[35.79113,139.45358],"向陽町":[35.810406,139.451347],"上新井1":[35.78785,139.457277],"緑町3":[35.802925,139.452492],"上新井5":[35.794868,139.457383],"緑町4":[35.807964,139.454068],"大字下富":[35.834537,139.448932],"北所沢町":[35.810524,139.4559],"緑町1":[35.805664,139.456361],"けやき台1":[35.801984,139.456299],"松が丘2":[35.77285,139.459896],"花園1":[35.811629,139.456035],"大字神米金":[35.824393,139.472712],"西所沢2":[35.792011,139.458922],"緑町2":[35.804335,139.458223],"所沢新町":[35.820087,139.470409],"西所沢1":[35.789274,139.460187],"大字久米":[35.782382,139.476901],"けやき台2":[35.798301,139.459133],"花園2":[35.815389,139.457233],"松葉町":[35.807492,139.459969],"美原町5":[35.809513,139.457361],"美原町2":[35.811054,139.461122],"泉町":[35.800273,139.461632],"花園3":[35.816591,139.459292],"美原町3":[35.813007,139.461324],"宮本町2":[35.795308,139.463842],"宮本町1":[35.794445,139.463921],"美原町1":[35.809541,139.46115],"弥生町":[35.803559,139.462886],"松が丘1":[35.773303,139.464019],"星の宮2":[35.785767,139.463204],"美原町4":[35.815707,139.462044],"花園4":[35.81765,139.463852],"金山町":[35.789297,139.463451],"星の宮1":[35.785609,139.464548],"喜多町":[35.798193,139.465153],"並木5":[35.809828,139.464782],"並木4":[35.806648,139.465148],"中新井1":[35.814072,139.471026],"元町":[35.789849,139.466052],"北有楽町":[35.794918,139.468348],"並木2":[35.798779,139.466419],"並木3":[35.800635,139.469253],"並木6":[35.803017,139.479053],"中新井2":[35.817014,139.473664],"南住吉":[35.781664,139.471618],"有楽町":[35.79236,139.468745],"西住吉":[35.786593,139.46854],"大字中新井":[35.818229,139.474949],"寿町":[35.788827,139.468575],"並木1":[35.800802,139.478027],"中新井3":[35.815686,139.476397],"日吉町":[35.787124,139.473525],"東住吉":[35.784322,139.472565],"御幸町":[35.792317,139.472056],"東町":[35.790175,139.473331],"西新井町":[35.793762,139.478151],"大字北秋津":[35.78524,139.48433],"中新井4":[35.812529,139.477691],"並木8":[35.811973,139.477898],"旭町":[35.791366,139.478266],"くすのき台1":[35.790092,139.475998],"大字中富":[35.817626,139.498709],"くすのき台3":[35.787986,139.479521],"くすのき台2":[35.78884,139.4806],"中新井5":[35.816786,139.479171],"並木7":[35.807901,139.479369],"東新井町":[35.79795,139.483838],"大字上安松":[35.781667,139.497784],"北原町":[35.80823,139.48954],"大字下新井":[35.808838,139.496825],"こぶし町":[35.799971,139.487733],"若松町":[35.801451,139.488678],"大字牛沼":[35.803777,139.49791],"中富南1":[35.809185,139.492276],"中富南3":[35.813592,139.495805],"中富南2":[35.812303,139.49708],"大字松郷":[35.799024,139.508585],"中富南4":[35.815054,139.502673],"大字下安松":[35.788785,139.513932],"大字南永井":[35.81212,139.531396],"大字日比田":[35.802907,139.508528],"大字新郷":[35.803132,139.508094],"東所沢和田3":[35.796915,139.511236],"東所沢和田2":[35.794884,139.512874],"東所沢和田1":[35.790212,139.514225],"大字亀ケ谷":[35.810163,139.523546],"東所沢2":[35.800478,139.516703],"東所沢1":[35.798719,139.520558],"東所沢3":[35.799852,139.520004],"東所沢5":[35.797563,139.523144],"大字本郷":[35.798518,139.524495],"東所沢4":[35.798437,139.522971],"大字坂之下":[35.808393,139.542215],"大字城":[35.799432,139.52491]}