{"大字笠幡":[35.910543,139.40466],"川鶴3":[35.920958,139.407528],"かわつる三芳野":[35.921492,139.41074],"川鶴2":[35.920801,139.4146],"かすみ野3":[35.898233,139.416275],"かすみ野2":[35.905352,139.416878],"川鶴1":[35.923722,139.419841],"かすみ野1":[35.903266,139.417875],"大字安比奈新田":[35.902785,139.432679],"大字鯨井新田":[35.936105,139.423775],"吉田新町3":[35.928305,139.422083],"吉田新町2":[35.923486,139.422395],"大字天沼新田":[35.937406,139.435921],"大字増形":[35.897824,139.435909],"大字的場":[35.918691,139.452798],"吉田新町1":[35.927037,139.423666],"大字竹野":[35.95511,139.428276],"的場新町":[35.918418,139.432711],"伊勢原町5":[35.921016,139.427885],"大字栄":[35.957506,139.424434],"大字吉田":[35.929896,139.439468],"大字小堤":[35.941443,139.445967],"大字下広谷":[35.958316,139.44323],"的場2":[35.91605,139.430607],"伊勢原町3":[35.923232,139.429118],"的場1":[35.911817,139.431328],"伊勢原町4":[35.921353,139.42742],"広谷新町":[35.947204,139.43069],"霞ケ関北5":[35.923963,139.432947],"霞ケ関北6":[35.927829,139.432711],"伊勢原町2":[35.920707,139.431555],"大字鯨井":[35.942227,139.465528],"伊勢原町1":[35.920646,139.433472],"藤倉2":[35.888952,139.440369],"霞ケ関北3":[35.927411,139.434828],"藤倉1":[35.889724,139.440485],"霞ケ関北4":[35.923385,139.435179],"大字藤倉":[35.898233,139.451801],"霞ケ関北2":[35.927841,139.438262],"日東町":[35.895249,139.441918],"大字池辺":[35.913362,139.451885],"霞ケ関北1":[35.925075,139.437476],"大字大袋":[35.899674,139.449653],"的場北2":[35.924353,139.440834],"的場北1":[35.926169,139.44148],"大字大袋新田":[35.891811,139.451147],"かし野台1":[35.889744,139.445484],"かし野台2":[35.88874,139.446088],"大字山城":[35.89208,139.445819],"霞ケ関東1":[35.924139,139.443315],"南台1":[35.885645,139.452775],"大字上戸":[35.931463,139.455366],"霞ケ関東3":[35.921553,139.446344],"霞ケ関東2":[35.924252,139.448066],"大字下小坂":[35.948535,139.463382],"霞ケ関東4":[35.923091,139.448876],"上戸新町":[35.926535,139.451474],"霞ケ関東5":[35.923167,139.451441],"南大塚1":[35.896654,139.455847],"南台2":[35.891789,139.454608],"大字豊田本":[35.911249,139.455183],"大字豊田新田":[35.902074,139.455974],"大字南大塚":[35.893861,139.452693],"大字青柳":[35.893523,139.451864],"大字小ケ谷":[35.925447,139.464145],"南大塚2":[35.894756,139.457994],"南台3":[35.887228,139.456836],"南大塚6":[35.884084,139.46369],"中台南3":[35.878695,139.461249],"豊田町2":[35.903412,139.464998],"大字上寺山":[35.934045,139.470412],"南大塚4":[35.887873,139.460111],"大塚1":[35.899403,139.466401],"大字小室":[35.916413,139.468313],"豊田本2":[35.911253,139.461844],"大字平塚":[35.947913,139.467075],"南大塚3":[35.889113,139.461676],"豊田町1":[35.906453,139.463859],"大字中福":[35.840534,139.479789],"大塚新町":[35.898433,139.46694],"大字平塚新田":[35.955097,139.467091],"南大塚5":[35.886994,139.465566],"豊田町3":[35.902875,139.465796],"今成4":[35.917809,139.469468],"今成3":[35.922341,139.471626],"むさし野":[35.892789,139.472281],"中台南2":[35.884544,139.468476],"大字今福":[35.888183,139.486374],"豊田本1":[35.911452,139.463129],"今成2":[35.923555,139.471734],"むさし野南":[35.888639,139.467918],"中台南1":[35.885537,139.467365],"寿町2":[35.907668,139.46829],"四都野台":[35.894612,139.467669],"寿町1":[35.906041,139.469535],"広栄町":[35.903238,139.470948],"大字下赤坂":[35.863088,139.49248],"大字寺山":[35.947966,139.474795],"大字野田":[35.917632,139.472089],"大塚2":[35.89504,139.471824],"上野田町":[35.913482,139.472677],"大字福田":[35.951058,139.476532],"旭町3":[35.898012,139.473967],"中台2":[35.890073,139.471449],"野田町2":[35.908237,139.473155],"中台3":[35.890244,139.477537],"石原町2":[35.929642,139.47805],"脇田新町":[35.906183,139.474796],"旭町2":[35.900698,139.475877],"月吉町":[35.922437,139.475758],"大字上松原":[35.867522,139.480687],"大字山田":[35.951014,139.477717],"中台1":[35.892962,139.476408],"野田町1":[35.912984,139.475772],"中福東":[35.870066,139.476446],"今成1":[35.923944,139.475281],"新宿町6":[35.896737,139.479432],"三光町":[35.919299,139.477644],"田町":[35.911625,139.47901],"旭町1":[35.904994,139.478697],"東田町":[35.911114,139.479108],"新宿町5":[35.900363,139.480939],"石原町1":[35.926966,139.480282],"神明町":[35.929276,139.48276],"末広町3":[35.923187,139.479428],"六軒町1":[35.916452,139.479266],"六軒町2":[35.919728,139.480548],"脇田本町":[35.904781,139.483906],"新宿町1":[35.902874,139.483645],"末広町1":[35.922425,139.479609],"中原町2":[35.915418,139.481416],"大字砂久保":[35.87269,139.494396],"大字府川":[35.954935,139.490079],"大字下松原":[35.87021,139.500744],"末広町2":[35.922172,139.481248],"岸町3":[35.894205,139.4874],"仲町":[35.920844,139.483684],"新宿町4":[35.89677,139.483534],"中原町1":[35.916419,139.482522],"元町2":[35.925372,139.48297],"脇田町":[35.906011,139.484526],"新富町2":[35.913433,139.48418],"宮元町":[35.93252,139.488015],"志多町":[35.929416,139.485217],"喜多町":[35.926147,139.484056],"新宿町3":[35.90003,139.486722],"新富町1":[35.914662,139.484062],"連雀町":[35.918758,139.484502],"幸町":[35.924005,139.484077],"大字石田":[35.945453,139.492286],"元町1":[35.925479,139.486156],"大手町":[35.922337,139.486559],"新宿町2":[35.90088,139.4878],"松江町2":[35.920426,139.485529],"砂新田6":[35.881075,139.488938],"南通町":[35.912065,139.487258],"通町":[35.912613,139.486066],"松江町1":[35.916994,139.485879],"宮下町1":[35.926336,139.491829],"砂新田1":[35.894886,139.489617],"菅原町":[35.906032,139.487236],"岸町2":[35.896901,139.491719],"宮下町2":[35.92747,139.489676],"砂新田5":[35.884985,139.490715],"三久保町":[35.921794,139.490715],"富士見町":[35.905178,139.492073],"大字砂新田":[35.870204,139.500331],"西小仙波町2":[35.913575,139.489524],"久保町":[35.919913,139.490608],"郭町1":[35.924069,139.489043],"西小仙波町1":[35.916104,139.488701],"砂新田3":[35.888248,139.490627],"氷川町":[35.931326,139.500031],"御成町":[35.934193,139.496776],"仙波町2":[35.907169,139.491366],"砂新田2":[35.888289,139.491974],"仙波町1":[35.910669,139.491201],"大字菅間":[35.954013,139.507581],"小仙波町1":[35.917373,139.492173],"大字下新河岸":[35.894403,139.50541],"岸町1":[35.89986,139.495011],"郭町2":[35.92252,139.494246],"砂新田4":[35.885996,139.49291],"小仙波町5":[35.916165,139.492473],"城下町":[35.93086,139.499259],"大字砂":[35.890734,139.503622],"大字谷中":[35.941832,139.497683],"小仙波町2":[35.919102,139.49718],"仙波町3":[35.914371,139.497194],"仙波町4":[35.910109,139.496474],"大字扇河岸":[35.899451,139.499267],"小仙波町3":[35.916839,139.497779],"小仙波町4":[35.915081,139.497095],"大字藤間":[35.878826,139.509118],"大字松郷":[35.924555,139.511325],"大字大仙波":[35.908889,139.5074],"大字北田島":[35.938051,139.50728],"藤原町":[35.884204,139.502522],"大字小仙波":[35.9195,139.508569],"大字石田本郷":[35.939321,139.530524],"大字寺井":[35.932156,139.50946],"諏訪町":[35.879003,139.502189],"大字川越":[35.929574,139.502823],"大字南田島":[35.891465,139.518788],"大字寺尾":[35.889029,139.516427],"稲荷町":[35.880817,139.505395],"熊野町":[35.875785,139.504977],"大字伊佐沼":[35.922443,139.514664],"大字上新河岸":[35.893679,139.504406],"清水町":[35.878262,139.507862],"芳野台2":[35.951127,139.513547],"大字鹿飼":[35.946672,139.520317],"大字東明寺":[35.935453,139.506584],"大字大中居":[35.90626,139.516819],"大字牛子":[35.890379,139.515169],"大字高島":[35.913276,139.513797],"大字八ツ島":[35.915002,139.514747],"大字鴨田":[35.929439,139.530623],"大字木野目":[35.898859,139.523788],"問屋町":[35.921159,139.513341],"大字古谷上":[35.923628,139.538108],"藤木町":[35.89692,139.514495],"泉町":[35.904592,139.515431],"並木西町":[35.90092,139.515109],"芳野台1":[35.946579,139.524206],"並木新町":[35.902715,139.519187],"大字並木":[35.900577,139.526916],"大字小中居":[35.906583,139.532055],"芳野台3":[35.94439,139.525363],"大字今泉":[35.892505,139.531372],"大字古市場":[35.88654,139.533818],"大字上老袋":[35.947889,139.532075],"大字下老袋":[35.940808,139.542973],"大字久下戸":[35.892592,139.553039],"大字渋井":[35.88222,139.545385],"大字中老袋":[35.943802,139.544041],"大字古谷本郷":[35.909316,139.544456],"大字東本宿":[35.937516,139.54022],"大字萱沼":[35.889486,139.557137]}