{"大字小谷場":[35.84352,139.684534],"芝富士2":[35.83545,139.682164],"大字芝":[35.837596,139.69691],"芝富士1":[35.834399,139.681973],"大字伊刈":[35.847999,139.704483],"芝塚原1":[35.836494,139.68392],"芝塚原2":[35.839888,139.685454],"芝園町":[35.83042,139.686633],"芝西2":[35.839454,139.688575],"芝西1":[35.839073,139.686847],"芝樋ノ爪2":[35.835167,139.688714],"芝樋ノ爪1":[35.830789,139.690559],"芝新町":[35.828679,139.697014],"芝4":[35.832715,139.695404],"芝5":[35.831729,139.695547],"柳崎3":[35.854459,139.699762],"芝高木2":[35.843122,139.699462],"芝宮根町":[35.838601,139.698325],"芝3":[35.834258,139.699651],"緑町":[35.801299,139.699444],"芝2":[35.83149,139.701393],"柳崎2":[35.850625,139.700106],"芝中田1":[35.828859,139.701184],"芝高木1":[35.842505,139.703315],"宮町":[35.800324,139.70386],"芝下1":[35.835464,139.70142],"芝下3":[35.839839,139.704685],"柳崎1":[35.848735,139.703819],"柳崎4":[35.861596,139.702833],"西川口6":[35.810021,139.702029],"西川口2":[35.811621,139.702088],"西川口1":[35.814921,139.704536],"芝1":[35.832131,139.705697],"芝東町":[35.844169,139.704194],"芝中田2":[35.829586,139.705926],"芝下2":[35.835854,139.705216],"並木3":[35.818113,139.707681],"柳崎5":[35.858591,139.707839],"西川口5":[35.808562,139.705845],"南町2":[35.803878,139.707852],"南町1":[35.801369,139.705461],"西川口3":[35.812529,139.706784],"飯原町":[35.797936,139.708651],"北園町":[35.85391,139.708159],"柳根町":[35.852776,139.708659],"本前川2":[35.842007,139.70985],"仲町":[35.807921,139.708517],"並木2":[35.818543,139.709293],"前川町4":[35.845196,139.704655],"大字安行領根岸":[35.846374,139.731008],"本前川3":[35.843485,139.710508],"原町":[35.802727,139.708785],"本前川1":[35.840752,139.709878],"前川4":[35.839631,139.709969],"西川口4":[35.808295,139.710732],"前川1":[35.833766,139.711913],"南前川2":[35.831895,139.71091],"南前川1":[35.827829,139.70983],"在家町":[35.857703,139.711226],"並木4":[35.824608,139.709487],"川口6":[35.803305,139.71176],"飯塚3":[35.80183,139.711307],"川口5":[35.804946,139.713159],"飯塚4":[35.796078,139.714296],"並木1":[35.810552,139.716117],"西青木1":[35.814554,139.71531],"西青木2":[35.81759,139.715081],"西青木3":[35.818283,139.714998],"西青木4":[35.820145,139.713411],"幸町3":[35.807428,139.717144],"上青木西1":[35.827341,139.7126],"前川3":[35.841981,139.713325],"並木元町":[35.808132,139.716113],"飯塚2":[35.801005,139.713888],"上青木西4":[35.832573,139.71363],"大字安行領在家":[35.854476,139.713108],"大字道合":[35.848959,139.724791],"前川町3":[35.843318,139.711848],"大字木曽呂":[35.859065,139.728955],"川口4":[35.803841,139.715349],"前上町":[35.833868,139.717071],"前川2":[35.837381,139.718439],"飯塚1":[35.796907,139.716932],"大字行衛":[35.864288,139.739233],"上青木西2":[35.82531,139.716935],"上青木西3":[35.826663,139.716638],"西青木5":[35.821036,139.717167],"上青木西5":[35.832096,139.717302],"川口2":[35.799886,139.71771],"川口3":[35.801664,139.7168],"栄町3":[35.802559,139.720532],"中青木5":[35.818516,139.719684],"大字神戸":[35.854449,139.734095],"大字差間":[35.866668,139.730737],"中青木4":[35.81682,139.720272],"中青木3":[35.813545,139.720952],"中青木2":[35.810269,139.722494],"上青木1":[35.82221,139.724922],"上青木3":[35.825521,139.722573],"上青木4":[35.830266,139.721941],"大字東内野":[35.864847,139.725111],"川口1":[35.798195,139.719343],"上青木6":[35.833719,139.724356],"幸町2":[35.805399,139.720179],"舟戸町":[35.792986,139.727721],"本町4":[35.799399,139.72186],"金山町":[35.797937,139.723654],"青木5":[35.81663,139.723806],"中青木1":[35.807435,139.723182],"幸町1":[35.8052,139.7256],"青木3":[35.812339,139.729293],"上青木5":[35.830637,139.72626],"青木4":[35.815034,139.728696],"栄町2":[35.803721,139.725209],"本町3":[35.800308,139.724433],"上青木2":[35.829259,139.726473],"本町1":[35.795127,139.727387],"青木2":[35.809877,139.729684],"青木1":[35.805323,139.731063],"本町2":[35.801833,139.729661],"大字里":[35.830768,139.735491],"差間3":[35.872221,139.734114],"大字源左衛門新田":[35.862051,139.733645],"大字西新井宿":[35.853658,139.737733],"栄町1":[35.803119,139.731154],"差間2":[35.875735,139.72968],"大字新井宿":[35.844424,139.746166],"鳩ヶ谷緑町2":[35.817838,139.73005],"大字石神":[35.856615,139.747801],"大字辻":[35.825326,139.736958],"鳩ヶ谷緑町1":[35.815182,139.730169],"北原台3":[35.869041,139.734233],"南鳩ヶ谷7":[35.823485,139.737367],"元郷2":[35.793777,139.732601],"元郷1":[35.800469,139.736619],"南鳩ヶ谷8":[35.818658,139.730198],"大字前田":[35.814468,139.7299],"差間1":[35.873387,139.733478],"朝日2":[35.813351,139.735075],"末広1":[35.802069,139.737916],"朝日1":[35.807141,139.738559],"南鳩ヶ谷5":[35.816892,139.735873],"南鳩ヶ谷6":[35.819292,139.736823],"元郷4":[35.795874,139.738456],"元郷3":[35.793774,139.738391],"桜町1":[35.836329,139.739007],"坂下町1":[35.830785,139.73889],"朝日3":[35.808654,139.740932],"北原台2":[35.866883,139.740012],"北原台1":[35.870711,139.741629],"末広2":[35.805265,139.741131],"南鳩ヶ谷4":[35.812685,139.741498],"元郷5":[35.799678,139.740899],"鳩ヶ谷本町1":[35.833188,139.739454],"領家5":[35.788511,139.744906],"桜町2":[35.839691,139.739366],"南鳩ヶ谷3":[35.813109,139.744162],"坂下町4":[35.828206,139.739404],"大字赤山":[35.845727,139.753058],"南鳩ヶ谷1":[35.820147,139.744042],"東川口1":[35.876023,139.743717],"新井町":[35.802203,139.743618],"領家4":[35.788347,139.747659],"領家1":[35.795389,139.7463],"大字西立野":[35.857021,139.755783],"戸塚4":[35.865498,139.74495],"三ツ和1":[35.825567,139.74308],"朝日4":[35.812863,139.746924],"東川口4":[35.880606,139.745467],"領家2":[35.794973,139.745509],"桜町5":[35.839332,139.746558],"戸塚1":[35.874719,139.744303],"坂下町2":[35.830428,139.747477],"桜町6":[35.837089,139.745456],"鳩ヶ谷本町3":[35.834319,139.747044],"坂下町3":[35.827668,139.746497],"桜町3":[35.840226,139.746849],"鳩ヶ谷本町2":[35.835704,139.74536],"末広3":[35.804243,139.745635],"三ツ和2":[35.824022,139.745937],"大字赤芝新田":[35.850977,139.75158],"鳩ヶ谷本町4":[35.832241,139.747857],"元郷6":[35.798552,139.745186],"東川口5":[35.879928,139.75012],"南鳩ヶ谷2":[35.812923,139.746169],"朝日6":[35.805737,139.747952],"桜町4":[35.840311,139.745784],"三ツ和3":[35.822483,139.747109],"東川口3":[35.878855,139.747364],"領家3":[35.789973,139.750425],"大字安行慈林":[35.84138,139.753546],"東川口2":[35.876279,139.752624],"朝日5":[35.806853,139.750164],"戸塚2":[35.872508,139.749335],"東領家1":[35.799308,139.750425],"八幡木1":[35.819749,139.748321],"弥平1":[35.800087,139.749604],"戸塚3":[35.867469,139.752518],"戸塚5":[35.866108,139.752964],"赤井1":[35.825476,139.750173],"大字赤井":[35.832939,139.757141],"弥平2":[35.800837,139.752667],"八幡木2":[35.814061,139.750699],"東領家2":[35.79738,139.754141],"赤井4":[35.827128,139.752345],"八幡木3":[35.812472,139.754905],"戸塚東1":[35.875117,139.75442],"江戸2":[35.819915,139.752],"東領家5":[35.788937,139.755643],"弥平3":[35.801656,139.75402],"東領家3":[35.795536,139.755905],"東川口6":[35.876659,139.756559],"赤井2":[35.824396,139.752451],"江戸3":[35.818631,139.755458],"戸塚東2":[35.872215,139.756617],"江戸1":[35.822316,139.755719],"赤井3":[35.824515,139.755619],"大字安行":[35.853505,139.761845],"大字安行吉岡":[35.83417,139.758699],"戸塚東3":[35.867798,139.758694],"大字長蔵新田":[35.860076,139.753839],"弥平4":[35.7981,139.758392],"戸塚6":[35.861523,139.756271],"江戸袋2":[35.813639,139.758486],"大字安行領家":[35.845361,139.768279],"東本郷2":[35.824978,139.758916],"江戸袋1":[35.817292,139.75913],"大字安行西立野":[35.856527,139.756049],"長蔵1":[35.859805,139.757317],"戸塚鋏町":[35.865384,139.761254],"大字東本郷":[35.828927,139.768368],"戸塚東4":[35.869864,139.761297],"東領家4":[35.796925,139.760126],"東本郷1":[35.823641,139.75915],"大字安行藤八":[35.855899,139.765083],"大字前野宿":[35.833203,139.762044],"戸塚境町":[35.863349,139.762704],"大字安行原":[35.843827,139.776533],"長蔵2":[35.859609,139.761142],"本蓮1":[35.821364,139.763264],"本蓮2":[35.819166,139.763341],"安行出羽1":[35.850053,139.764378],"大字藤兵衛新田":[35.866254,139.767769],"本蓮4":[35.815671,139.764943],"本蓮3":[35.8172,139.764321],"大字久左衛門新田":[35.864453,139.765043],"長蔵3":[35.860553,139.763984],"大字蓮沼":[35.822827,139.762332],"大字東貝塚":[35.837084,139.767077],"大字大竹":[35.8297,139.766924],"安行出羽2":[35.852839,139.766496],"安行出羽5":[35.850491,139.767399],"大字峯":[35.827901,139.784852],"安行出羽3":[35.854767,139.76797],"大字安行吉蔵":[35.851744,139.774353],"安行出羽4":[35.853641,139.770144],"大字榛松":[35.827902,139.778783],"大字新堀":[35.827701,139.787768],"榛松1":[35.820966,139.772784],"大字安行北谷":[35.840462,139.778892],"榛松2":[35.821863,139.77748],"大字安行小山":[35.834699,139.778071],"榛松3":[35.823099,139.781682],"新堀町":[35.824278,139.783411],"大字三ツ和":[35.824118,139.737596]}