{"大字笹井":[35.844703,139.372369],"大字根岸":[35.869749,139.382715],"笹井3":[35.854103,139.377846],"笹井2":[35.856011,139.380594],"笹井1":[35.853678,139.382],"大字上広瀬":[35.864349,139.389025],"大字下広瀬":[35.874206,139.390542],"根岸2":[35.857783,139.384833],"根岸1":[35.853972,139.385555],"広瀬3":[35.860697,139.392232],"広瀬台3":[35.865057,139.388406],"広瀬台2":[35.869296,139.393904],"広瀬2":[35.858351,139.393795],"広瀬1":[35.856969,139.394753],"柏原":[35.895822,139.417648],"広瀬台1":[35.86744,139.397381],"鵜ノ木":[35.852313,139.399186],"広瀬東4":[35.864215,139.39871],"つつじ野":[35.861633,139.396109],"稲荷山2":[35.842254,139.395484],"稲荷山1":[35.84969,139.399963],"広瀬東3":[35.861167,139.400936],"広瀬東2":[35.860576,139.402732],"入間川4":[35.855398,139.400082],"広瀬東1":[35.86243,139.403132],"入間川3":[35.861463,139.405355],"入間川1":[35.856939,139.413048],"大字上奥富":[35.877644,139.419917],"入間川2":[35.862622,139.409749],"狭山":[35.867942,139.424221],"大字北入曽":[35.83523,139.422541],"大字下奥富":[35.879248,139.420382],"富士見1":[35.851135,139.422042],"大字南入曽":[35.835153,139.423126],"祇園":[35.857236,139.417716],"大字水野":[35.834272,139.445279],"入間川":[35.845365,139.417955],"富士見2":[35.846799,139.417281],"大字柏原新田":[35.88745,139.421664],"中央1":[35.856496,139.42501],"中央4":[35.854285,139.425595],"沢":[35.866956,139.430821],"中央2":[35.859261,139.430823],"中央3":[35.852304,139.429861],"新狭山2":[35.875596,139.434979],"大字東三ツ木":[35.872105,139.440531],"狭山台3":[35.855201,139.433788],"狭山台1":[35.860398,139.437403],"狭山台4":[35.851947,139.438199],"大字加佐志":[35.830757,139.449418],"狭山台2":[35.856268,139.437568],"新狭山3":[35.872834,139.438952],"新狭山1":[35.886415,139.456758],"大字堀兼":[35.835554,139.476993],"大字青柳":[35.885987,139.457266],"大字上赤坂":[35.853358,139.454142],"大字中新田":[35.866716,139.463778]}