{"大字領家":[35.971559,139.538709],"藤波2":[35.990112,139.543768],"大字畔吉":[35.967424,139.556829],"藤波1":[35.983546,139.541011],"大字平方":[35.951252,139.545885],"藤波3":[35.990425,139.551186],"中分5":[35.98686,139.552936],"中分4":[35.980789,139.547331],"藤波4":[35.98896,139.551],"中分3":[35.979338,139.553611],"中分2":[35.974195,139.558654],"大字西貝塚":[35.937321,139.555802],"大字小敷谷":[35.953669,139.565724],"泉台3":[35.989574,139.556367],"大字上野":[35.951757,139.564986],"中分1":[35.970799,139.560635],"泉台2":[35.984545,139.560589],"大字小泉":[35.96924,139.56332],"井戸木3":[35.98993,139.560593],"大字平方領々家":[35.943656,139.572399],"中分6":[35.981949,139.555267],"大字上野本郷":[35.930689,139.560834],"小泉9":[35.976756,139.563479],"井戸木4":[35.986892,139.56394],"井戸木2":[35.993153,139.564625],"小泉8":[35.974588,139.564871],"小泉7":[35.969528,139.563332],"泉台1":[35.980079,139.565279],"井戸木1":[35.991587,139.565111],"中妻5":[35.987966,139.569886],"中妻4":[35.982883,139.56798],"小泉6":[35.968855,139.565755],"大字今泉":[35.96737,139.579522],"小泉5":[35.978426,139.567036],"大字壱丁目":[35.953957,139.576321],"小泉4":[35.973775,139.566054],"浅間台4":[35.979231,139.571714],"中妻3":[35.986915,139.570109],"小泉2":[35.969311,139.567476],"大字地頭方":[35.952802,139.566761],"小泉3":[35.97535,139.569414],"小泉1":[35.971408,139.573163],"今泉1":[35.968685,139.575982],"中妻2":[35.982052,139.572974],"大字上":[36.002736,139.584394],"浅間台3":[35.97685,139.575501],"浅間台2":[35.979671,139.577461],"大字向山":[35.960853,139.587284],"大字川":[35.96663,139.579022],"中妻1":[35.985655,139.576698],"弁財2":[35.973269,139.578874],"弁財1":[35.971983,139.578217],"向山4":[35.961348,139.578811],"浅間台1":[35.982778,139.579221],"大字大谷本郷":[35.952124,139.592003],"大字堤崎":[35.950404,139.579329],"向山2":[35.958194,139.580989],"春日2":[35.976207,139.580278],"原新町":[35.983777,139.580658],"大字久保":[36.000444,139.5859],"大字西門前":[35.989279,139.593185],"春日1":[35.978225,139.583718],"柏座4":[35.969752,139.580932],"川2":[35.964354,139.579659],"向山3":[35.964011,139.585365],"緑丘3":[35.986878,139.582644],"大字南":[36.005635,139.586685],"柏座3":[35.976275,139.58401],"川1":[35.965576,139.583309],"柏座2":[35.97224,139.586088],"向山1":[35.961262,139.586985],"大字中新井":[35.942191,139.590605],"上平中央1":[35.988292,139.583762],"緑丘1":[35.98185,139.586892],"富士見2":[35.96901,139.585511],"緑丘2":[35.983789,139.585399],"緑丘4":[35.984908,139.587694],"上平中央2":[35.990359,139.587714],"柏座1":[35.97293,139.589033],"富士見1":[35.968197,139.587757],"谷津2":[35.97285,139.58859],"錦町":[35.988839,139.592563],"上町2":[35.979823,139.589572],"緑丘5":[35.986943,139.589697],"大字菅谷":[35.991591,139.593882],"上平中央3":[35.989267,139.590269],"西宮下4":[35.967468,139.590129],"本町5":[35.981822,139.591663],"菅谷6":[36.006942,139.593174],"上町1":[35.977596,139.592006],"谷津1":[35.969637,139.591122],"西宮下2":[35.964773,139.595051],"菅谷5":[36.004893,139.593178],"宮本町":[35.976142,139.593292],"菅谷3":[36.001016,139.594013],"仲町1":[35.972387,139.59349],"本町6":[35.983899,139.594388],"本町3":[35.978636,139.594236],"大字戸崎":[35.939285,139.594703],"西宮下1":[35.966506,139.593612],"愛宕1":[35.968794,139.596979],"菅谷1":[36.00006,139.594247],"菅谷4":[36.003523,139.595579],"仲町2":[35.973852,139.596924],"西宮下3":[35.961627,139.597491],"本町4":[35.97955,139.596797],"大字上尾村":[35.988842,139.600387],"平塚1":[35.995206,139.59766],"須ケ谷3":[36.004993,139.597811],"本町1":[35.974765,139.598165],"愛宕2":[35.970941,139.600983],"菅谷2":[36.000821,139.599091],"愛宕3":[35.964517,139.602439],"本町2":[35.97633,139.600655],"大字平塚":[35.977835,139.617211],"平塚2":[35.997573,139.602353],"二ツ宮":[35.977087,139.607628],"須ケ谷2":[36.003938,139.601594],"栄町":[35.961866,139.604555],"東町1":[35.974259,139.603474],"大字上尾宿":[35.98561,139.602809],"須ケ谷1":[36.002466,139.60428],"東町2":[35.970372,139.605985],"日の出1":[35.96258,139.606259],"東町3":[35.971341,139.608073],"日の出2":[35.968226,139.606879],"大字原市":[35.955948,139.635939],"日の出3":[35.964526,139.610576],"大字上尾下":[35.967427,139.617895],"日の出4":[35.964892,139.611327],"五番町":[35.964957,139.621909],"原市北1":[35.970952,139.622378],"原市中1":[35.96959,139.623996],"原市中3":[35.962943,139.624628],"大字瓦葺":[35.957687,139.648717]}