{"児玉町宮内":[36.193224,139.099575],"児玉町飯倉":[36.17873,139.120932],"児玉町高柳":[36.178026,139.120935],"児玉町塩谷":[36.190315,139.113384],"児玉町田端":[36.193547,139.116279],"児玉町金屋":[36.18005,139.129381],"児玉町小平":[36.175111,139.124777],"児玉町保木野":[36.203481,139.119203],"児玉町元田":[36.17066,139.112205],"児玉町八幡山":[36.19181,139.126446],"児玉町長沖":[36.180829,139.129442],"児玉町秋山":[36.16195,139.139383],"児玉町児玉":[36.178971,139.14528],"児玉町上真下":[36.202661,139.130361],"児玉町共栄":[36.216943,139.140371],"児玉町児玉南1":[36.183783,139.130993],"児玉町児玉南4":[36.182473,139.136642],"児玉町児玉南2":[36.183431,139.134133],"児玉町吉田林":[36.202288,139.143877],"児玉町児玉南3":[36.184059,139.136529],"児玉町蛭川":[36.207058,139.152849],"共栄":[36.224803,139.148012],"児玉町下真下":[36.211456,139.147586],"児玉町入浅見":[36.202786,139.162151],"今井":[36.220425,139.153221],"下野堂":[36.24382,139.162994],"下野堂3":[36.250499,139.161384],"児玉町高関":[36.214203,139.157382],"いまい台3":[36.219492,139.16015],"いまい台2":[36.22139,139.158023],"児玉町下浅見":[36.214649,139.171357],"万年寺3":[36.253579,139.162933],"いまい台1":[36.224292,139.163642],"下野堂2":[36.249102,139.16424],"西富田":[36.225541,139.166205],"小島":[36.254552,139.165414],"小島南3":[36.241389,139.165875],"新井":[36.264535,139.177473],"万年寺2":[36.253384,139.165043],"四方田":[36.221005,139.163037],"下野堂1":[36.249783,139.167327],"小島南4":[36.244129,139.166692],"万年寺1":[36.251094,139.166165],"小島3":[36.249184,139.168857],"杉山":[36.259477,139.171314],"小島南2":[36.240216,139.171174],"小島2":[36.248265,139.171376],"小島4":[36.250275,139.172704],"小島南1":[36.24179,139.174551],"栄1":[36.238506,139.174734],"小島1":[36.244613,139.176023],"栄2":[36.23515,139.174421],"栄3":[36.23183,139.173762],"東富田":[36.21942,139.175289],"都島":[36.262276,139.179756],"緑3":[36.227891,139.173907],"栗崎":[36.210095,139.183798],"前原2":[36.237466,139.177752],"小島5":[36.250088,139.17534],"千代田2":[36.241848,139.178746],"見福5":[36.229602,139.176984],"柏1":[36.237027,139.177591],"柏2":[36.233018,139.177698],"緑2":[36.227559,139.178046],"小島6":[36.246381,139.180417],"千代田3":[36.245253,139.179959],"早稲田の杜1":[36.219818,139.176945],"見福4":[36.231422,139.178567],"沼和田":[36.250321,139.18838],"山王堂":[36.258955,139.188765],"北堀":[36.218518,139.180506],"南2":[36.23583,139.181315],"前原1":[36.238137,139.181938],"緑1":[36.227171,139.182742],"見福1":[36.234251,139.184106],"千代田4":[36.241779,139.181584],"見福3":[36.229394,139.183566],"見福2":[36.232935,139.185923],"千代田1":[36.241313,139.180202],"早稲田の杜3":[36.225307,139.182777],"（大字なし）":[36.240252,139.205916],"早稲田の杜2":[36.220243,139.184363],"若泉2":[36.246391,139.184441],"南1":[36.237555,139.18419],"中央3":[36.242622,139.184274],"若泉3":[36.249987,139.187252],"駅南1":[36.235048,139.187389],"銀座1":[36.239358,139.185429],"けや木3":[36.229606,139.188659],"早稲田の杜4":[36.222164,139.184132],"けや木1":[36.230468,139.188654],"中央1":[36.241098,139.18873],"中央2":[36.243673,139.187768],"早稲田の杜5":[36.218553,139.187923],"若泉1":[36.245992,139.186345],"銀座3":[36.237876,139.188121],"銀座2":[36.238168,139.188734],"駅南2":[36.233571,139.191267],"けや木2":[36.228058,139.18968],"本庄1":[36.238233,139.19045],"田中":[36.253945,139.195948],"本庄3":[36.243418,139.190962],"本庄4":[36.24628,139.190953],"五十子1":[36.227065,139.194496],"朝日町3":[36.22811,139.196457],"本庄2":[36.235241,139.191608],"朝日町1":[36.232207,139.194597],"東台1":[36.234386,139.19654],"四季の里1":[36.225473,139.198367],"四季の里2":[36.224885,139.198729],"東台2":[36.235173,139.196827],"東台3":[36.238433,139.197196],"東台4":[36.240377,139.198484],"四季の里3":[36.223581,139.198901],"東台5":[36.24194,139.199686],"朝日町2":[36.228384,139.199595],"五十子2":[36.227132,139.197497],"久々宇":[36.248997,139.20636],"西五十子":[36.222465,139.207989],"日の出1":[36.2307,139.200637],"日の出2":[36.233596,139.202299],"五十子3":[36.22686,139.201612],"日の出3":[36.236451,139.205355],"日の出4":[36.240536,139.201939],"寿1":[36.227495,139.204532],"仁手":[36.249557,139.220552],"上仁手":[36.260867,139.209508],"寿2":[36.22901,139.207414],"寿3":[36.23164,139.211905],"傍示堂":[36.239179,139.206814],"鵜森":[36.229161,139.219202],"東五十子":[36.222812,139.210242],"下仁手":[36.249805,139.220616],"牧西":[36.229366,139.222276],"小和瀬":[36.246954,139.225706],"堀田":[36.227206,139.238683],"宮戸":[36.23725,139.245754],"滝瀬":[36.232907,139.247034]}