{"武蔵野":[36.141794,139.243142],"本郷":[36.179739,139.229869],"榛沢":[36.213275,139.214274],"後榛沢":[36.209299,139.207898],"今泉":[36.18149,139.213048],"山崎":[36.195268,139.223433],"榛沢新田":[36.203833,139.22815],"針ヶ谷":[36.184044,139.237023],"沓掛":[36.222678,139.22539],"小前田":[36.137062,139.236735],"緑台":[36.12913,139.219284],"西田":[36.224638,139.225487],"岡":[36.21107,139.244506],"山河":[36.196632,139.237339],"櫛挽":[36.18051,139.239699],"大谷":[36.160144,139.258872],"櫛引":[36.169105,139.248806],"荒川":[36.122961,139.245436],"岡部":[36.204336,139.260801],"普済寺":[36.209986,139.255118],"岡里":[36.212326,139.243887],"黒田":[36.133951,139.259779],"北根":[36.144106,139.249159],"宿根":[36.201925,139.267248],"永田":[36.133666,139.262831],"樫合":[36.171265,139.263747],"町田":[36.224279,139.253627],"矢島":[36.223124,139.260624],"柏合":[36.180436,139.269325],"人見":[36.173081,139.271577],"伊勢方":[36.20584,139.264181],"畠山":[36.129313,139.267112],"境":[36.15248,139.269868],"田中":[36.141936,139.28381],"内ケ島":[36.219029,139.276121],"上手計":[36.22623,139.262037],"萱場":[36.196576,139.271993],"横瀬":[36.24433,139.263101],"本田":[36.132488,139.311976],"大塚島":[36.214872,139.269753],"谷之":[36.206425,139.26751],"見晴町":[36.193115,139.267557],"上原":[36.156533,139.273103],"曲田":[36.202871,139.271965],"上野台":[36.170658,139.293015],"起会":[36.221032,139.276603],"西大沼":[36.204826,139.276353],"田所町":[36.194064,139.276565],"栄町":[36.198181,139.27996],"折之口":[36.155357,139.295463],"戸森":[36.210563,139.285429],"東大沼":[36.202257,139.28398],"高畑":[36.220575,139.278188],"深谷町":[36.196475,139.280828],"西島5":[36.188271,139.283871],"西島4":[36.194376,139.279515],"西島町3":[36.191936,139.281479],"田谷":[36.202496,139.2862],"菅沼":[36.141424,139.299843],"仲町":[36.198244,139.285426],"武川":[36.142782,139.286384],"長在家":[36.151716,139.30435],"西島町2":[36.194139,139.284183],"深谷":[36.201787,139.286393],"桜ケ丘":[36.184285,139.287155],"上敷免":[36.218592,139.300004],"本住町":[36.198457,139.287677],"西島町1":[36.193994,139.28636],"西島":[36.205845,139.288661],"緑ケ丘":[36.185438,139.290677],"秋元町":[36.183419,139.289657],"寿町":[36.189468,139.291442],"稲荷町1":[36.194418,139.292881],"上柴町西6":[36.180252,139.29205],"稲荷町2":[36.195171,139.291216],"稲荷町3":[36.198326,139.290364],"稲荷町北":[36.204847,139.292413],"天神町":[36.199948,139.290794],"上柴町西5":[36.18323,139.294469],"原郷":[36.204532,139.294227],"国済寺":[36.193006,139.30532],"上柴町西7":[36.17678,139.296217],"上柴町西1":[36.186677,139.295715],"上柴町西4":[36.179055,139.298373],"常盤町":[36.196893,139.305743],"明戸":[36.214677,139.302727],"上柴町西2":[36.186383,139.300343],"白草台":[36.124107,139.302674],"成塚":[36.220553,139.297865],"上柴町東6":[36.175042,139.299824],"上柴町東5":[36.178149,139.304065],"幡羅町1":[36.180065,139.323392],"上柴町西3":[36.184496,139.303039],"新井":[36.214703,139.301354],"上柴町東7":[36.172279,139.305928],"川本明戸":[36.142187,139.308208],"上柴町東4":[36.179769,139.305913],"瀬山":[36.14681,139.313796],"上柴町東3":[36.17755,139.311883],"上柴町東1":[36.18275,139.307816],"国済寺町":[36.192139,139.309158],"沼尻":[36.22463,139.314151],"上柴町東2":[36.180659,139.314935],"石塚":[36.225934,139.324916],"東方町1":[36.190568,139.312797],"東方":[36.181734,139.332355],"東方町2":[36.189544,139.316732],"蓮沼":[36.221838,139.319613],"上増田":[36.211299,139.330775],"宮ケ谷戸":[36.20829,139.325354],"東方町3":[36.187412,139.31991],"前小屋":[36.232114,139.324496],"東方町4":[36.185765,139.32291],"東方町5":[36.185194,139.324731],"江原":[36.230878,139.335621],"藤野木":[36.214847,139.327211],"本田ケ谷":[36.211435,139.334301],"堀米":[36.218203,139.335356]}