{"内牧":[35.993544,139.736904],"花積":[35.966964,139.721085],"道口蛭田":[35.970209,139.72427],"下蛭田":[35.964685,139.730035],"増戸":[35.95721,139.731466],"上蛭田":[35.965134,139.730876],"南中曽根":[35.966358,139.739832],"新方袋":[35.973466,139.736219],"増富":[35.965827,139.731885],"道順川戸":[35.968124,139.732289],"南栄町":[35.983514,139.738963],"栄町2":[35.989385,139.73388],"栄町3":[35.99024,139.7368],"栄町1":[35.984995,139.739096],"豊町6":[35.966143,139.738007],"上大増新田":[35.958159,139.742968],"下大増新田":[35.952503,139.744312],"豊町5":[35.968722,139.740205],"西八木崎3":[35.977111,139.738661],"浜川戸2":[35.979394,139.742556],"西八木崎2":[35.974402,139.738713],"豊町1":[35.972986,139.741115],"豊町4":[35.967237,139.740021],"梅田本町2":[35.9901,139.743889],"梅田3":[35.987458,139.742378],"八木崎町":[35.97835,139.740537],"粕壁":[35.981204,139.748756],"西八木崎1":[35.975709,139.74043],"浜川戸1":[35.984383,139.743176],"梅田":[35.997803,139.741015],"豊町2":[35.969099,139.743542],"中央3":[35.975639,139.745945],"梅田2":[35.986471,139.744968],"谷原新田":[35.95062,139.750774],"豊町3":[35.965317,139.744634],"梅田本町1":[35.991659,139.745468],"谷原1":[35.973043,139.746058],"大沼1":[35.967402,139.747227],"小渕":[35.99031,139.757153],"中央4":[35.974086,139.749424],"中央2":[35.976004,139.750373],"谷原2":[35.972472,139.748328],"大沼7":[35.964335,139.748405],"梅田1":[35.988389,139.748467],"粕壁4":[35.984382,139.748998],"増田新田":[35.947465,139.75461],"中央1":[35.978303,139.754773],"粕壁3":[35.984114,139.751496],"谷原3":[35.970156,139.752998],"大沼2":[35.966624,139.75033],"中央5":[35.972024,139.753181],"大沼6":[35.963966,139.753633],"一ノ割":[35.957655,139.759936],"粕壁1":[35.982725,139.754706],"薄谷":[35.956242,139.758087],"中央6":[35.973464,139.753774],"粕壁2":[35.9832,139.753515],"大沼3":[35.967944,139.753425],"武里中野":[35.951875,139.763277],"八丁目":[35.990131,139.758999],"大場":[35.949553,139.772553],"中央8":[35.970063,139.756881],"中央7":[35.972187,139.757204],"粕壁東1":[35.980027,139.758786],"大沼4":[35.967561,139.758093],"南1":[35.976471,139.754863],"大沼5":[35.964459,139.758209],"粕壁東2":[35.981165,139.762846],"南2":[35.970888,139.760145],"不動院野":[35.999069,139.765969],"粕壁東3":[35.977636,139.763397],"南5":[35.965662,139.762083],"一ノ割4":[35.961531,139.762435],"一ノ割3":[35.959154,139.762164],"南3":[35.970444,139.763942],"備後西5":[35.9563,139.763995],"南4":[35.966676,139.76506],"粕壁東5":[35.977983,139.766627],"備後西4":[35.953213,139.765838],"樋堀":[35.986938,139.771454],"一ノ割2":[35.959544,139.764832],"樋籠":[35.998637,139.781775],"粕壁東4":[35.981566,139.769034],"一ノ割1":[35.965359,139.769694],"緑町1":[35.970941,139.767378],"大畑":[35.946812,139.775855],"備後西1":[35.957833,139.767698],"備後西2":[35.955585,139.768189],"緑町6":[35.965732,139.7692],"千間1":[35.937559,139.769483],"緑町2":[35.975823,139.767024],"備後西3":[35.95122,139.769711],"粕壁東6":[35.979463,139.772165],"緑町3":[35.975302,139.773388],"大枝":[35.941776,139.78259],"牛島":[35.98283,139.781149],"備後東1":[35.961572,139.772065],"緑町4":[35.972619,139.773576],"備後東2":[35.958532,139.774497],"備後東8":[35.954525,139.771504],"緑町5":[35.970121,139.772128],"備後東6":[35.951649,139.775782],"備後東3":[35.955979,139.776043],"備後東4":[35.955997,139.778028],"備後東7":[35.953259,139.776173],"藤塚":[35.967594,139.786935],"本田町2":[35.96563,139.776926],"備後東5":[35.953826,139.778636],"本田町1":[35.968,139.779806],"新川":[35.983414,139.78093],"倉常":[36.019336,139.789399],"銚子口":[35.956354,139.795489],"榎":[36.011388,139.786148],"六軒町":[35.968635,139.785235],"立野":[36.008921,139.787214],"上柳":[35.995213,139.789041],"下柳":[35.98193,139.796875],"永沼":[35.975052,139.790406],"水角":[35.967882,139.804446],"豊野町1":[35.958508,139.791428],"芦橋":[36.030921,139.793959],"豊野町2":[35.959503,139.794245],"神間":[36.013153,139.804794],"赤沼":[35.951723,139.805945],"木崎":[36.029118,139.803639],"椚":[36.00616,139.805448],"豊野町3":[35.960791,139.796554],"上金崎":[35.997078,139.812142],"金崎":[35.994646,139.808032],"大衾":[35.981582,139.811551],"赤崎":[35.958319,139.812898],"米島":[35.977582,139.817168],"米崎":[35.97419,139.809885],"塚崎":[36.031474,139.80762],"上吉妻":[36.026589,139.812318],"西金野井":[35.984903,139.814512],"下吉妻":[36.011585,139.8131],"西親野井":[36.035866,139.811593],"小平":[36.005378,139.814476],"飯沼":[35.965906,139.819441],"西宝珠花":[36.032905,139.814996],"東中野":[35.977955,139.824365],"新宿新田":[35.979164,139.823672]}