{"大字木蓮寺":[35.820301,139.320232],"大字南峯":[35.819431,139.326416],"大字寺竹":[35.822018,139.326829],"金子中央":[35.81359,139.329206],"大字西三ツ木":[35.814934,139.338648],"三ツ木台":[35.813696,139.334275],"大字上谷ケ貫":[35.816096,139.345389],"大字下谷ケ貫":[35.815683,139.345366],"大字野田":[35.848924,139.362448],"大字仏子":[35.837565,139.347608],"大字花ノ木":[35.818504,139.350187],"大字二本木":[35.79506,139.358601],"大字新光":[35.857856,139.358256],"宮寺":[35.799593,139.389167],"大字中神":[35.818307,139.350937],"大字根岸":[35.822212,139.359468],"大字新久":[35.822294,139.359418],"大字狭山台":[35.803081,139.36573],"大字狭山ケ原":[35.811515,139.37249],"大字小谷田":[35.821787,139.377447],"上小谷田3":[35.831394,139.372523],"牛沢町":[35.84054,139.375665],"上小谷田1":[35.831361,139.375424],"鍵山3":[35.841856,139.375637],"上小谷田2":[35.835315,139.376728],"森坂":[35.837964,139.376528],"小谷田3":[35.827203,139.378134],"小谷田4":[35.823536,139.375878],"鍵山2":[35.843847,139.379751],"春日町1":[35.848984,139.383526],"高倉5":[35.831815,139.382147],"小谷田2":[35.825081,139.38005],"大字扇町屋":[35.824879,139.396943],"高倉3":[35.839147,139.380339],"小谷田1":[35.823326,139.384918],"高倉4":[35.838268,139.382413],"宮前町":[35.845552,139.382828],"扇町屋5":[35.826771,139.382987],"大字高倉":[35.82038,139.383146],"高倉2":[35.841439,139.384853],"鍵山1":[35.844589,139.385577],"扇町屋3":[35.831357,139.383317],"扇台6":[35.822978,139.386655],"扇町屋4":[35.828239,139.385137],"豊岡2":[35.83552,139.386276],"扇町屋2":[35.834007,139.38503],"高倉1":[35.839937,139.385784],"大字善蔵新田":[35.820508,139.386924],"豊岡1":[35.835951,139.391334],"黒須2":[35.847036,139.388776],"大字上藤沢":[35.820611,139.395687],"春日町2":[35.848671,139.389815],"扇台5":[35.824629,139.387964],"扇町屋1":[35.83186,139.388174],"扇台4":[35.826463,139.390159],"河原町":[35.841445,139.393069],"豊岡3":[35.833831,139.389655],"久保稲荷5":[35.821035,139.391005],"扇台3":[35.82798,139.391177],"久保稲荷4":[35.8258,139.393632],"扇台2":[35.829287,139.393136],"黒須1":[35.846328,139.391681],"向陽台1":[35.838023,139.396125],"扇台1":[35.831221,139.39494],"豊岡4":[35.832981,139.395175],"久保稲荷3":[35.824253,139.395859],"豊岡5":[35.834312,139.396631],"久保稲荷1":[35.829372,139.398106],"久保稲荷2":[35.826536,139.397711],"大字下藤沢":[35.8174,139.412487],"東町1":[35.831783,139.399743],"東町7":[35.826388,139.40328],"向陽台2":[35.835239,139.400996],"東町2":[35.834231,139.404818],"東町3":[35.83051,139.403174],"東町4":[35.833778,139.408895],"東町6":[35.829544,139.404798],"東藤沢8":[35.813471,139.407122],"東町5":[35.832053,139.409894],"大字黒須":[35.832435,139.41131],"東藤沢7":[35.814148,139.408836],"東藤沢1":[35.822895,139.416337],"東藤沢6":[35.81703,139.412631],"東藤沢3":[35.819582,139.416098],"東藤沢2":[35.81787,139.419183],"東藤沢5":[35.815861,139.417912],"東藤沢4":[35.816624,139.418015],"高根":[35.794853,139.357936],"駒形富士山":[35.796503,139.362845]}