{"大字高虫":[36.029736,139.610571],"大字上平野":[36.026718,139.62117],"大字駒崎":[36.016692,139.632564],"大字井沼":[36.023436,139.634103],"大字閏戸":[35.994319,139.651697],"大字根金":[36.026449,139.647761],"大字貝塚":[36.019854,139.649367],"大字蓮田":[35.967805,139.651457],"山ノ内":[35.987011,139.645375],"綾瀬":[35.985576,139.646503],"大字馬込":[35.964135,139.657258],"御前橋2":[35.980346,139.647998],"御前橋1":[35.976894,139.649923],"関山1":[35.988626,139.648555],"見沼町":[35.983094,139.65046],"末広2":[35.981282,139.650847],"蓮田5":[35.968436,139.652121],"末広1":[35.979845,139.651328],"蓮田3":[35.974086,139.65057],"関山2":[35.988088,139.651663],"西新宿3":[36.002541,139.652557],"上1":[35.983893,139.652992],"西城1":[35.997545,139.654718],"西城2":[35.998522,139.652922],"西新宿4":[36.008496,139.652335],"東6":[35.977954,139.654362],"蓮田4":[35.96995,139.656128],"本町":[35.981859,139.653579],"蓮田2":[35.97354,139.655207],"関山4":[35.992958,139.655187],"関山3":[35.989424,139.655632],"蓮田1":[35.974075,139.656166],"上2":[35.986854,139.656817],"西新宿5":[36.00681,139.654302],"大字城":[36.001069,139.659805],"西新宿2":[36.003054,139.654777],"東5":[35.978787,139.656294],"西城3":[35.999192,139.655195],"椿山2":[35.99291,139.657205],"東1":[35.982831,139.6559],"西新宿6":[36.006362,139.655973],"馬込1":[35.975184,139.658421],"東3":[35.981218,139.660602],"西新宿1":[36.004478,139.656545],"馬込3":[35.971654,139.657901],"東2":[35.984071,139.658947],"椿山3":[35.996044,139.659377],"東4":[35.979493,139.660322],"大字南新宿":[36.006358,139.665144],"椿山1":[35.991021,139.659797],"大字黒浜":[35.982349,139.66579],"馬込4":[35.973339,139.660055],"馬込2":[35.97675,139.661368],"緑町3":[35.990246,139.661518],"緑町2":[35.987881,139.662766],"椿山4":[35.998182,139.662367],"馬込5":[35.973208,139.664821],"大字川島":[35.974465,139.671679],"緑町1":[35.986504,139.663288],"馬込6":[35.975183,139.663471],"桜台1":[35.97989,139.663752],"桜台2":[35.97881,139.663996],"桜台3":[35.975718,139.664886],"藤ノ木2":[35.987364,139.665367],"藤ノ木1":[35.982806,139.668086],"藤ノ木3":[35.988061,139.666954],"藤ノ木4":[35.984253,139.667425],"大字笹山":[35.978223,139.685149],"大字江ケ崎":[35.998528,139.677014]}