{"大字勝瀬":[35.868513,139.54934],"ふじみ野西4":[35.858448,139.519011],"ふじみ野西3":[35.863303,139.520166],"ふじみ野西2":[35.860449,139.519086],"ふじみ野西1":[35.859366,139.523398],"ふじみ野東2":[35.863112,139.524851],"ふじみ野東1":[35.86158,139.526802],"ふじみ野東3":[35.864793,139.529674],"ふじみ野東4":[35.863209,139.530318],"上沢3":[35.851961,139.530463],"上沢2":[35.853988,139.531682],"鶴瀬西2":[35.847205,139.536657],"鶴瀬西3":[35.848512,139.533426],"渡戸3":[35.857771,139.536083],"上沢1":[35.852442,139.536273],"羽沢2":[35.853372,139.539313],"大字鶴馬":[35.855112,139.559783],"渡戸2":[35.860195,139.534152],"鶴瀬東2":[35.848766,139.541762],"関沢2":[35.841035,139.544563],"渡戸1":[35.863013,139.544027],"鶴瀬東1":[35.847691,139.542247],"羽沢1":[35.857336,139.542988],"関沢3":[35.837753,139.54672],"羽沢3":[35.85414,139.545908],"鶴馬1":[35.850112,139.547173],"山室2":[35.857304,139.546741],"関沢1":[35.841751,139.546572],"鶴馬2":[35.847441,139.548605],"大字東大久保":[35.871501,139.563168],"山室1":[35.858537,139.550077],"西みずほ台3":[35.835076,139.548884],"諏訪1":[35.85337,139.550043],"諏訪2":[35.852936,139.552725],"西みずほ台1":[35.838012,139.550655],"鶴馬3":[35.846593,139.551108],"東みずほ台2":[35.841734,139.555026],"東みずほ台3":[35.843587,139.552559],"東みずほ台4":[35.845501,139.550298],"大字水子":[35.837365,139.570016],"大字針ケ谷":[35.831733,139.557514],"西みずほ台2":[35.835999,139.553484],"針ケ谷2":[35.831213,139.555694],"大字上南畑":[35.86808,139.571102],"針ケ谷1":[35.832943,139.557918],"水谷2":[35.843437,139.557177],"東みずほ台1":[35.841168,139.556313],"水谷1":[35.842801,139.559641],"みどり野北":[35.868307,139.564726],"大字下南畑":[35.849344,139.578046],"榎町":[35.832145,139.56181],"貝塚1":[35.847955,139.562499],"みどり野南":[35.86441,139.567931],"貝塚2":[35.847042,139.564624],"大字南畑新田":[35.856387,139.580187],"みどり野東":[35.86866,139.571014],"水谷東1":[35.844003,139.574409],"水谷東3":[35.838308,139.580095],"水谷東2":[35.837093,139.578908]}