{"大字川田谷":[35.981663,139.540388],"大字上日出谷":[36.005786,139.552673],"大字下日出谷":[35.998212,139.554742],"下日出谷西3":[35.996239,139.546718],"下日出谷西2":[35.992997,139.54752],"下日出谷西1":[35.992823,139.551966],"泉2":[36.004113,139.557843],"大字加納":[36.034962,139.571384],"泉1":[36.001586,139.560506],"西2":[36.005301,139.560244],"鴨川1":[35.995977,139.559662],"鴨川2":[35.991892,139.559461],"大字坂田":[36.020535,139.572643],"北2":[36.007517,139.562378],"若宮1":[35.997698,139.564611],"西1":[36.002707,139.563348],"若宮2":[35.994679,139.567846],"北1":[36.005627,139.56603],"寿1":[35.999788,139.565565],"赤堀2":[36.029282,139.570786],"寿2":[36.002067,139.565417],"末広3":[36.009296,139.572404],"朝日3":[35.988608,139.569476],"南1":[35.99826,139.567492],"朝日1":[35.991644,139.570804],"大字篠津":[36.032527,139.572415],"南2":[35.99592,139.570049],"東1":[36.000105,139.570329],"末広2":[36.008092,139.573409],"東2":[35.996492,139.572878],"朝日2":[35.987224,139.575121],"神明1":[35.993513,139.571301],"末広1":[35.997855,139.573457],"神明2":[35.988345,139.576266],"赤堀1":[36.028014,139.577737],"大字五町台":[36.02911,139.577478],"坂田東3":[36.014873,139.577],"坂田東2":[36.013128,139.579622],"大字舎人新田":[36.026907,139.583025],"坂田東1":[36.012094,139.580226],"大字小針領家":[36.022761,139.588765],"大字倉田":[36.021965,139.589016]}