{"新堀3":[35.768627,139.525063],"新堀2":[35.771667,139.529499],"新堀1":[35.771354,139.536831],"中野1":[35.81821,139.535529],"西堀2":[35.77347,139.54291],"あたご3":[35.793197,139.543525],"中野2":[35.819473,139.551133],"あたご2":[35.789918,139.546216],"西堀3":[35.785317,139.546591],"大和田3":[35.809948,139.548991],"菅沢2":[35.797664,139.549549],"西堀1":[35.776829,139.551511],"あたご1":[35.788083,139.549329],"栗原5":[35.755687,139.550078],"栗原6":[35.757734,139.549564],"菅沢1":[35.795066,139.553228],"大和田2":[35.804654,139.551764],"栗原1":[35.764323,139.553147],"本多2":[35.783953,139.551595],"石神4":[35.771888,139.553843],"石神3":[35.766431,139.554484],"石神5":[35.772587,139.550068],"大和田4":[35.815721,139.555104],"栗原3":[35.759964,139.554059],"野火止3":[35.788642,139.560144],"本多1":[35.781187,139.559882],"野火止4":[35.794636,139.565123],"栗原4":[35.759066,139.554137],"大和田1":[35.809874,139.557905],"石神1":[35.772538,139.554909],"栗原2":[35.763025,139.554853],"野火止2":[35.787078,139.566204],"野寺1":[35.768345,139.559483],"堀ノ内3":[35.777057,139.560331],"野寺5":[35.759489,139.556767],"石神2":[35.769211,139.558201],"新座3":[35.81944,139.557778],"大和田5":[35.817352,139.560138],"野寺2":[35.76766,139.562553],"野火止5":[35.809858,139.564912],"野寺3":[35.765449,139.564421],"野寺4":[35.764057,139.563901],"堀ノ内2":[35.772294,139.559035],"新座2":[35.821918,139.560257],"新座1":[35.819589,139.561538],"野火止6":[35.808883,139.569106],"堀ノ内1":[35.775486,139.565741],"道場2":[35.771659,139.564294],"北野2":[35.817114,139.564418],"北野3":[35.819208,139.569158],"馬場4":[35.778472,139.570636],"野火止1":[35.794554,139.571144],"片山1":[35.770747,139.569877],"野火止7":[35.807787,139.57099],"北野1":[35.814747,139.568164],"道場1":[35.773125,139.56822],"片山3":[35.766486,139.5741],"片山2":[35.769248,139.571634],"馬場1":[35.783221,139.573449],"東1":[35.807903,139.57428],"東2":[35.811845,139.574988],"池田2":[35.775629,139.570719],"野火止8":[35.797406,139.575367],"畑中1":[35.79369,139.576059],"東3":[35.813278,139.575336],"東北1":[35.821979,139.572195],"東北2":[35.822596,139.577409],"池田3":[35.772917,139.574255],"馬場3":[35.780297,139.576681],"池田1":[35.775958,139.574258],"池田4":[35.770322,139.577918],"池田5":[35.769526,139.577426],"栄1":[35.776388,139.577283],"馬場2":[35.783852,139.579577],"畑中2":[35.784929,139.580805],"畑中3":[35.792912,139.579298],"栄2":[35.77679,139.579237],"栄5":[35.772259,139.58177],"新塚1":[35.778457,139.58779],"栄3":[35.777639,139.584302],"栄4":[35.775966,139.58668],"新塚":[35.77867,139.591887]}