{"彦糸1":[35.857181,139.844448],"彦音1":[35.855573,139.844194],"彦成1":[35.850465,139.846232],"上彦名":[35.852715,139.870791],"彦川戸1":[35.847891,139.852437],"天神1":[35.844787,139.852152],"彦糸2":[35.859127,139.850429],"彦野1":[35.841842,139.850701],"彦音2":[35.856451,139.848431],"彦倉1":[35.838669,139.852471],"彦成2":[35.852575,139.852813],"上口1":[35.835831,139.853711],"番匠免1":[35.834748,139.853956],"彦沢1":[35.830697,139.854936],"彦糸3":[35.861345,139.850322],"彦成3":[35.856768,139.860513],"彦江1":[35.828522,139.858553],"彦野2":[35.841839,139.852512],"彦川戸2":[35.847398,139.857752],"ピアラシティ2":[35.846739,139.859771],"ピアラシティ1":[35.842016,139.858411],"彦倉2":[35.839898,139.85379],"上口2":[35.836456,139.856847],"番匠免2":[35.835854,139.86075],"彦沢2":[35.831832,139.855095],"インター南2":[35.828697,139.866991],"戸ヶ崎":[35.796502,139.863811],"花和田":[35.831336,139.873861],"泉3":[35.841519,139.866986],"泉1":[35.844595,139.860637],"インター南1":[35.830314,139.865492],"駒形":[35.848317,139.868988],"泉2":[35.843585,139.862922],"戸ヶ崎5":[35.796896,139.860644],"采女1":[35.857105,139.866046],"戸ヶ崎2":[35.803873,139.867392],"新三郷ららシティ3":[35.860387,139.867034],"彦成4":[35.85344,139.869111],"戸ヶ崎4":[35.798299,139.871801],"下彦川戸":[35.849524,139.866784],"上彦川戸":[35.849754,139.864099],"番匠免3":[35.836544,139.865973],"寄巻":[35.796272,139.865606],"上口3":[35.840537,139.866316],"彦野":[35.844744,139.862921],"南蓮沼":[35.848684,139.870554],"谷口":[35.824627,139.872397],"さつき平2":[35.850055,139.867764],"半田":[35.861024,139.880443],"戸ヶ崎1":[35.808372,139.870296],"彦倉":[35.842518,139.86635],"鎌倉":[35.795128,139.864042],"彦江3":[35.831564,139.873156],"彦沢3":[35.834189,139.869187],"さつき平1":[35.84909,139.869478],"新三郷ららシティ2":[35.858484,139.869334],"戸ヶ崎3":[35.803478,139.87339],"栄1":[35.817763,139.873382],"上口":[35.842209,139.867385],"笹塚":[35.841489,139.873643],"栄3":[35.816788,139.873448],"仁蔵":[35.850917,139.878959],"大広戸":[35.84406,139.879476],"栄5":[35.8083,139.874858],"中央1":[35.824784,139.875812],"番匠免":[35.835934,139.872575],"彦成5":[35.854102,139.87822],"高州3":[35.783844,139.881002],"鷹野5":[35.799465,139.873153],"中央2":[35.820158,139.878186],"茂田井":[35.835432,139.88606],"新三郷ららシティ1":[35.849156,139.878877],"彦沢":[35.834588,139.873137],"彦江":[35.834149,139.873266],"中央5":[35.834282,139.878101],"幸房":[35.835076,139.877013],"栄4":[35.816167,139.8792],"鷹野3":[35.804858,139.883844],"鷹野2":[35.807233,139.883426],"谷中":[35.827967,139.876009],"高州2":[35.786323,139.883986],"中央3":[35.82558,139.877647],"彦成":[35.85343,139.877925],"鷹野4":[35.797697,139.884995],"小谷堀":[35.865405,139.894548],"後谷":[35.864008,139.886829],"新和5":[35.80942,139.883456],"高州1":[35.793149,139.884733],"中央4":[35.830634,139.881432],"岩野木":[35.835246,139.877589],"新和3":[35.81572,139.883243],"早稲田4":[35.851941,139.885353],"早稲田5":[35.854302,139.886239],"三郷3":[35.8456,139.882259],"早稲田2":[35.849624,139.884589],"早稲田6":[35.856699,139.887117],"新和1":[35.8184,139.882965],"三郷2":[35.843979,139.885093],"市助":[35.82884,139.884887],"高州4":[35.784888,139.888487],"早稲田8":[35.859817,139.888558],"三郷1":[35.841203,139.883155],"新和2":[35.818301,139.887485],"新和4":[35.811799,139.886113],"鷹野1":[35.799712,139.888651],"東町":[35.785665,139.888206],"早稲田1":[35.846876,139.887718],"早稲田3":[35.853068,139.890639],"前間":[35.863204,139.893446],"早稲田7":[35.857761,139.892536],"丹後":[35.859171,139.891121],"田中新田":[35.865422,139.895022]}