{"大字南後谷":[35.826535,139.823291],"大字西袋":[35.81378,139.824106],"大字柳之宮":[35.826721,139.823032],"大字大曽根":[35.810783,139.825661],"大字浮塚":[35.793934,139.825906],"緑町5":[35.828711,139.827725],"緑町4":[35.821621,139.82892],"大字上馬場":[35.822245,139.824914],"中央4":[35.817699,139.829316],"大字伊草":[35.828344,139.826666],"八潮8":[35.813512,139.829915],"大字小作田":[35.827389,139.826379],"緑町3":[35.82877,139.832273],"大字八條":[35.841637,139.839633],"緑町2":[35.822657,139.832725],"大字新町":[35.832947,139.828987],"中央3":[35.819603,139.83316],"八潮7":[35.813147,139.831836],"大字鶴ケ曽根":[35.841464,139.841064],"八潮6":[35.809349,139.836248],"大字大原":[35.806347,139.839705],"緑町1":[35.824539,139.837379],"中央1":[35.820031,139.841798],"大字垳":[35.797196,139.850872],"中央2":[35.819689,139.841518],"八潮3":[35.813073,139.837608],"八潮4":[35.811504,139.84218],"八潮2":[35.813199,139.839912],"八潮5":[35.807071,139.839914],"八潮1":[35.813663,139.842511],"茜町1":[35.804447,139.842539],"大字2":[35.82413,139.851653],"大瀬1":[35.808312,139.845449],"大字中馬場":[35.820685,139.842173],"大字大瀬":[35.794457,139.857881],"大字木曽根":[35.81552,139.867626],"大字古新田":[35.793887,139.852],"大瀬5":[35.804146,139.843362],"大字南川崎":[35.812907,139.862622],"大瀬6":[35.808188,139.845575],"大瀬3":[35.809206,139.848892],"大瀬2":[35.808943,139.846316],"大瀬4":[35.802909,139.849184],"大字伊勢野":[35.802807,139.845346],"大字松之木":[35.829255,139.833065]}