{"大字町屋":[35.927581,139.365654],"大字上新田":[35.929266,139.36912],"大字中新田":[35.930101,139.372056],"新町4":[35.934308,139.370672],"新町3":[35.932908,139.373752],"新町2":[35.935962,139.373619],"大字下新田":[35.950126,139.386463],"大字高倉":[35.940524,139.383519],"新町1":[35.938703,139.375392],"羽折町":[35.951074,139.384212],"大字三ツ木新田":[35.922391,139.382777],"大字三ツ木":[35.930867,139.390299],"大字脚折":[35.935814,139.385865],"三ツ木新町2":[35.921963,139.388477],"脚折町3":[35.947403,139.391539],"柳戸町":[35.925455,139.39638],"脚折町2":[35.949484,139.392198],"脚折町6":[35.943822,139.393966],"大字太田ヶ谷":[35.928514,139.409445],"脚折町1":[35.952099,139.39798],"三ツ木新町1":[35.928352,139.393785],"脚折町4":[35.947751,139.395143],"脚折町5":[35.944551,139.39911],"大字藤金":[35.937636,139.412565],"共栄町":[35.946658,139.400289],"南町3":[35.922707,139.406225],"南町1":[35.924347,139.411],"南町2":[35.923499,139.410006],"大字上広谷":[35.934925,139.418136],"富士見1":[35.94728,139.414074],"大字鶴ヶ丘":[35.934691,139.418129],"松ヶ丘5":[35.927309,139.410785],"富士見2":[35.950137,139.416772],"富士見3":[35.955088,139.415207],"松ヶ丘4":[35.925987,139.415979],"松ヶ丘1":[35.929747,139.416568],"大字五味ヶ谷":[35.940744,139.427732],"富士見4":[35.955056,139.416],"松ヶ丘3":[35.925046,139.419779],"松ヶ丘2":[35.927572,139.418594],"富士見6":[35.955052,139.420107],"富士見5":[35.950988,139.42305]}