{"亀久保":[35.855745,139.502204],"大井武蔵野":[35.847607,139.48577],"西鶴ケ岡":[35.861038,139.4957],"鶴ケ岡5":[35.865417,139.499865],"西鶴ケ岡2":[35.860742,139.49705],"緑ケ丘1":[35.859071,139.499686],"緑ケ丘2":[35.860007,139.499586],"鶴ケ岡4":[35.866349,139.50136],"鶴ケ岡1":[35.864083,139.50517],"鶴ケ岡3":[35.868709,139.504666],"西鶴ケ岡1":[35.864042,139.501898],"大井中央4":[35.859775,139.50348],"大井中央3":[35.85774,139.503227],"鶴ケ岡2":[35.866141,139.507486],"桜ケ丘3":[35.852968,139.505278],"鶴ケ舞3":[35.866423,139.508862],"西2":[35.871221,139.504802],"大井中央2":[35.857721,139.504181],"西1":[35.870275,139.508569],"霞ケ丘3":[35.876719,139.508759],"亀久保2":[35.864181,139.508919],"霞ケ丘2":[35.874741,139.506273],"桜ケ丘1":[35.852917,139.507353],"桜ケ丘2":[35.850817,139.508453],"大井中央1":[35.856677,139.505713],"亀久保1":[35.856779,139.511538],"亀久保3":[35.861732,139.510756],"霞ケ丘1":[35.873573,139.51156],"鶴ケ舞2":[35.867237,139.510627],"北野1":[35.876473,139.509865],"上福岡6":[35.869618,139.509419],"上福岡5":[35.869427,139.511172],"北野2":[35.87854,139.511948],"大井":[35.847978,139.523742],"亀久保4":[35.856695,139.514158],"東久保1":[35.864036,139.511694],"苗間":[35.853104,139.511775],"上福岡1":[35.874855,139.51094],"福岡武蔵野":[35.867703,139.513178],"ふじみ野2":[35.861755,139.511948],"鶴ケ舞1":[35.864332,139.511719],"ふじみ野1":[35.858287,139.515124],"大原1":[35.879049,139.514452],"上福岡4":[35.871173,139.51354],"南台2":[35.864324,139.512307],"大原2":[35.879027,139.516105],"元福岡1":[35.882173,139.516275],"ふじみ野3":[35.860521,139.517664],"上福岡2":[35.874538,139.517185],"上福岡3":[35.871688,139.516936],"旭1":[35.85747,139.519376],"元福岡2":[35.884982,139.515598],"元福岡3":[35.886191,139.517188],"ふじみ野4":[35.859326,139.515895],"丸山":[35.864259,139.517686],"大井1":[35.849454,139.520239],"南台1":[35.869301,139.520198],"川崎":[35.886039,139.518846],"清見1":[35.881007,139.518127],"上野台1":[35.876695,139.517267],"うれし野1":[35.854891,139.520937],"福岡中央2":[35.871258,139.520103],"清見2":[35.881913,139.520526],"駒西1":[35.865743,139.520087],"大井2":[35.852361,139.522067],"川崎1":[35.885275,139.518278],"清見3":[35.883252,139.521201],"福岡1":[35.877695,139.524005],"上野台2":[35.87575,139.519976],"駒林元町4":[35.86546,139.520689],"上野台3":[35.874306,139.518756],"苗間1":[35.858077,139.521379],"福岡中央1":[35.873236,139.518378],"川崎2":[35.885326,139.520065],"福岡2":[35.879993,139.524149],"富士見台":[35.87129,139.523507],"清見4":[35.884755,139.521465],"駒西2":[35.867656,139.520963],"うれし野2":[35.85704,139.524631],"新田1":[35.870723,139.524419],"駒西3":[35.867111,139.523692],"福岡3":[35.884591,139.523913],"市沢1":[35.856495,139.525993],"駒林元町3":[35.866393,139.52415],"市沢2":[35.854711,139.52603],"上ノ原1":[35.874951,139.524695],"西原1":[35.873572,139.525485],"市沢3":[35.853827,139.5267],"新駒林1":[35.868423,139.524399],"上ノ原2":[35.876912,139.526027],"松山1":[35.872547,139.526818],"駒林元町2":[35.866768,139.525433],"滝1":[35.88062,139.52744],"上ノ原3":[35.876177,139.52729],"新田2":[35.872004,139.524979],"西原2":[35.875542,139.527684],"新駒林3":[35.868755,139.526699],"滝2":[35.879218,139.528668],"駒林元町1":[35.866977,139.528968],"長宮2":[35.877161,139.529669],"松山2":[35.872154,139.528511],"長宮1":[35.876296,139.530108],"駒林":[35.870599,139.547234],"築地1":[35.874439,139.531377],"築地3":[35.871935,139.5312],"滝3":[35.880496,139.528601],"築地2":[35.873675,139.531334],"中丸2":[35.878041,139.531971],"新駒林4":[35.870969,139.529099],"中丸1":[35.877341,139.531866],"中ノ島1":[35.875327,139.532485],"仲1":[35.873762,139.533789],"本新田":[35.871268,139.530922],"中福岡":[35.876331,139.533336],"仲2":[35.87312,139.533821],"仲3":[35.872169,139.536099],"水宮":[35.871687,139.539005],"福岡新田":[35.873699,139.538614],"谷田2":[35.873349,139.538477],"福岡":[35.8748,139.545533],"花ノ木2":[35.878128,139.532579],"花ノ木1":[35.87611,139.532958],"谷田1":[35.874219,139.534482],"新駒林2":[35.868326,139.527808],"池上":[35.871312,139.532937]}