{"大字滝ノ入":[35.944649,139.303819],"大字権現堂":[35.914562,139.290897],"大字大谷木":[35.930665,139.312719],"大字阿諏訪":[35.938515,139.303107],"大字宿谷":[35.915086,139.308832],"大字毛呂本郷":[35.939589,139.309701],"大字小田谷":[35.938369,139.312761],"大字岩井":[35.953271,139.323748],"平山1":[35.948143,139.311509],"岩井西5":[35.944679,139.311164],"大字葛貫":[35.932564,139.326754],"岩井西4":[35.940948,139.31412],"岩井西1":[35.946276,139.312906],"平山2":[35.948117,139.312975],"平山3":[35.950844,139.313885],"岩井西3":[35.941483,139.314962],"大字長瀬":[35.939895,139.322331],"岩井西2":[35.945068,139.316336],"岩井東1":[35.949973,139.317354],"大字箕和田":[35.964442,139.321848],"中央2":[35.943669,139.31887],"中央1":[35.943829,139.318423],"岩井東2":[35.947814,139.320615],"前久保南1":[35.946897,139.322305],"中央3":[35.942584,139.322419],"前久保南2":[35.945105,139.322525],"大字前久保":[35.953951,139.329103],"目白台1":[35.959349,139.32486],"目白台2":[35.962664,139.325823],"南台1":[35.935861,139.325526],"南台2":[35.933692,139.327522],"中央4":[35.939669,139.325912],"前久保南3":[35.946861,139.323146],"南台3":[35.936343,139.328096],"目白台3":[35.959283,139.326979],"前久保南4":[35.944325,139.32911],"若山1":[35.943278,139.331771],"大字西戸":[35.962007,139.330122],"南台5":[35.939496,139.332229],"目白台4":[35.961538,139.327901],"南台4":[35.936857,139.331067],"大字川角":[35.953789,139.331502],"若山3":[35.941683,139.333216],"若山2":[35.943017,139.333209],"大字旭台":[35.940984,139.337716],"大字下川原":[35.937714,139.352427],"大字市場":[35.945637,139.350857],"大字苦林":[35.963244,139.349486],"大字大類":[35.955321,139.352191],"大字西大久保":[35.951635,139.350033]}