{"大字上富":[35.827641,139.517103],"大字北永井":[35.838644,139.520973],"大字藤久保":[35.842011,139.534092],"大字竹間沢":[35.821094,139.5482],"みよし台":[35.833604,139.546621],"竹間沢東":[35.820722,139.548695]}