{"大字和泉":[36.082892,139.339861],"大字伊古":[36.067944,139.349439],"大字月輪":[36.043235,139.334887],"大字水房":[36.053399,139.34173],"月の輪5":[36.042862,139.334205],"月の輪1":[36.041554,139.333759],"大字中尾":[36.065052,139.360508],"大字菅田":[36.083778,139.340182],"月の輪6":[36.045825,139.344126],"月の輪4":[36.044184,139.344873],"月の輪7":[36.046517,139.338622],"月の輪3":[36.045259,139.349037],"大字福田":[36.079153,139.340906],"大字土塩":[36.097333,139.359531],"大字羽尾":[36.049746,139.383308],"月の輪2":[36.043687,139.354464],"大字都":[36.042806,139.36599],"大字山田":[36.059568,139.379857],"みなみ野1":[36.044178,139.372925],"みなみ野2":[36.045051,139.374321],"みなみ野3":[36.044678,139.37576],"みなみ野4":[36.0419,139.379024]}