{"日尾":[36.049522,138.953016],"飯田":[36.036946,138.969009],"伊豆沢":[36.000056,138.994758],"小鹿野":[36.014055,139.012709],"般若":[35.994194,139.005384],"下小鹿野":[36.009885,139.034575],"長留":[35.974954,139.014755]}