{"大字長浜":[36.242993,139.102064],"大字五明":[36.255302,139.11269],"大字勅使河原":[36.256767,139.117857],"大字大御堂":[36.22668,139.112759],"大字藤木戸":[36.239244,139.115055],"大字帯刀":[36.255226,139.117541],"大字三町":[36.238141,139.130508],"大字毘沙吐":[36.278544,139.129913],"大字堤":[36.241484,139.139408],"大字金久保":[36.25731,139.144664],"大字嘉美":[36.232064,139.147326],"大字七本木":[36.254333,139.142324],"大字黛":[36.275741,139.138209],"大字忍保":[36.271134,139.145177],"大字神保原町":[36.254025,139.143039],"大字八町河原":[36.272915,139.162833]}