{"大字渡瀬":[36.170466,139.067852],"大字新宿":[36.183857,139.066293],"大字小浜":[36.211717,139.083532],"大字池田":[36.188925,139.079685],"大字二ノ宮":[36.180809,139.074962],"大字肥土":[36.229965,139.092158],"大字貫井":[36.212002,139.084172],"大字新里":[36.192555,139.088141],"大字中新里":[36.211883,139.094464],"大字植竹":[36.212401,139.094762],"大字関口":[36.214519,139.090544],"大字元阿保":[36.218535,139.116679],"大字四軒在家":[36.229401,139.104187],"大字八日市":[36.210151,139.126161],"大字原新田":[36.218262,139.116582],"大字熊野堂":[36.210645,139.127029],"大字元原":[36.21794,139.125043]}