{"大字風布":[36.106394,139.152319],"大字金尾":[36.133061,139.153719],"大字末野":[36.116636,139.167685],"大字秋山":[36.099396,139.178885],"大字折原":[36.104717,139.18486],"大字三品":[36.097382,139.180329],"大字藤田":[36.11954,139.181619],"大字桜沢":[36.121374,139.21739],"大字寄居":[36.11977,139.181187],"大字西ノ入":[36.094905,139.203742],"大字立原":[36.101742,139.183884],"大字用土":[36.143093,139.19115],"大字鉢形":[36.101848,139.212653],"大字露梨子":[36.100684,139.212005],"大字保田原":[36.115555,139.217353],"大字三ケ山":[36.089387,139.212566],"大字小園":[36.115585,139.225871],"大字富田":[36.098205,139.243959],"大字赤浜":[36.117659,139.265077],"大字牟礼":[36.091139,139.254991],"大字今市":[36.09958,139.274353],"大字鷹ノ巣":[36.097592,139.280063],"大字西古里":[36.101666,139.288577]}