{"大字西粂原":[36.03302,139.699775],"大字国納":[36.039174,139.700355],"大字和戸":[36.053021,139.700032],"宮代台2":[36.041273,139.693277],"宮代台3":[36.043489,139.692513],"大字東粂原":[36.027404,139.707163],"宮代台1":[36.042071,139.697458],"和戸2":[36.04168,139.700396],"大字須賀":[36.029533,139.720212],"和戸3":[36.042956,139.702719],"和戸1":[36.038032,139.704391],"和戸4":[36.040171,139.704739],"和戸5":[36.039465,139.707851],"字逆井":[36.019956,139.713112],"字金原":[36.009049,139.719758],"字山崎":[36.01465,139.727686],"字西原":[36.009018,139.7297],"学園台4":[36.027616,139.713911],"学園台2":[36.028526,139.716628],"学園台1":[36.028848,139.718629],"本田5":[36.027667,139.719735],"学園台3":[36.026841,139.717516],"本田4":[36.024163,139.720053],"本田2":[36.025196,139.721899],"字中":[36.006985,139.729642],"本田3":[36.0239,139.721274],"本田1":[36.026101,139.722731],"字百間":[36.019907,139.724455],"百間1":[36.026911,139.725118],"笠原1":[36.022902,139.723414],"中央3":[36.023181,139.72434],"笠原2":[36.021031,139.725155],"中央1":[36.024637,139.72592],"百間2":[36.02587,139.728073],"中央2":[36.023232,139.728225],"宮代3":[36.021127,139.729176],"字東":[35.999046,139.736748],"字道佛":[36.018155,139.733492],"百間3":[36.02542,139.730199],"宮代2":[36.02048,139.73025],"宮代1":[36.021957,139.731276],"字姫宮":[36.009875,139.738068],"百間5":[36.022791,139.732467],"百間4":[36.024257,139.734211],"東姫宮2":[35.998845,139.740507],"字中島":[36.021918,139.734368],"百間6":[36.021989,139.735395],"東姫宮1":[36.002512,139.739206],"字川端":[36.007825,139.749032],"字宮東":[36.009792,139.738797],"川端1":[36.00368,139.740934],"川端2":[36.006368,139.742438],"川端4":[35.997595,139.744142],"川端3":[36.004381,139.74359]}