{"大字大川戸":[35.946768,139.817795],"田中3":[35.919059,139.806416],"田中2":[35.926786,139.812123],"大字松伏":[35.91631,139.812173],"田中1":[35.927016,139.814987],"大字魚沼":[35.95694,139.827483],"大字上赤岩":[35.910559,139.822581],"ゆめみ野1":[35.925207,139.820417],"松葉1":[35.925261,139.819457],"ゆめみ野2":[35.922443,139.821781],"ゆめみ野3":[35.919762,139.82213],"ゆめみ野6":[35.926015,139.824657],"ゆめみ野5":[35.923803,139.825733],"ゆめみ野4":[35.922025,139.825447],"大字築比地":[35.965283,139.833483],"松葉2":[35.928082,139.826194],"ゆめみ野東1":[35.926864,139.825747],"大字金杉":[35.952883,139.829392],"大字田島":[35.928793,139.836092],"ゆめみ野東2":[35.925254,139.828475],"大字下赤岩":[35.913178,139.841511],"ゆめみ野東3":[35.92237,139.831123],"ゆめみ野東4":[35.921228,139.83268],"田島東":[35.933024,139.840577]}