{"桜田":[43.06975,144.188001],"阿寒町下舌辛":[43.070176,144.108921],"駒牧":[43.058391,144.19134],"鶴丘":[43.052395,144.230063],"山花":[43.074215,144.242392],"新野":[43.043215,144.263909],"阿寒町下仁々志別":[43.081318,144.260911],"大楽毛":[43.005722,144.29646],"美濃":[43.074066,144.273752],"大楽毛西2":[43.012636,144.264707],"音羽":[43.026215,144.289292],"大楽毛西1":[43.01479,144.270912],"大楽毛5":[43.009643,144.272717],"大楽毛南5":[43.007134,144.272242],"北斗":[43.075386,144.287222],"大楽毛4":[43.010948,144.276775],"大楽毛3":[43.018884,144.289407],"大楽毛南4":[43.008702,144.277204],"大楽毛南3":[43.00644,144.284754],"大楽毛南2":[43.007818,144.293068],"大楽毛2":[43.012379,144.293683],"大楽毛北2":[43.017796,144.295505],"鶴野":[43.026071,144.33173],"大楽毛1":[43.010367,144.300766],"大楽毛北1":[43.015321,144.301444],"星が浦南6":[43.005918,144.308216],"大楽毛南1":[43.005691,144.299549],"星が浦大通5":[43.013953,144.306703],"星が浦北5":[43.015962,144.305449],"星が浦北4":[43.016943,144.311698],"星が浦大通4":[43.014399,144.312851],"中鶴野":[43.029393,144.317022],"星が浦南5":[43.009234,144.31374],"西港4":[43.001529,144.316156],"星が浦南3":[43.010108,144.319185],"星が浦北3":[43.01783,144.317458],"星が浦大通3":[43.016269,144.318324],"鶴野東2":[43.019665,144.322386],"鶴野東3":[43.021695,144.3233],"星が浦北2":[43.018104,144.323962],"星が浦南2":[43.0064,144.330354],"星が浦大通2":[43.01377,144.325628],"西港3":[43.002491,144.326844],"鶴野東4":[43.0252,144.324818],"星が浦南4":[43.00469,144.33309],"鶴野東1":[43.020318,144.327581],"星が浦北1":[43.019642,144.327688],"鶴野東5":[43.024433,144.327385],"星が浦大通1":[43.01466,144.331008],"北園":[43.04673,144.338577],"星が浦南1":[43.00789,144.335215],"西港2":[43.003352,144.336485],"鳥取北10":[43.018819,144.331994],"鳥取大通9":[43.017975,144.334501],"鳥取北9":[43.019434,144.334902],"鳥取南8":[43.015131,144.336149],"安原":[43.051705,144.354163],"北園1":[43.024384,144.344275],"鳥取大通8":[43.017791,144.337065],"鳥取南7":[43.011841,144.338631],"鳥取北8":[43.019993,144.340221],"新富士町5":[43.005472,144.344829],"新富士町6":[43.006925,144.339112],"西港1":[42.998898,144.356951],"鳥取大通7":[43.014687,144.340139],"鳥取北7":[43.01888,144.341756],"鳥取南6":[43.011733,144.340172],"鳥取大通6":[43.016156,144.343622],"鳥取北6":[43.018198,144.344611],"鳥取南5":[43.01262,144.347524],"昭和南6":[43.025811,144.349655],"鳥取大通5":[43.015557,144.348074],"新富士町4":[43.005244,144.350334],"鳥取北5":[43.018381,144.349554],"鳥取南4":[43.007349,144.349813],"昭和南5":[43.022804,144.353175],"昭和中央6":[43.031364,144.355331],"鳥取大通4":[43.014435,144.35361],"鳥取北4":[43.017455,144.355095],"新富士町3":[43.004276,144.353722],"昭和南4":[43.020835,144.356683],"昭和中央5":[43.028538,144.358928],"新富士町2":[43.003762,144.356805],"鳥取南3":[43.010621,144.356099],"鳥取大通3":[43.013219,144.360254],"昭和":[43.038255,144.371283],"鳥取南2":[43.006367,144.358632],"昭和中央4":[43.023583,144.359184],"鳥取北3":[43.014813,144.358888],"新富士町1":[43.001576,144.35829],"昭和北3":[43.029727,144.362078],"昭和町4":[43.018028,144.363631],"昭和南3":[43.019257,144.36154],"浜町":[42.989721,144.364823],"知人町":[42.974422,144.370358],"昭和中央3":[43.024757,144.367259],"鳥取大通2":[43.010536,144.363701],"昭和町3":[43.016198,144.365507],"宝町":[42.994242,144.370464],"鳥取大通1":[43.010178,144.364476],"昭和北2":[43.027507,144.367368],"喜多町":[42.994709,144.373766],"昭和町2":[43.015654,144.368716],"昭和中央2":[43.023373,144.369019],"川端町":[43.003115,144.367019],"昭和中央1":[43.021756,144.372465],"海運3":[42.990963,144.366646],"昭和町1":[43.013659,144.367633],"駒場町":[43.001261,144.370966],"仲浜町":[42.988725,144.372461],"住之江町":[43.003504,144.371737],"昭和北1":[43.024316,144.372282],"新橋大通9":[43.00724,144.368028],"海運2":[42.987238,144.369035],"治水町":[43.008884,144.37298],"新橋大通8":[43.006104,144.369447],"若草町":[42.995977,144.374641],"寿3":[42.991473,144.372152],"新橋大通7":[43.006358,144.370712],"海運1":[42.985619,144.372938],"南浜町":[42.984771,144.375298],"港町":[42.976858,144.373648],"寿4":[42.992647,144.373419],"東川町":[43.011234,144.377897],"米町2":[42.971391,144.376188],"米町1":[42.973397,144.37581],"新橋大通6":[43.005921,144.372171],"新川町":[43.002377,144.377482],"暁町":[43.006304,144.377792],"寿2":[42.989262,144.375249],"新橋大通5":[43.005497,144.373598],"愛国西4":[43.018547,144.379037],"米町3":[42.970329,144.377625],"寿1":[42.991416,144.378638],"大町8":[42.974803,144.374121],"若竹町":[42.998982,144.378587],"新橋大通4":[43.005069,144.375025],"浪花町13":[42.988651,144.376645],"入舟7":[42.977402,144.375639],"南大通8":[42.974086,144.375573],"弁天ケ浜":[42.968773,144.379732],"白金町":[42.992204,144.381324],"浪花町12":[42.987533,144.377002],"大町7":[42.976452,144.375608],"南大通7":[42.97496,144.37622],"春日町":[42.995691,144.379594],"入舟6":[42.978967,144.377176],"愛国西3":[43.016372,144.381552],"米町4":[42.969012,144.379555],"浪花町11":[42.986677,144.377223],"新橋大通3":[43.00464,144.376464],"浪花町10":[42.986096,144.377401],"大町6":[42.976969,144.377819],"浪花町9":[42.985509,144.377578],"浪花町8":[42.984912,144.377741],"弥生2":[42.971811,144.38028],"豊川町":[43.009319,144.382478],"浪花町7":[42.98434,144.378067],"浪花町6":[42.983746,144.378255],"浦見8":[42.974579,144.377162],"浪花町5":[42.98314,144.378452],"南大通6":[42.975794,144.378207],"文苑2":[43.020522,144.385443],"幸町14":[42.990064,144.378316],"浪花町4":[42.982259,144.377456],"新橋大通2":[43.003576,144.378525],"浪花町3":[42.981779,144.378146],"幸町13":[42.988998,144.37934],"浦見7":[42.973656,144.379552],"幸町12":[42.987885,144.379385],"柳町":[43.002916,144.38287],"幸町11":[42.98713,144.379763],"新橋大通1":[43.002627,144.37894],"幸町10":[42.986561,144.379946],"入舟5":[42.978388,144.379497],"大町5":[42.977799,144.379609],"愛国西2":[43.016074,144.383927],"幸町9":[42.985922,144.380157],"幸町8":[42.985323,144.380351],"共栄大通9":[43.001482,144.379314],"幸町4":[42.982735,144.3797],"南大通5":[42.97727,144.380001],"共栄大通8":[43.00037,144.379672],"幸町7":[42.984772,144.380534],"幸町6":[42.984177,144.380727],"浦見6":[42.973763,144.380391],"共栄大通7":[42.999232,144.380036],"幸町5":[42.983568,144.380897],"黒金町14":[42.990413,144.380324],"共栄大通6":[42.998206,144.380364],"幸町3":[42.982372,144.3801],"浦見5":[42.973898,144.381369],"黒金町13":[42.98923,144.381566],"共栄大通5":[42.997264,144.380671],"愛国":[43.029022,144.402065],"新栄町":[42.997743,144.383455],"共栄大通4":[42.996233,144.381009],"黒金町12":[42.988147,144.381931],"南大通4":[42.977644,144.38097],"共栄大通3":[42.995219,144.381301],"入舟4":[42.979002,144.380709],"黒金町11":[42.987543,144.382134],"弥生1":[42.97055,144.385481],"大町4":[42.978264,144.380657],"浦見4":[42.974023,144.382354],"黒金町10":[42.986958,144.38232],"共栄大通2":[42.994247,144.381608],"文苑3":[43.025227,144.388616],"中園町":[43.006342,144.388125],"北大通14":[42.99019,144.382417],"黒金町9":[42.986365,144.382513],"共栄大通1":[42.992491,144.382218],"黒金町8":[42.985761,144.382716],"愛国西1":[43.01346,144.387984],"黒金町7":[42.985171,144.382903],"黒金町6":[42.984592,144.383092],"浦見3":[42.974193,144.383483],"錦町5":[42.984007,144.383296],"若松町":[42.991216,144.385419],"入舟3":[42.979944,144.381658],"大町3":[42.978625,144.381994],"南大通3":[42.97728,144.382903],"錦町4":[42.983416,144.383491],"錦町3":[42.982829,144.383683],"錦町2":[42.982279,144.383893],"大町2":[42.979845,144.3828],"北大通13":[42.989115,144.383309],"浦見2":[42.976418,144.384604],"北大通12":[42.988421,144.383568],"北大通11":[42.987837,144.383757],"文苑1":[43.017781,144.391983],"花園町":[43.000678,144.388843],"北大通10":[42.98725,144.383946],"南大通2":[42.978926,144.383731],"北大通9":[42.986692,144.384095],"北大通8":[42.986112,144.384335],"大町1":[42.979847,144.383757],"北大通7":[42.985467,144.384536],"宮本2":[42.971856,144.388646],"中島町":[42.999497,144.390674],"北大通6":[42.984873,144.384728],"北大通5":[42.984285,144.384918],"南大通1":[42.979204,144.385127],"末広町13":[42.989193,144.385063],"北大通4":[42.983699,144.38511],"末広町12":[42.988697,144.38517],"双葉町":[42.996341,144.390674],"北大通3":[42.983111,144.385303],"愛国東4":[43.012549,144.390978],"末広町11":[42.988115,144.385358],"末広町14":[42.989374,144.385761],"北大通2":[42.982421,144.385529],"末広町10":[42.987465,144.385547],"宮本1":[42.975246,144.387265],"北大通1":[42.981995,144.385967],"末広町9":[42.986882,144.385784],"末広町8":[42.986187,144.385978],"浦見1":[42.977089,144.385596],"松浦町":[42.995252,144.391732],"幣舞町":[42.978924,144.388327],"末広町7":[42.985594,144.386173],"末広町6":[42.985159,144.386319],"末広町5":[42.984496,144.386115],"末広町4":[42.983686,144.386737],"栄町12":[42.988883,144.386722],"新富町":[42.992512,144.391798],"末広町3":[42.983379,144.386911],"栄町11":[42.988398,144.386951],"大川町":[42.98129,144.39245],