{"留辺蘂町松山":[43.751141,143.502728],"留辺蘂町花丘":[43.759609,143.504726],"留辺蘂町温根湯温泉":[43.75396,143.507622],"留辺蘂町昭栄":[43.755232,143.519395],"留辺蘂町旭西":[43.783305,143.604721],"留辺蘂町大富":[43.778688,143.592596],"留辺蘂町旭一区":[43.781086,143.605808],"留辺蘂町旭三区":[43.785766,143.602927],"留辺蘂町豊金":[43.794211,143.623437],"留辺蘂町上町":[43.788334,143.616542],"留辺蘂町栄町":[43.784385,143.617493],"留辺蘂町旭公園":[43.774799,143.616042],"留辺蘂町旭北":[43.781093,143.617638],"留辺蘂町宮下町":[43.788802,143.62425],"留辺蘂町旭南":[43.778997,143.621168],"留辺蘂町仲町":[43.787133,143.62118],"留辺蘂町旭中央":[43.783474,143.627464],"留辺蘂町東町":[43.785749,143.623398],"留辺蘂町元町":[43.787204,143.627542],"留辺蘂町旭東":[43.783027,143.637248],"留辺蘂町泉":[43.789164,143.646791],"住吉":[43.80506,143.746207],"豊田":[43.801308,143.74318],"本沢":[43.820229,143.760248],"相内町":[43.800556,143.765392],"美園":[43.806379,143.782743],"豊地":[43.782939,143.857719],"東相内町":[43.81494,143.792055],"広郷":[43.774831,143.850983],"柏木":[43.814896,143.821561],"上ところ":[43.761143,143.84587],"常川":[43.747137,143.833632],"大正":[43.829283,143.868829],"卸町3":[43.804546,143.831259],"西三輪3":[43.802042,143.83464],"西三輪4":[43.797773,143.835832],"西三輪7":[43.797031,143.836013],"卸町2":[43.804195,143.83458],"卸町1":[43.804421,143.837946],"西三輪2":[43.800184,143.842698],"西三輪1":[43.798068,143.842496],"西三輪6":[43.795441,143.838377],"緑町7":[43.805212,143.839638],"緑町6":[43.804176,143.842072],"西三輪5":[43.793724,143.843233],"北上":[43.775341,143.872597],"緑町5":[43.80613,143.841837],"若葉7":[43.811055,143.847888],"若葉3":[43.808072,143.848146],"緑町3":[43.806982,143.845103],"緑町4":[43.803873,143.844272],"中央三輪3":[43.80231,143.848796],"中央三輪4":[43.799243,143.849021],"中央三輪9":[43.794293,143.84634],"緑町2":[43.804475,143.848184],"緑町1":[43.80722,143.848662],"若葉4":[43.810943,143.85333],"中央三輪8":[43.795372,143.850103],"若葉2":[43.809083,143.851077],"若葉6":[43.81353,143.85285],"双葉町3":[43.806289,143.850845],"双葉町4":[43.805791,143.852543],"中央三輪2":[43.800675,143.853609],"中央三輪7":[43.794649,143.851313],"若葉1":[43.808294,143.855252],"双葉町1":[43.807107,143.855265],"中央三輪6":[43.795067,143.854783],"北光":[43.779422,143.874916],"若葉5":[43.811292,143.855133],"双葉町2":[43.804714,143.855782],"昭和":[43.848654,143.891236],"中央三輪1":[43.801185,143.856051],"緑ケ丘4":[43.827291,143.86892],"高栄西町8":[43.813983,143.858947],"高栄西町10":[43.809912,143.860157],"中央三輪5":[43.795596,143.855806],"高栄西町7":[43.815056,143.860784],"桂町4":[43.807779,143.857783],"桂町5":[43.805829,143.858649],"東三輪2":[43.802104,143.858386],"無加川町":[43.787568,143.864976],"東三輪4":[43.797908,143.859703],"東三輪5":[43.793438,143.863703],"高栄西町9":[43.809273,143.863952],"桂町1":[43.807276,143.862435],"桂町2":[43.805861,143.862119],"桂町3":[43.804412,143.862916],"東三輪1":[43.802165,143.863201],"東三輪3":[43.795903,143.863318],"高栄西町6":[43.815939,143.862835],"高栄西町5":[43.813216,143.864974],"北進町6":[43.806326,143.868602],"緑ケ丘5":[43.823281,143.867659],"緑ケ丘6":[43.819698,143.867352],"北進町5":[43.807836,143.868144],"高栄西町4":[43.816709,143.867736],"高栄西町1":[43.810326,143.869085],"北進町7":[43.804357,143.869923],"西富町3":[43.801792,143.867543],"西富町2":[43.801054,143.867695],"末広町":[43.787516,143.873891],"高栄西町3":[43.814074,143.868135],"西富町4":[43.802574,143.870051],"開成":[43.752456,143.872659],"光西町":[43.796337,143.870801],"高栄西町2":[43.812192,143.86892],"西富町1":[43.800856,143.870083],"緑ケ丘3":[43.825883,143.874163],"緑ケ丘2":[43.821973,143.874376],"緑ケ丘1":[43.819503,143.874607],"高栄東町4":[43.817841,143.874777],"高栄東町3":[43.815411,143.875314],"高栄東町2":[43.812823,143.875261],"高栄東町1":[43.811997,143.875071],"北進町1":[43.806531,143.876427],"北進町2":[43.805935,143.876384],"北進町3":[43.804597,143.876881],"北進町4":[43.8029,143.876831],"栄町3":[43.801503,143.872884],"栄町2":[43.800184,143.872911],"とん田西町":[43.792004,143.878248],"北央町":[43.782873,143.885978],"広明町":[43.782951,143.879564],"栄町4":[43.801418,143.876654],"南丘":[43.78674,143.9099],"栄町1":[43.800044,143.877295],"錦町":[43.787116,143.879006],"美山町西4":[43.827684,143.876689],"美山町西5":[43.824743,143.877116],"美山町南10":[43.820412,143.878757],"美山町南9":[43.823583,143.881318],"花月町":[43.815732,143.882357],"美山町西3":[43.830403,143.88055],"寿町6":[43.813647,143.877263],"寿町5":[43.809856,143.879029],"美芳町2":[43.80834,143.879309],"花園町":[43.785412,143.892631],"美芳町4":[43.806513,143.879541],"美芳町6":[43.804862,143.879507],"美山町西2":[43.829002,143.880703],"美芳町8":[43.803779,143.879701],"美山町南8":[43.820305,143.881683],"美芳町10":[43.802874,143.880222],"美山町西1":[43.826758,143.880918],"本町5":[43.800408,143.880528],"とん田東町":[43.793345,143.884918],"寿町4":[43.812996,143.880334],"寿町3":[43.814108,143.882434],"川沿町":[43.785061,143.881429],"寿町2":[43.811998,143.882565],"寿町1":[43.810887,143.882854],"美芳町1":[43.808472,143.883179],"美芳町3":[43.807483,143.883303],"美芳町5":[43.805384,143.883572],"美芳町7":[43.804317,143.883709],"美山町東5":[43.832479,143.885883],"美山町東4":[43.830512,143.88483],"美芳町9":[43.802268,143.883972],"本町4":[43.800843,143.884134],"美山町東3":[43.828256,143.887199],"美山町東2":[43.828014,143.887914],"美山町東1":[43.825344,143.884586],"美山町南5":[43.822246,143.885113],"美山町南6":[43.82022,143.885488],"美山町南7":[43.818309,143.885157],"清見町":[43.815861,143.889242],"北斗町3":[43.811404,143.885175],"北斗町2":[43.811056,143.884588],"幸町4":[43.807663,143.885258],"幸町8":[43.805553,143.885958],"山下町3":[43.804491,143.885726],"山下町4":[43.803285,143.886886],"小泉":[43.835619,143.929597],"山下町5":[43.802475,143.886565],"本町3":[43.80069,143.887568],"常盤町3":[43.797652,143.888047],"美山町南3":[43.822674,143.887431],"北斗町1":[43.814432,143.887317],"常盤町4":[43.795651,143.89178],"幸町3":[43.807761,143.886696],"美山町南4":[43.823134,143.888112],"常盤町5":[43.7922,143.892199],"幸町7":[43.806065,143.887379],"美山町南2":[43.820381,143.8882],"美山町南1":[43.818139,143.888737],"常盤町6":[43.789674,143.89439],"山下町2":[43.804187,143.887711],"山下町1":[43.805462,143.890094],"北六条西7":[43.801834,143.887403],"新生町":[43.783649,143.892103],"北七条西6":[43.802959,143.88752],"幸町2":[43.808087,143.888127],"北六条西6":[43.802616,143.888164],"北五条西7":[43.801629,143.888141],"本町2":[43.80063,143.891541],"番場町":[43.813219,143.889626],"北七条西5":[43.80381,143.888342],"東陵町":[43.821813,143.903107],"幸町6":[43.805755,143.888638],"中央町":[43.809211,143.889931],"北五条西6":[43.802294,143.888797],"常盤町2":[43.796718,143.891644],"北六条西5":[43.803478,143.888997],"北四条西7":[43.801369,143.888917],"北七条西4":[43.804686,143.889186],"幸町1":[43.808159,143.890191],"北四条西6":[43.801937,143.88948],"北五条西5":[43.803147,143.889632],"北六条西4":[43.804334,143.889822],"北三条西6":[43.801589,143.890086],"幸町5":[43.806483,143.890427],"三楽町":[43.811331,143.895708],"北四条西5":[43.802808,143.890323],"北六条西3":[43.805546,143.891078],"北五条西4":[43.804019,143.890473],"北二条西6":[43.801338,143.890878],"三住町":[43.812327,143.89183],"北三条西5":[43.802484,143.890966],"北四条西4":[43.803663,143.891163],"北五条西3":[43.80544,143.891345],"北十一条東2":[43.810345,143.890817],"北九条東1":[43.80881,143.891063],"北八条西1":[43.807716,143.891067],"北十条東2":[43.809993,143.89144],"北二条西5":[43.802141,143.891655],"北一条西6":[43.801132,143.891656],"北八条東1":[43.808495,143.891834],"北十一条東3":[43.811133,143.891655],"北三条西4":[43.803344,143.891797],"北六条西2":[43.806525,143.891507],"北四条西3":[43.804532,143.892011],"北九条東2":[43.809702,143.891979],"北五条西2":[43.805741,143.892141],"北一条西5":[43.801799,143.892298],"北六条西1":[43.80701,143.892181],"北二条西4":[43.802995,143.892484],"北七条東1":[43.808032,143.892379],"北十条東3":[43.810853,143.892227],"常盤町1":[43.792216,143.893125],"本町1":[43.800924,143.8935],"北八条東2":[43.809352,143.892673],"大通西6":[43.801045,143.892083],"北十一条東4":[43.812049,143.892358],"北三条西3":[43.804214,143.892645],"北四条西2":[43.805391,143.892834],"北五条西1":[43.806602,143.892977],"北九条東3":[43.810545,143.892938],"大通西5":[43.801446,143.89324],"北十条東4":[43.811809,143.892835],"北六条東1":[43.8078,143.892846],"北一条西4":[43.802674,143.893135],"北二条西3":[43.803852,143.89332],"北七条東2":[43.809024,143.893323],"北八条東3":[43.810204,143.893503],"北三条西2":[43.805061,143.893467],"北四条西1":[43.806248,143.893665],"北九条東4":[43.811379,143.89372],"中ノ島町1":[43.796756,143.89757],"北六条東2":[43.808787,143.893807],"大通西4":[43.802505,143.894253],"北一条西3":[43.803523,143.893969],"南仲町1":[43.802782,143.897311],"光葉町":[43.788678,143.900272],"青葉町":[43.812431,143.898881],"北二条西2":[43.80471,143.894153],"北七条東3":[43.809884,143.894149],