{"豊砂":[35.652085,140.029027],"浜田2":[35.655143,140.037195],"幕張西6":[35.661338,140.028428],"美浜":[35.64061,140.036722],"中瀬2":[35.64804,140.038831],"幕張西1":[35.667472,140.036148],"浜田1":[35.658377,140.04006],"幕張西5":[35.660903,140.038386],"幕張西2":[35.665351,140.039231],"ひび野2":[35.646112,140.045112],"中瀬1":[35.652964,140.043398],"幕張西4":[35.660581,140.042964],"幕張西3":[35.662862,140.041375],"打瀬3":[35.634694,140.04551],"若葉1":[35.655457,140.048403],"ひび野1":[35.650891,140.04794],"打瀬2":[35.636916,140.04809],"打瀬1":[35.641098,140.051966],"磯辺8":[35.631842,140.053545],"若葉3":[35.644969,140.056043],"若葉2":[35.650031,140.059715],"磯辺7":[35.637812,140.053945],"磯辺3":[35.628866,140.059603],"磯辺6":[35.637767,140.057242],"磯辺4":[35.630778,140.061721],"真砂4":[35.639497,140.062234],"磯辺2":[35.625346,140.061183],"磯辺5":[35.633186,140.063181],"高浜7":[35.61413,140.068294],"真砂5":[35.643738,140.066613],"高浜6":[35.624472,140.064483],"磯辺1":[35.63013,140.067321],"真砂3":[35.635936,140.067459],"高浜3":[35.62118,140.066781],"高浜5":[35.627035,140.068114],"真砂2":[35.640865,140.071847],"高浜4":[35.622295,140.072149],"真砂1":[35.635537,140.073028],"高浜2":[35.617934,140.072157],"高洲4":[35.6344,140.075793],"新港":[35.608143,140.099363],"高洲3":[35.627668,140.078378],"高浜1":[35.6195,140.077447],"稲毛海岸5":[35.638294,140.074844],"高洲1":[35.625872,140.084485],"高洲2":[35.624291,140.083006],"稲毛海岸4":[35.636067,140.079431],"稲毛海岸3":[35.633974,140.080757],"稲毛海岸2":[35.630793,140.085411],"稲毛海岸1":[35.627573,140.086543],"幸町2":[35.617186,140.098413],"幸町1":[35.610672,140.10401]}