{"殿台町":[35.638862,140.129569],"源町":[35.638818,140.141588],"東寺山町":[35.634875,140.140826],"みつわ台1":[35.633507,140.132173],"みつわ台2":[35.63632,140.137336],"愛生町":[35.651788,140.139839],"高品町":[35.630426,140.143477],"みつわ台4":[35.643884,140.136033],"貝塚町":[35.633989,140.154922],"みつわ台5":[35.646634,140.141281],"みつわ台3":[35.639843,140.140205],"原町":[35.632837,140.144434],"若松町":[35.648378,140.182422],"都賀の台1":[35.639507,140.144222],"都賀の台2":[35.643116,140.143204],"都賀の台3":[35.64485,140.145459],"都賀1":[35.629834,140.147432],"西都賀1":[35.6354,140.147562],"都賀の台4":[35.642405,140.147477],"西都賀2":[35.63925,140.148251],"都賀2":[35.632838,140.150574],"西都賀5":[35.642055,140.151242],"西都賀3":[35.63784,140.150875],"都賀3":[35.637885,140.153282],"貝塚2":[35.633303,140.155236],"加曽利町":[35.607374,140.149813],"西都賀4":[35.639714,140.1529],"桜木1":[35.621039,140.154951],"貝塚1":[35.625749,140.15408],"都賀4":[35.635243,140.154847],"大宮町":[35.585532,140.200237],"桜木5":[35.625623,140.154994],"桜木6":[35.631451,140.158721],"都賀5":[35.63908,140.157484],"桜木4":[35.621942,140.155284],"桜木北2":[35.633782,140.156375],"桜木北3":[35.637369,140.164103],"桜木7":[35.629953,140.161773],"桜木2":[35.621329,140.167012],"桜木3":[35.623985,140.162642],"桜木8":[35.622724,140.167472],"桜木北1":[35.630227,140.165701],"小倉町":[35.639935,140.191888],"若松台1":[35.652092,140.172141],"若松台2":[35.650121,140.172822],"小倉台1":[35.628142,140.170669],"太田町":[35.605926,140.174249],"小倉台2":[35.624953,140.172803],"小倉台4":[35.629116,140.173247],"小倉台3":[35.626649,140.176512],"小倉台5":[35.631918,140.175968],"若松台3":[35.650243,140.179392],"北大宮台":[35.599964,140.181377],"坂月町":[35.612673,140.18296],"小倉台6":[35.62981,140.179778],"小倉台7":[35.626165,140.180268],"大宮台5":[35.593481,140.180615],"大宮台3":[35.590489,140.182761],"多部田町":[35.598421,140.203651],"大宮台4":[35.592095,140.182952],"千城台西3":[35.617742,140.18368],"千城台西1":[35.623769,140.186176],"大宮台6":[35.593828,140.18303],"千城台北1":[35.628304,140.186015],"千城台西2":[35.620028,140.187208],"大宮台7":[35.59882,140.183448],"大宮台2":[35.591826,140.184942],"大草町":[35.607941,140.183531],"大宮台1":[35.593663,140.185127],"千城台南3":[35.615478,140.189224],"千城台北2":[35.625272,140.190136],"千城台南2":[35.616658,140.189362],"千城台南1":[35.616638,140.191656],"千城台北3":[35.623951,140.192777],"千城台南4":[35.613435,140.192302],"千城台東1":[35.624261,140.195277],"千城台北4":[35.624991,140.19381],"千城台東2":[35.621458,140.197051],"北谷津町":[35.609099,140.207709],"千城台東3":[35.620494,140.199211],"御成台1":[35.62637,140.195452],"千城台東4":[35.61787,140.200189],"下田町":[35.641508,140.207701],"御成台2":[35.633032,140.202501],"金親町":[35.623148,140.213766],"佐和町":[35.587216,140.213202],"御成台3":[35.634019,140.205126],"谷当町":[35.642932,140.211065],"御成台4":[35.637684,140.203351],"高根町":[35.600353,140.203806],"大広町":[35.582831,140.213779],"旦谷町":[35.652347,140.218972],"大井戸町":[35.630935,140.221269],"御殿町":[35.61477,140.225079],"更科町":[35.614513,140.239175],"五十土町":[35.580186,140.214026],"中田町":[35.591029,140.224883],"川井町":[35.584687,140.214161],"下泉町":[35.623201,140.247362],"野呂町":[35.568615,140.229379],"上泉町":[35.623483,140.247684],"古泉町":[35.59536,140.249052],"富田町":[35.606425,140.261332],"和泉町":[35.577772,140.2627],"中野町":[35.570196,140.268112],"小間子町":[35.622151,140.255389]}