{"稲毛町5":[35.639252,140.079993],"稲毛2":[35.638762,140.079943],"稲毛1":[35.634585,140.085542],"稲毛3":[35.639635,140.082473],"稲毛町4":[35.645692,140.084561],"小中台町":[35.651878,140.091792],"稲丘町":[35.629983,140.087955],"稲毛東6":[35.643594,140.087848],"稲毛東5":[35.640429,140.086103],"稲毛東2":[35.638278,140.087171],"小仲台8":[35.645029,140.08942],"稲毛東1":[35.633173,140.090817],"稲毛東4":[35.639635,140.090053],"稲毛東3":[35.636881,140.092547],"小仲台7":[35.644243,140.088326],"黒砂4":[35.628276,140.089855],"小仲台6":[35.639303,140.095964],"黒砂3":[35.628584,140.090874],"黒砂2":[35.626627,140.090898],"稲毛台町":[35.63307,140.095346],"小仲台2":[35.637299,140.094158],"黒砂台2":[35.629705,140.095815],"黒砂1":[35.623678,140.093666],"宮野木町":[35.661795,140.096354],"小仲台1":[35.63708,140.094466],"黒砂台1":[35.630204,140.096783],"緑町2":[35.622406,140.094835],"小仲台9":[35.644541,140.097208],"小仲台5":[35.640861,140.100917],"緑町1":[35.624184,140.101334],"小仲台3":[35.637243,140.098548],"黒砂台3":[35.628303,140.09918],"園生町":[35.645227,140.11711],"穴川4":[35.635946,140.098767],"小仲台4":[35.637887,140.1014],"弥生町":[35.625277,140.101639],"穴川1":[35.633313,140.103824],"穴川2":[35.634273,140.10815],"轟町2":[35.631007,140.106109],"長沼町":[35.66238,140.125751],"轟町3":[35.629232,140.108525],"轟町1":[35.626241,140.111184],"穴川3":[35.637274,140.11015],"柏台":[35.64997,140.108825],"あやめ台":[35.647647,140.11736],"轟町4":[35.625356,140.114901],"轟町5":[35.631958,140.110868],"天台2":[35.633872,140.114204],"天台1":[35.630337,140.115432],"天台4":[35.63658,140.116585],"天台5":[35.637927,140.116084],"作草部1":[35.62778,140.116285],"天台6":[35.639257,140.118259],"天台3":[35.632033,140.118788],"作草部2":[35.626608,140.1174],"作草部町":[35.632004,140.119832],"長沼原町":[35.670725,140.116694],"天台町":[35.639734,140.11836],"千草台1":[35.63396,140.117388],"萩台町":[35.640438,140.119765],"千草台2":[35.637074,140.118026],"六方町":[35.657388,140.149767],"山王町":[35.661986,140.147799],"小深町":[35.662024,140.148645],"穴川町":[35.638397,140.1085]}