{"古市場町":[35.548506,140.143415],"椎名崎町":[35.549887,140.164971],"刈田子町":[35.547129,140.164235],"落井町":[35.54166,140.161839],"中西町":[35.539791,140.163229],"おゆみ野中央1":[35.560194,140.163754],"おゆみ野南1":[35.553304,140.164757],"おゆみ野1":[35.561435,140.16894],"おゆみ野中央2":[35.554535,140.164854],"富岡町":[35.541757,140.170086],"茂呂町":[35.535644,140.178727],"おゆみ野有吉":[35.55837,140.16951],"おゆみ野南3":[35.546934,140.170633],"おゆみ野南2":[35.546231,140.171735],"おゆみ野南4":[35.544625,140.171866],"おゆみ野中央3":[35.55275,140.170379],"鎌取町":[35.561416,140.181261],"平山町":[35.583584,140.18121],"おゆみ野2":[35.563185,140.176035],"小金沢町":[35.543752,140.17135],"おゆみ野中央5":[35.556644,140.175421],"大金沢町":[35.538447,140.190199],"おゆみ野中央4":[35.550914,140.175961],"おゆみ野南5":[35.546247,140.1786],"辺田町":[35.558362,140.192313],"おゆみ野3":[35.561415,140.179884],"おゆみ野南6":[35.540953,140.185851],"おゆみ野中央6":[35.551268,140.185773],"おゆみ野中央7":[35.549928,140.184396],"おゆみ野4":[35.556882,140.186198],"おゆみ野中央9":[35.542723,140.186403],"誉田町1":[35.560324,140.206403],"おゆみ野中央8":[35.547492,140.193864],"おゆみ野5":[35.55312,140.191912],"大膳野町":[35.543746,140.203187],"東山科町":[35.58095,140.19208],"おゆみ野6":[35.550927,140.194913],"誉田町2":[35.545689,140.215652],"高田町":[35.558152,140.237663],"誉田町3":[35.543018,140.214635],"大野台1":[35.513011,140.230629],"越智町":[35.52906,140.232235],"大木戸町":[35.510085,140.231811],"大野台2":[35.510122,140.231091],"平川町":[35.54979,140.257396],"大高町":[35.534583,140.256933],"板倉町":[35.512677,140.254716],"大椎町":[35.511597,140.255004],"下大和田町":[35.567402,140.28536],"あすみが丘5":[35.5301,140.263625],"あすみが丘6":[35.513511,140.258082],"高津戸町":[35.536956,140.267621],"あすみが丘9":[35.512409,140.267253],"あすみが丘4":[35.523343,140.268927],"土気町":[35.528667,140.276421],"あすみが丘1":[35.528442,140.272938],"あすみが丘3":[35.526272,140.269321],"小山町":[35.506163,140.274579],"あすみが丘7":[35.518568,140.268825],"あすみが丘8":[35.517147,140.273588],"あすみが丘2":[35.524477,140.273185],"小食土町":[35.520671,140.297395],"あすみが丘東5":[35.518252,140.275638],"あすみが丘東2":[35.526063,140.280015],"上大和田町":[35.553533,140.286942],"あすみが丘東1":[35.52801,140.282234],"あすみが丘東4":[35.522297,140.278695],"あすみが丘東3":[35.524429,140.285231]}