{"川崎町":[35.591606,140.115541],"蘇我町2":[35.566894,140.119444],"中央港1":[35.604562,140.100917],"新浜町":[35.560776,140.094658],"登戸5":[35.618432,140.099128],"春日2":[35.622076,140.103589],"登戸4":[35.616201,140.101114],"春日1":[35.619287,140.105678],"千葉港":[35.605662,140.109203],"登戸3":[35.613099,140.104155],"汐見丘町":[35.616875,140.107801],"松波2":[35.621658,140.108476],"新千葉3":[35.615322,140.109029],"登戸1":[35.609151,140.110922],"中央港2":[35.595209,140.111117],"問屋町":[35.599474,140.113089],"松波1":[35.618082,140.111306],"新千葉2":[35.614376,140.111285],"松波3":[35.618583,140.111379],"登戸2":[35.611445,140.107321],"松波4":[35.623215,140.111943],"新田町":[35.609283,140.116108],"弁天1":[35.616057,140.112705],"新宿1":[35.604994,140.111862],"出洲港":[35.596439,140.112148],"新町":[35.609972,140.115711],"弁天3":[35.618922,140.114766],"新千葉1":[35.612952,140.114142],"弁天4":[35.620875,140.117263],"新宿2":[35.605672,140.117534],"神明町":[35.60413,140.119009],"弁天2":[35.61628,140.118143],"富士見2":[35.610224,140.119703],"富士見1":[35.613651,140.117343],"椿森3":[35.623729,140.11773],"村田町":[35.554588,140.12033],"寒川町2":[35.595356,140.123755],"港町":[35.599024,140.121361],"椿森2":[35.619579,140.122075],"椿森1":[35.616553,140.121271],"寒川町1":[35.596616,140.121649],"本千葉町":[35.606089,140.118803],"要町":[35.615576,140.120432],"長洲1":[35.602084,140.124315],"栄町":[35.614141,140.122232],"寒川町3":[35.591414,140.121147],"中央3":[35.608247,140.124873],"中央2":[35.609585,140.12091],"中央1":[35.611331,140.124046],"中央4":[35.604808,140.120535],"椿森4":[35.622017,140.121584],"椿森5":[35.619667,140.124231],"長洲2":[35.60178,140.125274],"浜野町":[35.555524,140.138473],"市場町":[35.603337,140.126841],"院内1":[35.612445,140.123898],"椿森6":[35.622466,140.123983],"稲荷町2":[35.590605,140.122972],"末広1":[35.598143,140.127276],"稲荷町1":[35.591464,140.123073],"祐光2":[35.616639,140.123818],"祐光1":[35.615242,140.127264],"末広2":[35.596363,140.12718],"東千葉3":[35.627386,140.125789],"東千葉1":[35.622051,140.125435],"院内2":[35.61417,140.124989],"稲荷町3":[35.585944,140.128182],"本町1":[35.609922,140.127869],"末広3":[35.592743,140.12926],"本町2":[35.608735,140.129693],"今井1":[35.584299,140.129301],"塩田町":[35.56021,140.135926],"東千葉2":[35.62036,140.126794],"本町3":[35.606826,140.127601],"末広4":[35.589581,140.13129],"亥鼻2":[35.601873,140.128155],"亥鼻1":[35.606067,140.127417],"葛城1":[35.598769,140.128923],"祐光3":[35.621161,140.130508],"道場南1":[35.611864,140.131933],"道場北1":[35.613281,140.127627],"今井2":[35.581052,140.130911],"今井3":[35.576808,140.132688],"祐光4":[35.61733,140.129977],"亀井町":[35.607136,140.131521],"千葉寺町":[35.597136,140.130318],"東本町":[35.610329,140.131585],"蘇我1":[35.574704,140.133673],"末広5":[35.587372,140.132187],"蘇我2":[35.571133,140.13018],"南町1":[35.584512,140.131219],"蘇我3":[35.565208,140.129965],"亥鼻3":[35.602248,140.131972],"葛城2":[35.601057,140.131911],"道場北2":[35.615129,140.132473],"南町2":[35.582788,140.130651],"亀岡町":[35.60668,140.135421],"道場南2":[35.612207,140.132141],"鶴沢町":[35.610192,140.136039],"旭町":[35.607235,140.132869],"葛城3":[35.596776,140.134282],"道場北町":[35.61565,140.133094],"南町3":[35.5762,140.137292],"宮崎1":[35.585372,140.13598],"若草1":[35.575097,140.136255],"矢作町":[35.60347,140.144723],"都町1":[35.612171,140.135879],"蘇我5":[35.571906,140.137137],"南生実町":[35.555623,140.138909],"蘇我4":[35.568594,140.139332],"青葉町":[35.600835,140.140537],"宮崎2":[35.581573,140.138655],"都町2":[35.611743,140.143724],"宮崎町":[35.589451,140.142409],"白旗1":[35.576584,140.139071],"都町3":[35.609459,140.144455],"生実町":[35.571387,140.142187],"今井町":[35.57258,140.142233],"鵜の森町":[35.573839,140.139691],"白旗3":[35.580672,140.139619],"白旗2":[35.577873,140.141974],"大森町":[35.575867,140.146388],"松ケ丘町":[35.592344,140.147645],"大巌寺町":[35.571656,140.142421],"星久喜町":[35.605161,140.152435],"都町":[35.617101,140.152397],"赤井町":[35.569359,140.162956],"花輪町":[35.575399,140.162562],"仁戸名町":[35.583337,140.163628],"川戸町":[35.583037,140.163727]}