{"幕張本郷1":[35.674198,140.03903],"幕張本郷2":[35.667384,140.038794],"幕張本郷6":[35.675608,140.045453],"幕張町1":[35.664013,140.047797],"幕張本郷3":[35.66473,140.043115],"幕張本郷5":[35.670892,140.049447],"幕張本郷7":[35.671542,140.050834],"幕張町2":[35.666968,140.051762],"幕張本郷4":[35.6672,140.049686],"幕張町3":[35.675787,140.057111],"幕張町4":[35.675991,140.065686],"幕張町5":[35.651376,140.061895],"幕張町6":[35.662379,140.060084],"武石町1":[35.677977,140.059146],"武石町2":[35.662604,140.061523],"検見川町1":[35.651276,140.062363],"検見川町2":[35.650241,140.062426],"浪花町":[35.65733,140.0631],"検見川町3":[35.646424,140.067255],"瑞穂3":[35.661039,140.072498],"長作町":[35.67592,140.081577],"花園2":[35.653495,140.072039],"瑞穂1":[35.664501,140.067705],"南花園2":[35.651718,140.072996],"花園3":[35.655723,140.071357],"検見川町5":[35.645699,140.068299],"瑞穂2":[35.661501,140.073065],"畑町":[35.669058,140.088764],"花園町":[35.655602,140.076488],"花園4":[35.655353,140.073997],"花園1":[35.651908,140.073339],"南花園1":[35.651082,140.07824],"花園5":[35.653694,140.077765],"朝日ケ丘4":[35.655713,140.080348],"朝日ケ丘5":[35.658726,140.079929],"長作台1":[35.68144,140.079886],"作新台4":[35.689931,140.078773],"長作台2":[35.683154,140.084337],"作新台5":[35.68964,140.079077],"天戸町":[35.676971,140.083113],"朝日ケ丘3":[35.655765,140.082366],"作新台7":[35.688752,140.082984],"朝日ケ丘2":[35.65776,140.083663],"作新台8":[35.686359,140.084062],"西小中台":[35.652001,140.088759],"作新台3":[35.692524,140.084146],"作新台6":[35.687248,140.086635],"作新台2":[35.69353,140.087606],"宮野木台1":[35.652592,140.089548],"作新台1":[35.692488,140.09222],"花見川":[35.686944,140.09984],"朝日ケ丘1":[35.659562,140.087957],"さつきが丘2":[35.670521,140.090566],"柏井1":[35.695806,140.098614],"犢橋町":[35.671607,140.09198],"宮野木台2":[35.656524,140.092538],"宮野木台3":[35.660314,140.096238],"さつきが丘1":[35.663012,140.098424],"宮野木台4":[35.657287,140.096246],"花島町":[35.68595,140.102694],"柏井町":[35.699146,140.108694],"三角町":[35.687961,140.115045],"柏井4":[35.708777,140.106788],"千種町":[35.679053,140.122279],"横戸町":[35.700452,140.110096],"横戸台":[35.697052,140.114403],"こてはし台6":[35.696762,140.114618],"こてはし台4":[35.687546,140.114454],"こてはし台5":[35.691477,140.120362],"こてはし台3":[35.685152,140.122115],"こてはし台2":[35.685629,140.123818],"こてはし台1":[35.684498,140.123125],"大日町":[35.675949,140.136356],"宇那谷町":[35.691759,140.131806],"内山町":[35.691737,140.131176],"み春野1":[35.692788,140.136018],"み春野3":[35.693644,140.138241],"み春野2":[35.689431,140.137927],"朝日ケ丘町":[35.659192,140.075049]}