{"浜中町":[43.923791,141.635122],"沖見町1":[43.934423,141.63381],"大町2":[43.947189,141.629618],"大町3":[43.945879,141.636277],"瀬越町":[43.938168,141.635554],"大町1":[43.952063,141.631514],"沖見町4":[43.927668,141.638043],"沖見町3":[43.931638,141.639096],"沖見町2":[43.934123,141.639828],"港町1":[43.944584,141.636432],"寿町3":[43.934873,141.640279],"寿町2":[43.936134,141.640908],"港町2":[43.944245,141.637795],"寿町1":[43.93753,141.635914],"幸町1":[43.94105,141.63735],"港町3":[43.943323,141.638391],"三泊町":[43.980225,141.652768],"沖見町6":[43.928584,141.642696],"幸町2":[43.940322,141.638483],"明元町1":[43.947952,141.634729],"幸町3":[43.939784,141.639305],"本町1":[43.942689,141.639379],"明元町2":[43.944608,141.63893],"沖見町5":[43.928975,141.642396],"幸町4":[43.939313,141.640042],"本町2":[43.942058,141.64036],"宮園町1":[43.938446,141.641395],"本町3":[43.941426,141.641342],"明元町3":[43.943852,141.640404],"宮園町2":[43.936295,141.642285],"本町4":[43.94095,141.642076],"明元町4":[43.943626,141.641836],"元町5":[43.952645,141.640011],"見晴町1":[43.935319,141.645542],"宮園町3":[43.937187,141.64341],"錦町1":[43.940255,141.643719],"元町4":[43.950834,141.644828],"元町2":[43.949068,141.646969],"塩見町":[43.955795,141.646539],"明元町5":[43.944171,141.6435],"見晴町2":[43.932568,141.648648],"明元町6":[43.941463,141.643955],"錦町2":[43.939185,141.644622],"元町3":[43.948578,141.641008],"宮園町4":[43.936267,141.644198],"錦町3":[43.938661,141.645382],"見晴町4":[43.930109,141.647328],"平和台1":[43.926947,141.645869],"春日町1":[43.954894,141.650578],"開運町3":[43.937578,141.648594],"錦町4":[43.937693,141.646768],"平和台2":[43.925092,141.647609],"元町1":[43.947532,141.646488],"開運町2":[43.941745,141.645891],"旭町1":[43.936966,141.647789],"船場町2":[43.945755,141.647197],"旭町2":[43.936225,141.648593],"栄町2":[43.940511,141.652386],"栄町1":[43.942882,141.645741],"船場町1":[43.9434,141.655066],"開運町1":[43.93925,141.650789],"旭町3":[43.93422,141.651083],"見晴町5":[43.927583,141.650609],"見晴町6":[43.923228,141.650151],"花園町1":[43.937668,141.650393],"泉町1":[43.933432,141.651332],"栄町3":[43.940047,141.651768],"大字留萌村":[43.934659,141.682425],"花園町2":[43.938078,141.651766],"春日町3":[43.956882,141.660307],"春日町2":[43.958804,141.664671],"末広町4":[43.938498,141.654202],"住之江町1":[43.933741,141.652317],"花園町3":[43.937519,141.653697],"住之江町4":[43.932529,141.655866],"住之江町3":[43.932909,141.652085],"末広町3":[43.939518,141.655204],"末広町2":[43.940565,141.655957],"末広町1":[43.941579,141.658141],"花園町4":[43.937374,141.656003],"住之江町2":[43.934314,141.656139],"高砂町3":[43.937352,141.658257],"高砂町2":[43.938166,141.659362],"花園町5":[43.935291,141.659128],"高砂町1":[43.938652,141.660359],"野本町":[43.930834,141.655448],"千鳥町4":[43.930112,141.659541],"五十嵐町3":[43.935183,141.661041],"五十嵐町2":[43.935698,141.662837],"五十嵐町1":[43.936719,141.663203],"堀川町1":[43.943884,141.65704],"千鳥町2":[43.932434,141.662417],"千鳥町1":[43.933453,141.663683],"千鳥町3":[43.931639,141.666325],"元川町2":[43.93266,141.667285],"緑ケ丘町2":[43.925432,141.669421],"堀川町3":[43.939301,141.668492],"堀川町2":[43.938227,141.666088],"元川町1":[43.933959,141.667404],"南町4":[43.919822,141.675478],"東雲町1":[43.935436,141.674071],"緑ケ丘町1":[43.928069,141.670687],"南町2":[43.927034,141.672988],"南町1":[43.929354,141.671494],"東雲町2":[43.927812,141.679249],"南町3":[43.923968,141.675352],"潮静1":[43.921736,141.681025],"潮静2":[43.920783,141.679958],"東雲町3":[43.922871,141.683587],"潮静3":[43.919869,141.683974],"潮静4":[43.918773,141.685094],"大和田3":[43.917013,141.699679],"大和田1":[43.920943,141.69296],"大和田2":[43.921178,141.699625],"泉町2":[43.929804,141.652294]}