{"角山":[43.131859,141.504232],"八幡":[43.169172,141.536076],"大麻":[43.092286,141.499075],"大麻ひかり町":[43.069906,141.482962],"元野幌":[43.087793,141.512074],"大麻西町":[43.065181,141.485325],"大麻桜木町":[43.077968,141.488233],"大麻扇町":[43.066662,141.487041],"文京台":[43.063066,141.496883],"大麻沢町":[43.070311,141.491258],"大麻宮町":[43.076794,141.492195],"大麻元町":[43.083739,141.495451],"西野幌":[43.023231,141.555643],"大麻中町":[43.073663,141.499865],"中島":[43.146152,141.506241],"文京台東町":[43.066485,141.501431],"大麻園町":[43.08315,141.500381],"大麻東町":[43.079664,141.504143],"大麻北町":[43.090215,141.505161],"文京台南町":[43.0594,141.508349],"大麻高町":[43.077877,141.506672],"大麻晴美町":[43.084307,141.502567],"野幌美幸町":[43.093628,141.510596],"大麻栄町":[43.08778,141.509133],"文京台緑町":[43.067822,141.507201],"工栄町":[43.123529,141.531574],"大麻南樹町":[43.080939,141.505871],"大麻新町":[43.084753,141.511443],"篠津":[43.146569,141.513835],"大麻泉町":[43.083903,141.515041],"野幌屯田町":[43.097366,141.515599],"新栄台":[43.10608,141.521719],"野幌住吉町":[43.093546,141.516938],"野幌末広町":[43.091457,141.520743],"野幌寿町":[43.101246,141.521606],"見晴台":[43.11097,141.528651],"野幌代々木町":[43.098712,141.527539],"野幌松並町":[43.090097,141.523668],"野幌若葉町":[43.08355,141.53235],"中央町":[43.105198,141.526654],"元江別":[43.112538,141.531261],"野幌町":[43.096026,141.532831],"対雁":[43.121324,141.539644],"錦町":[43.102397,141.532904],"元江別本町":[43.108591,141.531761],"東野幌本町":[43.085993,141.53678],"向ケ丘":[43.105989,141.53809],"幸町":[43.099812,141.537825],"いずみ野":[43.117456,141.53668],"牧場町":[43.118136,141.539808],"野幌東町":[43.090401,141.538599],"緑ケ丘":[43.080362,141.543419],"東野幌町":[43.092127,141.544539],"元町":[43.109219,141.542419],"高砂町":[43.103325,141.543295],"あさひが丘":[43.086115,141.545355],"若草町":[43.112491,141.545626],"上江別":[43.096038,141.571941],"弥生町":[43.106102,141.548341],"東野幌":[43.059519,141.58706],"緑町西3":[43.117154,141.54261],"緑町東3":[43.120001,141.545454],"美原":[43.156978,141.608923],"緑町西2":[43.113635,141.545563],"緑町東4":[43.12112,141.545427],"一番町":[43.108687,141.553066],"緑町東2":[43.116127,141.547533],"王子":[43.115402,141.556598],"上江別西町":[43.106696,141.555387],"緑町西1":[43.112652,141.55026],"緑町東1":[43.114312,141.551973],"萩ケ岡":[43.110246,141.555472],"八条8":[43.111392,141.551012],"八条7":[43.112944,141.551823],"七条8":[43.111815,141.55162],"六条8":[43.111519,141.552496],"七条7":[43.112674,141.552493],"七条6":[43.113438,141.552683],"六条7":[43.112245,141.55326],"五条7":[43.111774,141.554032],"六条6":[43.113051,141.553781],"上江別南町":[43.102617,141.561157],"六条5":[43.113565,141.554249],"上江別東町":[43.106241,141.563785],"五条6":[43.112563,141.554777],"四条7":[43.111306,141.555982],"五条5":[43.113088,141.555253],"四条6":[43.112119,141.555691],"五条4":[43.113632,141.555738],"四条5":[43.112642,141.556162],"五条3":[43.114257,141.55629],"四条4":[43.113188,141.556643],"三条6":[43.111659,141.556618],"五条2":[43.114731,141.556727],"二条6":[43.110964,141.557517],"三条5":[43.112191,141.557092],"四条3":[43.113813,141.55719],"五条1":[43.115054,141.557334],"四条2":[43.114295,141.557624],"三条4":[43.112741,141.557574],"ゆめみ野南町":[43.096212,141.569375],"一条1":[43.113521,141.560641],"二条5":[43.111427,141.558385],"四条1":[43.114773,141.558185],"三条3":[43.11336,141.558127],"三条2":[43.113837,141.558574],"二条4":[43.112328,141.558415],"三条1":[43.114273,141.558962],"二条3":[43.112816,141.558872],"一条3":[43.112146,141.559485],"二条2":[43.113301,141.559319],"二条1":[43.113802,141.559757],"一条2":[43.112818,141.560306],"大川通":[43.113764,141.563341],"ゆめみ野東町":[43.099105,141.571879],"東光町":[43.111824,141.575409],"朝日町":[43.106481,141.579509],"江別太":[43.079974,141.58313],"あけぼの町":[43.102881,141.583622],"萌えぎ野西":[43.11446,141.581506],"萌えぎ野中央":[43.107982,141.581899],"萌えぎ野東":[43.103279,141.585192],"豊幌":[43.121412,141.663657],"豊幌花園町":[43.131695,141.623565],"豊幌美咲町":[43.133219,141.630967],"豊幌はみんぐ町":[43.136997,141.632964]}