{"住吉町":[43.557137,141.979825],"共和町":[43.570692,142.02243],"桜木町5":[43.560483,142.027604],"昭和町6":[43.566178,142.028094],"幌岡町":[43.592246,142.025605],"宮下町3":[43.557976,142.034944],"昭和町5":[43.567162,142.028129],"桜木町4":[43.564428,142.02855],"幸町4":[43.568698,142.032992],"昭和町2":[43.564591,142.032066],"昭和町4":[43.56844,142.031274],"桜木町3":[43.563603,142.029493],"昭和町3":[43.566373,142.032149],"桜木町2":[43.562931,142.030211],"桜木町1":[43.561995,142.031696],"宮下町5":[43.56097,142.033103],"昭和町1":[43.562818,142.032604],"幸町3":[43.568158,142.03307],"幸町2":[43.567528,142.03377],"幸町1":[43.565643,142.033944],"豊栄町4":[43.563548,142.033184],"豊栄町5":[43.563077,142.035333],"宮下町4":[43.560297,142.034464],"豊栄町3":[43.564335,142.034232],"美園町3":[43.554322,142.037922],"幸町7":[43.56808,142.037546],"幸町5":[43.568179,142.034439],"美園町4":[43.556265,142.040311],"宮下町2":[43.557321,142.037384],"幸町6":[43.56746,142.03515],"豊栄町2":[43.563642,142.035226],"豊栄町1":[43.564234,142.036709],"宮下町1":[43.557903,142.037915],"美園町5":[43.557447,142.039411],"若木町西5":[43.574434,142.038481],"若木町西6":[43.571977,142.039077],"西豊里町":[43.578693,142.064358],"若木町西3":[43.573354,142.039288],"若木町西4":[43.574285,142.03914],"若木町北4":[43.57617,142.04097],"若木町西2":[43.572627,142.039876],"若木町西1":[43.571669,142.040224],"若木町北3":[43.573902,142.04005],"美園町2":[43.556906,142.043368],"西文京町1":[43.561482,142.042138],"西文京町2":[43.56233,142.042107],"若木町北5":[43.575172,142.040625],"若木町北2":[43.573201,142.040574],"西文京町3":[43.563248,142.042171],"美園町1":[43.551562,142.054202],"若木町北6":[43.575352,142.041376],"泉町4":[43.558277,142.044082],"若木町北1":[43.573473,142.041615],"西文京町4":[43.564637,142.042061],"若木町北7":[43.575207,142.041722],"若木町東5":[43.572621,142.041659],"若木町北8":[43.576023,142.042275],"若木町南3":[43.570205,142.043862],"西文京町5":[43.566714,142.041997],"若木町南2":[43.570165,142.042289],"若木町東4":[43.571809,142.042341],"若木町東6":[43.571852,142.043594],"若木町南1":[43.569308,142.042267],"北文京町1":[43.568689,142.044052],"若木町東9":[43.571346,142.04618],"若木町南5":[43.56945,142.044195],"東文京町4":[43.564801,142.045568],"若木町東3":[43.57078,142.04434],"東文京町3":[43.563943,142.046442],"東文京町2":[43.562525,142.046553],"東文京町1":[43.561654,142.045639],"字豊里":[43.555396,142.062188],"若木町南4":[43.569539,142.045256],"若木町東7":[43.571706,142.044686],"若木町東2":[43.571047,142.044943],"若木町東1":[43.570312,142.045373],"泉町1":[43.556839,142.047058],"泉町2":[43.557698,142.047122],"泉町3":[43.558602,142.047125],"北文京町2":[43.567923,142.046479],"若木町東8":[43.571113,142.045365],"北文京町5":[43.567327,142.050093],"北文京町3":[43.566511,142.051016],"豊丘町1":[43.564946,142.048078],"北文京町4":[43.56685,142.047847],"錦町3":[43.55831,142.051341],"錦町2":[43.557674,142.050653],"錦町1":[43.556418,142.049561],"豊丘町2":[43.565625,142.051954],"本町1":[43.555426,142.050172],"本町2":[43.556318,142.051852],"豊丘町3":[43.5668,142.053308],"大町1":[43.552616,142.05503],"字赤平":[43.541158,142.068256],"大町2":[43.554882,142.052055],"本町3":[43.557259,142.053356],"大町3":[43.554319,142.054876],"東豊里町":[43.574139,142.063282],"大町4":[43.554284,142.056719],"東大町1":[43.550756,142.056967],"東大町3":[43.551794,142.058587],"東大町2":[43.549705,142.059075],"エルム町":[43.548854,142.080489],"字茂尻":[43.536535,142.074041],"茂尻元町北6":[43.539239,142.075115],"茂尻元町南5":[43.538199,142.0744],"百戸町西6":[43.543086,142.075818],"茂尻栄町5":[43.535783,142.078099],"百戸町西1":[43.545568,142.080114],"百戸町西5":[43.54186,142.077864],"茂尻元町北5":[43.538838,142.077907],"茂尻元町南4":[43.538228,142.079856],"百戸町西4":[43.542533,142.080441],"百戸町西3":[43.543127,142.080652],"茂尻元町北4":[43.539177,142.079305],"茂尻元町南2":[43.537381,142.083225],"茂尻栄町2":[43.53627,142.079982],"茂尻栄町4":[43.534904,142.080252],"茂尻元町北3":[43.53904,142.080689],"百戸町北":[43.548671,142.100966],"茂尻元町南3":[43.538026,142.08115],"茂尻栄町1":[43.536263,142.080866],"百戸町東1":[43.544554,142.083282],"百戸町西2":[43.543032,142.082896],"茂尻栄町3":[43.534835,142.08109],"茂尻新町4":[43.535246,142.082956],"茂尻元町北2":[43.53915,142.08221],"茂尻新町3":[43.535873,142.081974],"茂尻元町北1":[43.539256,142.083589],"茂尻新町2":[43.535957,142.08314],"茂尻元町南1":[43.537708,142.08405],"百戸町東4":[43.543409,142.086991],"茂尻新町5":[43.535426,142.084814],"茂尻中央町北2":[43.540894,142.086756],"茂尻新町1":[43.53648,142.085739],"茂尻中央町北1":[43.539335,142.084922],"茂尻中央町南1":[43.5377,142.084617],"茂尻中央町南6":[43.537074,142.086006],"茂尻中央町南2":[43.5377,142.085193],"茂尻中央町南3":[43.537702,142.085781],"茂尻中央町南4":[43.537698,142.086319],"百戸町東2":[43.546592,142.090224],"茂尻中央町南5":[43.537693,142.086922],"茂尻新春日町1":[43.539385,142.087046],"茂尻春日町1":[43.538517,142.087366],"茂尻新春日町2":[43.540478,142.087873],"茂尻旭町3":[43.532923,142.090515],"茂尻春日町2":[43.53732,142.087822],"茂尻旭町2":[43.534446,142.094075],"茂尻旭町1":[43.535692,142.094683],"茂尻春日町3":[43.537676,142.089403],"茂尻本町1":[43.539921,142.090929],"茂尻本町3":[43.537756,142.092335],"百戸町東5":[43.543721,142.095967],"茂尻本町2":[43.538422,142.093687],"茂尻宮下町1":[43.532875,142.093029],"百戸町東3":[43.545492,142.099216],"茂尻本町4":[43.536184,142.095742],"平岸南町":[43.535846,142.142816],"平岸桂町":[43.536802,142.102114],"平岸西町6":[43.539383,142.10539],"平岸新光町9":[43.541573,142.107116],"平岸西町3":[43.539408,142.10798],"平岸西町1":[43.540607,142.110462],"平岸西町4":[43.53837,142.10955],"平岸西町5":[43.53673,142.109523],"平岸新光町8":[43.541749,142.110964],"平岸新光町7":[43.544186,142.11094],"平岸西町2":[43.537073,142.112848],"平岸新光町6":[43.543841,142.114058],"平岸新光町5":[43.541905,142.116368],"平岸新光町1":[43.54134,142.118121],"平岸曙町6":[43.540009,142.115983],"平岸曙町5":[43.539372,142.116102],"平岸曙町4":[43.537137,142.115059],"平岸新光町4":[43.543068,142.116123],"平岸曙町1":[43.540117,142.119571],"平岸曙町3":[43.537495,142.118502],"平岸新光町3":[43.543069,142.118297],"平岸曙町2":[43.539667,142.119891],"平岸新光町2":[43.542126,142.119025],"平岸仲町2":[43.542325,142.123649],"平岸仲町1":[43.541603,142.121974],"平岸仲町5":[43.538911,142.122553],"平岸仲町4":[43.542024,142.125723],"平岸仲町6":[43.538008,142.125932],"平岸仲町3":[43.542977,142.12624],"平岸東町1":[43.543019,142.131775],"平岸東町4":[43.538426,142.130372],"平岸東町2":[43.542081,142.129915],"平岸東町5":[43.538588,142.132503],"平岸東町3":[43.541115,142.137844],"平岸東町6":[43.536244,142.143749]}