{"上矢切":[35.768721,139.898307],"下矢切":[35.761954,139.898846],"中矢切":[35.762693,139.898658],"小山":[35.773337,139.896766],"主水新田":[35.824817,139.893136],"七右衛門新田":[35.826239,139.898765],"栄町西5":[35.808731,139.894648],"栄町西4":[35.809758,139.893735],"樋野口":[35.790835,139.897706],"古ケ崎":[35.790381,139.897904],"栗山":[35.754108,139.893176],"古ケ崎1":[35.7947,139.8956],"松戸":[35.774951,139.897731],"古ケ崎4":[35.806492,139.901287],"栄町西1":[35.808426,139.901762],"栄町西2":[35.810277,139.901703],"栄町西3":[35.812996,139.901249],"古ケ崎3":[35.799299,139.896856],"本町":[35.786135,139.900108],"古ケ崎2":[35.795265,139.900042],"根本":[35.791658,139.903572],"旭町1":[35.816409,139.902455],"旭町2":[35.820851,139.900029],"新松戸7":[35.828009,139.9021],"旭町3":[35.82376,139.899305],"三矢小台5":[35.772026,139.90099],"旭町4":[35.826058,139.899969],"三矢小台2":[35.763165,139.899992],"三矢小台4":[35.768688,139.901149],"三矢小台3":[35.766296,139.903806],"三矢小台1":[35.761019,139.899562],"竹ケ花西町":[35.794456,139.901227],"栄町1":[35.794637,139.900932],"南花島":[35.793435,139.907371],"栄町2":[35.80153,139.905317],"栄町4":[35.804442,139.904547],"栄町8":[35.810285,139.9066],"栄町5":[35.806839,139.905549],"西馬橋5":[35.813801,139.905639],"岩瀬":[35.782621,139.910699],"二十世紀が丘柿の木町":[35.772321,139.90707],"上本郷":[35.791384,139.918911],"西馬橋4":[35.81724,139.905351],"小根本":[35.787112,139.907651],"竹ケ花":[35.793227,139.904771],"栄町3":[35.804094,139.907038],"小金":[35.831371,139.926445],"二十世紀が丘萩町":[35.768213,139.907618],"新松戸南3":[35.818767,139.906307],"新松戸6":[35.822552,139.907376],"吉井町":[35.791828,139.906392],"栄町6":[35.807218,139.9091],"馬橋":[35.810677,139.916591],"西馬橋広手町":[35.812684,139.910924],"横須賀2":[35.836349,139.911812],"西馬橋相川町":[35.815201,139.909603],"栄町7":[35.810922,139.911418],"新松戸5":[35.828302,139.912565],"大橋":[35.768418,139.908239],"南花島2":[35.794662,139.908339],"二十世紀が丘美野里町":[35.772787,139.907537],"西馬橋3":[35.815071,139.912199],"新松戸南2":[35.819601,139.909446],"胡録台":[35.782508,139.911651],"南花島4":[35.790714,139.907897],"二十世紀が丘中松町":[35.770976,139.911793],"西馬橋2":[35.818782,139.912318],"新松戸北2":[35.831301,139.913667],"二十世紀が丘丸山町":[35.767277,139.911234],"緑ケ丘1":[35.785163,139.909647],"南花島3":[35.789584,139.915423],"南花島1":[35.791307,139.914783],"松戸新田":[35.787511,139.924581],"中根長津町":[35.808082,139.912773],"西馬橋幸町":[35.810789,139.915835],"二十世紀が丘戸山町":[35.77286,139.91604],"野菊野":[35.779137,139.913673],"西馬橋蔵元町":[35.814474,139.913467],"新松戸3":[35.824358,139.918408],"北松戸1":[35.803058,139.914196],"横須賀1":[35.836065,139.916205],"新松戸南1":[35.81909,139.912751],"新松戸4":[35.829568,139.91537],"北松戸2":[35.799919,139.916888],"二十世紀が丘梨元町":[35.771691,139.917347],"新作":[35.803943,139.91394],"西馬橋1":[35.815833,139.917298],"和名ケ谷":[35.775812,139.932839],"北松戸3":[35.801632,139.91737],"緑ケ丘2":[35.787723,139.913413],"大金平4":[35.83613,139.917056],"中根":[35.807894,139.915848],"新松戸北1":[35.831902,139.919095],"仲井町3":[35.788972,139.916324],"仲井町2":[35.788405,139.919971],"大金平5":[35.843406,139.919405],"大金平3":[35.834674,139.918799],"仲井町1":[35.790638,139.922309],"新松戸2":[35.818506,139.918498],"大谷口":[35.832037,139.926142],"三ケ月":[35.818503,139.924437],"中金杉5":[35.843294,139.920392],"中金杉4":[35.840167,139.922076],"新松戸1":[35.828226,139.92005],"幸谷":[35.822716,139.920743],"中金杉3":[35.838981,139.925215],"幸田":[35.847356,139.929263],"稔台8":[35.787188,139.924102],"幸田2":[35.845427,139.924752],"中和倉":[35.802486,139.922865],"秋山":[35.762937,139.928301],"大金平2":[35.83628,139.92566],"幸田1":[35.842632,139.926169],"中金杉1":[35.842316,139.925901],"二ツ木":[35.819891,139.919845],"新松戸東":[35.826787,139.923868],"紙敷":[35.767673,139.938013],"稔台5":[35.780254,139.923772],"中金杉2":[35.841123,139.926385],"殿平賀":[35.83311,139.929957],"八ケ崎6":[35.81029,139.926296],"八ケ崎8":[35.81489,139.92864],"八ケ崎7":[35.811298,139.930239],"小金清志町3":[35.828608,139.926511],"大金平1":[35.834211,139.925996],"千駄堀":[35.807159,139.941027],"幸田3":[35.845773,139.929025],"幸田4":[35.845014,139.928376],"小金清志町2":[35.825792,139.927349],"幸田5":[35.842508,139.927172],"平賀":[35.835361,139.930661],"稔台":[35.779626,139.925283],"稔台7":[35.788346,139.929463],"秋山1":[35.763205,139.931724],"小金上総町":[35.825719,139.932097],"小金清志町1":[35.824775,139.92885],"八ケ崎緑町":[35.814537,139.929328],"高塚新田":[35.768185,139.93331],"稔台1":[35.787011,139.935488],"稔台2":[35.786027,139.934517],"東平賀":[35.830166,139.933421],"八ケ崎2":[35.818477,139.931962],"稔台3":[35.780175,139.935005],"八ケ崎3":[35.812696,139.93156],"八ケ崎5":[35.808372,139.941152],"八ケ崎1":[35.820503,139.93333],"小金きよしケ丘1":[35.832212,139.935558],"二ツ木二葉町":[35.821805,139.935533],"小金きよしケ丘2":[35.830416,139.933453],"小金きよしケ丘3":[35.82863,139.936573],"秋山3":[35.763862,139.935844],"秋山2":[35.764546,139.93362],"日暮3":[35.787283,139.935992],"日暮2":[35.790531,139.934943],"小金きよしケ丘4":[35.828061,139.937801],"八ケ崎4":[35.809307,139.941173],"小金きよしケ丘5":[35.823626,139.936434],"八ケ崎":[35.817132,139.936804],"小金原4":[35.820578,139.943286],"日暮4":[35.786955,139.939409],"小金原1":[35.823271,139.936468],"河原塚":[35.785244,139.945442],"金ケ作":[35.80967,139.942737],"久保平賀":[35.827836,139.938012],"小金原5":[35.817502,139.943817],"日暮8":[35.785732,139.939565],"小金原8":[35.812284,139.939975],"根木内":[35.829357,139.939633],"日暮1":[35.791575,139.94164],"東松戸4":[35.772427,139.942648],"日暮5":[35.787734,139.939615],"常盤平陣屋前":[35.793729,139.942446],"東松戸3":[35.7709,139.942593],"小金原9":[35.811122,139.942075],"日暮7":[35.787748,139.943477],"東松戸2":[35.769811,139.943345],"常盤平西窪町":[35.797508,139.945896],"常盤平柳町":[35.793509,139.949013],"日暮6":[35.790754,139.945308],"東松戸1":[35.774428,139.946201],"小金原3":[35.822184,139.951351],"小金原2":[35.825087,139.94922],"常盤平2":[35.79835,139.946157],"小金原6":[35.818705,139.951406],"常盤平松葉町":[35.795218,139.945392],"常盤平1":[35.804128,139.953424],"田中新田":[35.784931,139.945198],"小金原7":[35.814499,139.953099],"牧の原1":[35.791659,139.951225],"常盤平双葉町":[35.795762,139.950208],"牧の原2":[35.792384,139.956719],"紙敷3":[35.772839,139.952521],"常盤平7":[35.795956,139.950866],"栗ケ沢":[35.814416,139.953305],"牧の原":[35.791828,139.957241],"紙敷2":[35.776369,139.951503],"常盤平3":[35.802801,139.957548],"紙敷1":[35.77693,139.955012],"常盤平6":[35.793949,139.95884],"五香西5":[35.786313,139.956107],"常盤平4":[35.800824,139.963161],"五香西4":[35.785304,139.957135],"串崎新田":[35.774212,139.979611],"松飛台":[35.785075,139.963547],"串崎南町":[35.776354,139.96391],"五香西3":[35.791751,139.96121],"常盤平5":[35.795386,139.962534],"五香西2":[35.789985,139.962434],"日暮":[35.786427,139.964296],"五香西1":[35.793263,139.965784],"五香1":[35.793073,139.970917],"五香6":[35.802023,139.969015],"五香2":[35.79305,139.97468],"五香7":[35.800532,139.970391],"五香南2":[35.790838,139.978997],"五香南1":[35.78673,139.977104],"五香3":[35.795956,139.976452],"五香8":[35.795332,139.981767],"五香南3":[35.789288,139.980165],"五香4":[35.793635,139.981825],"六高台西":[35.800117,139.981451],"六高台8":[35.801875,139.98329],"五香5":[35.789018,139.981045],"六高台1":[35.794212,139.987012],"六高台7":[35.800682,139.987551],"六実1":[35.79235,139.991324],"六高台2":[35.794321,139.992785],"六高台3":[35.797026,139.99051],"高柳新田":[35.804903,139.986658],"六高台9":[35.805162,139.987642],"六高台6":[35.802898,139.987363],"六高台4":[35.796654,139.994128],"六実7":[35.794185,139.992296],"六高台5":[35.803514,139.997887],"六実2":[35.788296,139.994404],"六実6":[35.796083,139.998972],"六実3":[35.788719,139.997633],"六実4":[35.7915,139.999149],"六実5":[35.792029,140.000675],"稔台4":[35.779863,139.934279],"五香西6":[35.790349,139.956559],"稔台6":[35.781508,139.922933]}