{"西四条北9":[44.187877,142.379258],"西士別町":[44.176509,142.373919],"北町":[44.191563,142.389018],"南士別町":[44.16093,142.379146],"下士別町":[44.198643,142.400716],"西五条北4":[44.180403,142.37633],"西四条北5":[44.182637,142.378358],"西五条北6":[44.183518,142.376519],"西五条北5":[44.182107,142.376587],"西五条1":[44.178077,142.377799],"西五条2":[44.176776,142.378029],"西四条北1":[44.180173,142.382698],"西五条3":[44.175652,142.378242],"西四条北3":[44.181532,142.382387],"西四条北2":[44.180992,142.382206],"西五条4":[44.174744,142.378439],"西五条5":[44.174031,142.378625],"西五条6":[44.173218,142.378423],"西五条7":[44.172388,142.378629],"西五条12":[44.164692,142.382584],"西五条8":[44.171557,142.378832],"西五条9":[44.170018,142.379751],"西四条北8":[44.185641,142.380001],"西四条1":[44.178764,142.383152],"西五条10":[44.169185,142.380013],"西五条11":[44.16749,142.381685],"西四条2":[44.177978,142.38347],"西四条6":[44.174054,142.384441],"西四条3":[44.176499,142.383961],"西四条7":[44.173302,142.384649],"西四条4":[44.175152,142.381265],"西四条8":[44.17244,142.384713],"西四条5":[44.174983,142.384388],"西四条9":[44.171136,142.384742],"西四条10":[44.170039,142.3843],"西四条北6":[44.183712,142.380931],"西三条北9":[44.188393,142.382591],"西五条13":[44.162824,142.383181],"西四条北4":[44.182109,142.381818],"西三条北8":[44.186414,142.383218],"西三条北7":[44.184818,142.383684],"西四条11":[44.168411,142.383549],"西三条北6":[44.184297,142.383613],"西三条北5":[44.183756,142.384672],"西四条12":[44.168161,142.387031],"西三条北4":[44.182813,142.384297],"西四条13":[44.163157,142.3843],"西三条1":[44.179462,142.386762],"西三条北3":[44.181953,142.384283],"西二条北9":[44.189846,142.38641],"西三条2":[44.178262,142.387131],"西四条19":[44.159519,142.385885],"西四条18":[44.161505,142.38654],"西三条3":[44.177056,142.387504],"西三条北2":[44.181407,142.384784],"西三条北1":[44.180831,142.384964],"西三条5":[44.175922,142.387805],"西二条北8":[44.186653,142.387325],"西四条17":[44.162733,142.386802],"西三条6":[44.174914,142.389317],"西四条16":[44.163953,142.386811],"西二条北7":[44.185725,142.386334],"西三条7":[44.173258,142.388581],"西二条5":[44.175595,142.388557],"西三条8":[44.17281,142.387814],"西四条15":[44.165488,142.386844],"西三条9":[44.171655,142.388108],"西三条10":[44.170459,142.387709],"西四条14":[44.166723,142.386853],"西二条北3":[44.182436,142.387335],"西二条北2":[44.181839,142.387521],"西四条20":[44.159343,142.388751],"大通北9":[44.18854,142.389652],"西三条11":[44.169528,142.388318],"西二条1":[44.17936,142.388122],"西三条13":[44.16785,142.388865],"西三条14":[44.167276,142.389824],"西三条12":[44.168923,142.388267],"西二条2":[44.178456,142.388471],"大通北8":[44.187544,142.390473],"大通北6":[44.185076,142.389127],"大通北7":[44.186523,142.391239],"西三条15":[44.165844,142.390268],"西二条3":[44.177116,142.388731],"大通北5":[44.184169,142.389399],"西二条10":[44.170994,142.390546],"大通北4":[44.185156,142.389938],"西三条16":[44.164509,142.389929],"西二条9":[44.171782,142.390456],"大通北3":[44.182908,142.390626],"大通北2":[44.18233,142.390797],"西三条17":[44.163284,142.390324],"大通北1":[44.181438,142.391073],"西二条11":[44.170009,142.390839],"西一条1":[44.179697,142.389779],"西二条8":[44.172799,142.390119],"西三条18":[44.161985,142.39069],"西二条12":[44.168868,142.390538],"西二条7":[44.174329,142.389996],"西三条19":[44.160884,142.390738],"西二条13":[44.16833,142.390721],"西二条6":[44.174954,142.390007],"東一条北9":[44.18882,142.390822],"西三条21":[44.157676,142.391378],"西三条20":[44.159195,142.391081],"西一条2":[44.17848,142.390026],"大通西1":[44.179887,142.390492],"西一条3":[44.177596,142.390256],"西二条14":[44.167462,142.390937],"西一条4":[44.176784,142.390469],"大通西2":[44.178698,142.39086],"西一条5":[44.176079,142.390684],"東一条北4":[44.185305,142.390851],"西二条15":[44.166524,142.391586],"西一条8":[44.173122,142.392163],"大通西3":[44.17777,142.391143],"西一条6":[44.175134,142.390975],"東一条北3":[44.184077,142.391231],"大通西4":[44.176933,142.391404],"東一条北8":[44.188068,142.391304],"西一条7":[44.17407,142.391306],"西二条16":[44.165069,142.392068],"西一条9":[44.172005,142.39185],"大通東1":[44.179643,142.392484],"大通西5":[44.176175,142.391637],"東一条北2":[44.182867,142.391869],"西一条10":[44.171324,142.392608],"西一条12":[44.169656,142.39286],"東二条北4":[44.185471,142.39187],"大通西6":[44.175332,142.391897],"東一条北7":[44.186688,142.391759],"西二条17":[44.163223,142.39228],"東二条北9":[44.188764,142.394407],"東一条北1":[44.181628,142.392255],"大通東2":[44.178865,142.392729],"西一条13":[44.16875,142.393214],"西一条11":[44.170356,142.392902],"大通西7":[44.174443,142.392175],"東二条北8":[44.187977,142.392824],"東二条北3":[44.184231,142.392256],"大通東3":[44.178067,142.392972],"西一条14":[44.167659,142.392743],"西二条18":[44.162403,142.392509],"東二条北7":[44.186726,142.393832],"西二条20":[44.159741,142.393688],"大通東4":[44.17723,142.393232],"東二条北2":[44.182982,142.392644],"西一条15":[44.16651,142.393651],"南町西三区":[44.156065,142.397178],"西二条19":[44.161182,142.392852],"大通東5":[44.176471,142.393474],"大通西8":[44.17322,142.392766],"東三条北6":[44.18595,142.393305],"東三条北8":[44.188217,142.394236],"東二条北1":[44.181791,142.393267],"西一条16":[44.165571,142.394122],"大通東6":[44.17559,142.393271],"東三条北5":[44.185122,142.394114],"東一条1":[44.179808,142.393515],"大通西9":[44.172459,142.393007],"大通東7":[44.174731,142.393522],"西一条17":[44.163904,142.394044],"西二条21":[44.158158,142.393831],"大通西10":[44.171436,142.393317],"東三条北4":[44.184204,142.394398],"大通東8":[44.17372,142.393872],"大通西12":[44.169408,142.393665],"東一条2":[44.179028,142.393761],"東三条北3":[44.183202,142.395231],"西一条18":[44.162805,142.394529],"大通西14":[44.168073,142.394335],"大通西11":[44.170475,142.393605],"東一条3":[44.17827,142.394306],"大通東9":[44.172712,142.394545],"東三条北2":[44.182553,142.393789],"西一条19":[44.161424,142.394433],"大通西13":[44.168873,142.393957],"東三条北1":[44.181873,142.394987],"東一条4":[44.177503,142.394224],"大通東10":[44.171687,142.394866],"東一条5":[44.176747,142.394464],"西一条20":[44.160028,142.394801],"大通西15":[44.166642,142.394544],"南町西四区":[44.151486,142.398553],"東二条1":[44.179805,142.394994],"大通東11":[44.170729,142.395165],"東一条6":[44.175828,142.394742],"大通東12":[44.169916,142.395415],"東四条北6":[44.186264,142.395276],"東一条7":[44.174985,142.395002],"東二条2":[44.179262,142.395158],"大通西16":[44.165194,142.395061],"大通東13":[44.169154,142.395651],"東四条北5":[44.185451,142.396163],"大通西17":[44.164033,142.395294],"東一条8":[44.173965,142.395322],"西一条21":[44.158686,142.395719],"東二条3":[44.1782,142.395472],"大通東14":[44.168067,142.395999],"東四条北8":[44.188365,142.395175],"東四条北7":[44.18701,142.395553],"東四条北4":[44.184537,142.396447],"大通西18":[44.16248,142.395793],"東二条4":[44.177696,142.395634],"東一条9":[44.172888,142.395653],"東二条5":[44.176945,142.395877],"大通東15":[44.16646,142.396682],"東六条北9":[44.189213,142.396932],"東一条10":[44.171863,142.395968],"大通西19":[44.161634,142.396005],"東二条6":[44.17605,142.39615],"東三条1":[44.180251,142.396267],"大通東16":[44.165623,142.396703],"東四条北1":[44.182211,142.397167],"東一条11":[44.170904,142.396267],"東二条7":[44.175202,142.396403],"大通西20":[44.160422,142.396359],"東五条北8":[44.188044,142.396441],"大通東17":[44.164425,142.397088],"東一条12":[44.170084,142.396515],"東二条8":[44.173953,142.396801],"東三条2":[44.179478,142.396497],"東五条北7":[44.187328,142.396664],"東一条13":[44.169323,142.396746],"東四条3":[44.178643,142.398248],"大通東18":[44.163263,142.397519],"東四条北3":[44.183828,142.396669],"東二条9":[44.172887,142.39735],"東五条北6":[44.186396,142.396829],"東一条14":[44.168242,142.397082],"東四条4":[44.177934,142.397633],"東四条北2":[44.183049,142.396907],"東五条北5":[44.185543,142.397054],"東四条1":[44.180208,142.397539],"大通東19":[44.162002,142.397824],"東二条10":[44.171966,142.398242],"大通西21":[44.159042,142.397092],"東三条5":[44.177082,142.397236],"東五条北4":[44.18484,142.397773],"東三条6":[44.176317,142.397808],"東二条11":[44.171232,142.398292],"南町東四区":[44.148218,142.404311],"大通東20":[44.160656,142.398245],"東五条北3":[44.183759,142.397517],"東一条15":[44.167015,142.397643],"東四条2":[44.179671,142.39771],"東六条北8":[44.188263,142.397814],"東三条7":[44.175463,142.398069],"東二条12":[44.170412,142.398542],"東六条北7":[44.187336,142.398089],"東八条北5":[44.186237,142.402678],"東二条13":[44.169652,142.398781],"東三条8":[44.174169,142.398137],"大通東21":[44.159175,142.398693],"東五条北1":[44.182509,142.397906],"東六条北6":[44.186655,142.40047],"東六条北5":[44.185566,142.397876],"東二条14":[44.168579,142.398837],"東七条北5":[44.185745,142.398246],"東一条16":[44.166081,142.398058],"東四条5":[44.177277,142.398454],"東六条北3":[44.184258,142.398629],