{"諸持町":[35.803243,140.714049],"豊里台2":[35.785173,140.704964],"豊里台1":[35.787325,140.714642],"笹本町":[35.788837,140.718805],"豊里台3":[35.78854,140.707822],"森戸町":[35.784961,140.719797],"宮原町":[35.807441,140.717281],"小長町":[35.755177,140.730623],"桜井町":[35.79653,140.720763],"長山町":[35.762083,140.723855],"小船木町2":[35.766343,140.730542],"猿田町":[35.743185,140.74377],"富川町":[35.77489,140.732258],"茶畑町":[35.736165,140.740285],"野尻町":[35.764734,140.761277],"高田町7":[35.757179,140.752748],"塚本町":[35.773741,140.749735],"忍町":[35.776939,140.743278],"小船木町1":[35.769903,140.754789],"八木町":[35.705678,140.751488],"白石町":[35.747346,140.748278],"正明寺町":[35.750898,140.759446],"船木町":[35.757209,140.767176],"親田町":[35.711664,140.76691],"常世田町":[35.717419,140.763167],"小浜町":[35.721327,140.770464],"高田町1":[35.761165,140.767471],"新町":[35.724923,140.762927],"中島町2":[35.750497,140.761934],"高田町6":[35.764752,140.763704],"三門町":[35.750155,140.767933],"三宅町3":[35.731998,140.766379],"高田町5":[35.764537,140.764196],"高田町4":[35.762902,140.765425],"岡野台町3":[35.739957,140.766822],"高田町3":[35.762281,140.766683],"岡野台町2":[35.744843,140.770772],"高田町2":[35.762109,140.769173],"芦崎町":[35.752471,140.784964],"三宅町2":[35.741783,140.774299],"赤塚町":[35.742795,140.771182],"岡野台町1":[35.750447,140.772905],"余山町":[35.751442,140.779726],"三宅町1":[35.741695,140.77773],"松岸見晴台":[35.733367,140.789833],"三崎町3":[35.707984,140.786232],"柴崎町1":[35.745655,140.790022],"柴崎町2":[35.741666,140.788953],"四日市場町":[35.74939,140.79304],"高野町":[35.732877,140.785417],"長塚町7":[35.716325,140.783773],"柴崎町4":[35.739916,140.783631],"長塚町6":[35.714725,140.786891],"本城町6":[35.728936,140.80711],"垣根見晴台":[35.714418,140.785109],"三崎町2":[35.71639,140.794099],"松岸町4":[35.739072,140.794678],"垣根町2":[35.744983,140.791557],"松岸町3":[35.743177,140.79753],"垣根町1":[35.746569,140.79484],"長塚町4":[35.735922,140.805904],"長塚町5":[35.735867,140.800665],"松岸町1":[35.745719,140.798394],"松岸町2":[35.744888,140.796002],"三崎町1":[35.720628,140.799574],"長塚町3":[35.742653,140.802211],"上野町":[35.727104,140.808636],"長塚町2":[35.740238,140.805397],"長塚町1":[35.739014,140.807907],"本城町5":[35.730582,140.805739],"春日町":[35.726931,140.826817],"本城町4":[35.733396,140.813426],"本城町3":[35.736322,140.811261],"春日台町":[35.726189,140.810889],"今宮町":[35.731901,140.812275],"本城町2":[35.736355,140.813839],"松本町5":[35.729989,140.815432],"本城町1":[35.735905,140.815115],"松本町3":[35.734697,140.816949],"八幡町":[35.727398,140.817998],"松本町1":[35.734243,140.820396],"松本町2":[35.733914,140.818968],"清川町4":[35.726385,140.820899],"清川町3":[35.726416,140.822296],"清川町2":[35.727627,140.823897],"唐子町":[35.735111,140.824681],"大橋町":[35.735662,140.827754],"清川町1":[35.72851,140.825115],"台町":[35.723297,140.830148],"西小川町":[35.717224,140.84339],"三軒町":[35.733579,140.825695],"西芝町":[35.731601,140.828598],"若宮町":[35.735135,140.827531],"栄町2":[35.72831,140.827286],"栄町3":[35.725263,140.827929],"双葉町":[35.733003,140.830101],"栄町1":[35.728133,140.829086],"中央町":[35.734875,140.833818],"栄町4":[35.725363,140.829256],"東芝町":[35.730356,140.83124],"妙見町":[35.728412,140.831608],"名洗町":[35.714683,140.839728],"末広町":[35.732511,140.832675],"北小川町":[35.728752,140.837452],"新生町2":[35.731582,140.837906],"南小川町":[35.720003,140.842478],"新生町1":[35.732841,140.839178],"東小川町":[35.721853,140.843147],"陣屋町":[35.730475,140.839099],"南町":[35.727701,140.840087],"高神西町":[35.705196,140.849795],"飯沼町":[35.732526,140.840954],"前宿町":[35.729784,140.844602],"馬場町":[35.73099,140.841004],"犬若":[35.698682,140.850652],"東町":[35.731857,140.84299],"浜町":[35.732286,140.842367],"潮見町":[35.698752,140.84705],"内浜町":[35.736568,140.846011],"新地町":[35.733952,140.842894],"田中町":[35.733595,140.843605],"榊町":[35.725508,140.855483],"後飯町":[35.732561,140.845246],"和田町":[35.733329,140.845495],"高神原町":[35.717401,140.846655],"竹町":[35.734205,140.846327],"港町":[35.737356,140.846869],"本町":[35.736058,140.846457],"愛宕町":[35.730599,140.853423],"清水町":[35.732995,140.852872],"橋本町":[35.734666,140.848566],"仲町":[35.737513,140.849247],"通町":[35.737032,140.850191],"高神東町":[35.707929,140.85906],"幸町1":[35.733494,140.849654],"小畑町":[35.717593,140.861288],"幸町2":[35.734201,140.850493],"天王台":[35.705206,140.858084],"外川台町":[35.701078,140.854628],"外川町4":[35.701243,140.856476],"植松町":[35.737569,140.855754],"弥生町1":[35.734122,140.851326],"川口町1":[35.737998,140.852254],"外川町1":[35.698402,140.859253],"弥生町2":[35.734848,140.852698],"小畑新町":[35.721352,140.864215],"笠上町":[35.728178,140.866747],"川口町2":[35.738579,140.852851],"外川町5":[35.697221,140.853735],"外川町2":[35.698501,140.860897],"明神町1":[35.739005,140.85996],"外川町3":[35.700941,140.856738],"犬吠埼":[35.707898,140.868556],"明神町2":[35.736433,140.862082],"海鹿島町":[35.720176,140.869987],"長崎町":[35.694501,140.864704],"黒生町":[35.728373,140.867275],"君ケ浜":[35.71944,140.866953]}