{"島尻":[35.671654,139.887624],"広尾2":[35.679261,139.890553],"新井1":[35.676794,139.894373],"広尾1":[35.678196,139.893421],"本行徳":[35.682422,139.939949],"相之川1":[35.680791,139.899781],"国府台3":[35.747579,139.903866],"新井2":[35.675301,139.896126],"相之川2":[35.678841,139.899513],"新井3":[35.671448,139.900643],"国府台4":[35.751114,139.902303],"相之川3":[35.675911,139.90117],"南行徳3":[35.666974,139.904578],"相之川4":[35.674735,139.903317],"市川南3":[35.728094,139.904335],"欠真間1":[35.680303,139.903704],"市川南4":[35.726426,139.902822],"国府台2":[35.742989,139.904267],"国府台5":[35.748268,139.906242],"市川2":[35.731776,139.906737],"欠真間2":[35.67635,139.906576],"市川3":[35.735262,139.906934],"南行徳1":[35.673686,139.906306],"市川南5":[35.724339,139.902874],"市川4":[35.739055,139.906487],"国府台6":[35.755096,139.905898],"北国分1":[35.758505,139.908631],"大洲3":[35.71922,139.90865],"南行徳2":[35.670686,139.90794],"北国分2":[35.764013,139.907695],"市川南2":[35.725615,139.907403],"香取1":[35.68262,139.907334],"南行徳4":[35.665128,139.908851],"中国分4":[35.750757,139.910083],"北国分4":[35.764475,139.910636],"国府台1":[35.746095,139.909578],"真間4":[35.738766,139.910336],"市川南1":[35.727549,139.908515],"香取2":[35.679117,139.909905],"市川1":[35.731418,139.911041],"大洲4":[35.721699,139.910277],"中国分5":[35.756241,139.912727],"福栄1":[35.677773,139.911381],"真間2":[35.73713,139.908636],"新田4":[35.727213,139.911363],"湊新田":[35.683737,139.909633],"福栄3":[35.673203,139.912198],"北国分3":[35.760749,139.911124],"大洲2":[35.71596,139.912946],"塩浜4":[35.663695,139.91704],"国分4":[35.749029,139.913999],"湊新田1":[35.680823,139.911955],"福栄4":[35.669062,139.91548],"中国分3":[35.754806,139.915435],"真間5":[35.741101,139.912775],"湊":[35.68444,139.912931],"堀之内2":[35.758227,139.915107],"新田3":[35.722225,139.915046],"真間1":[35.731982,139.914309],"中国分2":[35.750685,139.914129],"新田5":[35.729335,139.913767],"大洲1":[35.717874,139.913531],"国分3":[35.743876,139.916193],"福栄2":[35.6759,139.914087],"新田2":[35.724898,139.917206],"湊新田2":[35.679675,139.913533],"行徳駅前2":[35.681397,139.916013],"押切":[35.686329,139.914979],"須和田2":[35.737426,139.917288],"真間3":[35.733273,139.914519],"堀之内3":[35.762515,139.915722],"大和田5":[35.714301,139.916169],"伊勢宿":[35.687483,139.917491],"新田1":[35.727457,139.917444],"菅野6":[35.733277,139.920587],"大和田4":[35.718821,139.917432],"堀之内4":[35.762496,139.918755],"行徳駅前4":[35.678323,139.918595],"国分2":[35.743486,139.919295],"行徳駅前1":[35.682634,139.918284],"関ケ島":[35.688216,139.918888],"塩浜3":[35.668962,139.924408],"中国分1":[35.75256,139.917522],"新浜2":[35.675747,139.920914],"新浜1":[35.676219,139.920753],"菅野3":[35.730374,139.92242],"国分5":[35.74442,139.919624],"平田4":[35.719383,139.920015],"大和田2":[35.713211,139.919236],"堀之内1":[35.757462,139.921043],"大和田3":[35.718479,139.920259],"平田3":[35.722485,139.922285],"末広1":[35.684686,139.920857],"須和田1":[35.736442,139.9254],"平田2":[35.726154,139.92206],"菅野2":[35.728402,139.924292],"行徳駅前3":[35.680241,139.921014],"国分6":[35.744725,139.920073],"稲荷木3":[35.706969,139.922223],"大和田1":[35.716024,139.92112],"本塩":[35.691257,139.92252],"国分7":[35.75493,139.920449],"国分1":[35.738762,139.922622],"富浜3":[35.687158,139.923182],"下新宿":[35.697094,139.923418],"堀之内5":[35.761091,139.922627],"平田1":[35.725613,139.924275],"末広2":[35.68325,139.923399],"入船":[35.678641,139.923001],"稲荷木1":[35.711687,139.926326],"塩浜2":[35.666798,139.928784],"東大和田2":[35.715681,139.924255],"菅野5":[35.735136,139.926535],"南八幡5":[35.721463,139.925516],"河原":[35.698826,139.924022],"東国分3":[35.749487,139.923506],"東国分2":[35.74629,139.923638],"東国分1":[35.743375,139.924307],"稲越町":[35.759367,139.931425],"日之出":[35.676426,139.925198],"富浜2":[35.689344,139.925817],"妙典3":[35.694344,139.927568],"稲荷木2":[35.704473,139.926346],"菅野4":[35.732263,139.927807],"塩焼3":[35.684253,139.926019],"宝2":[35.681176,139.925946],"曽谷8":[35.752243,139.927267],"菅野1":[35.729624,139.928094],"八幡3":[35.725708,139.929057],"南八幡4":[35.720517,139.927264],"富浜1":[35.690294,139.926965],"東大和田1":[35.715125,139.927436],"加藤新田":[35.678771,139.931572],"千鳥町":[35.674034,139.931314],"妙典1":[35.698149,139.926639],"幸2":[35.679198,139.928371],"塩焼2":[35.686173,139.928414],"曽谷7":[35.746017,139.927687],"妙典4":[35.688465,139.932174],"曽谷6":[35.739538,139.928352],"宝1":[35.683227,139.928528],"宮久保1":[35.736779,139.933143],"南八幡3":[35.719347,139.930077],"田尻2":[35.703372,139.93236],"田尻1":[35.708217,139.931994],"八幡2":[35.722392,139.930228],"曽谷5":[35.745143,139.92983],"南八幡2":[35.712975,139.932499],"妙典2":[35.696146,139.929886],"東菅野2":[35.732295,139.930329],"鬼高4":[35.709652,139.933168],"田尻5":[35.701199,139.936952],"塩焼1":[35.688413,139.931122],"幸1":[35.680881,139.931258],"妙典5":[35.687853,139.934494],"曽谷4":[35.745689,139.933268],"塩焼5":[35.684575,139.931743],"東菅野1":[35.729693,139.935853],"南八幡1":[35.71738,139.932391],"曽谷3":[35.741743,139.933339],"塩浜1":[35.670263,139.945406],"妙典6":[35.689411,139.934234],"八幡4":[35.724977,139.933167],"宮久保2":[35.739638,139.935314],"東菅野3":[35.730771,139.936182],"塩焼4":[35.686935,139.933476],"八幡1":[35.720051,139.934984],"八幡5":[35.725499,139.936868],"高浜町":[35.674357,139.937275],"鬼高1":[35.71312,139.934945],"八幡6":[35.731245,139.940591],"宮久保3":[35.735835,139.940959],"田尻4":[35.703416,139.938769],"田尻3":[35.706518,139.939276],"曽谷1":[35.744457,139.937984],"鬼越2":[35.716445,139.940864],"曽谷2":[35.74885,139.935656],"鬼高3":[35.710238,139.940753],"宮久保4":[35.740155,139.94014],"東菅野4":[35.732455,139.941949],"鬼高2":[35.714595,139.941029],"鬼越1":[35.717396,139.940634],"北方1":[35.72068,139.941684],"高谷2":[35.698985,139.941118],"高谷":[35.686258,139.950598],"高谷3":[35.696297,139.942482],"北方2":[35.724271,139.942703],"高谷1":[35.699692,139.942177],"下貝塚1":[35.740277,139.943601],"本北方1":[35.727657,139.946273],"下貝塚2":[35.742932,139.945679],"宮久保6":[35.738538,139.945259],"田尻":[35.684573,139.947857],"高石神":[35.719534,139.943844],"大野町2":[35.755188,139.944201],"本北方2":[35.730179,139.950066],"大野町1":[35.746638,139.948385],"宮久保5":[35.737432,139.949564],"北方3":[35.724964,139.949004],"東菅野5":[35.737087,139.950129],"原木2":[35.701043,139.948756],"中山1":[35.724107,139.949604],"原木1":[35.707235,139.94635],"北方町4":[35.730941,139.960798],"上妙典":[35.683571,139.946282],"下貝塚3":[35.73854,139.95152],"中山4":[35.716264,139.948521],"原木":[35.690189,139.953858],"二俣1":[35.705311,139.952686],"中山2":[35.722438,139.951475],"南大野1":[35.741864,139.953386],"本北方3":[35.728801,139.952881],"大野町3":[35.750262,139.959512],"中山3":[35.719866,139.951997],"原木3":[35.700415,139.949532],"大町":[35.768239,139.953782],"南大野2":[35.744204,139.955266],"高谷新町":[35.683366,139.95252],"若宮1":[35.719753,139.954517],"原木4":[35.69952,139.954528],"若宮3":[35.727841,139.960029],"若宮2":[35.721757,139.956897],"奉免町":[35.742232,139.960234],"南大野3":[35.747144,139.957894],"二俣2":[35.701465,139.960922],"二俣新町":[35.684054,139.961684],"二俣":[35.698085,139.960861],"大野町4":[35.760193,139.973263],"柏井町2":[35.742722,139.972851],"柏井町3":[35.749221,139.965125],"東浜1":[35.674368,139.962764],"柏井町1":[35.735202,139.962529],"柏井町4":[35.753877,139.974112]}