{"関宿町":[36.091925,139.785519],"関宿元町":[36.072889,139.789118],"関宿江戸町":[36.074701,139.786529],"関宿三軒家":[36.100399,139.784132],"関宿台町":[36.089993,139.783874],"関宿内町":[36.073789,139.786195],"西高野":[36.066883,139.794424],"はやま":[36.067261,139.793376],"中戸":[36.060997,139.796494],"東高野":[36.072252,139.797174],"新田戸":[36.060938,139.797235],"柏寺":[36.05242,139.800849],"桐ケ作":[36.061105,139.811147],"親野井":[36.033013,139.820096],"古布内":[36.040839,139.820669],"なみき4":[36.040446,139.819088],"平井":[36.020215,139.815832],"東宝珠花":[36.029728,139.821553],"東金野井":[35.988986,139.827793],"次木":[36.037825,139.823784],"なみき2":[36.037796,139.822813],"丸井":[36.011135,139.820644],"岡田":[36.0076,139.83237],"なみき3":[36.040349,139.820124],"尾崎":[35.993488,139.836591],"なみき1":[36.033268,139.820038],"中里":[35.999092,139.853787],"木間ケ瀬":[36.025602,139.854707],"岩名1":[35.97741,139.828643],"岩名":[35.959958,139.847401],"岩名2":[35.969092,139.83601],"尾崎台":[35.982842,139.835039],"日の出町":[35.98619,139.843844],"春日町":[35.976463,139.846499],"七光台":[35.982665,139.850217],"五木新田":[35.97998,139.838602],"小山":[35.999628,139.867464],"桜の里3":[35.950936,139.845807],"吉春":[35.964798,139.858349],"谷津":[35.964711,139.858884],"五木新町":[35.973183,139.849777],"桜の里2":[35.953581,139.846448],"五木":[35.96902,139.846428],"つつみ野2":[35.944524,139.847368],"谷吉":[35.986007,139.845571],"堤台":[35.948701,139.850223],"光葉町3":[35.968442,139.845941],"桜の里1":[35.961459,139.846782],"つつみ野1":[35.944628,139.850049],"光葉町2":[35.968747,139.846187],"中野台":[35.948429,139.850632],"清水":[35.953991,139.851907],"船形":[35.999735,139.86511],"光葉町1":[35.972869,139.850656],"中野台鹿島町":[35.943896,139.850948],"蕃昌":[35.976378,139.865403],"上花輪":[35.944725,139.857389],"清水公園東1":[35.961493,139.858446],"野田":[35.949573,139.860875],"清水公園東2":[35.953898,139.863052],"上花輪新町":[35.938647,139.862164],"泉3":[35.978882,139.863773],"今上":[35.936674,139.854419],"柳沢":[35.953251,139.865012],"宮崎":[35.950146,139.87504],"中根":[35.949764,139.87512],"目吹":[35.975979,139.876502],"桜台":[35.938191,139.87147],"鶴奉":[35.951843,139.89235],"山崎":[35.932067,139.876061],"桜木":[35.934019,139.876724],"花井":[35.937952,139.885192],"横内":[35.950996,139.877394],"みずき1":[35.925219,139.885888],"花井1":[35.93822,139.884131],"みずき3":[35.91786,139.8879],"莚打":[35.985223,139.886521],"堤根":[35.940912,139.893494],"みずき2":[35.926163,139.889618],"山崎梅の台":[35.92418,139.888518],"大殿井":[35.952615,139.889381],"みずき4":[35.916567,139.888455],"山崎貝塚町":[35.921751,139.890253],"二ツ塚":[35.935526,139.916912],"木野崎":[35.956908,139.901446],"西三ケ尾":[35.935188,139.918948],"上三ケ尾":[35.91868,139.926156],"下三ケ尾":[35.936,139.914775],"瀬戸上灰毛":[35.941575,139.910402],"三ツ堀":[35.941366,139.910612],"瀬戸":[35.947893,139.928674],"平成":[36.060124,139.808116],"金杉":[35.966047,139.873716],"泉1":[35.98351,139.860983],"泉2":[35.980164,139.866666]}