{"真名":[35.475204,140.255093],"国府関":[35.448541,140.260136],"石神":[35.411683,140.270557],"大沢":[35.491452,140.266083],"芦網":[35.434677,140.255036],"緑ケ丘4":[35.439355,140.260855],"中善寺":[35.409929,140.269435],"緑ケ丘5":[35.44297,140.260922],"緑ケ丘3":[35.434844,140.26051],"山崎":[35.440521,140.273138],"庄吉":[35.457419,140.263638],"上太田":[35.470759,140.26899],"箕輪":[35.428044,140.271417],"緑ケ丘2":[35.433054,140.263792],"桂":[35.493896,140.29148],"八幡原":[35.418677,140.27714],"緑ケ丘1":[35.441322,140.266309],"墨田":[35.419877,140.274283],"長谷":[35.437822,140.28109],"上茂原":[35.424185,140.27564],"黒戸":[35.466484,140.26849],"押日":[35.445723,140.271527],"柴名":[35.493855,140.266919],"内長谷":[35.439233,140.279509],"綱島":[35.409293,140.286611],"大登":[35.462361,140.277548],"鷲巣":[35.425405,140.282999],"小林":[35.45407,140.301578],"長尾":[35.468121,140.282715],"野牛":[35.397573,140.287809],"台田":[35.393703,140.285235],"早野":[35.419503,140.308209],"下太田":[35.469158,140.282749],"上永吉":[35.3975,140.30368],"中部":[35.433904,140.284631],"高師":[35.436013,140.284538],"緑町":[35.422426,140.285631],"立木":[35.391284,140.301281],"六田台":[35.408544,140.28571],"茂原":[35.425364,140.320883],"吉井上":[35.489222,140.29267],"茂原西":[35.424577,140.287012],"道表":[35.432036,140.289282],"本納":[35.491596,140.298775],"吉井下":[35.490241,140.296979],"高師台3":[35.438547,140.290664],"高師台2":[35.438666,140.291593],"高師台1":[35.43083,140.291244],"長清水":[35.421214,140.295782],"八千代2":[35.422502,140.299659],"八千代1":[35.423279,140.300447],"榎神房":[35.49735,140.300943],"渋谷":[35.462784,140.308433],"腰当":[35.454346,140.301338],"下永吉":[35.40136,140.306098],"高師町3":[35.430262,140.297376],"上林":[35.444332,140.304226],"三ケ谷":[35.401479,140.312358],"北塚":[35.463696,140.308654],"高師町1":[35.428074,140.301213],"高師町2":[35.429056,140.302958],"小林飛地":[35.443642,140.299445],"町保":[35.431116,140.313225],"萩原町1":[35.439105,140.302513],"萩原町2":[35.440838,140.302863],"萩原町3":[35.442889,140.302876],"千代田町2":[35.424753,140.303289],"八千代3":[35.421657,140.305654],"千代田町1":[35.426357,140.303761],"高田":[35.497243,140.305367],"六ツ野":[35.435253,140.33398],"中の島町":[35.407304,140.310596],"東郷":[35.444797,140.306379],"新小轡":[35.429961,140.308762],"七渡":[35.460385,140.329774],"本小轡":[35.429655,140.309027],"木崎":[35.426167,140.309444],"法目":[35.489216,140.310405],"早野新田":[35.418865,140.324818],"東茂原":[35.41364,140.324132],"猿袋":[35.39074,140.318857],"大芝":[35.407915,140.325206],"東部台1":[35.420084,140.319709],"西野":[35.476188,140.318679],"谷本":[35.441447,140.330869],"東部台2":[35.41896,140.322804],"小萱場":[35.49247,140.32443],"萱場":[35.486573,140.327953],"東部台3":[35.423984,140.326407],"東部台4":[35.421644,140.326178],"小轡":[35.452838,140.326089],"川島飛地":[35.422721,140.327673],"千町":[35.461437,140.335877],"南吉田":[35.46422,140.335004],"北高根飛地":[35.435687,140.332773],"中之郷飛地":[35.435188,140.33843],"弓渡":[35.48061,140.349983],"粟生野":[35.48182,140.351796],"千沢":[35.464585,140.355236],"御蔵芝":[35.481537,140.372727],"清水":[35.489318,140.376417]}