{"風連町字瑞生":[44.313809,142.412341],"風連町緑町":[44.286979,142.433197],"風連町西町":[44.2941,142.415242],"風連町字中央":[44.287484,142.449715],"風連町南町":[44.291896,142.419577],"風連町字豊里":[44.304133,142.432433],"風連町北栄町":[44.300607,142.429988],"風連町仲町":[44.295558,142.420769],"風連町本町":[44.292345,142.421189],"風連町大町":[44.295478,142.423651],"風連町新生町":[44.293636,142.430065],"字曙":[44.348199,142.432455],"字共和":[44.323723,142.429939],"字豊栄":[44.340273,142.447806],"字砺波":[44.363893,142.432674],"字大橋":[44.367212,142.463612],"西十五条南4":[44.352594,142.44239],"西十五条南5":[44.351071,142.442621],"西十五条南1":[44.354918,142.442629],"西十六条南9":[44.34771,142.44271],"西十五条南7":[44.349187,142.44276],"西十五条南6":[44.349864,142.442943],"西十三条北1":[44.357326,142.443995],"西十四条南10":[44.345636,142.444415],"西十四条南7":[44.349254,142.444228],"西十四条南6":[44.350002,142.444221],"西十四条南8":[44.348287,142.444228],"西十三条南4":[44.351902,142.445947],"西十三条南1":[44.355614,142.445589],"西十三条南2":[44.353318,142.444728],"西十四条南11":[44.343952,142.444414],"西十四条南5":[44.350851,142.444213],"西十二条北3":[44.359882,142.445916],"西十三条南9":[44.347432,142.44521],"西十三条南5":[44.350576,142.445842],"西十三条南7":[44.349332,142.445527],"西十三条南6":[44.35012,142.444956],"西十三条南8":[44.348248,142.445507],"西十二条北2":[44.358923,142.445977],"西十二条北4":[44.360804,142.446125],"西十二条北1":[44.358112,142.446306],"西十三条南11":[44.343822,142.446219],"西十二条北5":[44.363031,142.447425],"西十三条南12":[44.3424,142.446231],"西十二条南7":[44.349491,142.446647],"西十二条南8":[44.348243,142.44688],"西十二条南9":[44.346545,142.446083],"西十二条南1":[44.35519,142.447017],"西十二条南6":[44.350015,142.447073],"西十三条南10":[44.345246,142.445938],"西十二条南5":[44.351117,142.446843],"西十二条南4":[44.351908,142.446621],"西十二条南3":[44.353243,142.446628],"西十一条北1":[44.357278,142.447224],"西十二条南10":[44.345313,142.447469],"西十二条南11":[44.342974,142.447467],"西十二条南12":[44.342409,142.447468],"西十一条南4":[44.352441,142.448465],"西十一条南3":[44.353781,142.447865],"西十一条北5":[44.362036,142.447324],"西十一条南1":[44.354582,142.44829],"西十一条北2":[44.359181,142.447886],"西十条北1":[44.356693,142.450095],"西十一条北4":[44.361127,142.447962],"西十一条北3":[44.359682,142.447884],"西十一条南7":[44.349094,142.448086],"西十一条南6":[44.350226,142.448078],"西十一条南8":[44.348057,142.448427],"西十一条南5":[44.351112,142.448089],"西十一条南9":[44.34702,142.448429],"西十条北7":[44.363695,142.449698],"西十条北5":[44.362492,142.449491],"西十条北6":[44.363126,142.44893],"西十条北8":[44.364482,142.449178],"西十一条南10":[44.345309,142.448674],"西十一条南12":[44.342412,142.448678],"西十一条南11":[44.344117,142.448678],"西十条南1":[44.355707,142.449963],"西十条北9":[44.365577,142.449545],"西十条北3":[44.360191,142.449431],"西十条北2":[44.358362,142.449815],"西十条南2":[44.354323,142.449459],"西十条北4":[44.361144,142.449433],"西十条南3":[44.353796,142.449495],"西十条南6":[44.350013,142.449893],"西十条南5":[44.351109,142.449498],"西十条南4":[44.352017,142.449506],"西十条南8":[44.348269,142.4499],"西十条南9":[44.347013,142.4499],"西十条南7":[44.349093,142.449502],"西九条北10":[44.3682,142.451926],"西十条南10":[44.34443,142.449742],"西十条南11":[44.34329,142.449738],"西十条南12":[44.341827,142.449749],"西九条北7":[44.363783,142.450893],"西九条北8":[44.364445,142.451316],"西九条北3":[44.35908,142.450592],"西九条北5":[44.362538,142.450895],"西九条北4":[44.360914,142.450595],"西九条北9":[44.365278,142.451313],"西九条北6":[44.362867,142.4509],"西八条南2":[44.354876,142.45096],"西八条南3":[44.353054,142.451462],"西九条北1":[44.356991,142.450586],"西九条北2":[44.358231,142.450622],"西八条南11":[44.344003,142.451247],"西八条南10":[44.346108,142.451017],"西九条南4":[44.351921,142.450656],"西八条南1":[44.356035,142.450967],"西七条南7":[44.34935,142.451113],"西七条南8":[44.34846,142.451285],"西九条南5":[44.350953,142.450675],"西八条南12":[44.342381,142.45091],"字徳田":[44.341366,142.453717],"西九条南6":[44.350118,142.450677],"西七条南9":[44.347638,142.452077],"風連町字東風連":[44.316889,142.456442],"西八条北1":[44.356718,142.45157],"西七条南3":[44.353756,142.452599],"西八条北4":[44.360646,142.451805],"西八条北3":[44.359075,142.45153],"西八条北2":[44.357908,142.451536],"西八条南6":[44.350021,142.451676],"西八条南4":[44.351628,142.451946],"西八条南5":[44.35112,142.451689],"西八条北9":[44.365265,142.452278],"西八条北8":[44.364455,142.452299],"西八条北7":[44.363754,142.452058],"西八条北5":[44.361618,142.45231],"西八条北6":[44.363343,142.452065],"西七条南4":[44.351652,142.452838],"西七条南1":[44.355183,142.452397],"西七条南2":[44.35432,142.452404],"西七条南10":[44.345104,142.452615],"西七条南11":[44.344602,142.452612],"西七条北3":[44.359658,142.452651],"西七条北2":[44.357913,142.452886],"西七条北1":[44.356704,142.452661],"西七条北4":[44.360187,142.453019],"西七条南6":[44.34951,142.452942],"西七条南5":[44.350611,142.453143],"西六条南8":[44.348443,142.453618],"西六条南7":[44.349105,142.453633],"西六条南9":[44.346618,142.45512],"西七条北9":[44.365675,142.453222],"西六条北11":[44.368524,142.453679],"西七条北5":[44.362052,142.452889],"西六条北10":[44.367853,142.45367],"西七条北7":[44.363758,142.453017],"西七条北8":[44.364442,142.453777],"西七条北6":[44.362932,142.453028],"西六条南4":[44.35165,142.454095],"西六条南1":[44.355419,142.453681],"西六条南2":[44.354584,142.453683],"西六条南3":[44.353204,142.453813],"西六条南12":[44.342606,142.454031],"西六条北3":[44.359077,142.453843],"西六条北4":[44.360178,142.454152],"西六条北2":[44.357908,142.453851],"西六条北1":[44.35671,142.453857],"西五条北5":[44.362136,142.453687],"西六条南10":[44.345605,142.454178],"西六条南11":[44.344014,142.45416],"西六条北6":[44.363346,142.454478],"西六条南5":[44.350614,142.454035],"西六条南6":[44.350023,142.454046],"西六条北9":[44.365672,142.454696],"西六条北8":[44.364208,142.454745],"西五条南8":[44.348454,142.45603],"西五条南7":[44.349118,142.456018],"西五条南1":[44.355243,142.456008],"西五条南2":[44.354944,142.456009],"西五条北4":[44.360666,142.456049],"西五条北1":[44.357,142.45605],"西五条北3":[44.359458,142.455878],"西五条北2":[44.358207,142.455761],"西五条南3":[44.353737,142.456009],"西五条南4":[44.352142,142.455999],"西五条南5":[44.350957,142.456002],"西五条南6":[44.350117,142.456002],"西五条北10":[44.367848,142.455991],"西五条北11":[44.368526,142.455991],"西五条南10":[44.345609,142.455667],"西五条南11":[44.344609,142.455665],"西五条南12":[44.341585,142.455693],"西五条北6":[44.363252,142.456321],"西四条南9":[44.346997,142.458038],"西五条北9":[44.365678,142.456325],"西五条北7":[44.363708,142.456309],"西五条北8":[44.364695,142.456319],"西四条北1":[44.356989,142.457616],"西四条北4":[44.360524,142.457602],"西四条北3":[44.359093,142.457614],"西四条北2":[44.358201,142.457613],"西四条南2":[44.354571,142.457627],"西四条南1":[44.355768,142.457623],"西四条南10":[44.34593,142.457643],"西四条南3":[44.353408,142.457629],"西四条南4":[44.352251,142.457628],"西四条南7":[44.349125,142.457622],"西四条南8":[44.34825,142.458034],"西四条南5":[44.351089,142.457622],"西四条南6":[44.349934,142.457616],"西四条北5":[44.361687,142.457589],"西四条北11":[44.368688,142.457657],"西四条北8":[44.365851,142.458803],"西四条北10":[44.368228,142.457732],"西四条北6":[44.36285,142.457595],"西四条北7":[44.363645,142.457595],"西四条南11":[44.343384,142.456752],"西四条南12":[44.34233,142.456751],"西三条北5":[44.361688,142.459224],"西三条北4":[44.360522,142.459228],"西三条北6":[44.362854,142.45922],"西三条北7":[44.363645,142.459217],"西三条南12":[44.342497,142.457279],"西三条北2":[44.358206,142.459238],"西三条北1":[44.357005,142.459237],"西三条北3":[44.359368,142.459237],"西三条南4":[44.352252,142.459245],"西三条南5":[44.351093,142.459248],"西三条南1":[44.355768,142.459239],"西三条南2":[44.354571,142.459243],"西三条南3":[44.353412,142.459242],"西三条南6":[44.349933,142.459255],"西三条南7":[44.349129,142.459254],"西三条南11":[44.343366,142.459549],"西三条南10":[44.345938,142.459315],"西三条南8":[44.34826,142.459257],"西二条南9":[44.347009,142.460871],"西二条南11":[44.34351,142.460677],"西二条南12":[44.342407,142.461132],"西二条北5":[44.361561,142.460841],"西二条北4":[44.360521,142.460841],"西二条北7":[44.363643,142.460835],"西二条北6":[44.362854,142.460841],"西二条北1":[44.357004,142.460854],"西二条南1":[44.355763,142.460044],"西二条北3":[44.359364,142.460846],"西二条南10":[44.345074,142.460885],"西二条南4":[44.35225,142.460866],"西二条南3":[44.353406,142.460863],"西二条南5":[44.351092,142.460864],"西二条北2":[44.358212,142.460853],"西二条南2":[44.354568,142.460859],"西二条南6":[44.349937,142.460867],"西二条南7":[44.349134,142.460878],"西二条南8":[44.348259,142.460874],"西二条北8":[44.364144,142.464004],"西一条南1":[44.355734,142.462355],"西一条南11":[44.343347,142.462419],"西一条南12":[44.342542,142.462414],"西一条北5":[44.361693,142.462468],"西一条北4":[44.360521,142.462471],"西一条北7":[44.363644,142.462458],"西一条北3":[44.359368,142.462471],