{"西原1":[35.896638,139.917137],"西原2":[35.897728,139.921675],"西原3":[35.896151,139.920264],"西原5":[35.890226,139.922809],"みどり台1":[35.901369,139.920651],"みどり台2":[35.904961,139.923335],"みどり台3":[35.9012,139.924709],"西原4":[35.891418,139.92443],"大青田":[35.924387,139.946456],"西柏台1":[35.885446,139.926052],"西原6":[35.888381,139.925553],"みどり台4":[35.904623,139.927448],"みどり台5":[35.902842,139.92635],"伊勢原1":[35.901725,139.929875],"西柏台2":[35.886351,139.929186],"豊四季":[35.849735,139.965359],"西原7":[35.887036,139.929274],"十余二":[35.884997,139.969433],"柏の葉4":[35.893974,139.942222],"柏の葉5":[35.903405,139.940388],"船戸山高野":[35.927249,139.948037],"柏の葉3":[35.892495,139.937749],"中十余二":[35.891459,139.947694],"柏インター東":[35.913363,139.944137],"柏の葉2":[35.890424,139.941816],"青田新田飛地":[35.906372,139.939891],"新十余二":[35.908862,139.951351],"柏の葉6":[35.894736,139.946812],"船戸":[35.919807,139.955122],"高田":[35.874847,139.96717],"中新宿1":[35.836108,139.946274],"篠籠田":[35.872634,139.974299],"柏の葉1":[35.891146,139.944032],"正連寺":[35.904558,139.955901],"中新宿3":[35.833318,139.951309],"船戸1":[35.9114,139.95235],"中新宿2":[35.836857,139.953352],"新利根":[35.898907,139.980808],"若柴":[35.895802,139.95712],"光ケ丘2":[35.827962,139.957117],"酒井根":[35.821007,139.963509],"新富町2":[35.853659,139.955037],"東山2":[35.82391,139.954122],"豊上町":[35.856295,139.957001],"小青田2":[35.91243,139.955452],"船戸2":[35.916011,139.953589],"西山1":[35.822302,139.955334],"西山2":[35.820289,139.956102],"小青田":[35.90778,139.954497],"南柏1":[35.845004,139.954504],"今谷上町":[35.840303,139.961074],"旭町8":[35.861886,139.956381],"小青田3":[35.913477,139.957457],"小青田1":[35.910058,139.956664],"新富町1":[35.852154,139.957769],"かやの町":[35.867663,139.955015],"南柏中央":[35.845434,139.957081],"南柏2":[35.846427,139.956523],"豊四季台4":[35.863283,139.956954],"船戸3":[35.917891,139.95494],"旭町6":[35.856656,139.9602],"東山1":[35.825147,139.956786],"光ケ丘3":[35.825651,139.95856],"西町":[35.869409,139.96142],"豊四季台1":[35.867188,139.95974],"酒井根6":[35.822803,139.959727],"松ケ崎":[35.880188,139.982183],"小青田4":[35.91591,139.958037],"青葉台2":[35.813142,139.959868],"大室":[35.907001,139.96282],"豊平町":[35.855168,139.958386],"旭町7":[35.860879,139.959517],"豊町1":[35.848236,139.959027],"光ケ丘団地":[35.828155,139.95988],"酒井根7":[35.822067,139.959437],"大室1":[35.907487,139.959353],"今谷南町":[35.836692,139.958703],"光ケ丘1":[35.833622,139.958628],"吉野沢":[35.853844,139.960707],"東中新宿1":[35.834549,139.961966],"豊四季台3":[35.863327,139.958518],"東中新宿4":[35.830843,139.960872],"南増尾8":[35.810483,139.96046],"豊町2":[35.851002,139.962018],"豊四季台2":[35.863253,139.961028],"花野井":[35.892614,139.981469],"小青田5":[35.912612,139.959485],"酒井根5":[35.824452,139.962927],"豊住1":[35.841535,139.964176],"大室2":[35.907766,139.959912],"旭町5":[35.858649,139.964652],"豊住2":[35.837601,139.961707],"酒井根4":[35.822032,139.963072],"光ケ丘4":[35.827911,139.964489],"明原4":[35.863698,139.963946],"旭町4":[35.859919,139.965109],"明原3":[35.866787,139.965951],"青葉台1":[35.815304,139.96481],"南増尾7":[35.810443,139.962703],"松葉町7":[35.886285,139.965932],"富里3":[35.854999,139.964878],"東中新宿3":[35.830664,139.965407],"向原町":[35.862322,139.963241],"大室3":[35.911941,139.960714],"豊住3":[35.838903,139.965958],"東中新宿2":[35.831614,139.963819],"南増尾6":[35.810126,139.964813],"松葉町6":[35.893113,139.962157],"つくしが丘2":[35.833203,139.965328],"中原1":[35.825543,139.967737],"つくしが丘1":[35.838148,139.966588],"酒井根1":[35.823052,139.965406],"富里2":[35.855896,139.966275],"酒井根3":[35.818605,139.967899],"旭町3":[35.862258,139.964614],"酒井根2":[35.82082,139.971554],"南増尾4":[35.813241,139.967898],"旭町2":[35.859936,139.968439],"つくしが丘3":[35.834258,139.967838],"松葉町5":[35.888173,139.968109],"明原1":[35.863448,139.967623],"豊住4":[35.842782,139.967067],"南増尾2":[35.817228,139.969495],"常盤台":[35.846741,139.968755],"豊住5":[35.841878,139.969598],"つくしが丘5":[35.830668,139.969805],"南増尾5":[35.81181,139.968189],"明原2":[35.86517,139.968687],"あけぼの5":[35.869544,139.969349],"あけぼの4":[35.867225,139.970961],"富里1":[35.85386,139.968683],"大山台1":[35.87828,139.968748],"松葉町3":[35.886745,139.972932],"つくしが丘4":[35.835394,139.96969],"緑ケ丘":[35.851081,139.972755],"旭町1":[35.862614,139.969649],"永楽台1":[35.844725,139.970834],"新柏1":[35.839807,139.970741],"泉町":[35.857547,139.969885],"南逆井3":[35.802485,139.972494],"加賀2":[35.828406,139.971222],"中原2":[35.827931,139.972672],"ひばりが丘":[35.849677,139.971777],"南逆井1":[35.807417,139.972826],"南増尾3":[35.814222,139.972458],"南逆井2":[35.805313,139.973408],"新逆井2":[35.810932,139.973945],"大山台2":[35.883789,139.970597],"若葉町":[35.852291,139.973203],"新逆井1":[35.811892,139.974508],"永楽台2":[35.843264,139.972949],"増尾台2":[35.82715,139.97378],"末広町":[35.863842,139.9718],"南増尾1":[35.818595,139.974735],"加賀1":[35.831736,139.973285],"日立台2":[35.847579,139.973774],"中原":[35.837965,139.971615],"中央町":[35.859546,139.972403],"永楽台3":[35.846056,139.972985],"松葉町4":[35.889561,139.974947],"あけぼの3":[35.868602,139.970628],"中央2":[35.855404,139.97383],"あけぼの1":[35.866131,139.973455],"柏1":[35.86056,139.973065],"増尾":[35.840106,139.986663],"新柏3":[35.841104,139.973429],"加賀3":[35.829107,139.976834],"中央1":[35.857752,139.974057],"増尾台4":[35.82185,139.974794],"南増尾":[35.817331,139.976219],"新柏2":[35.838672,139.974961],"増尾台1":[35.825806,139.979387],"あけぼの2":[35.866678,139.973155],"日立台1":[35.848922,139.975003],"増尾1":[35.835495,139.977282],"南逆井4":[35.802744,139.976535],"柏2":[35.86227,139.974766],"増尾台3":[35.825435,139.976651],"逆井":[35.81984,139.992785],"柏4":[35.8641,139.974965],"名戸ケ谷1":[35.847191,139.977861],"松葉町2":[35.88386,139.980877],"柏3":[35.861239,139.97704],"柏5":[35.866725,139.977599],"千代田2":[35.854363,139.976919],"しいの木台4":[35.803565,139.981163],"あかね町":[35.851618,139.981601],"南逆井5":[35.807362,139.976955],"逆井3":[35.822357,139.980205],"名戸ケ谷":[35.846228,139.988498],"新柏4":[35.845204,139.978575],"柏":[35.863101,139.99262],"千代田1":[35.855972,139.97916],"千代田3":[35.85358,139.978544],"南逆井6":[35.805482,139.980527],"東上町":[35.860486,139.979813],"柏6":[35.865921,139.978959],"東1":[35.858406,139.981176],"逆井2":[35.823994,139.982575],"松葉町1":[35.889263,139.976563],"増尾2":[35.833733,139.97926],"しいの木台3":[35.801536,139.982245],"逆井4":[35.820985,139.982527],"増尾3":[35.834389,139.980963],"亀甲台町1":[35.847959,139.983051],"柏7":[35.862687,139.981125],"亀甲台町2":[35.847408,139.98268],"南逆井7":[35.807283,139.982715],"増尾7":[35.827763,139.984243],"大塚町":[35.852672,139.981234],"増尾6":[35.830273,139.983101],"宿連寺":[35.887246,139.99006],"桜台":[35.859232,139.980798],"東2":[35.856299,139.982828],"柏堀之内新田":[35.876195,139.982094],"逆井5":[35.819201,139.987827],"東3":[35.853045,139.983671],"増尾4":[35.834564,139.985388],"しいの木台5":[35.808812,139.98941],"東逆井1":[35.825391,139.985922],"柏下":[35.866619,139.989996],"松ケ崎新田":[35.876068,139.985033],"布施":[35.893526,140.01217],"逆井1":[35.82082,139.986096],"東台本町":[35.857858,139.985955],"関場町":[35.848003,139.987198],"しいの木台2":[35.805434,139.985433],"根戸":[35.882052,139.99734],"呼塚新田":[35.868928,139.990398],"弥生町":[35.854342,139.987355],"増尾5":[35.830833,139.987389],"根戸新田":[35.878776,139.983631],"八幡町":[35.853249,139.989884],"増尾8":[35.829729,139.989785],"東柏1":[35.852176,139.990804],"北柏1":[35.875214,139.988613],"逆井藤ノ台":[35.822617,139.99043],"藤心2":[35.828163,139.989091],"東柏2":[35.848159,139.988744],"藤心3":[35.826524,139.990011],"北柏4":[35.86905,139.988587],"北柏3":[35.869826,139.989636],"しいの木台1":[35.808779,139.990037],"高柳":[35.812773,139.995029],"藤心":[35.822413,139.999095],"戸張新田":[35.864362,139.995623],"藤心4":[35.825403,139.992381],"北柏5":[35.869593,139.991909],"戸張":[35.857219,139.999551],"藤心1":[35.828025,139.994138],"高南台2":[35.803241,139.992358],"北柏2":[35.87358,139.992065],"高柳新田":[35.809715,139.992996],"柏中村下":[35.865696,139.991451],"藤心5":[35.8225,139.990697],"北柏台":[35.876539,139.993786],"大井":[35.850984,140.016214],"高南台3":[35.807605,139.993722],"塚崎":[35.82429,140.000882],"弁天下":[35.900481,140.002112],"布施下":[35.895164,140.015206],"高南台1":[35.805139,139.998069],"大津ケ丘3":[35.837848,139.999373],"高柳2":[35.811279,139.996963],"大井新田":[35.857553,140.014768],"高柳1":[35.805211,139.99886],"大津ケ丘4":[35.836504,140.005148],"大津ケ丘2":[35.840521,140.001822],"布施新町1":[35.889954,140.002719],"大津ケ丘1":[35.843694,140.006605],"南高柳":[35.805897,140.001888],"塚崎3":[35.833154,140.001401],