{"川口":[35.711227,140.588696],"ニ":[35.723902,140.622444],"鎌数":[35.739729,140.600331],"泉川":[35.706115,140.61517],"大塚原":[35.697738,140.612079],"駒込":[35.701638,140.615907],"神宮寺":[35.686013,140.635627],"井戸野":[35.702903,140.615401],"仁玉":[35.690427,140.651785],"入野":[35.756154,140.632013],"新町":[35.751071,140.636421],"中谷里":[35.690516,140.656114],"琴田":[35.749904,140.654476],"江ケ崎":[35.734637,140.668921],"ハ":[35.715602,140.65843],"ロ":[35.717397,140.659655],"足川":[35.69406,140.665428],"イ":[35.71733,140.662506],"西足洗":[35.696549,140.673547],"椎名内":[35.69793,140.673103],"東足洗":[35.711544,140.683833],"野中":[35.70212,140.685677],"後草":[35.726554,140.676911],"三川":[35.711662,140.684281]}