{"北須賀":[35.790341,140.271562],"大竹":[35.813872,140.257423],"下方":[35.769324,140.282712],"船形":[35.789146,140.282491],"台方":[35.775711,140.275584],"八代":[35.792633,140.283433],"松崎":[35.809409,140.300912],"佐野":[35.848066,140.280707],"宗吾3":[35.756989,140.280049],"宗吾4":[35.759089,140.277971],"宗吾1":[35.760822,140.280406],"上福田":[35.822054,140.290595],"はなのき台3":[35.775924,140.282408],"宗吾2":[35.762936,140.281515],"はなのき台1":[35.780152,140.285506],"吾妻1":[35.779082,140.287009],"北羽鳥":[35.856376,140.309243],"大袋":[35.766144,140.306033],"吾妻3":[35.784967,140.28585],"南羽鳥":[35.831095,140.298023],"公津の杜6":[35.759981,140.292012],"玉造4":[35.788558,140.285326],"はなのき台2":[35.776173,140.285367],"公津の杜5":[35.757042,140.293199],"飯仲":[35.755965,140.304067],"竜台":[35.861676,140.302463],"橋賀台2":[35.774349,140.28824],"橋賀台1":[35.77061,140.29635],"玉造2":[35.796269,140.288982],"吾妻2":[35.78182,140.288435],"江弁須":[35.757142,140.303261],"玉造3":[35.793504,140.289305],"玉造1":[35.796088,140.292019],"赤坂3":[35.777101,140.289324],"玉造7":[35.791612,140.292361],"下福田":[35.826001,140.301701],"中台1":[35.783396,140.290998],"橋賀台3":[35.773195,140.291495],"赤坂1":[35.779262,140.293137],"玉造6":[35.789999,140.295328],"赤坂2":[35.778339,140.294363],"玉造5":[35.791748,140.296663],"加良部6":[35.776016,140.295424],"中台2":[35.780407,140.294446],"北部":[35.858071,140.300385],"公津の杜1":[35.764747,140.300947],"公津の杜4":[35.760923,140.296526],"米野":[35.787085,140.298499],"公津の杜3":[35.758337,140.299539],"山口":[35.7918,140.306684],"長沼":[35.837015,140.317584],"加良部5":[35.771472,140.301155],"中台4":[35.786577,140.301313],"加良部1":[35.778652,140.302818],"中台3":[35.779458,140.302766],"飯田町":[35.768306,140.307081],"宝田":[35.825274,140.313712],"加良部2":[35.777282,140.300336],"南部":[35.843305,140.300663],"公津の杜2":[35.760351,140.302772],"並木町":[35.755527,140.313263],"押畑":[35.809412,140.316819],"中台6":[35.784321,140.304543],"加良部4":[35.775312,140.304527],"郷部":[35.787059,140.313272],"南平台":[35.772455,140.30883],"囲護台":[35.774028,140.310963],"加良部3":[35.778442,140.307899],"安西":[35.861254,140.315731],"囲護台2":[35.777194,140.31033],"中台5":[35.782652,140.306614],"美郷台2":[35.795827,140.30925],"不動ケ岡":[35.772493,140.31901],"幸町":[35.783272,140.317203],"美郷台3":[35.794859,140.311825],"囲護台3":[35.780014,140.311454],"美郷台1":[35.794104,140.312529],"囲護台1":[35.776951,140.312307],"新妻":[35.808101,140.324738],"新町":[35.780151,140.314323],"馬橋":[35.77784,140.313482],"土屋":[35.790927,140.323245],"花崎町":[35.777155,140.321477],"ウイング土屋":[35.791735,140.327807],"上町":[35.77887,140.319324],"成田":[35.788043,140.322679],"新川":[35.857197,140.3293],"芦田":[35.810247,140.344618],"仲町":[35.784082,140.317448],"本町":[35.78365,140.319012],"下金山":[35.800496,140.341592],"荒海":[35.83244,140.335899],"磯部":[35.842565,140.331774],"田町":[35.78255,140.324576],"東町":[35.778598,140.325233],"寺台":[35.789113,140.331222],"赤荻":[35.80667,140.345344],"水掛":[35.846886,140.337129],"東和田":[35.77107,140.337308],"関戸":[35.793973,140.331765],"和田":[35.802665,140.344216],"御所の内":[35.782547,140.330123],"四谷":[35.851798,140.344443],"飯岡":[35.831581,140.338193],"川栗":[35.763104,140.357786],"山之作":[35.783121,140.34595],"吉倉":[35.774033,140.352248],"滑川":[35.860926,140.348363],"西大須賀":[35.859842,140.34009],"東金山":[35.794282,140.341962],"西和泉":[35.803768,140.357318],"久住中央4":[35.840525,140.33915],"大生":[35.8307,140.347682],"久住中央1":[35.832924,140.339845],"久米":[35.789855,140.342184],"馬場":[35.784716,140.346],"久住中央3":[35.836923,140.341611],"幡谷":[35.834608,140.354756],"野毛平":[35.799427,140.360463],"久住中央2":[35.835933,140.344422],"東和泉":[35.813372,140.352465],"猿山":[35.865251,140.362106],"久米野":[35.766105,140.351776],"大山":[35.782012,140.351634],"大菅":[35.862578,140.353699],"高倉":[35.845775,140.351221],"成毛":[35.824207,140.362935],"畑ケ田":[35.755238,140.350859],"小菅":[35.779018,140.364591],"高岡":[35.878258,140.359524],"長田":[35.798934,140.367181],"小泉":[35.812914,140.375419],"名古屋":[35.850836,140.37343],"新泉":[35.813632,140.360344],"大清水":[35.763303,140.367905],"土室":[35.829294,140.370174],"小浮":[35.898165,140.37335],"十余三":[35.796627,140.389717],"大和田":[35.880063,140.370471],"西三里塚":[35.745811,140.369829],"駒井野":[35.771465,140.382006],"小野":[35.874711,140.374713],"本三里塚":[35.755731,140.37421],"本城":[35.741263,140.378296],"新駒井野":[35.756728,140.367975],"七沢":[35.860927,140.378499],"堀之内":[35.787632,140.383192],"三里塚御料":[35.747784,140.373958],"大室":[35.819485,140.385991],"野馬込":[35.895052,140.374192],"三里塚":[35.753341,140.39867],"高":[35.885206,140.384505],"青山":[35.865331,140.388559],"成井":[35.838969,140.392399],"天浪":[35.772563,140.374725],"取香":[35.776414,140.38623],"三里塚光ケ丘":[35.747915,140.379532],"中里":[35.867435,140.381506],"冬父":[35.875459,140.379368],"天神峰":[35.787825,140.399846],"木の根":[35.760408,140.396247],"南三里塚":[35.727726,140.390767],"倉水":[35.851501,140.389909],"芝":[35.836482,140.397195],"東三里塚":[35.749334,140.399967],"名木":[35.870491,140.39922],"古込":[35.775516,140.402274],"東峰":[35.777329,140.402197],"吉岡":[35.817184,140.417181],"稲荷山":[35.845579,140.414278],"久井崎":[35.848606,140.413668],"中野":[35.842933,140.406491],"地蔵原新田":[35.844418,140.394987],"新田":[35.798744,140.400135],"津富浦":[35.8283,140.416719],"川上":[35.790586,140.4128],"水の上":[35.812856,140.409438],"多良貝":[35.799129,140.420567],"一坪田":[35.817517,140.432099],"大栄十余三":[35.78249,140.433283],"奈土":[35.85653,140.430262],"松子":[35.83237,140.422616],"臼作":[35.825027,140.424582],"前林":[35.799997,140.443939],"伊能":[35.836165,140.44051],"柴田":[35.860903,140.433112],"官林":[35.81405,140.454122],"桜田":[35.841378,140.462113],"横山":[35.825009,140.455498],"堀籠":[35.836788,140.468235],"南敷":[35.839179,140.462252],"村田":[35.857771,140.450582],"馬乗里":[35.828984,140.457051],"所":[35.847349,140.47062],"大沼":[35.82146,140.465379],"東ノ台":[35.836735,140.46873]}