{"鹿放ケ丘":[35.682087,140.151683],"大日":[35.665045,140.151731],"さつきケ丘":[35.664871,140.151862],"下志津新田":[35.664436,140.153361],"四街道3":[35.66123,140.160672],"和良比":[35.662501,140.169095],"四街道":[35.668156,140.163104],"四街道2":[35.66064,140.161316],"めいわ4":[35.652791,140.171251],"美しが丘3":[35.653006,140.161355],"めいわ3":[35.651844,140.168918],"美しが丘2":[35.654843,140.163044],"四街道1":[35.662587,140.164337],"美しが丘1":[35.659909,140.162136],"鹿渡":[35.663321,140.166132],"中央":[35.667564,140.165152],"栗山":[35.68599,140.183243],"萱橋":[35.682454,140.168521],"内黒田":[35.683468,140.177589],"めいわ5":[35.652547,140.173328],"めいわ2":[35.65354,140.176609],"みのり町":[35.664236,140.170886],"めいわ1":[35.65758,140.176595],"さちが丘1":[35.669453,140.177221],"池花2":[35.689515,140.178839],"さちが丘2":[35.674595,140.175615],"池花1":[35.686826,140.178563],"つくし座1":[35.671576,140.176588],"小名木":[35.656555,140.185813],"千代田2":[35.694413,140.178044],"つくし座2":[35.673968,140.177966],"千代田1":[35.688161,140.179378],"物井":[35.682054,140.196679],"つくし座3":[35.673761,140.181499],"上野":[35.659069,140.189362],"千代田4":[35.695307,140.187958],"旭ケ丘1":[35.663515,140.183493],"千代田5":[35.688908,140.185098],"千代田3":[35.698696,140.188684],"旭ケ丘2":[35.658551,140.185938],"旭ケ丘3":[35.663084,140.188238],"もねの里2":[35.687265,140.185051],"長岡":[35.683536,140.189332],"南波佐間":[35.648965,140.18629],"旭ケ丘4":[35.667774,140.18777],"鷹の台3":[35.634969,140.195839],"吉岡":[35.62926,140.186108],"旭ケ丘5":[35.666318,140.19058],"山梨":[35.667961,140.19098],"鷹の台4":[35.630271,140.195317],"もねの里3":[35.690079,140.193521],"和田":[35.662907,140.190458],"もねの里6":[35.684379,140.188098],"みそら1":[35.668894,140.194541],"鷹の台2":[35.633088,140.193414],"もねの里4":[35.688771,140.193596],"もねの里5":[35.682837,140.196932],"亀崎":[35.698292,140.191484],"みそら2":[35.672794,140.20023],"中台":[35.658961,140.209735],"鷹の台1":[35.635254,140.197883],"みそら3":[35.675218,140.201994],"みそら4":[35.670493,140.205221],"成山":[35.651342,140.190735],"中野":[35.655826,140.187842],"もねの里1":[35.684954,140.184833]}