{"坂戸市場":[35.418365,139.956207],"神納":[35.41931,139.962901],"奈良輪":[35.435673,139.970598],"南袖":[35.455308,139.955458],"奈良輪1":[35.431347,139.957724],"神納1":[35.424458,139.960692],"福王台1":[35.42699,139.962522],"奈良輪2":[35.431499,139.960665],"福王台2":[35.431555,139.96629],"神納2":[35.424632,139.966615],"福王台3":[35.429534,139.969039],"長浦":[35.452783,140.000173],"中袖":[35.45529,139.988698],"福王台4":[35.434274,139.972397],"今井3":[35.439359,139.970529],"今井1":[35.444176,139.983902],"蔵波":[35.428989,140.039968],"今井2":[35.444398,139.983007],"飯富":[35.411685,139.988831],"今井":[35.443526,139.979934],"蔵波台1":[35.446331,139.989914],"蔵波台2":[35.442869,139.992754],"北袖":[35.466151,140.022399],"蔵波台3":[35.443426,139.997077],"蔵波台5":[35.43968,139.998334],"大鳥居":[35.387842,140.006824],"下新田":[35.409489,139.999313],"蔵波台4":[35.441463,140.000575],"下宮田":[35.355441,140.012134],"長浦駅前1":[35.451563,139.999926],"蔵波台6":[35.437974,140.005405],"長浦駅前3":[35.446801,140.004327],"蔵波台7":[35.439335,140.006137],"野田":[35.423868,140.023715],"玉野":[35.371103,140.008069],"長浦駅前2":[35.45067,140.003288],"三ツ作":[35.40922,140.00061],"久保田":[35.459052,140.013799],"久保田1":[35.452315,140.004765],"滝の口":[35.378159,140.015127],"長浦駅前4":[35.445331,140.005348],"吉野田":[35.378697,140.017521],"長浦駅前5":[35.44589,140.007118],"長浦駅前6":[35.446644,140.008897],"長浦駅前8":[35.446833,140.011562],"久保田2":[35.450563,140.008073],"横田":[35.394212,140.017009],"大曽根":[35.423631,140.0272],"長浦駅前7":[35.448175,140.011447],"三黒":[35.402201,140.025313],"上宮田":[35.354907,140.022711],"大竹":[35.361394,140.019701],"谷中":[35.402764,140.023162],"勝":[35.412114,140.020855],"代宿":[35.437887,140.04212],"岩井":[35.423098,140.030709],"打越":[35.378624,140.024809],"のぞみ野":[35.418909,140.030355],"椎の森":[35.450233,140.026864],"永地":[35.406899,140.034722],"阿部":[35.377769,140.029319],"下泉":[35.411967,140.041645],"堂谷":[35.383181,140.033359],"下根岸":[35.375297,140.034943],"百目木":[35.378345,140.045618],"上泉":[35.414532,140.061865],"野里":[35.399648,140.060692],"三箇":[35.389883,140.05775],"永吉":[35.414241,140.062259],"高谷":[35.388229,140.071813],"林":[35.393902,140.089533],"川原井":[35.42095,140.089348]}