{"押切":[35.124073,140.059354],"池田":[35.125432,140.06195],"太田学":[35.132458,140.068231],"京田":[35.131235,140.069926],"坂東":[35.126144,140.062928],"竹平":[35.124257,140.074551],"太尾":[35.111184,140.077951],"打墨":[35.133105,140.081735],"大里":[35.110075,140.081165],"田原西":[35.098978,140.08126],"来秀":[35.107016,140.085647],"貝渚":[35.105202,140.090613],"八色":[35.11351,140.097584],"花房":[35.121296,140.097137],"粟斗":[35.130002,140.095537],"滑谷":[35.110523,140.095387],"太海西":[35.09288,140.093463],"横渚":[35.113831,140.099592],"太海":[35.092632,140.095666],"和泉":[35.127378,140.106315],"広場":[35.119208,140.111942],"前原":[35.104662,140.105735],"磯村":[35.094257,140.104446],"西町":[35.122259,140.116806],"東町":[35.122894,140.116253],"浜荻":[35.11781,140.148056],"天津":[35.136327,140.176981],"内浦":[35.123541,140.207804],"小湊":[35.122636,140.200307]}