{"根戸":[35.880506,140.005338],"呼塚新田":[35.870339,139.992564],"根戸新田":[35.867238,140.003256],"台田4":[35.8751,139.995564],"船戸3":[35.872916,139.997852],"台田3":[35.876013,139.998917],"台田2":[35.875514,140.000674],"船戸2":[35.872124,140.001167],"船戸1":[35.872011,140.004112],"我孫子3":[35.875949,140.007338],"台田1":[35.874214,140.002109],"久寺家":[35.883115,140.022415],"つくし野":[35.884377,140.005541],"白山3":[35.867686,140.004805],"つくし野4":[35.878828,140.007345],"我孫子2":[35.874598,140.007681],"つくし野5":[35.882086,140.009937],"我孫子新田":[35.863592,140.027419],"白山2":[35.870734,140.008655],"布施":[35.88781,140.017595],"本町1":[35.871841,140.010146],"つくし野3":[35.881027,140.01056],"我孫子4":[35.874918,140.014873],"白山1":[35.867691,140.012767],"つくし野2":[35.880126,140.011868],"我孫子1":[35.8738,140.015909],"久寺家2":[35.887446,140.011867],"本町2":[35.871149,140.01264],"つくし野6":[35.879816,140.017056],"緑1":[35.867675,140.015243],"久寺家1":[35.885366,140.014433],"つくし野1":[35.879194,140.015832],"本町3":[35.872021,140.01596],"若松":[35.864659,140.024601],"緑2":[35.867423,140.019748],"布施下":[35.891226,140.017447],"並木5":[35.876492,140.017759],"つくし野7":[35.87837,140.020514],"寿1":[35.869307,140.021885],"並木7":[35.874887,140.022529],"並木6":[35.876324,140.020612],"我孫子":[35.874627,140.032798],"栄":[35.872365,140.029145],"北新田":[35.885533,140.047143],"寿2":[35.868864,140.028233],"柴崎":[35.876909,140.050925],"並木8":[35.873737,140.02805],"並木9":[35.874277,140.028249],"泉":[35.872143,140.035151],"高野山新田":[35.861829,140.043514],"高野山":[35.862771,140.044296],"青山":[35.885086,140.061605],"天王台5":[35.8688,140.03787],"天王台4":[35.869962,140.039413],"柴崎台1":[35.873658,140.044257],"天王台3":[35.869916,140.046594],"柴崎台2":[35.875693,140.043917],"東我孫子2":[35.863165,140.047534],"天王台6":[35.867768,140.04373],"天王台1":[35.870274,140.042627],"柴崎台3":[35.879205,140.045614],"青山台3":[35.879267,140.046769],"天王台2":[35.872292,140.046615],"岡発戸新田":[35.856298,140.058444],"東我孫子1":[35.868407,140.05109],"柴崎台4":[35.876101,140.046647],"岡発戸":[35.873281,140.069264],"青山台1":[35.881112,140.047362],"下ケ戸":[35.871825,140.060029],"南青山":[35.884565,140.053953],"青山台4":[35.878403,140.050405],"柴崎台5":[35.875236,140.049284],"青山台2":[35.879577,140.051134],"日の出":[35.876777,140.05797],"都部":[35.870528,140.068776],"中峠":[35.876901,140.070705],"都部新田":[35.858529,140.072306],"湖北台10":[35.867114,140.064953],"都部村新田":[35.860252,140.06297],"上沼田":[35.856414,140.079648],"湖北台7":[35.864816,140.073693],"湖北台9":[35.866998,140.068387],"湖北台6":[35.859297,140.071265],"湖北台8":[35.866504,140.073778],"中峠台":[35.868871,140.074584],"中峠村下":[35.857563,140.072532],"湖北台5":[35.859974,140.077292],"湖北台4":[35.86254,140.077155],"中里新田":[35.859014,140.084693],"湖北台1":[35.864776,140.081206],"湖北台3":[35.864593,140.079614],"湖北台2":[35.863826,140.081451],"中里":[35.867267,140.088],"中沼田":[35.855617,140.101205],"日秀新田":[35.858313,140.094444],"日秀":[35.86613,140.091996],"古戸":[35.874533,140.110171],"新木":[35.871074,140.115386],"新木村下":[35.858205,140.099785],"南新木4":[35.861738,140.099068],"南新木3":[35.861703,140.104672],"下沼田":[35.849944,140.117017],"南新木2":[35.861532,140.105707],"新木野1":[35.864866,140.107434],"南新木1":[35.861193,140.111267],"大作新田":[35.856829,140.115096],"新木野4":[35.868401,140.113217],"布佐":[35.844239,140.14247],"新木野3":[35.867072,140.11692],"新木野2":[35.863727,140.115156],"江蔵地":[35.861759,140.130143],"浅間前":[35.854775,140.11942],"布佐平和台7":[35.857278,140.116755],"布佐平和台6":[35.859811,140.118422],"浅間前新田":[35.855433,140.119805],"相島新田":[35.854321,140.121374],"相島":[35.843917,140.128799],"布佐平和台5":[35.858915,140.120933],"布佐平和台4":[35.857432,140.126041],"布佐下新田":[35.851015,140.12653],"布佐平和台3":[35.851652,140.130081],"布佐平和台2":[35.852455,140.130946],"三河屋新田":[35.849136,140.129567],"新々田":[35.846433,140.134188],"布佐平和台1":[35.849976,140.132401],"布佐1":[35.849691,140.138487],"布佐酉町":[35.845073,140.140156],"都":[35.847415,140.141731]}