{"くぬぎ山1":[35.78538,139.969185],"くぬぎ山2":[35.781607,139.969928],"中沢":[35.772541,139.981819],"くぬぎ山3":[35.77984,139.969444],"くぬぎ山4":[35.781687,139.972546],"初富":[35.784041,140.006626],"くぬぎ山5":[35.785985,139.977323],"道野辺":[35.752271,139.989293],"西道野辺":[35.754407,139.983857],"佐津間":[35.791379,140.001333],"北中沢2":[35.772188,139.983909],"北中沢3":[35.776006,139.985468],"馬込沢":[35.745993,139.987281],"東中沢4":[35.770086,139.989137],"東中沢1":[35.774529,139.990549],"東中沢3":[35.767413,139.992832],"北中沢1":[35.774364,139.989502],"中沢新町":[35.760325,139.991289],"道野辺中央3":[35.766577,139.992403],"北初富":[35.776966,139.991711],"東中沢2":[35.775682,139.993044],"道野辺中央4":[35.76274,139.993905],"東道野辺7":[35.746773,140.000722],"粟野":[35.782501,140.013669],"東道野辺1":[35.759336,139.996057],"富岡3":[35.767592,139.997613],"初富本町2":[35.772983,139.997727],"初富本町1":[35.774394,140.000038],"道野辺中央2":[35.764436,139.997257],"西佐津間2":[35.80099,139.998769],"道野辺中央5":[35.759389,139.991255],"東道野辺3":[35.75668,139.998356],"東道野辺2":[35.759667,140.001186],"東道野辺5":[35.750296,140.000439],"道野辺本町2":[35.760572,140.000264],"道野辺中央1":[35.766362,139.997631],"新鎌ケ谷1":[35.778981,139.998628],"道野辺本町1":[35.764348,139.998841],"富岡1":[35.770898,139.999684],"富岡2":[35.766538,140.000234],"新鎌ケ谷2":[35.77835,139.999952],"南鎌ケ谷3":[35.745566,140.00384],"西佐津間1":[35.795755,140.00043],"中央1":[35.771976,139.99999],"南佐津間":[35.791864,140.001438],"南初富5":[35.770744,140.004563],"丸山3":[35.758338,140.003532],"東道野辺4":[35.755306,140.00404],"中佐津間2":[35.79704,140.001502],"南初富6":[35.770049,140.00084],"新鎌ケ谷3":[35.777938,140.003787],"新鎌ケ谷4":[35.782701,140.005171],"南鎌ケ谷4":[35.744132,140.007153],"東道野辺6":[35.75011,140.002972],"中央2":[35.775742,140.005819],"中佐津間1":[35.795833,140.001786],"南鎌ケ谷1":[35.747792,140.003298],"南初富4":[35.76755,140.005734],"鎌ケ谷9":[35.75287,140.008914],"南初富2":[35.775489,140.006586],"右京塚":[35.764974,140.004295],"丸山2":[35.762591,140.006896],"南初富3":[35.772005,140.009606],"東初富4":[35.766677,140.007822],"鎌ケ谷2":[35.757526,140.006471],"南鎌ケ谷2":[35.74794,140.006718],"南初富1":[35.776111,140.011085],"鎌ケ谷8":[35.754101,140.005118],"丸山1":[35.762991,140.006735],"鎌ケ谷3":[35.756737,140.010064],"東初富3":[35.768516,140.011013],"東初富6":[35.760716,140.013125],"東初富2":[35.77104,140.011772],"鎌ケ谷7":[35.753756,140.010653],"鎌ケ谷1":[35.758326,140.015162],"東初富5":[35.763982,140.014535],"東初富1":[35.773211,140.012521],"鎌ケ谷6":[35.752739,140.01281],"軽井沢":[35.782466,140.015291],"鎌ケ谷5":[35.756246,140.017358],"東鎌ケ谷2":[35.763251,140.016314],"東鎌ケ谷1":[35.762621,140.014917],"東鎌ケ谷3":[35.76228,140.020167],"串崎新田":[35.779937,139.98936],"鎌ケ谷4":[35.756171,140.013478]}