{"大和田新田":[35.739801,140.098451],"吉橋":[35.74136,140.085494],"高津":[35.716554,140.096889],"緑が丘2":[35.727142,140.074367],"緑が丘1":[35.731586,140.076309],"桑橋":[35.750397,140.097884],"緑が丘3":[35.726597,140.076974],"緑が丘4":[35.727772,140.077168],"八千代台西10":[35.69758,140.080125],"八千代台西8":[35.698922,140.083059],"緑が丘5":[35.731154,140.083024],"島田台":[35.763531,140.092896],"八千代台西7":[35.7054,140.087377],"八千代台西9":[35.69666,140.084734],"八千代台西5":[35.699846,140.084638],"八千代台西4":[35.698602,140.0857],"八千代台西6":[35.702127,140.08622],"八千代台南3":[35.696334,140.091071],"尾崎":[35.746816,140.094617],"八千代台西3":[35.7006,140.08772],"八千代台南1":[35.698061,140.092527],"小池":[35.779614,140.09856],"八千代台西2":[35.701879,140.087516],"八千代台北9":[35.707789,140.0903],"八千代台北6":[35.704384,140.089497],"八千代台北7":[35.706714,140.089812],"八千代台西1":[35.700903,140.089612],"高津東1":[35.711769,140.089126],"八千代台北10":[35.710517,140.092413],"八千代台北1":[35.702645,140.091736],"高津東2":[35.717374,140.092547],"八千代台北5":[35.703895,140.090946],"八千代台北8":[35.706734,140.092537],"萱田町":[35.724579,140.111058],"高津東4":[35.714593,140.094672],"神久保":[35.765862,140.104749],"八千代台南2":[35.697052,140.095091],"八千代台東1":[35.702211,140.096298],"八千代台北3":[35.704748,140.093724],"八千代台北11":[35.705961,140.096111],"八千代台北2":[35.703382,140.092653],"高津東3":[35.716572,140.095704],"桑納":[35.757239,140.104415],"島田":[35.763705,140.093159],"八千代台北4":[35.705548,140.095388],"八千代台北13":[35.71064,140.097124],"麦丸":[35.743559,140.110702],"八千代台東2":[35.701493,140.098537],"八千代台東4":[35.705397,140.099004],"八千代台北14":[35.712011,140.098213],"真木野":[35.777596,140.101714],"八千代台北17":[35.713552,140.100061],"八千代台北12":[35.709234,140.100604],"大和田":[35.709974,140.109063],"八千代台東3":[35.704487,140.102098],"八千代台東5":[35.709522,140.104241],"大学町1":[35.772849,140.099431],"八千代台北15":[35.710446,140.103314],"ゆりのき台3":[35.729636,140.104276],"八千代台北16":[35.711172,140.104609],"ゆりのき台1":[35.725502,140.104864],"萱田":[35.725668,140.111217],"ゆりのき台7":[35.738298,140.104735],"八千代台東6":[35.710193,140.106142],"大学町2":[35.772458,140.103607],"ゆりのき台5":[35.734863,140.104351],"大学町3":[35.773714,140.103908],"大学町6":[35.775363,140.103309],"佐山":[35.775616,140.11906],"大学町4":[35.773202,140.106086],"ゆりのき台6":[35.73473,140.106672],"ゆりのき台4":[35.727144,140.106924],"ゆりのき台8":[35.737946,140.107919],"ゆりのき台2":[35.724615,140.106202],"大学町5":[35.774186,140.109024],"米本":[35.747094,140.128005],"平戸":[35.768498,140.11732],"村上":[35.713614,140.114145],"村上南2":[35.726258,140.117316],"下市場2":[35.714839,140.116807],"村上南3":[35.722759,140.116327],"勝田台南3":[35.708956,140.119277],"村上南1":[35.722959,140.121134],"村上南4":[35.718903,140.121727],"下市場1":[35.716691,140.11954],"勝田台南1":[35.712431,140.122055],"堀の内":[35.764754,140.145432],"村上南5":[35.720097,140.124302],"勝田台北2":[35.718217,140.125446],"勝田台南2":[35.709166,140.124436],"勝田":[35.700939,140.138683],"神野":[35.766878,140.133787],"勝田台北1":[35.715723,140.125649],"勝田台1":[35.713197,140.129058],"勝田台2":[35.711952,140.130218],"上高野":[35.729609,140.126682],"勝田台3":[35.709719,140.132223],"保品":[35.759072,140.148557],"勝田台北3":[35.719387,140.129053],"勝田台4":[35.708706,140.133692],"勝田台7":[35.715704,140.132573],"下高野":[35.749611,140.147389],"勝田台5":[35.705995,140.135426],"勝田台6":[35.704967,140.136359]}