{"西和田":[35.878326,140.437313],"西部田":[35.888976,140.437895],"堀之内":[35.893821,140.441075],"みずほ台2":[35.884848,140.432823],"みずほ台1":[35.885638,140.43439],"西坂":[35.881046,140.433957],"みずほ台3":[35.88295,140.434247],"川尻":[35.91389,140.454311],"寺内":[35.889439,140.444064],"飯島":[35.907539,140.480043],"鴇崎":[35.878065,140.441544],"関":[35.875278,140.448539],"谷中":[35.891003,140.455891],"上小川":[35.879507,140.45132],"大戸川":[35.894412,140.458881],"昭和町は":[35.90512,140.451459],"昭和町ろ":[35.908861,140.461087],"沢":[35.80519,140.485196],"片野":[35.866345,140.460899],"大戸":[35.878217,140.469315],"野間谷原":[35.924753,140.460277],"石納":[35.910246,140.467165],"福田":[35.84071,140.488598],"森戸":[35.898796,140.474684],"大戸新田":[35.896693,140.464134],"昭和町い":[35.906909,140.477245],"鳥羽":[35.866173,140.471445],"本矢作":[35.856055,140.496272],"伊地山":[35.825715,140.495643],"山之辺":[35.882504,140.482911],"観音":[35.869412,140.482286],"大崎":[35.867331,140.494754],"与倉":[35.875042,140.485639],"新寺":[35.898294,140.474249],"玉造":[35.890702,140.486725],"佐原ロ":[35.899579,140.503052],"佐原ホ":[35.901726,140.491265],"玉造3":[35.886798,140.482483],"荒北":[35.810041,140.49521],"玉造2":[35.890019,140.48359],"玉造1":[35.891372,140.484465],"岩ケ崎台":[35.897343,140.484898],"牧野":[35.881697,140.493653],"佐原イ":[35.884631,140.495453],"長山":[35.85975,140.493168],"苅毛":[35.805514,140.502132],"佐原ニ":[35.926559,140.48971],"笄島":[35.930454,140.496774],"北1":[35.899763,140.493221],"北2":[35.898632,140.495386],"九美上":[35.835872,140.512719],"大根":[35.849625,140.510776],"岩部":[35.81295,140.519837],"北3":[35.895244,140.497797],"長島":[35.928663,140.50768],"助沢":[35.82608,140.501133],"八筋川":[35.939212,140.513023],"西田部":[35.795739,140.516965],"大島":[35.946979,140.525278],"佐原ハ":[35.931946,140.497846],"新部":[35.885118,140.51418],"篠原ロ":[35.91607,140.51396],"三島":[35.949868,140.521486],"返田":[35.852154,140.518157],"篠原イ":[35.895493,140.521152],"山倉":[35.803716,140.519378],"新市場":[35.886232,140.513306],"釜塚":[35.877716,140.513715],"中洲":[35.917013,140.519095],"香取":[35.880289,140.527474],"下小野":[35.83999,140.52869],"高萩":[35.808696,140.519797],"境島":[35.950059,140.521535],"津宮":[35.896023,140.521213],"扇島":[35.904847,140.582799],"多田":[35.871707,140.555143],"丁子":[35.887312,140.541263],"織幡":[35.841843,140.538343],"吉原":[35.869844,140.549601],"油田":[35.838011,140.540354],"大角":[35.791291,140.560313],"加藤洲":[35.911472,140.583876],"大倉丁子":[35.898415,140.547401],"大倉":[35.900741,140.580041],"旗鉾":[35.849648,140.552483],"磯山":[35.910601,140.5829],"小川":[35.76305,140.569079],"神生":[35.814397,140.573948],"上小堀":[35.866069,140.561555],"木内虫幡上小堀入会地大平":[35.86239,140.554059],"新里":[35.783642,140.572657],"木内":[35.850464,140.581375],"内野":[35.841808,140.556215],"仁良":[35.807877,140.583644],"虫幡":[35.855933,140.585737],"龍谷":[35.840653,140.55473],"市和田":[35.912,140.580607],"三ノ分目":[35.866845,140.561311],"一ノ分目":[35.901621,140.596474],"公官洲":[35.917702,140.562958],"白井":[35.832459,140.574438],"富田":[35.881476,140.607485],"八本":[35.821345,140.574626],"山川":[35.83817,140.57401],"長岡":[35.802394,140.602249],"増田":[35.870644,140.580198],"桐谷":[35.778621,140.586013],"鳩山":[35.781507,140.592324],"田部":[35.818241,140.608396],"米野井":[35.823047,140.586266],"附洲新田":[35.901633,140.592398],"本郷":[35.855261,140.603183],"小見川":[35.858863,140.606271],"分郷":[35.859545,140.598093],"小見":[35.83394,140.595845],"野田":[35.855934,140.589933],"竹之内":[35.825064,140.599388],"府馬":[35.793831,140.620749],"下小堀":[35.866945,140.602102],"下小川":[35.839701,140.597268],"羽根川":[35.845547,140.598532],"川上":[35.831523,140.602944],"南原地新田":[35.839496,140.597661],"八日市場":[35.85792,140.603911],"高野":[35.828785,140.610442],"新々田":[35.835086,140.613092],"志高":[35.78775,140.626108],"古内":[35.791596,140.619199],"入会地":[35.841543,140.615455],"久保":[35.818504,140.620755],"阿玉川":[35.84565,140.636684],"北原地新田":[35.835528,140.619661],"川頭":[35.838085,140.62381],"五郷内":[35.822649,140.628667],"貝塚":[35.812602,140.643442],"阿玉台":[35.813484,140.628454],"布野":[35.83472,140.628669],"下飯田":[35.844568,140.631375],"和泉":[35.819881,140.641624],"岡飯田":[35.829713,140.649374]}