{"岬町市野々":[35.335304,140.328755],"岬町岩熊":[35.311503,140.34429],"岬町嘉谷":[35.290086,140.353081],"岬町桑田":[35.305367,140.355519],"岬町榎沢":[35.31556,140.37397],"岬町谷上":[35.338935,140.372804],"岬町鴨根":[35.289009,140.371585],"新田":[35.260255,140.382878],"岬町押日":[35.301143,140.390905],"岬町中滝":[35.303151,140.388707],"岬町東小高":[35.282817,140.371433],"釈迦谷":[35.234483,140.372561],"岬町椎木":[35.316745,140.388574],"大原台":[35.212614,140.37064],"岬町井沢":[35.285847,140.382573],"小沢":[35.223979,140.389148],"小池":[35.198503,140.37825],"若山":[35.263876,140.396641],"岬町三門":[35.285153,140.382295],"日在":[35.2754,140.399842],"大原":[35.250953,140.405185],"岬町東中滝":[35.300662,140.387704],"岩船":[35.208119,140.39222],"深堀":[35.256648,140.401867],"岬町中原":[35.323591,140.401347],"岬町長者":[35.295491,140.387412],"岬町江場土":[35.288333,140.393657],"岬町和泉":[35.304742,140.41427]}