{"冨士":[35.779645,140.031854],"大松1":[35.781763,140.025932],"根":[35.797474,140.061443],"大山口1":[35.785116,140.02765],"大山口2":[35.787419,140.030421],"富塚":[35.823845,140.044362],"西白井1":[35.791243,140.029221],"西白井2":[35.798257,140.032641],"けやき台2":[35.782574,140.032711],"西白井3":[35.800241,140.034037],"清水口2":[35.786944,140.036559],"清水口1":[35.785557,140.037989],"西白井4":[35.801942,140.034919],"けやき台1":[35.783606,140.033636],"清水口3":[35.789757,140.040542],"折立":[35.809601,140.058192],"七次台1":[35.793089,140.04093],"復":[35.799552,140.067671],"七次台2":[35.792989,140.042601],"七次台3":[35.800603,140.046635],"木":[35.799236,140.056056],"野口":[35.797839,140.046762],"中":[35.832978,140.053851],"名内":[35.83288,140.052394],"七次台4":[35.798993,140.047808],"池の上2":[35.777922,140.05238],"堀込3":[35.780143,140.04899],"池の上3":[35.774897,140.049511],"河原子":[35.829548,140.059618],"堀込2":[35.783677,140.052222],"笹塚3":[35.788388,140.055373],"笹塚2":[35.785617,140.054703],"堀込1":[35.78177,140.05551],"池の上1":[35.776682,140.056734],"今井":[35.83391,140.055392],"笹塚1":[35.785743,140.056681],"南山1":[35.783133,140.062524],"白井":[35.799548,140.070786],"南山3":[35.779824,140.063119],"南山2":[35.782642,140.064532],"平塚":[35.823175,140.093225],"神々廻":[35.798358,140.078439],"清戸":[35.799338,140.090248],"十余一":[35.806465,140.10186],"谷田":[35.798082,140.103402],"桜台3":[35.802552,140.108461],"桜台4":[35.799162,140.10269],"武西":[35.795506,140.104481],"桜台2":[35.800446,140.109793],"桜台1":[35.799302,140.109017]}