{"八街い":[35.643919,140.279487],"根古谷":[35.64654,140.261097],"八街ろ":[35.682861,140.287063],"岡田":[35.64725,140.262978],"沖":[35.5885,140.28069],"用草":[35.63432,140.276265],"小谷流":[35.626649,140.270264],"大谷流":[35.627213,140.284553],"山田台":[35.581364,140.292399],"勢田":[35.640992,140.288989],"希望ケ丘":[35.643368,140.279793],"砂":[35.605173,140.293769],"みどり台2":[35.682442,140.282961],"みどり台1":[35.682961,140.285879],"榎戸":[35.685159,140.302916],"上砂":[35.604464,140.295417],"八街は":[35.6905,140.31578],"吉倉":[35.63549,140.29656],"東吉田":[35.636212,140.297963],"大関":[35.674469,140.305313],"泉台2":[35.678826,140.29321],"富山":[35.671928,140.306591],"泉台1":[35.680415,140.29867],"泉台3":[35.685471,140.295515],"八街ほ":[35.663363,140.316979],"四木":[35.625487,140.306316],"滝台":[35.580254,140.301354],"文違":[35.684518,140.321334],"八街へ":[35.631966,140.304467],"雁丸":[35.688692,140.317858],"中央":[35.663816,140.317094],"大木":[35.655504,140.321239],"八街に":[35.671628,140.32177],"木原":[35.640977,140.322053],"朝日":[35.67813,140.3426],"沖渡":[35.665485,140.336003]}