{"高西新田":[35.811829,140.09827],"浦部":[35.820382,140.105225],"浦部村新田":[35.827283,140.104835],"武西":[35.795953,140.104852],"白幡":[35.819981,140.103747],"木刈5":[35.807532,140.100187],"浦幡新田":[35.812904,140.107488],"木刈4":[35.810832,140.101832],"木刈7":[35.805,140.102589],"木刈6":[35.805572,140.103241],"木刈2":[35.807618,140.109887],"木刈3":[35.810015,140.11161],"発作":[35.829653,140.117926],"武西学園台2":[35.797567,140.106482],"小倉台3":[35.806605,140.11144],"木刈1":[35.808891,140.110718],"小倉台2":[35.803553,140.111571],"武西学園台1":[35.798772,140.109336],"中央北2":[35.801331,140.114544],"小倉":[35.810991,140.114548],"亀成":[35.833635,140.109025],"中央北3":[35.802968,140.113613],"武西学園台3":[35.792599,140.112465],"中央南2":[35.796642,140.113565],"小倉台1":[35.806181,140.11436],"牧の木戸1":[35.80996,140.114859],"戸神":[35.794509,140.120618],"小倉台4":[35.806816,140.112116],"戸神台2":[35.794223,140.116955],"中央北1":[35.802158,140.117216],"中央南1":[35.798598,140.117129],"船尾":[35.7965,140.121999],"大塚2":[35.810043,140.122852],"和泉":[35.81913,140.12913],"大塚1":[35.803228,140.120717],"戸神台1":[35.797216,140.119215],"大塚3":[35.811576,140.123202],"多々羅田":[35.810659,140.125018],"大森":[35.840654,140.144672],"泉野1":[35.804345,140.124845],"内野2":[35.792045,140.121911],"原山1":[35.803352,140.127881],"内野1":[35.796767,140.127137],"泉":[35.81256,140.129302],"鹿黒":[35.822311,140.130292],"草深":[35.782551,140.150171],"原山3":[35.797824,140.128341],"原山2":[35.802688,140.128702],"松崎":[35.776078,140.132007],"高花5":[35.795555,140.134953],"結縁寺":[35.788322,140.148726],"高花1":[35.798275,140.134835],"高花2":[35.801075,140.136847],"高花6":[35.790711,140.138923],"高花4":[35.796125,140.139616],"松崎台1":[35.786695,140.145202],"高花3":[35.800012,140.142335],"吉田":[35.776078,140.149302],"西の原5":[35.804762,140.143665],"岩戸":[35.752662,140.180727],"木下":[35.840095,140.14678],"松崎台2":[35.782251,140.148813],"竹袋":[35.820284,140.166044],"木下南2":[35.834099,140.150212],"別所":[35.819454,140.163804],"木下南1":[35.836008,140.151338],"西の原3":[35.801135,140.153424],"西の原2":[35.799896,140.158543],"西の原1":[35.802951,140.158361],"木下東1":[35.840108,140.158349],"原4":[35.800068,140.160993],"原1":[35.80237,140.168315],"原2":[35.800429,140.167644],"木下東2":[35.841407,140.161898],"小林":[35.835037,140.196382],"牧の台1":[35.813064,140.163651],"木下東3":[35.842765,140.165572],"滝":[35.813037,140.172467],"牧の原5":[35.810332,140.166296],"宗甫":[35.813179,140.168576],"木下東4":[35.842741,140.169189],"原3":[35.799222,140.165084],"東の原2":[35.798071,140.168151],"東の原1":[35.800323,140.175267],"平岡":[35.838235,140.183102],"滝野5":[35.808769,140.174733],"滝野4":[35.80696,140.173954],"滝野6":[35.811098,140.175914],"造谷":[35.787601,140.183009],"滝野3":[35.807251,140.176891],"つくりや台1":[35.797582,140.174109],"滝野1":[35.810178,140.179114],"滝野2":[35.809213,140.178699],"師戸":[35.76768,140.187723],"竜腹寺":[35.801813,140.179429],"大廻":[35.782094,140.17915],"惣深新田飛地":[35.784487,140.188473],"物木":[35.821526,140.180975],"小林大門下2":[35.823964,140.18413],"鎌苅":[35.769045,140.19262],"小林大門下3":[35.820605,140.184016],"小林大門下1":[35.8241,140.189612],"角田":[35.790803,140.192946],"中根":[35.811216,140.217691],"荒野":[35.791868,140.202337],"みどり台2":[35.793031,140.190741],"小林北1":[35.833011,140.192471],"小林浅間1":[35.827068,140.19173],"笠神":[35.824244,140.202843],"小林浅間3":[35.8254,140.19322],"小林北2":[35.831598,140.19286],"小林北4":[35.830391,140.194545],"小林北3":[35.832606,140.196898],"小林北5":[35.828899,140.197316],"小林北6":[35.83008,140.199849],"舞姫1":[35.785374,140.203183],"本埜小林":[35.833837,140.20135],"瀬戸":[35.781773,140.208477],"若萩1":[35.787599,140.20195],"萩原":[35.792361,140.203752],"美瀬1":[35.780546,140.207853],"若萩2":[35.789225,140.205072],"舞姫2":[35.784983,140.204801],"将監":[35.838205,140.215035],"舞姫3":[35.786162,140.203799],"若萩3":[35.788664,140.205584],"美瀬2":[35.784072,140.209187],"押付":[35.819115,140.217298],"下曽根":[35.814997,140.212492],"中":[35.811047,140.217585],"若萩4":[35.787301,140.210792],"行徳":[35.814224,140.222193],"松虫":[35.79551,140.221786],"佐野屋":[35.821179,140.213573],"松木":[35.828986,140.214403],"安食卜杭":[35.840043,140.231447],"萩埜":[35.81442,140.224403],"和泉屋":[35.820556,140.215292],"中田切":[35.825758,140.219296],"立埜原":[35.820404,140.219763],"吉高":[35.782675,140.229893],"下井":[35.809606,140.23781],"酒直卜杭":[35.828687,140.238908],"甚兵衛":[35.818459,140.227181],"山田":[35.771389,140.247911],"長門屋":[35.805158,140.234401],"平賀":[35.74745,140.259073],"山平二区":[35.776579,140.250723],"平賀学園台3":[35.749505,140.249617],"平賀学園台2":[35.749879,140.253215],"山平一区":[35.775118,140.255297],"平賀学園台1":[35.748896,140.256325],"みどり台1":[35.797916,140.185998],"みどり台3":[35.794429,140.183202],"小林浅間2":[35.825655,140.191271],"桜野":[35.805215,140.21967],"東の原3":[35.793329,140.16776],"牧の原1":[35.804539,140.166428],"牧の原2":[35.807138,140.155587],"西の原4":[35.804287,140.148885],"内野3":[35.791074,140.126165],"泉野3":[35.805868,140.129104],"浅間前":[35.843934,140.143404],"相嶋":[35.843868,140.142514],"つくりや台2":[35.792607,140.183552],"滝野7":[35.812137,140.17532]}