{"木原":[35.653647,140.351452],"下布田":[35.619014,140.3424],"大木":[35.656147,140.349668],"武勝":[35.627941,140.350298],"植草":[35.614071,140.350026],"沖渡":[35.667947,140.36573],"雨坪":[35.618551,140.344183],"横田":[35.676641,140.362782],"埴谷":[35.661413,140.384981],"森":[35.612706,140.376221],"実門":[35.678186,140.363686],"湯坂":[35.607055,140.391155],"椎崎":[35.61864,140.393411],"日向台":[35.630616,140.372099],"板中新田":[35.677956,140.381029],"美杉野4":[35.647661,140.376327],"美杉野1":[35.642951,140.379388],"美杉野2":[35.647525,140.38104],"矢部":[35.616089,140.378201],"戸田":[35.634422,140.40593],"板川":[35.675591,140.395076],"板附":[35.618909,140.392598],"姫島":[35.589212,140.399144],"成東":[35.601647,140.414419],"麻生新田":[35.627704,140.414737],"川崎":[35.627472,140.390766],"和田":[35.609861,140.409258],"親田":[35.620558,140.40567],"中津田":[35.664773,140.416614],"野堀":[35.631283,140.409916],"市場":[35.616824,140.408135],"嶋戸":[35.622855,140.411482],"松尾町引越":[35.665899,140.430107],"津辺":[35.606033,140.416208],"松尾町山室":[35.67622,140.430633],"松尾町小川":[35.625054,140.432034],"真行寺":[35.62174,140.413571],"松尾町金尾":[35.642944,140.431752],"島":[35.59953,140.417285],"殿台":[35.596216,140.424789],"松尾町古和":[35.653583,140.434049],"新泉":[35.616644,140.420728],"松尾町下大蔵":[35.632087,140.437763],"富田":[35.62349,140.418501],"松尾町上大蔵":[35.636651,140.437211],"富口":[35.602474,140.442806],"早船":[35.6198,140.433451],"松尾町谷津":[35.657731,140.438978],"寺崎":[35.610177,140.444974],"白幡":[35.572858,140.442105],"富田幸谷":[35.604859,140.440724],"小泉":[35.596995,140.445518],"松尾町蕪木":[35.642719,140.449439],"本須賀":[35.553534,140.469552],"松尾町田越":[35.631418,140.437895],"柴原":[35.622813,140.445787],"松尾町富士見台":[35.641338,140.449021],"五木田":[35.576901,140.456155],"上横地":[35.598944,140.461789],"松尾町八田":[35.661238,140.455037],"松尾町大堤":[35.637389,140.457958],"松尾町本水深":[35.623732,140.455503],"松尾町松尾":[35.638821,140.457051],"草深":[35.587326,140.458834],"松尾町水深":[35.621292,140.452482],"松尾町高富":[35.628555,140.474205],"松尾町五反田":[35.632268,140.470654],"松尾町祝田":[35.631675,140.457739],"松ヶ谷":[35.571924,140.485892],"松尾町猿尾":[35.639622,140.457739],"井之内":[35.56311,140.476917],"松尾町借毛本郷":[35.602664,140.466391],"小松":[35.574901,140.489374],"下横地":[35.588268,140.46847],"松尾町本柏":[35.633667,140.481244],"松尾町下之郷":[35.606587,140.474542],"松尾町下野":[35.604009,140.483988],"松尾町折戸":[35.600969,140.478856],"松尾町広根":[35.616585,140.487959],"松尾町木刀":[35.626296,140.482555],"木戸":[35.577634,140.494411],"蓮沼ニ":[35.589741,140.501003],"松尾町武野里":[35.629327,140.497049],"蓮沼ハ":[35.592009,140.504309],"蓮沼平":[35.583295,140.497124],"蓮沼イ":[35.612884,140.510556],"蓮沼ホ":[35.598724,140.515657],"蓮沼ロ":[35.605552,140.521629]}