{"砂田":[35.499411,140.287506],"萱野":[35.498921,140.289851],"小中":[35.508515,140.291704],"金谷郷":[35.525193,140.317834],"池田":[35.521574,140.30767],"南玉":[35.522841,140.311064],"神房":[35.49835,140.299682],"季美の森南1":[35.548201,140.299645],"季美の森南2":[35.551196,140.303718],"みずほ台3":[35.514314,140.302411],"餅木":[35.545592,140.309294],"永田":[35.508233,140.302125],"大竹":[35.524623,140.314077],"季美の森南3":[35.549933,140.305198],"駒込":[35.505411,140.338042],"みずほ台1":[35.51632,140.30789],"みずほ台2":[35.513877,140.307588],"季美の森南4":[35.555796,140.314397],"小西":[35.548776,140.318603],"大網":[35.521943,140.342602],"ながた野1":[35.50841,140.312435],"みどりが丘2":[35.541164,140.315442],"ながた野2":[35.506419,140.314717],"みどりが丘1":[35.537142,140.317871],"養安寺":[35.548877,140.327354],"みやこ野1":[35.517532,140.316015],"みどりが丘3":[35.540162,140.320061],"みやこ野2":[35.518443,140.320285],"みどりが丘4":[35.544424,140.322967],"経田":[35.505023,140.3386],"仏島":[35.507658,140.337236],"富田":[35.511564,140.34746],"南横川":[35.49756,140.351857],"山口":[35.539111,140.335328],"星谷":[35.510047,140.341146],"清名幸谷":[35.535462,140.353603],"北横川":[35.512542,140.343382],"南飯塚":[35.503824,140.348851],"北飯塚":[35.510893,140.354303],"上貝塚":[35.516388,140.350554],"柿餅":[35.512226,140.353505],"木崎":[35.50646,140.360514],"上谷新田":[35.529841,140.360701],"北吉田":[35.501023,140.365522],"柳橋":[35.511716,140.369759],"桂山":[35.512681,140.375251],"長国":[35.500095,140.376024],"九十根":[35.510696,140.382408],"下ケ傍示":[35.497967,140.382862],"清水":[35.478314,140.383155],"細草":[35.505411,140.39873],"二之袋":[35.50016,140.382105],"四天木":[35.483693,140.41999],"南今泉":[35.490741,140.423874],"北今泉":[35.49514,140.427127]}