{"七栄":[35.749555,140.32425],"新橋":[35.734086,140.312862],"中沢":[35.716213,140.30535],"新中沢":[35.710617,140.315927],"日吉台6":[35.760106,140.313144],"日吉倉":[35.754282,140.324967],"日吉台5":[35.76133,140.319775],"高松":[35.694563,140.330141],"美沢":[35.715458,140.321722],"日吉台4":[35.769004,140.32113],"日吉台2":[35.773283,140.319705],"日吉台1":[35.770347,140.323848],"十倉":[35.693131,140.333811],"日吉台3":[35.762332,140.321751],"立沢":[35.695124,140.332746],"久能":[35.762595,140.333958],"立沢新田":[35.719351,140.342229],"大和":[35.746578,140.35553],"根木名":[35.724685,140.348424],"高野":[35.714845,140.350229],"御料":[35.713252,140.366249]}