{"豊沼町":[43.462754,141.886635],"西豊沼":[43.480704,141.899505],"西七条南22":[43.459964,141.888055],"西六条南22":[43.461012,141.889675],"西五条南21":[43.46241,141.890974],"西五条南22":[43.459996,141.890421],"西四条南22":[43.458712,141.891915],"西三条南21":[43.461113,141.893102],"西三条南22":[43.458575,141.893011],"西一条南22":[43.458002,141.895593],"西一条南21":[43.460902,141.89774],"西七条南14":[43.473323,141.895553],"西七条南12":[43.477113,141.897037],"西七条南13":[43.474599,141.896423],"西七条南11":[43.477754,141.897568],"西六条南14":[43.472813,141.897569],"東一条南22":[43.457947,141.898321],"西六条南13":[43.473287,141.898314],"東一条南21":[43.460939,141.899092],"西六条南11":[43.478609,141.899321],"西六条南12":[43.476856,141.898771],"西三条南14":[43.472468,141.89914],"東一条南20":[43.462381,141.899423],"西三条南13":[43.474562,141.899637],"西五条南8":[43.482286,141.899972],"西五条南10":[43.480656,141.900307],"東一条南19":[43.463857,141.900008],"西三条南12":[43.476119,141.900103],"西五条南11":[43.478563,141.899809],"東一条南18":[43.465509,141.900501],"東三条南21":[43.460355,141.900195],"西三条南11":[43.478657,141.900917],"西二条南14":[43.472305,141.900112],"東一条南17":[43.467252,141.901012],"西五条南9":[43.481487,141.900552],"東三条南20":[43.461976,141.900626],"西二条南13":[43.474253,141.900707],"東四条南21":[43.460317,141.900771],"西一条南14":[43.472177,141.900917],"西三条南10":[43.480326,141.901795],"東一条南16":[43.468743,141.901545],"西二条南12":[43.476234,141.901293],"西一条南13":[43.474082,141.901788],"西三条南8":[43.483111,141.901958],"東一条南15":[43.470797,141.901907],"西四条南10":[43.480519,141.901091],"東四条南20":[43.46197,141.901889],"東三条南19":[43.463896,141.901132],"東五条南21":[43.459839,141.903088],"西四条南9":[43.481337,141.901552],"東四条南19":[43.463647,141.902401],"西一条南12":[43.475064,141.902074],"西二条南11":[43.478255,141.901875],"東三条南18":[43.46559,141.90184],"東一条南14":[43.47195,141.902085],"西四条南7":[43.484092,141.902468],"西三条南9":[43.481253,141.902068],"東一条南13":[43.473957,141.902933],"西八条北2":[43.493479,141.902509],"西七条北2":[43.494173,141.902387],"西八条北3":[43.494849,141.902316],"西一条南11":[43.478101,141.90291],"東三条南17":[43.467102,141.902284],"西二条南10":[43.480203,141.902565],"西四条南6":[43.485039,141.902738],"東五条南20":[43.461694,141.903801],"東四条南18":[43.465364,141.902614],"西八条北4":[43.496049,141.90241],"西七条北7":[43.499253,141.904185],"東三条南16":[43.468713,141.902718],"東一条南12":[43.47488,141.903508],"西八条北5":[43.497163,141.902722],"西二条南9":[43.481135,141.902837],"西一条南10":[43.479378,141.903279],"東五条南19":[43.463784,141.904275],"東四条南17":[43.467597,141.903253],"東三条南15":[43.470493,141.902797],"西七条北3":[43.495043,141.902895],"空知太":[43.542641,141.909808],"西四条南5":[43.486073,141.903116],"西七条北4":[43.495965,141.903078],"西七条北6":[43.498225,141.903506],"東三条南14":[43.471961,141.903055],"西七条北9":[43.502009,141.905083],"西一条南8":[43.482535,141.904083],"東四条南15":[43.47035,141.904183],"西三条南7":[43.484,141.903106],"西二条南8":[43.482663,141.903288],"東一条南11":[43.477823,141.904662],"西六条北2":[43.493983,141.903397],"東五条南18":[43.46491,141.905156],"東四条南16":[43.46859,141.903874],"東三条南13":[43.473316,141.903445],"西七条北5":[43.497063,141.903424],"西三条南6":[43.484756,141.903323],"西二条南7":[43.484009,141.903697],"西四条北1":[43.49268,141.904629],"西六条北3":[43.49474,141.903537],"西一条南9":[43.481008,141.903637],"西四条南4":[43.487858,141.903482],"西八条北22":[43.52639,141.904633],"西四条南3":[43.489247,141.90364],"西三条南5":[43.485984,141.903684],"西四条南2":[43.490088,141.90378],"西四条南1":[43.49139,141.904297],"東五条南17":[43.466517,141.90633],"西六条北4":[43.495807,141.90387],"東一条南10":[43.479828,141.904151],"北光":[43.523582,141.930156],"西二条南6":[43.48477,141.903914],"西三条南4":[43.487655,141.904083],"西四条北2":[43.493702,141.904606],"西六条北5":[43.496944,141.904202],"西八条北24":[43.531475,141.906507],"西三条北10":[43.506563,141.907118],"西二条南5":[43.485892,141.90425],"西一条南7":[43.484097,141.904502],"西五条北3":[43.494602,141.904267],"東五条南16":[43.467937,141.906484],"東豊沼":[43.474142,141.91606],"東一条南9":[43.480871,141.904456],"西三条南3":[43.489116,141.904414],"西六条北6":[43.498081,141.904537],"東三条南12":[43.475687,141.904897],"西一条南6":[43.484593,141.904645],"西五条北4":[43.495686,141.904647],"西三条南2":[43.490026,141.904616],"東四条南14":[43.471601,141.904656],"東二条南10":[43.479471,141.905017],"西一条南4":[43.487449,141.905158],"東一条南8":[43.482066,141.904804],"西六条北7":[43.499212,141.904871],"西一条南5":[43.485778,141.904998],"東五条南15":[43.470566,141.905425],"西三条南1":[43.490884,141.905099],"西六条北23":[43.526736,141.906973],"西五条北5":[43.496824,141.904979],"東四条南13":[43.47356,141.905196],"西四条北3":[43.494492,141.905046],"東一条南7":[43.483364,141.905185],"西六条北8":[43.499917,141.905125],"東三条南11":[43.477721,141.905504],"西三条北1":[43.491945,141.90516],"西七条北22":[43.525747,141.906625],"西二条南3":[43.488998,141.905141],"東二条南9":[43.48073,141.905383],"西五条北6":[43.497935,141.905444],"西八条北15":[43.511179,141.905394],"東五条南14":[43.472933,141.906838],"西四条北4":[43.495563,141.905423],"東四条南12":[43.47553,141.905946],"西二条南2":[43.489874,141.905387],"西七条北24":[43.530533,141.909082],"東一条南6":[43.485042,141.905674],"東二条南8":[43.481927,141.905736],"西三条北2":[43.493273,141.905595],"西五条北7":[43.499095,141.905638],"西二条南1":[43.490763,141.905657],"東五条南13":[43.473362,141.906419],"西五条北13":[43.509238,141.908039],"東三条南10":[43.47958,141.906084],"西四条北5":[43.4967,141.90576],"東一条南5":[43.485815,141.905909],"西七条北14":[43.509962,141.905642],"西一条南3":[43.48887,141.905936],"西三条北3":[43.49436,141.905891],"東二条南7":[43.483203,141.905847],"西五条北8":[43.499902,141.905902],"西二条北1":[43.492006,141.90601],"東四条南11":[43.477574,141.906537],"西四条北6":[43.497833,141.906088],"西七条北15":[43.511246,141.906025],"西六条北14":[43.509998,141.906583],"西三条北4":[43.49544,141.906205],"西二条北2":[43.493126,141.90634],"東一条南4":[43.487303,141.906365],"西一条南2":[43.489738,141.906191],"東三条南9":[43.480196,141.906607],"東五条南12":[43.475356,141.907009],"西三条北9":[43.501491,141.907617],"東二条南6":[43.484449,141.906213],"西三条北7":[43.499252,141.906917],"西一条南1":[43.490838,141.906514],"東二条南5":[43.484715,141.906689],"西三条北5":[43.496578,141.90654],"西六条北15":[43.511266,141.907557],"東三条南8":[43.481776,141.906726],"東四条南10":[43.479186,141.906865],"西二条北3":[43.494238,141.90666],"東一条南3":[43.48873,141.906815],"西一条北1":[43.491761,141.906781],"東五条南11":[43.477397,141.907617],"西三条北6":[43.497717,141.90687],"西二条北4":[43.49532,141.906991],"東三条南7":[43.483023,141.907094],"東二条南4":[43.487137,141.907285],"東一条南2":[43.489606,141.90707],"西一条北2":[43.492949,141.907129],"西六条北21":[43.522077,141.908062],"東四条南9":[43.480443,141.907227],"東一条南1":[43.490502,141.907332],"西二条北5":[43.496456,141.907323],"西六条北24":[43.528929,141.911482],"東三条南6":[43.484254,141.907463],"東六条南14":[43.471428,141.90786],"西一条北3":[43.494115,141.907463],"東五条南10":[43.479354,141.908316],"東六条南13":[43.472991,141.907988],"東四条南8":[43.481641,141.907577],"東一条北1":[43.491427,141.907567],"西二条北6":[43.497597,141.907655],"東二条南3":[43.488519,141.907712],"東三条南5":[43.485704,141.907882],"西一条北4":[43.495196,141.907796],"西六条北16":[43.513912,141.908952],"東一条北2":[43.493443,141.908185],"西六条北22":[43.525296,141.90899],"東六条南12":[43.474548,141.908935],"東四条南7":[43.482887,141.90795],"西五条北14":[43.509738,141.908544],"東二条南2":[43.4894,141.907952],"西二条北7":[43.498729,141.907989],"東五条南9":[43.480315,141.908616],"西一条北5":[43.496332,141.908129],"東二条南1":[43.490355,141.908222],"西五条北15":[43.511056,141.908887],"東四条南6":[43.484125,141.90832],"西二条北8":[43.499661,141.908261],"東五条南8":[43.481477,141.908984],"東一条北3":[43.494107,141.908406],"東三条南4":[43.48755,141.909081],"西一条北6":[43.497471,141.908458],"東六条南10":[43.477553,141.909273],"東二条北1":[43.491144,141.908388],"西一条北8":[43.499706,141.909061],"東一条北4":[43.495076,141.908689],"西二条北9":[43.50109,141.908725],"東二条北2":[43.492423,141.90882],"東四条南5":[43.485365,141.908678],"東五条南7":[43.482727,141.909355],"西一条北12":[43.504841,141.91039],"西一条北13":[43.508001,141.910226],"西五条北16":[43.512839,141.908909],"西一条北7":[43.49861,141.908794],"東三条南3":[43.488648,141.909143],"東六条南11":[43.476196,141.909062],"東一条北5":[43.496195,141.909022],"西一条北10":[43.50316,141.909755],"東五条南6":[43.48392,141.909697],"西四条北18":[43.514679,141.909194],"西五条北21":[43.52143,141.909591],"東三条南1":[43.489757,141.909173],"日の出一条南12":[43.474355,141.909994],"東一条北6":[43.497336,141.909354],"東二条北3":[43.493936,141.909194],"西二条北14":[43.508972,141.909455],