{"深川町":[43.705658,142.019675],"開西町1":[43.711785,142.017617],"開西町2":[43.708922,142.019645],"開西町3":[43.70748,142.020162],"文光町":[43.710542,142.02626],"錦町北":[43.72028,142.027727],"錦町西":[43.719088,142.026533],"西町":[43.712569,142.032472],"一已町":[43.72376,142.072568],"新光町3":[43.722565,142.035308],"錦町":[43.718882,142.030954],"新光町1":[43.723182,142.040574],"一条":[43.729,142.068256],"緑町":[43.712605,142.03986],"二条":[43.728431,142.068544],"あけぼの町":[43.743337,142.040398],"三条":[43.727517,142.068324],"四条":[43.727062,142.069197],"太子町":[43.722116,142.04113],"五条":[43.725243,142.067211],"六条":[43.724844,142.067446],"音江町":[43.69621,142.046282],"北光町2":[43.726311,142.046571],"新光町2":[43.723878,142.039379],"北光町3":[43.730712,142.043237],"八条":[43.723423,142.06832],"七条":[43.724204,142.067842],"北光町1":[43.724962,142.048564],"広里町1":[43.709414,142.049646],"稲穂町2":[43.728496,142.052327],"広里町2":[43.706352,142.054387],"稲穂町1":[43.725214,142.053296],"広里町3":[43.711707,142.054142],"九条":[43.72288,142.068672],"広里町4":[43.70729,142.057041],"広里町5":[43.706074,142.061111],"音江町1":[43.698144,142.07876],"音江町2":[43.697631,142.081024]}