{"字島ノ下":[43.365694,142.348834],"字中御料":[43.320325,142.372592],"北の峰町":[43.341165,142.3626],"字学田三区":[43.348001,142.372438],"字清水山":[43.362341,142.375987],"字下御料":[43.336442,142.372893],"北斗町":[43.356158,142.386114],"西町":[43.35339,142.379539],"字西学田二区":[43.357698,142.380963],"字下五区":[43.331034,142.3862],"新富町":[43.346684,142.382491],"弥生町":[43.34216,142.383264],"桂木町":[43.352662,142.387553],"若松町":[43.344645,142.386857],"末広町":[43.341005,142.387957],"本町":[43.346523,142.388504],"朝日町":[43.347549,142.390189],"幸町":[43.343222,142.389918],"花園町":[43.353741,142.393024],"日の出町":[43.344403,142.392545],"栄町":[43.342075,142.393536],"錦町":[43.350823,142.394393],"若葉町":[43.340169,142.39441],"住吉町":[43.347463,142.392574],"扇町":[43.332715,142.394757],"緑町":[43.332614,142.395583],"春日町":[43.340855,142.395057],"南町":[43.327684,142.397988],"瑞穂町":[43.347124,142.399432],"新光町":[43.34877,142.399888],"東町":[43.340784,142.401377],"西麻町":[43.344082,142.400874],"北麻町":[43.344955,142.401341],"字西扇山":[43.337302,142.403563],"南麻町":[43.342502,142.40368],"東雲町":[43.347498,142.404631],"東麻町":[43.343823,142.404844],"字南大沼":[43.343239,142.411648],"字北大沼":[43.344455,142.412698]}