{"上鷲別町":[42.384238,141.040523],"美園町6":[42.379709,141.038816],"美園町5":[42.366122,141.042809],"美園町3":[42.363323,141.045417],"美園町1":[42.361385,141.045145],"鷲別町2":[42.359925,141.047149],"鷲別町1":[42.355489,141.049375],"若草町5":[42.370763,141.049172],"美園町4":[42.366423,141.047492],"美園町2":[42.364257,141.050037],"鷲別町3":[42.358293,141.050866],"富岸町":[42.3964,141.063548],"若草町3":[42.368715,141.052753],"鷲別町4":[42.363521,141.053241],"若草町1":[42.367018,141.055462],"若草町6":[42.371724,141.051495],"鷲別町6":[42.363669,141.057735],"若草町4":[42.37312,141.056463],"鷲別町5":[42.365177,141.057885],"川上町":[42.41437,141.079866],"若草町2":[42.371381,141.061302],"新生町5":[42.378434,141.05762],"富岸町3":[42.389343,141.067182],"栄町1":[42.368666,141.060676],"新生町3":[42.377201,141.06405],"栄町2":[42.372275,141.06556],"新生町1":[42.377029,141.067895],"新生町6":[42.380805,141.061476],"新生町4":[42.381189,141.066495],"富岸町2":[42.385086,141.070317],"栄町3":[42.380939,141.073239],"新生町2":[42.379455,141.069409],"栄町4":[42.378698,141.071998],"富岸町1":[42.38699,141.071127],"若山町4":[42.38243,141.072529],"若山町3":[42.387965,141.075468],"青葉町":[42.403934,141.086346],"大和町2":[42.390076,141.084171],"若山町2":[42.391069,141.082574],"桜木町6":[42.408356,141.084376],"若山町1":[42.395048,141.087917],"桜木町5":[42.419073,141.081974],"片倉町6":[42.420111,141.082415],"緑町3":[42.401481,141.092209],"片倉町4":[42.41279,141.089644],"片倉町2":[42.416441,141.089331],"片倉町5":[42.416112,141.089072],"大和町1":[42.396358,141.092242],"新川町4":[42.411251,141.095449],"緑町4":[42.40198,141.086471],"桜木町4":[42.405566,141.087758],"柏木町5":[42.423265,141.095394],"片倉町3":[42.414381,141.09174],"桜木町3":[42.406122,141.09076],"緑町2":[42.402595,141.093142],"片倉町1":[42.415651,141.093298],"緑町1":[42.397301,141.090991],"柏木町3":[42.417648,141.097724],"桜木町2":[42.403979,141.096518],"柏木町2":[42.416026,141.098851],"新川町3":[42.408919,141.09698],"富士町7":[42.415557,141.098211],"富士町6":[42.412463,141.097871],"常盤町6":[42.426704,141.098433],"桜木町1":[42.403148,141.097809],"柏木町4":[42.418776,141.0979],"新川町2":[42.406819,141.099586],"富士町3":[42.409158,141.100651],"常盤町5":[42.417997,141.102943],"富士町4":[42.411399,141.101368],"千歳町":[42.424962,141.11489],"富士町5":[42.411928,141.101467],"常盤町4":[42.418727,141.105137],"柏木町1":[42.417303,141.101908],"来馬町":[42.443861,141.101827],"新川町1":[42.406774,141.100882],"富士町2":[42.411403,141.102555],"中央町3":[42.408932,141.104096],"常盤町3":[42.417953,141.108209],"幌別町1":[42.408629,141.107069],"カルルス町":[42.51618,141.108871],"富士町1":[42.41201,141.102712],"千歳町5":[42.423039,141.114196],"常盤町1":[42.414548,141.103863],"幌別町2":[42.408952,141.110259],"中央町4":[42.411211,141.104775],"中央町5":[42.412132,141.104594],"常盤町2":[42.415719,141.105633],"中央町2":[42.410234,141.107126],"札内町":[42.461341,141.140837],"千歳町6":[42.426567,141.108954],"千歳町3":[42.417417,141.110416],"中央町6":[42.415196,141.109582],"中央町7":[42.415988,141.109488],"中央町1":[42.412651,141.109616],"上登別町":[42.497386,141.137345],"幌別町3":[42.411516,141.110653],"幌別町4":[42.410647,141.111834],"千歳町1":[42.416233,141.112781],"千歳町4":[42.421051,141.116242],"幌別町5":[42.415653,141.116396],"幌別町6":[42.415172,141.116625],"千歳町2":[42.423557,141.122381],"幌別町8":[42.419113,141.123067],"幌別町7":[42.418679,141.119982],"新栄町":[42.43343,141.133858],"幸町1":[42.424008,141.126794],"幸町2":[42.422351,141.1276],"幸町3":[42.431302,141.137012],"富浦町":[42.438851,141.139457],"幸町4":[42.427728,141.133046],"登別温泉町":[42.494757,141.145325],"幸町5":[42.434897,141.140532],"幸町6":[42.433984,141.141847],"富浦町5":[42.439787,141.142709],"中登別町":[42.465259,141.178616],"富浦町4":[42.43903,141.14651],"富浦町3":[42.436172,141.146161],"富浦町2":[42.442192,141.164157],"富浦町1":[42.442588,141.159047],"登別本町3":[42.447515,141.172962],"登別本町2":[42.451634,141.171953],"登別港町2":[42.446098,141.173516],"登別東町5":[42.452875,141.174086],"登別本町1":[42.450653,141.173996],"登別東町4":[42.457579,141.177052],"登別東町2":[42.452548,141.179353],"登別港町1":[42.452349,141.180618],"登別東町3":[42.457156,141.180347],"登別東町1":[42.455538,141.184202]}