{"盤尻":[42.862701,141.54206],"島松沢":[42.906732,141.506161],"北柏木町3":[42.89672,141.559926],"柏木町":[42.890857,141.562283],"桜森":[42.913579,141.543373],"牧場":[42.86252,141.551529],"西島松":[42.913847,141.581232],"北柏木町5":[42.906356,141.558499],"北柏木町4":[42.904016,141.558508],"幸町4":[42.881739,141.558685],"柏木町1":[42.893468,141.559923],"幸町1":[42.885847,141.559599],"北柏木町1":[42.904227,141.562826],"幸町2":[42.884728,141.562629],"下島松":[42.945399,141.592817],"柏木町2":[42.895768,141.563352],"北柏木町2":[42.901143,141.565275],"白樺町1":[42.870822,141.57447],"幸町3":[42.883601,141.563508],"島松寿町2":[42.913761,141.5733],"柏木町3":[42.893686,141.565536],"文京町1":[42.88734,141.56645],"柏木町5":[42.889784,141.565178],"文京町2":[42.886116,141.567151],"柏陽町3":[42.895061,141.571516],"文京町3":[42.884867,141.567545],"文京町4":[42.883011,141.567737],"柏木町4":[42.89009,141.568779],"美咲野2":[42.878126,141.566518],"美咲野4":[42.87548,141.568984],"大町1":[42.888263,141.569678],"美咲野1":[42.88236,141.569007],"白樺町4":[42.865632,141.572172],"白樺町3":[42.867374,141.572489],"恵み野里美2":[42.905474,141.571828],"恵南":[42.860491,141.600625],"大町2":[42.887365,141.570143],"恵央町":[42.893702,141.574926],"島松寿町1":[42.919305,141.573157],"美咲野3":[42.877185,141.570333],"大町3":[42.885934,141.570661],"柏陽町1":[42.899373,141.574131],"大町4":[42.885115,141.571954],"美咲野5":[42.875874,141.571244],"有明町1":[42.888046,141.572057],"美咲野6":[42.874217,141.572294],"柏陽町4":[42.897031,141.574289],"本町":[42.882082,141.575284],"恵み野里美1":[42.902347,141.573852],"有明町6":[42.886919,141.574496],"漁町":[42.880236,141.577521],"有明町2":[42.890208,141.574505],"桜町2":[42.874803,141.577065],"有明町5":[42.888313,141.576231],"白樺町2":[42.870943,141.576328],"島松本町2":[42.922979,141.579291],"島松本町1":[42.92149,141.578263],"有明町3":[42.891164,141.576237],"島松仲町1":[42.920285,141.577444],"島松仲町2":[42.91893,141.576666],"島松本町3":[42.924045,141.580107],"島松仲町3":[42.916798,141.575391],"桜町1":[42.877421,141.574552],"新町":[42.88326,141.576905],"島松東町4":[42.916456,141.576851],"桜町4":[42.87301,141.575293],"島松本町4":[42.925538,141.581115],"恵み野西1":[42.904196,141.580316],"恵み野西2":[42.902394,141.578757],"福住町1":[42.887366,141.580174],"中島町6":[42.898174,141.579699],"中島町1":[42.892473,141.580261],"有明町4":[42.889799,141.577613],"中島町5":[42.897215,141.582631],"中島町4":[42.896106,141.582164],"泉町":[42.878466,141.579516],"桜町3":[42.874809,141.578438],"島松東町3":[42.916797,141.579514],"京町":[42.881001,141.579134],"恵み野西6":[42.907095,141.582277],"駒場町4":[42.867692,141.583736],"中島町2":[42.892674,141.581885],"駒場町3":[42.871054,141.580479],"福住町2":[42.884807,141.581028],"末広町":[42.883134,141.582302],"恵み野西3":[42.901538,141.581518],"島松東町2":[42.919184,141.58063],"島松東町1":[42.919998,141.582722],"駒場町2":[42.872166,141.581852],"栄恵町":[42.87953,141.581455],"恵み野北1":[42.910237,141.581849],"駒場町1":[42.873427,141.583599],"島松旭町1":[42.923417,141.583324],"黄金北1":[42.892145,141.586424],"南島松":[42.913805,141.604809],"恵み野西4":[42.90351,141.583444],"福住町3":[42.884675,141.583588],"住吉町1":[42.874652,141.583618],"恵み野北6":[42.91065,141.586442],"島松旭町4":[42.921077,141.584037],"住吉町2":[42.874493,141.586026],"恵み野北2":[42.909248,141.58571],"恵み野南1":[42.898819,141.584708],"恵み野西5":[42.906116,141.584839],"島松旭町2":[42.924763,141.584875],"黄金北2":[42.887588,141.586015],"恵み野南2":[42.900338,141.586181],"恵み野北7":[42.9117,141.587364],"中島町3":[42.896515,141.585192],"緑町2":[42.879176,141.585881],"緑町1":[42.881177,141.583286],"駒場町5":[42.8695,141.584837],"相生町":[42.877884,141.590878],"恵み野南4":[42.903886,141.588828],"駒場町6":[42.871014,141.586613],"黄金北3":[42.890701,141.588434],"島松旭町3":[42.924085,141.586638],"住吉町3":[42.87545,141.587428],"黄金中央1":[42.885799,141.587968],"恵み野北3":[42.907618,141.588525],"和光町1":[42.872509,141.590067],"恵み野南3":[42.901043,141.590785],"住吉町4":[42.876375,141.588795],"黄金北4":[42.893135,141.591294],"恵み野北5":[42.911249,141.590177],"黄金中央4":[42.888971,141.590553],"黄金中央2":[42.884813,141.590785],"穂栄":[42.955884,141.616394],"和光町2":[42.874225,141.592567],"中島松":[42.934433,141.611701],"上山口":[42.894128,141.628414],"黄金南1":[42.880217,141.596643],"恵み野東1":[42.90703,141.591795],"戸磯":[42.878784,141.617673],"恵み野北4":[42.910208,141.593971],"黄金中央3":[42.887603,141.592851],"恵み野東2":[42.905857,141.593822],"恵み野東3":[42.902258,141.593014],"和光町3":[42.875881,141.593485],"黄金南2":[42.885069,141.595234],"黄金中央5":[42.891796,141.594557],"和光町5":[42.872354,141.598552],"北島":[42.979317,141.59855],"和光町4":[42.873998,141.596411],"恵み野東7":[42.909022,141.595967],"恵み野東4":[42.904826,141.597495],"黄金南5":[42.88783,141.59671],"黄金南3":[42.883775,141.599052],"恵み野東6":[42.908947,141.59768],"黄金南6":[42.89003,141.598529],"黄金南4":[42.886542,141.600922],"恵み野東5":[42.907539,141.600442],"黄金南7":[42.888825,141.602462],"中央":[42.908431,141.638104],"林田":[42.961357,141.627824],"春日":[42.922026,141.64729],"漁太":[42.940963,141.650583]}