{"西":[35.84693,140.173688],"南":[35.843832,140.229833],"布太":[35.853717,140.191587],"南ケ丘2":[35.836792,140.195993],"三和":[35.853001,140.190281],"中谷":[35.856572,140.19675],"請方":[35.848884,140.219844],"曽根":[35.838365,140.20396],"南ケ丘1":[35.837625,140.209486],"北":[35.860525,140.212217],"押付":[35.841213,140.213241],"大森":[35.839895,140.218051],"長門谷":[35.84152,140.22856],"脇川":[35.843429,140.22657],"四ツ谷":[35.84773,140.222815],"四箇":[35.841358,140.222149],"生板鍋子新田":[35.852616,140.229738],"布鎌酒直":[35.852068,140.230625],"龍ケ崎町歩":[35.85315,140.223635],"和田":[35.852683,140.23776],"安食卜杭新田":[35.841925,140.234824],"安食":[35.837445,140.255338],"安食3":[35.836669,140.238942],"安食台3":[35.844854,140.243375],"安食2":[35.835303,140.241494],"安食台2":[35.842411,140.24441],"安食1":[35.833956,140.245815],"須賀":[35.858798,140.251228],"安食台4":[35.84496,140.248491],"安食台1":[35.839679,140.245074],"安食台6":[35.837917,140.248717],"安食台5":[35.840659,140.251079],"酒直":[35.8191,140.255708],"酒直台1":[35.829588,140.260131],"酒直台2":[35.82785,140.26284],"北辺田":[35.85841,140.269862],"龍角寺":[35.820637,140.27966],"興津":[35.852888,140.277476],"麻生":[35.835147,140.28107],"矢口神明1":[35.86853,140.274133],"矢口神明5":[35.867053,140.276647],"矢口":[35.863149,140.283872],"矢口神明2":[35.869526,140.278748],"竜角寺台2":[35.824469,140.281331],"竜角寺台6":[35.831592,140.282862],"矢口神明4":[35.868705,140.279507],"竜角寺台4":[35.829409,140.281104],"竜角寺台1":[35.821697,140.279322],"矢口神明3":[35.869541,140.283585],"竜角寺台3":[35.828127,140.28388],"竜角寺台5":[35.828925,140.285249]}