{"有珠町":[42.516819,140.794937],"向有珠町":[42.514917,140.781838],"南有珠町":[42.501659,140.782861],"北有珠町":[42.521938,140.835429],"東有珠町":[42.511709,140.802299],"長和町":[42.485245,140.840857],"若生町":[42.500283,140.831241],"上長和町":[42.517163,140.866082],"館山下町":[42.474429,140.840957],"西浜町":[42.468431,140.851011],"山下町":[42.474375,140.850179],"館山町":[42.477219,140.861525],"上館山町":[42.50196,140.863309],"錦町":[42.469227,140.861965],"大町":[42.470808,140.862393],"網代町":[42.468867,140.865499],"末永町":[42.480464,140.864947],"東浜町":[42.462859,140.869654],"鹿島町":[42.471494,140.866831],"旭町":[42.465243,140.871543],"元町":[42.466619,140.871385],"梅本町":[42.474024,140.877656],"西関内町":[42.519048,140.899938],"舟岡町":[42.456691,140.880552],"竹原町":[42.478474,140.883614],"松ヶ枝町":[42.483314,140.905294],"東関内町":[42.503992,140.912299],"萩原町":[42.459621,140.915832],"弄月町":[42.46111,140.901396],"乾町":[42.483333,140.922526],"清住町":[42.472234,140.90569],"北稀府町":[42.460295,140.934256],"中稀府町":[42.434191,140.892126],"南稀府町":[42.435991,140.929003],"北黄金町":[42.42695,140.943562],"幌美内町":[42.463353,140.915655],"南黄金町":[42.381204,140.914108]}