{"笹川い":[35.834938,140.684824],"大友":[35.807437,140.666023],"小座":[35.803181,140.674844],"窪野谷":[35.807321,140.669369],"青馬":[35.808041,140.683809],"笹川ろ":[35.831089,140.686343],"粟野":[35.799877,140.678354],"羽計":[35.821332,140.694092],"谷津":[35.819833,140.695939],"今郡":[35.816638,140.691019],"宮野台":[35.796577,140.689463],"宮本":[35.800363,140.69192],"新宿":[35.831455,140.686847],"小南":[35.798177,140.690124],"東今泉":[35.813529,140.712975],"石出":[35.818563,140.713249]}