{"仁別":[42.904572,141.421501],"三島":[42.918461,141.529327],"大曲":[42.980189,141.513201],"大曲幸町7":[42.97126,141.468689],"輪厚":[42.9326,141.530993],"大曲幸町2":[42.975011,141.472065],"大曲幸町6":[42.969117,141.469775],"大曲工業団地8":[42.964363,141.473072],"大曲幸町3":[42.969802,141.473867],"大曲並木3":[42.97924,141.474549],"大曲幸町5":[42.966958,141.471865],"大曲並木1":[42.97738,141.473684],"大曲幸町1":[42.971877,141.476366],"島松":[42.930634,141.558301],"大曲幸町4":[42.969294,141.474697],"大曲工業団地7":[42.962782,141.477555],"大曲工業団地6":[42.958711,141.480573],"大曲並木2":[42.976708,141.477134],"大曲南ヶ丘2":[42.97017,141.478988],"大曲南ヶ丘1":[42.971112,141.477824],"大曲中央1":[42.975003,141.478793],"大曲南ヶ丘3":[42.969219,141.480395],"大曲緑ヶ丘2":[42.979562,141.48006],"大曲緑ヶ丘6":[42.983061,141.479508],"大曲南ヶ丘4":[42.968999,141.481209],"大曲緑ヶ丘4":[42.981454,141.47975],"大曲緑ヶ丘1":[42.978901,141.483332],"大曲工業団地5":[42.958116,141.484276],"大曲中央2":[42.973669,141.478975],"大曲南ヶ丘5":[42.967875,141.482112],"大曲工業団地1":[42.965071,141.484037],"大曲中央3":[42.972879,141.482946],"大曲柏葉1":[42.970956,141.483611],"大曲緑ヶ丘7":[42.983075,141.482568],"大曲末広1":[42.973737,141.484907],"大曲緑ヶ丘5":[42.981025,141.483118],"大曲工業団地2":[42.964056,141.486912],"大曲緑ヶ丘3":[42.979533,141.48435],"大曲末広2":[42.974396,141.485677],"輪厚工業団地2":[42.947055,141.491222],"大曲末広3":[42.976374,141.487303],"大曲工業団地3":[42.961497,141.489878],"大曲柏葉2":[42.967776,141.487475],"大曲光4":[42.985477,141.487416],"大曲光3":[42.983802,141.487019],"大曲光2":[42.982055,141.486907],"大曲光1":[42.98045,141.48802],"大曲末広5":[42.970607,141.488589],"大曲末広4":[42.979305,141.487637],"西の里":[43.01453,141.491835],"大曲末広7":[42.974169,141.488923],"大曲末広6":[42.971448,141.48845],"大曲柏葉3":[42.964565,141.489047],"大曲工業団地4":[42.959577,141.491937],"虹ヶ丘8":[43.019591,141.487948],"虹ヶ丘7":[43.022594,141.489493],"大曲柏葉4":[42.966707,141.491719],"虹ヶ丘6":[43.021005,141.491811],"大曲柏葉5":[42.965072,141.493878],"輪厚工業団地1":[42.949621,141.497581],"虹ヶ丘1":[43.018272,141.495215],"虹ヶ丘5":[43.01873,141.49376],"虹ヶ丘3":[43.022188,141.494197],"虹ヶ丘4":[43.02101,141.494658],"西の里北5":[43.017054,141.49672],"虹ヶ丘2":[43.018951,141.496179],"西の里南2":[43.011609,141.499508],"輪厚元町2":[42.950941,141.498055],"西の里北3":[43.016717,141.499821],"西の里北4":[43.018616,141.499212],"輪厚元町1":[42.948355,141.499993],"希望ヶ丘2":[42.952666,141.502091],"西の里南1":[43.013292,141.50139],"希望ヶ丘1":[42.948886,141.501918],"西の里北2":[43.017599,141.502946],"西の里北1":[43.016354,141.502193],"輪厚中央1":[42.945953,141.504151],"輪厚中央5":[42.940198,141.505062],"希望ヶ丘3":[42.949411,141.503329],"西の里東1":[43.015481,141.505361],"希望ヶ丘5":[42.953738,141.505905],"中の沢":[42.982105,141.587773],"輪厚中央2":[42.9477,141.505366],"西の里東2":[43.017033,141.505595],"希望ヶ丘4":[42.952384,141.506221],"輪厚中央4":[42.94009,141.508012],"西の里東4":[43.014235,141.509356],"輪厚中央3":[42.941533,141.510505],"西の里東3":[43.014967,141.510854],"富ヶ岡":[42.977167,141.594051],"山手町7":[42.963899,141.539012],"山手町2":[42.968704,141.538825],"山手町5":[42.966812,141.539314],"山手町6":[42.965973,141.541084],"里見町2":[42.959558,141.54046],"山手町1":[42.973591,141.546156],"山手町3":[42.9696,141.541635],"里見町1":[42.961054,141.541837],"山手町8":[42.96437,141.540991],"山手町4":[42.967868,141.543064],"里見町3":[42.959969,141.542355],"共栄":[42.995961,141.584591],"緑陽町3":[42.964527,141.544842],"緑陽町2":[42.966461,141.54304],"高台町2":[42.962891,141.544982],"高台町3":[42.961105,141.545127],"里見町4":[42.95894,141.545201],"里見町5":[42.958423,141.547403],"緑陽町1":[42.966881,141.547971],"高台町4":[42.96098,141.546143],"南の里":[42.968792,141.590581],"北の里":[43.007367,141.574694],"高台町1":[42.962625,141.548642],"高台町5":[42.959664,141.548762],"高台町7":[42.961762,141.550844],"松葉町1":[42.9722,141.550594],"里見町6":[42.958669,141.549582],"松葉町6":[42.96545,141.550928],"高台町6":[42.961258,141.551212],"泉町2":[42.963521,141.550085],"輝美町":[42.978292,141.555185],"松葉町2":[42.971436,141.551722],"里見町7":[42.96041,141.553616],"松葉町5":[42.96816,141.552943],"松葉町4":[42.969044,141.553204],"泉町1":[42.964039,141.551934],"泉町3":[42.963355,141.552682],"松葉町3":[42.971112,141.553329],"白樺町1":[42.967431,141.554282],"美沢4":[42.981827,141.554214],"広葉町3":[42.974384,141.555296],"泉町4":[42.961054,141.553995],"白樺町2":[42.965219,141.556064],"広葉町4":[42.972781,141.555821],"若葉町4":[42.968643,141.556245],"白樺町3":[42.963766,141.557312],"広葉町2":[42.976335,141.558193],"美沢5":[42.982488,141.551884],"共栄町3":[42.992089,141.558488],"南町4":[42.965661,141.556901],"若葉町2":[42.971127,141.557741],"広葉町1":[42.97755,141.557579],"北進町4":[42.980195,141.556757],"若葉町3":[42.970475,141.559051],"広葉町5":[42.973473,141.558881],"美沢3":[42.982973,141.559698],"南町3":[42.966248,141.559681],"北進町3":[42.97971,141.559248],"北進町2":[42.981019,141.560702],"美沢1":[42.985461,141.56097],"共栄町2":[42.989493,141.561],"若葉町1":[42.972138,141.559579],"共栄町5":[42.996342,141.562903],"共栄町4":[42.993954,141.563352],"栄町2":[42.976966,141.561146],"栄町3":[42.976043,141.561259],"栄町4":[42.973904,141.560659],"美沢2":[42.984201,141.561931],"南町2":[42.967271,141.560779],"青葉町3":[42.970686,141.562955],"青葉町2":[42.971561,141.562232],"共栄町1":[42.989135,141.565201],"南町1":[42.968577,141.563958],"中央3":[42.988095,141.563772],"北進町1":[42.979576,141.562264],"栄町1":[42.976137,141.562639],"青葉町1":[42.97103,141.564665],"中央4":[42.984048,141.565236],"中央6":[42.978208,141.567272],"中央5":[42.981086,141.565532],"青葉町4":[42.970305,141.565317],"東共栄2":[42.993582,141.56768],"新富町西2":[42.971567,141.568514],"新富町西1":[42.973342,141.566862],"中央1":[42.987794,141.566936],"東共栄1":[42.989836,141.568691],"中央2":[42.986168,141.567364],"新富町西4":[42.969122,141.568059],"稲穂町西6":[42.982289,141.56669],"稲穂町西5":[42.980336,141.56833],"稲穂町西1":[42.984903,141.569187],"稲穂町西7":[42.979327,141.569047],"新富町西3":[42.970182,141.568848],"稲穂町西2":[42.983772,141.569097],"新富町東1":[42.974099,141.568906],"稲穂町西3":[42.9827,141.569033],"東共栄3":[42.99379,141.568712],"稲穂町西4":[42.981644,141.568951],"朝日町2":[42.98801,141.569296],"朝日町1":[42.985936,141.569173],"稲穂町西8":[42.978489,141.569164],"東共栄4":[42.990015,141.570284],"新富町東2":[42.969996,141.573475],"美咲き野2":[42.994501,141.573148],"稲穂町東5":[42.980296,141.570839],"稲穂町東6":[42.979203,141.570587],"稲穂町東4":[42.981148,141.570962],"朝日町3":[42.988594,141.573107],"稲穂町東3":[42.982377,141.571388],"稲穂町東7":[42.97842,141.57079],"稲穂町東2":[42.983381,141.571756],"稲穂町東1":[42.984955,141.572286],"美咲き野1":[42.990439,141.572167],"朝日町4":[42.98629,141.571938],"稲穂町東12":[42.979699,141.572638],"稲穂町東11":[42.98089,141.573041],"稲穂町東10":[42.982107,141.573382],"稲穂町東9":[42.98307,141.573742],"美咲き野3":[42.990884,141.574878],"朝日町5":[42.98733,141.575326],"稲穂町東8":[42.985795,141.574877],"朝日町6":[42.988765,141.575987],"東の里":[42.982998,141.59414]}