{"新港西3":[43.163475,141.273213],"樽川":[43.16244,141.293469],"新港西2":[43.172984,141.284473],"樽川九条3":[43.147385,141.273391],"樽川九条2":[43.145445,141.275375],"樽川八条3":[43.148279,141.276603],"花川南十条1":[43.140499,141.277641],"樽川九条1":[43.144198,141.277131],"新港西1":[43.161014,141.27644],"樽川八条2":[43.147336,141.277917],"樽川七条3":[43.15065,141.278734],"花川南九条1":[43.142739,141.279916],"花川南十条2":[43.138844,141.279941],"樽川八条1":[43.145978,141.279815],"樽川七条2":[43.148879,141.280389],"樽川六条3":[43.151964,141.280056],"花川南八条1":[43.144556,141.282345],"花川南九条2":[43.140959,141.282384],"花川南十条3":[43.137023,141.282459],"樽川七条1":[43.148641,141.281521],"樽川六条2":[43.150167,141.281608],"新港中央1":[43.178621,141.30431],"花川南七条1":[43.146359,141.284759],"花川南八条2":[43.142816,141.284762],"樽川五条3":[43.1539,141.283041],"花川南九条3":[43.139111,141.284922],"花川南十条4":[43.135459,141.283166],"樽川六条1":[43.149611,141.284456],"樽川五条2":[43.152262,141.284889],"樽川四条3":[43.155391,141.285875],"花川南六条1":[43.148182,141.287208],"花川南七条2":[43.144618,141.28718],"花川南八条3":[43.141557,141.28652],"花川南九条4":[43.138539,141.28572],"樽川五条1":[43.152226,141.28632],"樽川四条2":[43.154369,141.287673],"樽川三条3":[43.158002,141.288113],"花川南五条1":[43.149994,141.289631],"花川南六条2":[43.146408,141.289682],"花川南七条3":[43.142818,141.289718],"花川南九条5":[43.136373,141.287823],"花川南八条4":[43.138838,141.289668],"樽川三条2":[43.156806,141.289773],"樽川四条1":[43.15317,141.28811],"花川南四条1":[43.151816,141.292066],"花川南五条2":[43.148225,141.292113],"花川南六条3":[43.144648,141.292162],"花川南七条4":[43.140824,141.291966],"花川南八条5":[43.138149,141.290396],"樽川三条1":[43.154974,141.291083],"新港中央4":[43.207359,141.299522],"花川南三条1":[43.153594,141.294434],"花川南四条2":[43.150051,141.294553],"花川南五条3":[43.146457,141.294588],"花川南六条4":[43.1425,141.294452],"花川南七条5":[43.13918,141.294507],"花川南二条1":[43.15569,141.294422],"花川南三条2":[43.150923,141.295345],"花川南四条3":[43.146528,141.295935],"花川南五条4":[43.144335,141.296198],"花川南六条5":[43.139828,141.295765],"花畔":[43.179324,141.316665],"新港中央2":[43.194754,141.309889],"花川南一条1":[43.157313,141.299356],"花川南二条2":[43.153689,141.299374],"花川南五条5":[43.14206,141.30032],"花川南三条3":[43.150085,141.299419],"花川南四条4":[43.14652,141.299503],"花川南一条2":[43.155533,141.301836],"花川北一条1":[43.160965,141.302142],"花川南二条3":[43.15192,141.301863],"花川南三条4":[43.148315,141.301903],"花川南四条5":[43.144788,141.306931],"花川北一条2":[43.156917,141.304209],"花川南五条6":[43.141163,141.300669],"新港南2":[43.1915,141.325135],"花川南一条3":[43.153761,141.304306],"花川南三条5":[43.146421,141.302486],"花川南二条4":[43.150147,141.304351],"花川南四条6":[43.142745,141.302976],"花川北二条1":[43.162588,141.304443],"花川南一条4":[43.151986,141.306781],"花川北一条3":[43.154624,141.307399],"花川南二条5":[43.14819,141.307189],"花川北二条2":[43.160032,141.307874],"花川北二条3":[43.155734,141.30888],"花川北三条1":[43.165725,141.307962],"新港中央3":[43.200433,141.305761],"花川南一条5":[43.148699,141.308283],"花川北三条2":[43.163994,141.309833],"花川南二条6":[43.146897,141.309738],"花川北一条4":[43.15333,141.309011],"花川":[43.146297,141.313809],"花川北一条5":[43.151336,141.312115],"花川南一条6":[43.147148,141.310478],"花川北四条1":[43.165905,141.309426],"花川北二条4":[43.157079,141.311796],"花川北三条3":[43.164086,141.31081],"花川北四条2":[43.16584,141.315665],"花川北二条5":[43.156507,141.314858],"花川北一条6":[43.148884,141.312389],"花畔二条1":[43.172754,141.315062],"花川北五条1":[43.168378,141.315272],"花川北四条3":[43.16419,141.316888],"花川北二条6":[43.152394,141.316021],"花川北三条4":[43.157409,141.314855],"花川北六条1":[43.169698,141.317157],"花畔三条1":[43.176378,141.31789],"新港南3":[43.202778,141.32803],"花川北三条5":[43.15802,141.317707],"花川北四条4":[43.163244,141.318487],"花川北五条2":[43.165357,141.318719],"花川東":[43.154437,141.330598],"花川北七条1":[43.172571,141.320165],"花川北四条5":[43.162518,141.319613],"花川北六条2":[43.169533,141.320699],"花川北三条6":[43.155699,141.319801],"花畔四条1":[43.178638,141.319649],"花畔一条1":[43.174611,141.319909],"新港東2":[43.208518,141.316368],"花川北六条3":[43.168635,141.322948],"花川北五条3":[43.164182,141.32114],"花川北七条2":[43.16996,141.32238],"花川北六条4":[43.165465,141.324103],"花畔一条2":[43.181936,141.323917],"花川東一条1":[43.16901,141.334636],"生振":[43.205505,141.339098],"花川北六条5":[43.167471,141.327607],"花川北七条3":[43.168024,141.328111],"新港東3":[43.213423,141.332427],"新港南1":[43.192785,141.335312],"花川東二条1":[43.167104,141.334195],"志美":[43.216214,141.350626],"新港東1":[43.210584,141.338403],"親船町":[43.223127,141.328376],"緑苑台西二条3":[43.151707,141.332865],"緑苑台西一条3":[43.154566,141.335898],"花川東二条2":[43.166888,141.338049],"花川東一条2":[43.169972,141.338206],"緑苑台東一条1":[43.161479,141.339365],"緑苑台中央3":[43.157344,141.339081],"緑苑台中央2":[43.158994,141.33779],"花川東一条3":[43.168148,141.340114],"緑苑台東一条2":[43.160385,141.340953],"緑苑台東二条1":[43.16365,141.342437],"花川東二条3":[43.166638,141.341015],"親船東一条1":[43.224797,141.342803],"花川東一条4":[43.167094,141.342861],"緑苑台東二条2":[43.161584,141.344221],"親船東二条1":[43.227607,141.343395],"緑苑台東三条1":[43.16546,141.343831],"親船東三条1":[43.229779,141.344232],"親船東一条2":[43.224687,141.345991],"緑苑台東三条2":[43.16492,141.346383],"船場町":[43.218983,141.364255],"親船東二条2":[43.226768,141.347313],"親船東三条2":[43.22869,141.34546],"緑苑台東三条3":[43.163644,141.348572],"弁天町":[43.245541,141.348807],"横町":[43.244276,141.348171],"本町":[43.246641,141.355126],"仲町":[43.247461,141.35564],"新町":[43.248566,141.35622],"若生":[43.239713,141.36159],"八幡1":[43.243687,141.370138],"八幡2":[43.24555,141.371677],"北生振":[43.230554,141.418129],"八幡3":[43.255013,141.378491],"八幡4":[43.245455,141.376777],"美登位":[43.20427,141.418801],"緑苑台中央1":[43.159218,141.33463],"新港東4":[43.217971,141.310996]}