{"岩山":[35.73387,140.422992],"新井田新田":[35.700213,140.374045],"牧野":[35.715029,140.392833],"高田":[35.706372,140.408464],"新井田":[35.697596,140.409752],"宝馬":[35.711235,140.404299],"大台":[35.707187,140.430475],"朝倉":[35.729808,140.403643],"菱田":[35.772329,140.410795],"山田":[35.723754,140.424941],"香山新田":[35.749307,140.406976],"小池":[35.706298,140.434035],"大里":[35.747035,140.400878],"飯櫃":[35.729779,140.42379],"山中":[35.696219,140.441698],"芝山":[35.691441,140.433432],"小原子":[35.732745,140.434455],"上吹入":[35.717268,140.432286],"下吹入":[35.715194,140.436308],"境":[35.710635,140.444501],"宮崎":[35.704912,140.437951],"高谷":[35.700318,140.443752],"殿部田":[35.703675,140.453263]}