{"西野":[35.53038,140.392481],"不動堂":[35.509726,140.4355],"藤下":[35.513167,140.438456],"大沼":[35.521988,140.436231],"真亀":[35.507116,140.433554],"細屋敷":[35.514502,140.439444],"粟生":[35.518968,140.442845],"下貝塚":[35.511787,140.437318],"田中荒生":[35.53587,140.454169],"片貝":[35.533794,140.452609],"宿":[35.518824,140.434071],"小関":[35.538364,140.457496],"真亀新田":[35.507927,140.428617],"作田":[35.543029,140.465079]}