{"蔵持":[35.397664,140.21982],"深沢":[35.398317,140.211154],"岩撫":[35.371207,140.220769],"山内":[35.353864,140.226368],"水沼":[35.370605,140.225472],"棚毛":[35.421559,140.23361],"又富":[35.41033,140.224904],"千田":[35.404891,140.236569],"竹林":[35.381585,140.219578],"茗荷沢":[35.379782,140.226078],"長南":[35.400591,140.243176],"報恩寺":[35.384082,140.239298],"小沢":[35.374792,140.250021],"佐坪":[35.371352,140.242186],"岩川":[35.422328,140.235627],"今泉":[35.422135,140.245931],"坂本":[35.389303,140.263107],"米満":[35.416923,140.251266],"千手堂":[35.40873,140.250122],"市野々":[35.345741,140.24674],"本台":[35.422103,140.246871],"上小野田":[35.364786,140.259713],"美原台":[35.36354,140.249689],"関原":[35.40997,140.251169],"小生田":[35.357742,140.262409],"下小野田":[35.37241,140.260942],"中原":[35.380287,140.260613],"須田":[35.420503,140.255404],"給田":[35.371477,140.272304],"豊原":[35.380067,140.266073],"地引":[35.367665,140.271376],"芝原":[35.373045,140.281706]}