{"北高根":[35.436193,140.367973],"関":[35.455786,140.378628],"福島":[35.458635,140.359798],"南日当":[35.468796,140.37316],"北日当":[35.469981,140.372964],"驚":[35.435593,140.397597],"中里":[35.432757,140.397376],"剃金":[35.458716,140.406267],"八斗":[35.438345,140.397928],"五井":[35.439717,140.399339],"幸治":[35.425196,140.393061],"古所":[35.447811,140.403871],"牛込":[35.461554,140.401421],"浜宿":[35.471653,140.413468]}