{"実谷":[35.19691,140.331752],"七本":[35.181356,140.32857],"上布施":[35.215782,140.350208],"御宿台":[35.191626,140.346849],"高山田":[35.20418,140.347851],"浜":[35.185094,140.354204],"須賀":[35.18634,140.351567],"久保":[35.196015,140.36404],"新町":[35.188457,140.365166],"六軒町":[35.189866,140.366496],"岩和田":[35.186215,140.380532]}