{"ビトエ":[43.17509,141.435967],"獅子内":[43.202692,141.476219],"字高岡":[43.227832,141.442259],"太美町":[43.191476,141.450285],"当別太":[43.197728,141.471102],"スウェーデンヒルズ":[43.21337,141.467787],"太美南":[43.188188,141.450536],"太美スターライト":[43.195986,141.453691],"川下":[43.167734,141.508246],"字上当別":[43.239173,141.483328],"若葉":[43.232639,141.507986],"下川町":[43.214512,141.513655],"字弁華別":[43.253954,141.504854],"西町":[43.224368,141.511101],"美里":[43.219466,141.510787],"対雁":[43.193825,141.535427],"蕨岱":[43.174995,141.56967],"六軒町":[43.246231,141.507122],"錦町":[43.221042,141.514504],"末広":[43.216622,141.51489],"北栄町":[43.226531,141.518852],"白樺町":[43.224534,141.519228],"栄町":[43.213517,141.522621],"弥生":[43.219459,141.517174],"幸町":[43.216894,141.518138],"園生":[43.222887,141.519203],"元町":[43.220202,141.52337],"春日町":[43.229845,141.526623],"緑町":[43.222037,141.524396],"樺戸町":[43.214299,141.538794],"東町":[43.226367,141.529049],"字茂平沢":[43.262032,141.560404],"字東裏":[43.195682,141.572028],"字金沢":[43.256774,141.582192],"字中小屋":[43.286415,141.618551]}