{"谷中3":[35.730882,139.76337],"谷中2":[35.721617,139.766037],"池之端2":[35.715254,139.767595],"谷中5":[35.726905,139.766844],"谷中1":[35.721182,139.768637],"池之端1":[35.711206,139.767608],"池之端4":[35.719748,139.768779],"谷中4":[35.722321,139.766851],"谷中7":[35.725186,139.77329],"池之端3":[35.715258,139.769388],"谷中6":[35.723327,139.769409],"上野公園":[35.711907,139.769625],"上野桜木1":[35.72061,139.770263],"上野2":[35.711292,139.772958],"上野1":[35.70762,139.772682],"上野桜木2":[35.72437,139.774636],"上野3":[35.707622,139.77433],"上野4":[35.71092,139.774314],"秋葉原":[35.702406,139.775376],"上野5":[35.706432,139.774602],"上野6":[35.710868,139.774705],"根岸2":[35.725907,139.77418],"台東1":[35.702037,139.780688],"台東2":[35.703653,139.781015],"台東3":[35.705241,139.781389],"台東4":[35.706789,139.781735],"根岸1":[35.722824,139.776674],"東上野1":[35.708254,139.78182],"東上野2":[35.709074,139.782072],"東上野3":[35.710112,139.782434],"上野7":[35.717797,139.779668],"東上野4":[35.713177,139.779297],"根岸3":[35.72139,139.78153],"浅草橋4":[35.698529,139.780569],"浅草橋5":[35.701425,139.783646],"下谷1":[35.719478,139.78324],"東上野5":[35.713397,139.782193],"鳥越1":[35.70328,139.784131],"北上野1":[35.719055,139.783533],"小島1":[35.704597,139.784468],"下谷2":[35.722541,139.785589],"根岸4":[35.72626,139.782808],"小島2":[35.705965,139.78463],"元浅草1":[35.708124,139.784827],"元浅草2":[35.71027,139.784763],"浅草橋1":[35.696164,139.785306],"北上野2":[35.719156,139.785518],"東上野6":[35.715057,139.785132],"浅草橋2":[35.699385,139.784497],"浅草橋3":[35.700315,139.786751],"根岸5":[35.730833,139.791863],"入谷1":[35.718923,139.78752],"鳥越2":[35.702035,139.787769],"下谷3":[35.727894,139.789697],"三筋1":[35.704435,139.787782],"三筋2":[35.705494,139.78655],"松が谷1":[35.712209,139.788111],"元浅草3":[35.708401,139.787898],"元浅草4":[35.71004,139.787983],"松が谷2":[35.713083,139.788475],"松が谷3":[35.715489,139.788855],"松が谷4":[35.718046,139.788995],"柳橋1":[35.697167,139.789221],"竜泉1":[35.722939,139.790801],"柳橋2":[35.698956,139.788675],"入谷2":[35.720931,139.789142],"竜泉2":[35.724963,139.790718],"蔵前4":[35.705738,139.790465],"寿1":[35.707174,139.790719],"寿2":[35.708577,139.790841],"蔵前1":[35.700586,139.790929],"西浅草1":[35.711544,139.79151],"西浅草2":[35.712356,139.791917],"西浅草3":[35.714733,139.792239],"蔵前2":[35.704232,139.794004],"千束1":[35.717904,139.792452],"千束2":[35.719467,139.790984],"蔵前3":[35.705132,139.792823],"寿3":[35.707427,139.793512],"三ノ輪1":[35.728033,139.794107],"竜泉3":[35.72616,139.79555],"千束3":[35.721869,139.793943],"寿4":[35.708452,139.793907],"雷門1":[35.711172,139.792255],"三ノ輪2":[35.729957,139.792745],"浅草4":[35.718499,139.799165],"浅草1":[35.71163,139.792339],"浅草2":[35.714962,139.797535],"浅草3":[35.717094,139.798764],"駒形1":[35.708552,139.795474],"千束4":[35.723338,139.795834],"浅草5":[35.720475,139.799827],"駒形2":[35.706665,139.79542],"日本堤2":[35.728006,139.799555],"雷門2":[35.709658,139.797509],"日本堤1":[35.726226,139.800429],"東浅草2":[35.723235,139.801231],"花川戸1":[35.71142,139.799055],"花川戸2":[35.714175,139.799851],"浅草6":[35.718176,139.801636],"東浅草1":[35.72056,139.801585],"清川2":[35.726975,139.804356],"清川1":[35.726083,139.804724],"今戸2":[35.721958,139.807476],"浅草7":[35.716476,139.803911],"今戸1":[35.719776,139.805373],"橋場1":[35.724826,139.80815],"橋場2":[35.726798,139.808536]}