{"新橋3":[35.66437,139.758414],"新橋1":[35.666642,139.761771],"新橋2":[35.66619,139.758428],"東新橋1":[35.662073,139.759118],"北青山3":[35.665977,139.711868],"南青山5":[35.660563,139.713253],"南青山3":[35.666062,139.713909],"南青山7":[35.659249,139.718776],"北青山2":[35.671074,139.717571],"南青山6":[35.659333,139.715241],"南青山4":[35.66255,139.719003],"白金台5":[35.636537,139.722173],"南青山2":[35.671179,139.720304],"西麻布4":[35.656621,139.723499],"西麻布2":[35.659939,139.721456],"北青山1":[35.673054,139.723205],"白金台3":[35.634899,139.720169],"白金6":[35.644156,139.724868],"南麻布5":[35.654505,139.725413],"元赤坂2":[35.67843,139.720462],"西麻布1":[35.66152,139.728058],"白金台4":[35.639263,139.723888],"南麻布4":[35.646507,139.725622],"白金5":[35.64623,139.72478],"西麻布3":[35.659126,139.724367],"六本木7":[35.664114,139.729888],"南青山1":[35.667777,139.72707],"赤坂8":[35.669447,139.729407],"元麻布2":[35.653944,139.72892],"白金4":[35.643013,139.729433],"白金台2":[35.633835,139.726914],"元麻布3":[35.656947,139.73203],"赤坂9":[35.665777,139.730804],"六本木6":[35.660857,139.732133],"赤坂7":[35.669743,139.732412],"南麻布3":[35.646997,139.728998],"白金3":[35.646796,139.729836],"白金台1":[35.638791,139.729813],"白金2":[35.642922,139.73247],"高輪3":[35.631021,139.736191],"南麻布1":[35.651281,139.737047],"赤坂4":[35.674437,139.735501],"元麻布1":[35.653935,139.731954],"高輪4":[35.627217,139.732674],"六本木4":[35.66506,139.735201],"白金1":[35.646413,139.734568],"高輪1":[35.638374,139.734005],"赤坂5":[35.671145,139.73378],"元赤坂1":[35.677793,139.735288],"麻布十番1":[35.656143,139.736618],"六本木3":[35.663093,139.737327],"六本木5":[35.661667,139.733241],"赤坂6":[35.669097,139.732786],"南麻布2":[35.646584,139.734727],"麻布十番2":[35.654035,139.735946],"麻布十番3":[35.652753,139.734037],"高輪2":[35.638596,139.735512],"六本木2":[35.667458,139.739022],"三田5":[35.64716,139.736874],"赤坂3":[35.676898,139.735759],"赤坂2":[35.671609,139.74226],"麻布十番4":[35.65456,139.737479],"東麻布3":[35.655834,139.738574],"麻布永坂町":[35.65855,139.737774],"三田4":[35.642557,139.737723],"三田2":[35.65069,139.740454],"三田1":[35.653205,139.738492],"麻布台3":[35.660913,139.737527],"麻布狸穴町":[35.659202,139.73976],"東麻布2":[35.657932,139.740301],"六本木1":[35.665985,139.740898],"港南2":[35.626336,139.742011],"港南1":[35.636879,139.745456],"三田3":[35.647673,139.743793],"赤坂1":[35.670934,139.744008],"麻布台1":[35.662558,139.739887],"東麻布1":[35.658327,139.744287],"麻布台2":[35.659245,139.743328],"虎ノ門5":[35.662891,139.741524],"虎ノ門2":[35.669802,139.74669],"虎ノ門4":[35.665404,139.744543],"芝5":[35.644858,139.744905],"芝3":[35.653358,139.746566],"芝公園4":[35.659112,139.744246],"虎ノ門3":[35.666005,139.745752],"港南4":[35.624631,139.749129],"芝公園3":[35.659296,139.746731],"芝浦3":[35.644482,139.750099],"港南3":[35.634083,139.751834],"虎ノ門1":[35.669676,139.748381],"芝4":[35.648211,139.752534],"愛宕1":[35.664247,139.749225],"西新橋3":[35.662536,139.75029],"芝2":[35.651075,139.749598],"芝公園2":[35.656609,139.75112],"西新橋2":[35.664941,139.752987],"芝浦4":[35.636906,139.747764],"芝公園1":[35.657452,139.751412],"西新橋1":[35.670204,139.752866],"新橋6":[35.661747,139.755564],"芝浦2":[35.64249,139.751894],"海岸3":[35.643974,139.757542],"芝浦1":[35.649052,139.756074],"新橋5":[35.662284,139.756027],"芝大門1":[35.657726,139.752985],"芝大門2":[35.656369,139.753009],"芝1":[35.649273,139.754177],"港南5":[35.628706,139.758415],"浜松町2":[35.653204,139.755386],"浜松町1":[35.656828,139.755804],"新橋4":[35.664018,139.757903],"東新橋2":[35.661122,139.75819],"海岸1":[35.654303,139.756806],"台場1":[35.632268,139.779117],"台場2":[35.630765,139.781137],"海岸2":[35.648337,139.75758],"愛宕2":[35.663871,139.748343]}