{"成増2":[35.775794,139.635444],"成増3":[35.783274,139.630008],"成増1":[35.77823,139.626072],"成増5":[35.784114,139.631245],"成増4":[35.787784,139.637147],"赤塚新町3":[35.770853,139.638339],"赤塚3":[35.77578,139.636085],"赤塚新町2":[35.771326,139.642332],"三園1":[35.790794,139.638374],"赤塚2":[35.774488,139.64045],"赤塚4":[35.783221,139.640328],"赤塚5":[35.77929,139.643394],"三園2":[35.793189,139.643381],"赤塚6":[35.773689,139.644579],"赤塚新町1":[35.769371,139.650757],"赤塚8":[35.782597,139.647587],"高島平5":[35.789814,139.648674],"高島平6":[35.791843,139.65243],"赤塚1":[35.769966,139.64734],"大門":[35.782661,139.649715],"赤塚7":[35.777088,139.650396],"新河岸3":[35.796525,139.646818],"高島平4":[35.789311,139.652334],"四葉2":[35.782136,139.65014],"四葉1":[35.775333,139.651291],"徳丸4":[35.774701,139.65357],"高島平3":[35.784802,139.652548],"高島平7":[35.791533,139.659924],"徳丸5":[35.777295,139.655114],"徳丸8":[35.78129,139.656782],"徳丸3":[35.769772,139.659918],"徳丸6":[35.780299,139.664973],"高島平2":[35.783731,139.665985],"徳丸7":[35.780766,139.663395],"徳丸2":[35.772979,139.660598],"新河岸2":[35.794593,139.660052],"高島平8":[35.791412,139.660793],"徳丸1":[35.768763,139.663165],"新河岸1":[35.793821,139.664721],"高島平9":[35.789517,139.673728],"西台3":[35.773861,139.669617],"西台2":[35.781078,139.669065],"高島平1":[35.782065,139.668011],"西台4":[35.771634,139.669666],"若木2":[35.770896,139.670308],"若木1":[35.766991,139.674484],"上板橋3":[35.765329,139.673041],"上板橋2":[35.763718,139.675918],"西台1":[35.775309,139.673533],"桜川3":[35.760148,139.675716],"舟渡4":[35.793471,139.679037],"小茂根4":[35.746486,139.675752],"蓮根3":[35.790984,139.677758],"蓮根1":[35.777697,139.675753],"桜川1":[35.756023,139.677262],"蓮根2":[35.780881,139.676417],"小茂根5":[35.751751,139.675431],"若木3":[35.773452,139.673804],"上板橋1":[35.760461,139.678689],"桜川2":[35.75629,139.677913],"中台1":[35.765811,139.682109],"小茂根1":[35.746534,139.68274],"常盤台4":[35.763545,139.676947],"中台3":[35.772264,139.678697],"相生町":[35.778089,139.678981],"小茂根3":[35.751699,139.682683],"東新町2":[35.75327,139.68125],"小茂根2":[35.748365,139.683819],"坂下2":[35.781274,139.681122],"向原2":[35.74127,139.684733],"中台2":[35.769707,139.681061],"坂下3":[35.787012,139.681334],"東新町1":[35.755916,139.684079],"坂下1":[35.781045,139.68829],"舟渡3":[35.791877,139.685024],"向原3":[35.744212,139.683094],"常盤台3":[35.763445,139.684485],"前野町6":[35.766564,139.685554],"向原1":[35.740914,139.686963],"南常盤台2":[35.759002,139.68804],"志村3":[35.776076,139.683312],"東山町":[35.751977,139.687391],"前野町5":[35.770804,139.687706],"東坂下2":[35.783839,139.691029],"志村2":[35.774569,139.686908],"大谷口北町":[35.748837,139.688292],"舟渡1":[35.790414,139.687634],"舟渡2":[35.79372,139.69139],"大谷口2":[35.741916,139.687093],"常盤台2":[35.759186,139.688445],"南常盤台1":[35.754837,139.690026],"前野町4":[35.77034,139.688866],"大谷口上町":[35.749917,139.694966],"前野町2":[35.765823,139.687302],"志村1":[35.773861,139.691387],"大谷口1":[35.743882,139.692393],"東坂下1":[35.782977,139.692001],"常盤台1":[35.757428,139.692219],"前野町3":[35.766753,139.691762],"前野町1":[35.763547,139.695617],"弥生町":[35.753985,139.693964],"小豆沢3":[35.778809,139.69761],"大山西町":[35.747575,139.694625],"中板橋":[35.754696,139.700011],"幸町":[35.743409,139.693183],"大原町":[35.769052,139.700788],"小豆沢2":[35.776022,139.700932],"富士見町":[35.762193,139.697084],"双葉町":[35.757314,139.702005],"仲町":[35.750995,139.699785],"大山町":[35.746796,139.701492],"小豆沢4":[35.781428,139.69786],"宮本町":[35.762469,139.704676],"小豆沢1":[35.77213,139.699824],"泉町":[35.766879,139.700722],"南町":[35.737117,139.70252],"中丸町":[35.7402,139.703969],"栄町":[35.756139,139.701656],"大山金井町":[35.744674,139.708535],"蓮沼町":[35.769438,139.703667],"大山東町":[35.747216,139.707622],"熊野町":[35.741722,139.70761],"大和町":[35.757754,139.706696],"清水町":[35.763104,139.706616],"氷川町":[35.753642,139.707409],"本町":[35.757147,139.709467],"仲宿":[35.75271,139.711581],"板橋2":[35.746242,139.711924],"稲荷台":[35.762602,139.712152],"板橋3":[35.75292,139.715053],"板橋1":[35.745875,139.719666],"板橋4":[35.752206,139.721446],"加賀2":[35.755291,139.715335],"加賀1":[35.754217,139.720029]}