{"善福寺4":[35.719944,139.588204],"善福寺3":[35.715139,139.59095],"善福寺2":[35.713928,139.591625],"久我山4":[35.692953,139.593026],"久我山3":[35.687305,139.593115],"松庵1":[35.695424,139.597173],"西荻北4":[35.705768,139.596006],"久我山1":[35.681839,139.60127],"松庵2":[35.697412,139.597983],"松庵3":[35.703707,139.5965],"善福寺1":[35.710015,139.59591],"上井草4":[35.718399,139.599052],"宮前5":[35.695069,139.602841],"西荻北3":[35.704311,139.596525],"今川4":[35.717747,139.600489],"西荻北5":[35.710541,139.601493],"西荻南2":[35.702439,139.599777],"久我山2":[35.684452,139.606996],"上井草3":[35.723861,139.601927],"桃井4":[35.714529,139.604363],"西荻南3":[35.703766,139.599315],"久我山5":[35.685337,139.606504],"西荻南1":[35.69881,139.604918],"西荻北2":[35.704077,139.601821],"上荻4":[35.710699,139.607232],"井草5":[35.72515,139.608175],"宮前4":[35.69207,139.608758],"今川3":[35.718331,139.605613],"西荻南4":[35.703775,139.605769],"宮前3":[35.694279,139.607817],"上高井戸2":[35.676804,139.610216],"上井草2":[35.719385,139.609544],"西荻北1":[35.704225,139.608941],"桃井3":[35.713967,139.607599],"南荻窪2":[35.698186,139.613695],"今川2":[35.717113,139.606975],"高井戸西1":[35.68087,139.608784],"上荻3":[35.709298,139.607735],"上高井戸1":[35.66991,139.614374],"南荻窪3":[35.704075,139.609031],"桃井2":[35.711863,139.609333],"高井戸西2":[35.683623,139.611872],"高井戸西3":[35.687526,139.614699],"宮前1":[35.689132,139.615482],"井草4":[35.726656,139.611043],"上荻2":[35.704564,139.613835],"上井草1":[35.722781,139.613885],"南荻窪1":[35.693345,139.61662],"今川1":[35.715526,139.613949],"桃井1":[35.710289,139.61462],"宮前2":[35.691513,139.613413],"南荻窪4":[35.704187,139.614338],"井草3":[35.724897,139.61394],"上高井戸3":[35.673182,139.620973],"下井草5":[35.724611,139.615576],"清水3":[35.717848,139.615427],"高井戸東2":[35.676982,139.617114],"清水2":[35.714944,139.620692],"清水1":[35.71061,139.620565],"上荻1":[35.707475,139.615449],"天沼3":[35.709639,139.6207],"高井戸東3":[35.682635,139.622031],"荻窪5":[35.704342,139.619421],"高井戸東4":[35.686963,139.62231],"荻窪1":[35.694429,139.622112],"下井草4":[35.724271,139.620429],"井草2":[35.724517,139.620422],"荻窪4":[35.704379,139.623978],"荻窪2":[35.695679,139.621615],"高井戸東1":[35.682275,139.621229],"本天沼3":[35.717103,139.624324],"下高井戸5":[35.674503,139.621125],"下井草3":[35.72403,139.622735],"成田西3":[35.691037,139.628244],"成田西2":[35.690454,139.62855],"井草1":[35.727695,139.625122],"荻窪3":[35.696811,139.625593],"天沼2":[35.704875,139.625857],"本天沼2":[35.715653,139.629329],"浜田山2":[35.681764,139.626753],"浜田山4":[35.681847,139.63375],"下井草2":[35.718171,139.630442],"浜田山3":[35.680504,139.634902],"下高井戸4":[35.670326,139.630669],"下高井戸1":[35.66716,139.640425],"成田西4":[35.69303,139.627462],"天沼1":[35.711325,139.628778],"阿佐谷南3":[35.700923,139.634051],"浜田山1":[35.677511,139.633083],"下井草1":[35.717519,139.631069],"成田東5":[35.69906,139.635087],"本天沼1":[35.71322,139.632977],"阿佐谷北3":[35.709007,139.633135],"阿佐谷北2":[35.705006,139.632778],"成田西1":[35.688285,139.631204],"下高井戸3":[35.669442,139.633665],"成田東4":[35.695417,139.635192],"成田東2":[35.688106,139.633104],"永福3":[35.67264,139.63643],"成田東3":[35.693978,139.635784],"阿佐谷北4":[35.71139,139.634128],"下高井戸2":[35.667923,139.640087],"阿佐谷北1":[35.707683,139.637606],"阿佐谷北6":[35.714246,139.641601],"大宮2":[35.683797,139.639673],"阿佐谷南1":[35.698142,139.643671],"永福4":[35.68012,139.640263],"成田東1":[35.69057,139.640406],"阿佐谷南2":[35.70491,139.643679],"永福2":[35.673054,139.639427],"阿佐谷北5":[35.711008,139.643222],"梅里2":[35.697207,139.647906],"松ノ木1":[35.686418,139.640852],"松ノ木2":[35.690054,139.646142],"松ノ木3":[35.695709,139.647793],"永福1":[35.673777,139.646565],"高円寺北4":[35.708684,139.644077],"大宮1":[35.683956,139.647329],"和泉3":[35.674759,139.645467],"高円寺南3":[35.704447,139.645931],"高円寺北3":[35.706461,139.647612],"堀ノ内3":[35.691281,139.654267],"堀ノ内2":[35.689924,139.647712],"和泉2":[35.673997,139.647236],"堀ノ内1":[35.68481,139.65562],"高円寺南2":[35.700157,139.650554],"梅里1":[35.695916,139.650395],"高円寺南4":[35.705459,139.653818],"和泉4":[35.678794,139.65319],"高円寺北2":[35.708216,139.654068],"和泉1":[35.672791,139.660024],"和田3":[35.695542,139.657807],"高円寺北1":[35.708851,139.654432],"和田2":[35.687891,139.661485],"高円寺南1":[35.700426,139.661356],"高円寺南5":[35.705496,139.657402],"方南2":[35.681528,139.659637],"方南1":[35.678288,139.664061],"和田1":[35.695006,139.664377]}