{"浮間4":[35.789321,139.698523],"浮間5":[35.783625,139.698061],"浮間2":[35.79553,139.694765],"浮間3":[35.787145,139.704784],"浮間1":[35.788733,139.708838],"赤羽北3":[35.783515,139.708835],"赤羽北2":[35.78416,139.703126],"桐ケ丘1":[35.775165,139.704401],"赤羽西6":[35.771224,139.708543],"西が丘3":[35.764257,139.712052],"桐ケ丘2":[35.781711,139.712577],"赤羽西5":[35.77289,139.711859],"赤羽台4":[35.78387,139.712601],"赤羽台3":[35.780923,139.71803],"西が丘1":[35.769284,139.716109],"赤羽台2":[35.775532,139.715544],"赤羽北1":[35.784768,139.716919],"西が丘2":[35.767435,139.714419],"赤羽西4":[35.773431,139.71846],"上十条5":[35.765225,139.714856],"赤羽台1":[35.778611,139.717491],"上十条4":[35.76323,139.713438],"上十条3":[35.760913,139.719112],"赤羽西3":[35.770659,139.717069],"赤羽西1":[35.778639,139.718037],"赤羽3":[35.785188,139.717142],"十条仲原4":[35.767574,139.721958],"赤羽西2":[35.772171,139.720738],"十条台2":[35.756848,139.721669],"赤羽1":[35.778421,139.722452],"十条仲原2":[35.764566,139.722044],"十条仲原3":[35.766737,139.721649],"上十条2":[35.75914,139.722142],"十条仲原1":[35.763554,139.722113],"滝野川7":[35.739935,139.724196],"岩淵町":[35.78677,139.723608],"滝野川6":[35.746009,139.72552],"赤羽南1":[35.777785,139.72582],"赤羽南2":[35.774586,139.725714],"中十条4":[35.767844,139.724078],"上十条1":[35.758793,139.726305],"十条台1":[35.752751,139.723336],"滝野川5":[35.747005,139.724939],"中十条3":[35.763191,139.726561],"中十条2":[35.761656,139.727402],"東十条6":[35.770551,139.726541],"赤羽2":[35.781519,139.726468],"滝野川4":[35.751267,139.723971],"東十条5":[35.768212,139.728438],"王子本町3":[35.75318,139.729707],"東十条4":[35.766975,139.729791],"中十条1":[35.759704,139.728158],"志茂5":[35.78691,139.725835],"神谷2":[35.774309,139.72869],"東十条3":[35.766848,139.733417],"志茂1":[35.775825,139.733106],"志茂2":[35.778119,139.72758],"滝野川3":[35.746889,139.731307],"岸町2":[35.759907,139.729508],"東十条2":[35.763027,139.730596],"東十条1":[35.759884,139.732787],"志茂4":[35.781788,139.735983],"王子本町2":[35.755945,139.732811],"神谷3":[35.770268,139.734919],"神谷1":[35.768882,139.732847],"滝野川1":[35.748045,139.734055],"王子本町1":[35.753695,139.735952],"滝野川2":[35.748435,139.733277],"王子5":[35.766928,139.738415],"岸町1":[35.753273,139.736745],"志茂3":[35.775916,139.736285],"西ケ原4":[35.741712,139.738938],"王子3":[35.76295,139.738399],"王子4":[35.762715,139.737784],"王子2":[35.758388,139.737952],"王子1":[35.756178,139.742467],"西ケ原3":[35.743195,139.739461],"西ケ原2":[35.747785,139.739726],"豊島8":[35.765834,139.742355],"王子6":[35.760936,139.742033],"豊島1":[35.757573,139.738931],"堀船1":[35.752649,139.745029],"栄町":[35.748944,139.746299],"豊島2":[35.757612,139.745323],"豊島7":[35.763398,139.745683],"豊島3":[35.760393,139.74855],"堀船2":[35.756481,139.743135],"西ケ原1":[35.739254,139.744267],"豊島6":[35.763992,139.749171],"上中里2":[35.745227,139.752503],"上中里1":[35.745284,139.747742],"豊島4":[35.761355,139.750178],"上中里3":[35.749404,139.747054],"堀船3":[35.75654,139.748418],"中里2":[35.739039,139.75175],"豊島5":[35.765665,139.754987],"昭和町3":[35.749341,139.751649],"中里1":[35.738718,139.753556],"中里3":[35.741826,139.755277],"昭和町2":[35.74912,139.752902],"田端4":[35.735737,139.751645],"田端3":[35.735856,139.756669],"堀船4":[35.754734,139.753743],"田端6":[35.738908,139.759372],"田端5":[35.736946,139.757057],"昭和町1":[35.746841,139.754737],"田端2":[35.735949,139.757846],"田端1":[35.734835,139.759678],"東田端2":[35.743364,139.758487],"田端新町3":[35.741376,139.764655],"東田端1":[35.737056,139.76284],"田端新町2":[35.739665,139.76521],"田端新町1":[35.738274,139.770487]}