{"笹塚3":[35.676828,139.667794],"笹塚1":[35.672804,139.668347],"笹塚2":[35.675199,139.666064],"幡ケ谷3":[35.680271,139.675025],"幡ケ谷2":[35.678767,139.67764],"幡ケ谷1":[35.676573,139.675488],"大山町":[35.670491,139.67543],"西原2":[35.672415,139.679198],"上原3":[35.667731,139.680385],"本町5":[35.684919,139.678212],"本町6":[35.681164,139.679339],"西原3":[35.670013,139.680338],"本町4":[35.686471,139.681697],"西原1":[35.673572,139.682938],"上原1":[35.667993,139.68702],"本町1":[35.679738,139.678939],"上原2":[35.663987,139.680414],"本町3":[35.687462,139.682676],"本町2":[35.683305,139.680327],"初台1":[35.678686,139.686043],"初台2":[35.677301,139.684729],"富ケ谷2":[35.666154,139.686857],"元代々木町":[35.670672,139.686427],"代々木5":[35.673695,139.688088],"神山町":[35.664809,139.692769],"富ケ谷1":[35.66469,139.689525],"松濤2":[35.660335,139.689465],"代々木4":[35.683553,139.690916],"松濤1":[35.660845,139.695374],"代々木神園町":[35.679965,139.698455],"神泉町":[35.656173,139.693067],"代々木3":[35.684126,139.69585],"円山町":[35.657604,139.695701],"南平台町":[35.654239,139.697919],"宇田川町":[35.65983,139.699934],"代々木2":[35.683044,139.697378],"鉢山町":[35.651443,139.696467],"道玄坂2":[35.659567,139.698294],"道玄坂1":[35.658242,139.701075],"桜丘町":[35.655077,139.700759],"代々木1":[35.679169,139.703171],"神南1":[35.663616,139.700467],"鶯谷町":[35.65327,139.700093],"猿楽町":[35.648269,139.70077],"千駄ケ谷5":[35.683875,139.703608],"恵比寿西1":[35.647183,139.702974],"代官山町":[35.649301,139.704437],"恵比寿南3":[35.646002,139.703269],"神宮前6":[35.667123,139.705347],"渋谷2":[35.658769,139.70097],"渋谷1":[35.659911,139.701274],"渋谷3":[35.6541,139.70592],"神宮前1":[35.671396,139.703364],"千駄ケ谷3":[35.677926,139.707518],"千駄ケ谷4":[35.679157,139.707617],"神宮前5":[35.665857,139.709859],"恵比寿西2":[35.649203,139.704889],"神宮前4":[35.66781,139.708196],"千駄ケ谷6":[35.687627,139.704761],"恵比寿南2":[35.643018,139.708738],"神宮前3":[35.671529,139.713113],"東2":[35.653603,139.711293],"神宮前2":[35.672715,139.708802],"東1":[35.655524,139.708035],"恵比寿南1":[35.642445,139.711907],"東3":[35.649817,139.711293],"渋谷4":[35.657953,139.711605],"千駄ケ谷1":[35.67868,139.707978],"千駄ケ谷2":[35.675566,139.70718],"恵比寿1":[35.647465,139.713261],"恵比寿4":[35.643951,139.712778],"東4":[35.654089,139.712715],"広尾2":[35.651126,139.718391],"広尾3":[35.654639,139.715578],"広尾1":[35.648881,139.711813],"恵比寿3":[35.644596,139.722445],"恵比寿2":[35.648026,139.719854],"広尾5":[35.649413,139.72172],"広尾4":[35.651844,139.71995],"神南2":[35.666008,139.696439]}