{"給田5":[35.673829,139.585162],"喜多見9":[35.641069,139.587137],"給田3":[35.664818,139.591549],"北烏山8":[35.676265,139.587111],"喜多見8":[35.635168,139.592841],"給田1":[35.662605,139.593801],"北烏山9":[35.673828,139.589417],"北烏山7":[35.681648,139.588045],"成城4":[35.639034,139.592281],"給田4":[35.66908,139.590641],"喜多見2":[35.621441,139.59067],"上祖師谷5":[35.656448,139.590663],"上祖師谷7":[35.659554,139.589933],"給田2":[35.664646,139.591742],"喜多見7":[35.630291,139.596588],"喜多見4":[35.630903,139.591764],"成城3":[35.635411,139.596322],"北烏山5":[35.676633,139.597145],"成城9":[35.652207,139.597689],"成城8":[35.648005,139.59612],"上祖師谷4":[35.65361,139.596841],"成城5":[35.639611,139.596375],"北烏山6":[35.672507,139.597342],"北烏山4":[35.67706,139.597733],"南烏山6":[35.66999,139.597659],"成城2":[35.639621,139.598378],"喜多見1":[35.622057,139.594658],"上祖師谷6":[35.660745,139.596204],"上祖師谷2":[35.658068,139.601801],"成城6":[35.643441,139.601167],"成城7":[35.647742,139.596953],"喜多見3":[35.62634,139.604584],"上祖師谷1":[35.663305,139.602105],"宇奈根2":[35.621981,139.600594],"上祖師谷3":[35.655666,139.601102],"北烏山2":[35.680428,139.603018],"北烏山3":[35.675245,139.601459],"南烏山5":[35.667661,139.604525],"喜多見5":[35.628815,139.598869],"喜多見6":[35.63201,139.605244],"祖師谷5":[35.652967,139.605836],"成城1":[35.632902,139.602553],"南烏山4":[35.669625,139.605239],"宇奈根3":[35.623106,139.607076],"粕谷4":[35.663249,139.605894],"祖師谷4":[35.649123,139.607654],"北烏山1":[35.674275,139.60905],"祖師谷3":[35.642343,139.604899],"砧8":[35.639023,139.607117],"祖師谷6":[35.655929,139.60284],"粕谷3":[35.659299,139.603965],"宇奈根1":[35.621553,139.605031],"南烏山2":[35.669378,139.605407],"砧7":[35.638037,139.604346],"大蔵5":[35.63059,139.607875],"千歳台6":[35.657018,139.606047],"南烏山3":[35.671208,139.608396],"大蔵3":[35.631363,139.610328],"大蔵6":[35.624798,139.611132],"砧5":[35.637091,139.609668],"粕谷1":[35.659968,139.613404],"粕谷2":[35.664111,139.613537],"大蔵4":[35.630732,139.609589],"南烏山1":[35.667531,139.609241],"砧6":[35.640707,139.608925],"鎌田4":[35.622985,139.608644],"祖師谷2":[35.649333,139.608735],"千歳台2":[35.651022,139.610203],"祖師谷1":[35.643195,139.609247],"鎌田2":[35.617072,139.610967],"千歳台5":[35.654113,139.611493],"上北沢5":[35.670995,139.622902],"砧3":[35.637641,139.614086],"大蔵2":[35.634316,139.614374],"砧4":[35.638185,139.614513],"千歳台3":[35.649606,139.61669],"岡本3":[35.624429,139.615953],"千歳台4":[35.658587,139.613563],"鎌田3":[35.619244,139.616014],"鎌田1":[35.615012,139.619807],"八幡山3":[35.668477,139.614146],"千歳台1":[35.649045,139.615137],"八幡山2":[35.660856,139.618681],"砧1":[35.635337,139.619038],"船橋7":[35.656285,139.615649],"岡本2":[35.622657,139.616526],"船橋4":[35.654401,139.619643],"砧2":[35.6454,139.617539],"大蔵1":[35.633887,139.619743],"船橋2":[35.652385,139.618607],"上北沢2":[35.66617,139.620372],"上北沢4":[35.668629,139.628559],"岡本1":[35.624637,139.620958],"桜丘5":[35.647147,139.620918],"船橋1":[35.651167,139.620564],"砧公園":[35.629673,139.621732],"船橋6":[35.659006,139.622009],"八幡山1":[35.663238,139.621334],"桜丘4":[35.640731,139.624777],"玉川4":[35.61599,139.627318],"玉川3":[35.612553,139.624576],"上用賀6":[35.636061,139.622584],"上北沢3":[35.668136,139.626654],"船橋3":[35.653044,139.625623],"桜丘2":[35.643946,139.628736],"瀬田4":[35.62115,139.625045],"瀬田5":[35.625949,139.622798],"上北沢1":[35.661229,139.626644],"船橋5":[35.655355,139.628552],"桜丘3":[35.641076,139.629811],"経堂4":[35.647043,139.626095],"上用賀5":[35.629618,139.626186],"桜上水2":[35.658205,139.627424],"上用賀4":[35.639279,139.629422],"桜上水5":[35.667963,139.630246],"玉川台2":[35.625293,139.627518],"玉川1":[35.610066,139.626053],"玉川2":[35.614539,139.629069],"経堂3":[35.651431,139.628216],"上用賀3":[35.630667,139.631066],"瀬田1":[35.614196,139.629581],"桜上水1":[35.657211,139.633626],"経堂5":[35.647036,139.635427],"桜上水4":[35.667147,139.633776],"用賀4":[35.627054,139.631375],"桜丘1":[35.643857,139.630714],"上用賀2":[35.636355,139.635007],"瀬田2":[35.617676,139.629326],"桜上水3":[35.658368,139.634365],"経堂2":[35.651288,139.635888],"玉川台1":[35.624059,139.637114],"宮坂3":[35.65643,139.634715],"瀬田3":[35.619681,139.634927],"経堂1":[35.649202,139.633598],"上用賀1":[35.631621,139.63472],"上野毛3":[35.612673,139.634709],"桜3":[35.640409,139.637092],"用賀3":[35.631304,139.638167],"上野毛2":[35.608107,139.639157],"用賀1":[35.623979,139.638934],"用賀2":[35.624943,139.638748],"桜2":[35.643568,139.639763],"野毛3":[35.60582,139.635786],"赤堤3":[35.657405,139.643057],"弦巻5":[35.636544,139.639865],"赤堤5":[35.666857,139.63583],"桜1":[35.647387,139.636178],"上野毛4":[35.619507,139.636528],"赤堤1":[35.654234,139.645391],"上野毛1":[35.614751,139.639117],"宮坂1":[35.6463,139.640378],"野毛2":[35.603463,139.641766],"桜新町2":[35.631939,139.645631],"赤堤4":[35.66455,139.642052],"中町5":[35.622266,139.644336],"宮坂2":[35.653179,139.646013],"弦巻4":[35.638068,139.643236],"中町4":[35.615937,139.639237],"世田谷2":[35.643717,139.646115],"中町3":[35.614442,139.646904],"中町1":[35.608734,139.645039],"野毛1":[35.605571,139.644577],"松原3":[35.666203,139.642282],"中町2":[35.613927,139.646916],"桜新町1":[35.626638,139.642471],"松原4":[35.662646,139.643091],"赤堤2":[35.657637,139.648376],"深沢8":[35.62598,139.642885],"世田谷1":[35.640414,139.644451],"弦巻3":[35.639571,139.644615],"深沢7":[35.621607,139.650015],"豪徳寺2":[35.649496,139.647183],"松原2":[35.66838,139.64977],"豪徳寺1":[35.654182,139.649217],"新町2":[35.62884,139.646157],"新町3":[35.633245,139.649414],"深沢5":[35.618929,139.648519],"等々力1":[35.603894,139.648507],"玉堤2":[35.600077,139.647599],"世田谷3":[35.646796,139.650938],"等々力3":[35.608626,139.648385],"弦巻1":[35.63771,139.655382],"等々力2":[35.608698,139.645618],"新町1":[35.628061,139.647328],"松原5":[35.662462,139.656388],"玉堤1":[35.593585,139.657477],"等々力8":[35.61461,139.649251],"深沢6":[35.624174,139.654973],"松原6":[35.658621,139.653843],"弦巻2":[35.633965,139.650651],"梅丘2":[35.648474,139.650436],"等々力4":[35.608163,139.650329],"梅丘1":[35.654999,139.650819],"尾山台2":[35.602177,139.656115],"世田谷4":[35.647243,139.651739],"駒沢3":[35.630653,139.653807],"松原1":[35.668502,139.650565],"尾山台3":[35.606267,139.656148],"駒沢4":[35.629799,139.654265],"等々力7":[35.613677,139.657459],"深沢4":[35.617906,139.654094],"若林4":[35.644737,139.656631],"等々力5":[35.607337,139.653897],"尾山台1":[35.598665,139.656575],"等々力6":[35.610498,139.663182],"羽根木2":[35.667531,139.659947],"代田4":[35.662413,139.657197],"駒沢5":[35.624594,139.65917],"若林5":[35.648348,139.658958],"深沢3":[35.616176,139.659682],"代田3":[35.65207,139.660029],"上馬5":[35.640429,139.660226],"若林3":[35.644486,139.656762],"駒沢2":[35.631377,139.656886],"梅丘3":[35.651055,139.655883],"羽根木1":[35.66266,139.657279],"駒沢公園":[35.623683,139.660058],"駒沢1":[35.629837,139.657311],"奥沢8":[35.6055,139.659824],"大原2":[35.668198,139.660452],"玉川田園調布1":[35.598907,139.656979],"奥沢7":[35.608914,139.660896],"上馬4":[35.633501,139.661234],"深沢2":[35.62244,139.661498],"代田2":[35.654858,139.66258],"代田5":[35.662386,139.661658],"代田1":[35.652214,139.660517],"深沢1":[35.618902,139.665915],"奥沢6":[35.60527,139.665077],"若林2":[35.647696,139.664589],"代田6":[35.665466,139.661161],"若林1":[35.643936,139.665218],"大原1":[35.666587,139.661145],"三軒茶屋2":[35.640253,139.667906],"上馬2":[35.635968,139.664729],"上馬3":[35.633028,139.661734],"玉川田園調布2":[35.60111,139.668646],"野沢4":[35.634853,139.664842],"代沢5":[35.659368,139.665128],"太子堂5":[35.648505,139.665579],"太子堂4":[35.643636,139.668332],"代沢4":[35.653783,139.672038],"奥沢5":[35.606444,139.666894],"北沢2":[35.661619,139.666722],"野沢2":[35.633188,139.670905],"北沢3":[35.663494,139.670045],"上馬1":[35.637925,139.667114],"北沢4":[35.666984,139.671089],"北沢5":[35.670453,139.669984],"太子堂3":[35.650047,139.671866],"代沢2":[35.659875,139.673451],"代沢3":[35.655945,139.67101],"三軒茶屋1":[35.642098,139.670359],"奥沢4":[35.603437,139.670639],"野沢1":[35.634824,139.669986],"太子堂2":[35.643845,139.671127],"北沢1":[35.663091,139.675355],"東玉川2":[35.593789,139.677867],"野沢3":[35.630846,139.671585],"奥沢2":[35.605533,139.678608],"三宿2":[35.653986,139.674389],"奥沢3":[35.603567,139.672098],"下馬3":[35.63728,139.676684],"三宿1":[35.647533,139.677415],"池尻4":[35.654823,139.679721],"太子堂1":[35.644552,139.673854],"東玉川1":[35.597796,139.680572],"下馬2":[35.643735,139.679084],"代沢1":[35.655686,139.678702],"下馬4":[35.636763,139.677307],"奥沢1":[35.600791,139.680014],"下馬6":[35.625266,139.678884],"池尻3":[35.647818,139.678433],