{"東が丘2":[35.627088,139.666362],"自由が丘3":[35.609262,139.66339],"八雲3":[35.615799,139.664219],"八雲5":[35.620877,139.66638],"東が丘1":[35.626015,139.669768],"自由が丘2":[35.612841,139.668338],"八雲2":[35.617993,139.671538],"中根1":[35.616827,139.673824],"自由が丘1":[35.609048,139.670068],"八雲4":[35.622533,139.671188],"八雲1":[35.618492,139.674894],"緑が丘2":[35.608196,139.6724],"柿の木坂3":[35.627703,139.675358],"中根2":[35.61319,139.678251],"柿の木坂2":[35.623144,139.675963],"柿の木坂1":[35.619497,139.677436],"緑が丘1":[35.607383,139.67803],"駒場4":[35.663217,139.675878],"平町1":[35.617771,139.681127],"平町2":[35.615545,139.68224],"駒場2":[35.65768,139.682221],"碑文谷5":[35.624996,139.67887],"緑が丘3":[35.604275,139.680141],"大岡山1":[35.609558,139.682118],"碑文谷6":[35.625061,139.683561],"大岡山2":[35.605468,139.681502],"碑文谷4":[35.620008,139.68611],"鷹番3":[35.627458,139.685031],"五本木3":[35.632722,139.686178],"碑文谷3":[35.617457,139.687483],"駒場3":[35.657191,139.688685],"駒場1":[35.655848,139.686215],"南3":[35.61208,139.686484],"南2":[35.615317,139.684613],"大橋2":[35.65515,139.683654],"中央町2":[35.631134,139.686534],"五本木2":[35.633088,139.687916],"東山3":[35.649144,139.688508],"東山2":[35.646455,139.687367],"碑文谷2":[35.622983,139.689229],"上目黒5":[35.641407,139.685658],"鷹番1":[35.626897,139.691339],"五本木1":[35.637365,139.686555],"鷹番2":[35.627235,139.68828],"碑文谷1":[35.618121,139.689304],"南1":[35.614784,139.690059],"大橋1":[35.651443,139.688455],"上目黒4":[35.640214,139.693027],"東山1":[35.647886,139.693349],"目黒本町2":[35.624829,139.694333],"中町2":[35.634378,139.696813],"中央町1":[35.62943,139.691275],"青葉台3":[35.650656,139.690337],"青葉台4":[35.653236,139.689839],"洗足2":[35.612304,139.69536],"原町2":[35.614687,139.692443],"祐天寺2":[35.637272,139.69103],"上目黒3":[35.642687,139.69725],"祐天寺1":[35.638463,139.691911],"青葉台2":[35.649161,139.693071],"目黒本町4":[35.62241,139.696995],"洗足1":[35.615162,139.693508],"原町1":[35.616088,139.698645],"目黒本町6":[35.618894,139.697265],"中目黒5":[35.63493,139.698371],"目黒本町1":[35.625116,139.696556],"上目黒2":[35.642344,139.697467],"中町1":[35.630044,139.698346],"青葉台1":[35.648648,139.697558],"下目黒6":[35.627902,139.699633],"目黒本町3":[35.621696,139.703471],"目黒本町5":[35.621528,139.698502],"上目黒1":[35.644631,139.7],"中目黒3":[35.639644,139.700218],"目黒4":[35.631676,139.704489],"下目黒5":[35.626037,139.70193],"中目黒4":[35.637073,139.702975],"中目黒1":[35.642905,139.701382],"目黒3":[35.634716,139.704525],"中目黒2":[35.638678,139.705884],"下目黒4":[35.629815,139.70662],"目黒2":[35.634031,139.710249],"三田2":[35.641711,139.710636],"下目黒3":[35.627673,139.710937],"目黒1":[35.634285,139.710681],"下目黒2":[35.63221,139.711566],"下目黒1":[35.633849,139.71107],"三田1":[35.641274,139.717069]}