{"平井7":[35.71258,139.837382],"平井6":[35.706218,139.835912],"平井5":[35.703129,139.837349],"平井3":[35.703413,139.840649],"平井2":[35.698545,139.846228],"平井4":[35.708497,139.845758],"小松川3":[35.699338,139.853088],"平井1":[35.703884,139.851884],"小松川2":[35.697207,139.853065],"小松川1":[35.691259,139.85184],"小松川4":[35.701561,139.852953],"臨海町1":[35.651219,139.855957],"清新町1":[35.659288,139.85655],"西葛西2":[35.669771,139.85604],"清新町2":[35.656933,139.857331],"西葛西1":[35.670237,139.857932],"北葛西2":[35.672294,139.856449],"北葛西1":[35.682158,139.856011],"西葛西6":[35.662102,139.863538],"西葛西3":[35.668679,139.857978],"松島4":[35.714061,139.860629],"臨海町6":[35.639757,139.865552],"船堀2":[35.682777,139.856269],"西葛西7":[35.660489,139.863677],"北葛西3":[35.673354,139.859587],"臨海町2":[35.65125,139.86282],"西葛西8":[35.658195,139.863488],"船堀1":[35.685359,139.864346],"松島2":[35.709276,139.866542],"北葛西4":[35.671449,139.866745],"西葛西4":[35.668325,139.861883],"西葛西5":[35.667769,139.861457],"松島3":[35.709269,139.86046],"東小松川4":[35.687196,139.863282],"宇喜田町":[35.678672,139.864199],"松島1":[35.703184,139.866978],"東小松川3":[35.693568,139.861871],"西小松川町":[35.699491,139.865428],"臨海町4":[35.645929,139.867299],"船堀3":[35.683803,139.864205],"臨海町3":[35.647729,139.868912],"北葛西5":[35.67461,139.869063],"東小松川2":[35.696418,139.864031],"中央4":[35.715134,139.873122],"中葛西7":[35.658502,139.868493],"中葛西6":[35.660361,139.870237],"船堀4":[35.685622,139.865084],"中葛西5":[35.663453,139.872446],"中葛西4":[35.666317,139.86787],"船堀6":[35.679636,139.869614],"南葛西3":[35.651647,139.871887],"松江5":[35.687759,139.868297],"東小松川1":[35.699391,139.865863],"中葛西1":[35.673118,139.870964],"本一色1":[35.714967,139.871745],"南葛西1":[35.65531,139.869807],"船堀7":[35.678705,139.870236],"本一色3":[35.721486,139.867966],"中央1":[35.709626,139.871892],"中葛西3":[35.664295,139.872793],"松江3":[35.695749,139.871023],"松江4":[35.694567,139.87276],"松江1":[35.701385,139.871292],"臨海町5":[35.644941,139.869755],"船堀5":[35.681336,139.87145],"上一色1":[35.723096,139.872961],"中葛西8":[35.655951,139.871988],"中央3":[35.713028,139.872912],"南葛西5":[35.644527,139.874227],"松江6":[35.687164,139.872981],"江戸川6":[35.674853,139.873824],"松江2":[35.70273,139.874724],"上一色3":[35.728062,139.871964],"中央2":[35.709487,139.875868],"春江町5":[35.678201,139.874589],"本一色2":[35.718662,139.875994],"松江7":[35.691288,139.87727],"西一之江4":[35.697605,139.874807],"南葛西4":[35.650379,139.875226],"中葛西2":[35.672602,139.876154],"上一色2":[35.726996,139.872847],"二之江町":[35.68186,139.874081],"一之江町":[35.682857,139.87416],"南葛西6":[35.65045,139.8795],"一之江6":[35.684923,139.875142],"南葛西2":[35.655688,139.875014],"東葛西8":[35.655153,139.876328],"西小岩3":[35.73454,139.872738],"西小岩2":[35.733896,139.872699],"東葛西7":[35.657978,139.880831],"東葛西6":[35.663026,139.88119],"東葛西5":[35.663359,139.881223],"興宮町":[35.723425,139.875863],"東葛西2":[35.666932,139.881162],"西一之江3":[35.692342,139.878397],"松本1":[35.718084,139.877332],"西小岩1":[35.731374,139.878595],"春江町4":[35.682748,139.879019],"西一之江1":[35.701644,139.876371],"大杉1":[35.706715,139.876378],"西瑞江5":[35.679313,139.879862],"一之江7":[35.683894,139.876959],"東葛西1":[35.671988,139.884219],"大杉5":[35.707341,139.879729],"南小岩6":[35.731496,139.879256],"西一之江2":[35.697939,139.881883],"江戸川5":[35.673589,139.884061],"大杉2":[35.702978,139.881058],"南小岩5":[35.723786,139.881271],"一之江5":[35.693124,139.880286],"西小岩4":[35.73666,139.881864],"松本2":[35.718165,139.878138],"一之江4":[35.689468,139.881991],"大杉4":[35.712098,139.881698],"南葛西7":[35.646259,139.882044],"西小岩5":[35.736299,139.884447],"東葛西9":[35.651161,139.882886],"東松本2":[35.716593,139.883644],"大杉3":[35.703785,139.883683],"北小岩8":[35.747454,139.886032],"南小岩1":[35.717977,139.889675],"東葛西3":[35.668476,139.885399],"南小岩4":[35.719559,139.888353],"東葛西4":[35.658777,139.885305],"南小岩7":[35.733758,139.882843],"一之江8":[35.685996,139.883108],"西瑞江4":[35.681747,139.884668],"一之江1":[35.697789,139.884133],"北小岩2":[35.742266,139.883467],"北小岩6":[35.743441,139.88251],"一之江2":[35.69485,139.884932],"東松本1":[35.716788,139.890166],"一之江3":[35.690572,139.885213],"鹿骨6":[35.711537,139.885593],"鹿骨町":[35.717243,139.88345],"江戸川4":[35.681343,139.887344],"南小岩8":[35.734318,139.883515],"鹿骨5":[35.717108,139.885974],"鹿骨1":[35.710243,139.886847],"南小岩3":[35.724379,139.888745],"新堀1":[35.70287,139.889663],"北小岩5":[35.739136,139.890863],"北小岩1":[35.735084,139.895793],"東小岩6":[35.735189,139.892884],"春江町2":[35.700811,139.892364],"南小岩2":[35.716979,139.891169],"東小岩5":[35.733282,139.89197],"春江町3":[35.695722,139.886992],"西瑞江3":[35.691451,139.89194],"鹿骨4":[35.711808,139.891494],"東小岩4":[35.72624,139.891429],"江戸川3":[35.68359,139.895719],"北小岩7":[35.74342,139.894488],"北小岩3":[35.735945,139.895428],"新堀2":[35.706243,139.889966],"東小岩1":[35.722977,139.895495],"東小岩3":[35.734483,139.894228],"鹿骨3":[35.711782,139.892727],"鹿骨2":[35.703874,139.896646],"春江町1":[35.703377,139.892976],"瑞江3":[35.689896,139.893272],"東小岩2":[35.723842,139.895239],"瑞江4":[35.693885,139.894068],"北小岩4":[35.737921,139.895762],"西篠崎1":[35.713545,139.894166],"北篠崎2":[35.718083,139.899221],"瑞江1":[35.700772,139.895],"北篠崎1":[35.720474,139.896527],"谷河内1":[35.702047,139.897437],"西篠崎2":[35.710468,139.898199],"東瑞江2":[35.687421,139.899384],"瑞江2":[35.693015,139.898327],"上篠崎4":[35.708188,139.896409],"篠崎町8":[35.702687,139.899697],"上篠崎1":[35.714456,139.900344],"江戸川2":[35.686585,139.901474],"東瑞江1":[35.689145,139.901481],"上篠崎3":[35.709867,139.900804],"谷河内2":[35.700476,139.901952],"南篠崎町3":[35.695029,139.901671],"篠崎町7":[35.704161,139.904663],"南篠崎町4":[35.697568,139.905785],"南篠崎町2":[35.690797,139.902028],"上篠崎2":[35.71135,139.907565],"篠崎町6":[35.699058,139.907467],"江戸川1":[35.688779,139.90235],"南篠崎町1":[35.695449,139.909789],"篠崎町1":[35.708465,139.910592],"篠崎町2":[35.705815,139.907124],"篠崎町5":[35.702415,139.908961],"南篠崎町5":[35.690291,139.908882],"篠崎町4":[35.696481,139.910486],"篠崎町3":[35.7034,139.915282],"東篠崎2":[35.692109,139.913882],"下篠崎町":[35.696143,139.911459],"東篠崎1":[35.696353,139.917196]}