{"小菅1":[35.758376,139.8192],"小菅3":[35.755537,139.823084],"小菅2":[35.751081,139.82186],"堀切4":[35.749972,139.82221],"小菅4":[35.756735,139.824413],"堀切2":[35.743545,139.829276],"堀切1":[35.74047,139.828055],"堀切3":[35.74757,139.831082],"堀切5":[35.749969,139.830149],"堀切7":[35.755216,139.827843],"堀切6":[35.751422,139.829502],"堀切8":[35.758426,139.831261],"四つ木3":[35.735442,139.832919],"西亀有2":[35.759055,139.834889],"四つ木4":[35.738994,139.835344],"四つ木1":[35.735461,139.839769],"東堀切1":[35.747914,139.834867],"宝町2":[35.747709,139.838],"東堀切2":[35.753014,139.834829],"四つ木2":[35.736076,139.839516],"宝町1":[35.741165,139.835697],"東堀切3":[35.755594,139.83972],"東四つ木3":[35.728595,139.839178],"東四つ木4":[35.733751,139.8426],"西亀有1":[35.75717,139.843986],"西亀有3":[35.76264,139.840688],"お花茶屋1":[35.748026,139.840225],"四つ木5":[35.743989,139.842985],"お花茶屋2":[35.750581,139.840204],"西亀有4":[35.766106,139.839888],"立石2":[35.736619,139.841618],"東四つ木1":[35.725762,139.841137],"お花茶屋3":[35.754323,139.842687],"白鳥1":[35.746797,139.844821],"立石5":[35.742134,139.84465],"東立石3":[35.735521,139.842258],"亀有4":[35.76093,139.843523],"立石1":[35.736284,139.841587],"東四つ木2":[35.727558,139.843896],"白鳥2":[35.746963,139.844855],"亀有5":[35.765639,139.843355],"白鳥3":[35.752348,139.844112],"立石3":[35.737659,139.844339],"東立石2":[35.732686,139.850604],"西新小岩5":[35.726479,139.848577],"西新小岩3":[35.721483,139.847403],"亀有1":[35.757717,139.847026],"東立石1":[35.729749,139.848803],"西水元3":[35.790589,139.849296],"西水元4":[35.792416,139.85104],"立石4":[35.73855,139.84826],"白鳥4":[35.75472,139.847852],"亀有3":[35.763675,139.854174],"青戸4":[35.751736,139.851589],"青戸3":[35.744936,139.852571],"亀有2":[35.760853,139.853102],"東立石4":[35.733932,139.851495],"西水元2":[35.786339,139.847802],"立石6":[35.744385,139.852654],"西水元1":[35.781526,139.849617],"立石7":[35.73941,139.851091],"東新小岩8":[35.728064,139.855343],"西新小岩2":[35.717958,139.854345],"西新小岩4":[35.719455,139.850706],"青戸8":[35.758519,139.854846],"立石8":[35.738846,139.851155],"東新小岩7":[35.725195,139.852538],"奥戸1":[35.728508,139.854109],"青戸7":[35.754813,139.854324],"南水元2":[35.778117,139.852811],"青戸5":[35.747433,139.853748],"西水元6":[35.792051,139.859042],"水元1":[35.78151,139.857827],"西水元5":[35.787118,139.856085],"東新小岩5":[35.723233,139.858806],"西新小岩1":[35.717355,139.857397],"奥戸2":[35.73683,139.857378],"青戸1":[35.741815,139.857297],"新小岩1":[35.71407,139.855755],"水元2":[35.784464,139.859498],"南水元1":[35.774036,139.85838],"青戸6":[35.749171,139.860113],"新宿2":[35.760871,139.85553],"青戸2":[35.746675,139.858241],"水元5":[35.789868,139.858646],"東新小岩1":[35.720613,139.862464],"東新小岩3":[35.721652,139.859931],"東新小岩6":[35.723952,139.858373],"新宿6":[35.769414,139.863224],"新宿1":[35.75824,139.859294],"新宿5":[35.764648,139.859932],"南水元4":[35.776916,139.865547],"高砂1":[35.746144,139.862233],"新宿4":[35.76227,139.861477],"奥戸3":[35.732151,139.860527],"東新小岩4":[35.725781,139.862351],"東水元6":[35.793282,139.862658],"新小岩2":[35.718007,139.86099],"水元公園":[35.781086,139.879739],"水元4":[35.787618,139.864502],"高砂6":[35.756179,139.861838],"水元3":[35.781812,139.866041],"奥戸7":[35.739845,139.862376],"新小岩4":[35.722408,139.866963],"新宿3":[35.761581,139.864518],"奥戸4":[35.728612,139.863587],"東水元5":[35.790771,139.866655],"高砂7":[35.751651,139.862975],"金町4":[35.767174,139.863428],"南水元3":[35.773625,139.865301],"奥戸8":[35.734336,139.869491],"高砂5":[35.751803,139.869809],"奥戸5":[35.731221,139.865032],"新小岩3":[35.713375,139.865841],"東新小岩2":[35.723985,139.868095],"東水元4":[35.786682,139.868234],"高砂2":[35.748044,139.865453],"細田2":[35.739547,139.865592],"金町1":[35.762308,139.867363],"高砂8":[35.75322,139.866712],"東水元3":[35.784117,139.868583],"細田3":[35.74107,139.868755],"東金町1":[35.769314,139.864835],"東金町2":[35.771574,139.867314],"金町5":[35.767104,139.870554],"柴又2":[35.75791,139.870498],"奥戸6":[35.731732,139.871616],"東水元1":[35.776468,139.8671],"高砂3":[35.749419,139.868341],"東水元2":[35.782876,139.869285],"奥戸9":[35.735617,139.873404],"金町2":[35.763285,139.871274],"細田4":[35.745207,139.869074],"細田1":[35.737182,139.874625],"柴又3":[35.75836,139.875254],"柴又1":[35.753114,139.870985],"金町6":[35.769104,139.874303],"高砂4":[35.748542,139.874134],"東金町3":[35.769857,139.875143],"金町3":[35.770009,139.878559],"細田5":[35.740323,139.876897],"東金町4":[35.775325,139.877869],"金町浄水場":[35.762586,139.878433],"柴又4":[35.75257,139.877874],"鎌倉2":[35.745297,139.876818],"東金町5":[35.779744,139.876356],"鎌倉3":[35.745927,139.878452],"鎌倉1":[35.742195,139.876363],"東金町6":[35.771081,139.87749],"柴又7":[35.757248,139.875754],"柴又6":[35.755075,139.88202],"柴又5":[35.751672,139.884759],"東金町7":[35.778537,139.88641],"鎌倉4":[35.746773,139.883365],"東金町8":[35.781308,139.889076]}