{"飛田給3":[35.656205,139.517371],"飛田給2":[35.656936,139.523456],"上石原3":[35.653184,139.526719],"飛田給1":[35.660689,139.523415],"野水2":[35.683783,139.526618],"野水1":[35.679085,139.525046],"西町":[35.670284,139.528036],"多摩川1":[35.649388,139.532792],"上石原2":[35.653543,139.526937],"多摩川2":[35.6467,139.525662],"上石原1":[35.659154,139.532997],"下石原3":[35.652745,139.532575],"下石原2":[35.652046,139.535282],"多摩川4":[35.645766,139.534768],"多摩川3":[35.646816,139.532581],"富士見町1":[35.658384,139.537248],"下石原1":[35.656373,139.537978],"富士見町4":[35.665248,139.538101],"多摩川5":[35.645024,139.538536],"小島町3":[35.648738,139.540013],"富士見町3":[35.664308,139.540068],"小島町2":[35.6524,139.538738],"多摩川7":[35.641798,139.542193],"富士見町2":[35.657748,139.538042],"小島町1":[35.654728,139.544237],"多摩川6":[35.643555,139.543451],"深大寺元町4":[35.671704,139.543721],"深大寺北町7":[35.672828,139.544012],"布田5":[35.644776,139.54352],"深大寺北町6":[35.679053,139.546173],"深大寺元町1":[35.665037,139.544343],"調布ケ丘4":[35.662777,139.543714],"布田4":[35.650977,139.545745],"深大寺元町3":[35.66483,139.545347],"布田1":[35.652009,139.545679],"染地1":[35.642323,139.547536],"深大寺元町5":[35.667659,139.549122],"布田6":[35.646218,139.550168],"調布ケ丘1":[35.655423,139.547345],"調布ケ丘3":[35.657874,139.551467],"布田3":[35.65026,139.549194],"布田2":[35.652471,139.551063],"深大寺北町1":[35.674542,139.547159],"深大寺元町2":[35.662448,139.550536],"調布ケ丘2":[35.655451,139.549569],"深大寺北町5":[35.677165,139.551769],"深大寺北町2":[35.671917,139.554491],"染地2":[35.642976,139.551148],"佐須町1":[35.661461,139.552869],"国領町5":[35.647886,139.555013],"深大寺北町3":[35.675536,139.55157],"国領町1":[35.651621,139.555132],"佐須町3":[35.658018,139.553964],"八雲台1":[35.653781,139.553243],"佐須町2":[35.658391,139.555157],"国領町6":[35.646113,139.550906],"深大寺北町4":[35.677455,139.553655],"深大寺東町8":[35.679759,139.555327],"深大寺南町1":[35.661452,139.554832],"深大寺南町4":[35.665801,139.557306],"深大寺南町5":[35.66648,139.55755],"深大寺東町5":[35.672157,139.556658],"染地3":[35.642581,139.556287],"深大寺東町6":[35.676537,139.556828],"深大寺東町1":[35.670737,139.558115],"国領町7":[35.642571,139.560038],"八雲台2":[35.653577,139.561855],"国領町4":[35.649285,139.557942],"佐須町4":[35.656404,139.559441],"深大寺南町2":[35.661743,139.557805],"深大寺東町7":[35.675459,139.562451],"国領町2":[35.651652,139.560891],"佐須町5":[35.662679,139.560132],"深大寺東町4":[35.669278,139.562144],"深大寺東町2":[35.666232,139.561389],"国領町3":[35.651629,139.56199],"深大寺南町3":[35.663878,139.5602],"柴崎1":[35.659731,139.563807],"国領町8":[35.647526,139.568576],"深大寺東町3":[35.668103,139.564156],"柴崎2":[35.659946,139.564803],"菊野台2":[35.650379,139.565298],"菊野台1":[35.655741,139.56822],"西つつじケ丘1":[35.662237,139.570093],"菊野台3":[35.650342,139.570272],"西つつじケ丘2":[35.662454,139.573146],"西つつじケ丘4":[35.648944,139.578774],"西つつじケ丘3":[35.658577,139.57617],"緑ケ丘1":[35.67258,139.576949],"東つつじケ丘2":[35.658059,139.577802],"東つつじケ丘1":[35.660043,139.579032],"東つつじケ丘3":[35.65232,139.58245],"仙川町2":[35.662297,139.580711],"入間町2":[35.648773,139.580955],"若葉町1":[35.658037,139.585507],"若葉町3":[35.655573,139.586116],"緑ケ丘2":[35.66737,139.58877],"仙川町1":[35.661218,139.589726],"仙川町3":[35.665663,139.584655],"若葉町2":[35.656325,139.58911],"入間町1":[35.653793,139.586554],"入間町3":[35.646217,139.591594]}