{"上恩方町":[35.661002,139.20147],"小津町":[35.687645,139.228656],"裏高尾町":[35.63099,139.220788],"上川町":[35.709586,139.260104],"美山町":[35.685145,139.254409],"南浅川町":[35.616624,139.247739],"下恩方町":[35.666585,139.252952],"高尾町":[35.637998,139.271555],"元八王子町3":[35.652513,139.278787],"西寺方町":[35.687308,139.26318],"川口町":[35.691111,139.285732],"川町":[35.672063,139.27808],"元八王子町2":[35.663491,139.284439],"館町":[35.63192,139.307647],"西浅川町":[35.640308,139.273268],"初沢町":[35.63694,139.278878],"廿里町":[35.648575,139.276846],"戸吹町":[35.710692,139.286899],"狭間町":[35.63369,139.278524],"弐分方町":[35.668487,139.290357],"大楽寺町":[35.674911,139.289741],"上壱分方町":[35.682469,139.288312],"城山手2":[35.654044,139.284202],"元八王子町1":[35.664662,139.284637],"城山手1":[35.65461,139.28633],"東浅川町":[35.642745,139.299621],"長房町":[35.65976,139.302949],"諏訪町":[35.675841,139.288814],"犬目町":[35.689715,139.306647],"横川町":[35.667703,139.309899],"四谷町":[35.673392,139.298578],"椚田町":[35.637231,139.315271],"寺田町":[35.62679,139.308022],"叶谷町":[35.66905,139.304259],"散田町5":[35.648911,139.307172],"並木町":[35.654583,139.30643],"泉町":[35.675076,139.300718],"楢原町":[35.682463,139.300129],"めじろ台4":[35.644507,139.30133],"めじろ台3":[35.639695,139.300807],"宮下町":[35.702334,139.311412],"散田町4":[35.650407,139.307682],"千人町4":[35.654972,139.307165],"千人町3":[35.659047,139.308472],"めじろ台1":[35.648011,139.30739],"清川町":[35.673082,139.307058],"加住町2":[35.696006,139.322368],"散田町3":[35.651716,139.310621],"めじろ台2":[35.642993,139.308424],"千人町2":[35.658049,139.31304],"高月町":[35.700857,139.332092],"散田町2":[35.648358,139.311921],"日吉町":[35.662262,139.311282],"大船町":[35.630396,139.315236],"山田町":[35.646199,139.318788],"元本郷町4":[35.66706,139.314654],"谷野町":[35.680626,139.334681],"千人町1":[35.660333,139.316791],"中野上町4":[35.672826,139.313687],"台町4":[35.657934,139.324062],"中野町":[35.681486,139.318541],"中野上町5":[35.67582,139.317695],"元本郷町3":[35.664832,139.316409],"加住町1":[35.698256,139.321102],"散田町1":[35.652189,139.316728],"七国4":[35.621896,139.315623],"小比企町":[35.646668,139.33234],"台町3":[35.655318,139.322838],"元本郷町2":[35.665375,139.319179],"みなみ野5":[35.628504,139.318826],"台町2":[35.652041,139.32192],"追分町":[35.661846,139.318061],"七国5":[35.623017,139.319449],"中野上町3":[35.674241,139.319135],"中野山王3":[35.673842,139.325773],"緑町":[35.648016,139.331995],"元本郷町1":[35.665509,139.320933],"中野上町2":[35.668906,139.328318],"小門町":[35.659333,139.328184],"八木町":[35.661141,139.323107],"みなみ野4":[35.626574,139.326847],"七国6":[35.622938,139.325557],"七国3":[35.615767,139.323367],"みつい台2":[35.681811,139.324024],"中野上町1":[35.668234,139.331246],"みなみ野3":[35.629027,139.324773],"丹木町3":[35.696074,139.325443],"みなみ野6":[35.634647,139.32553],"中野山王2":[35.67475,139.330531],"七国2":[35.620346,139.323042],"台町1":[35.652137,139.329386],"八幡町":[35.660079,139.326684],"平岡町":[35.664421,139.326787],"本郷町":[35.661779,139.327897],"上野町":[35.652578,139.329005],"みなみ野1":[35.630878,139.330661],"中野山王1":[35.671242,139.331122],"西片倉3":[35.638649,139.330253],"丹木町2":[35.69242,139.327166],"丹木町1":[35.691358,139.332772],"左入町":[35.68238,139.34347],"七国1":[35.616244,139.330567],"みなみ野2":[35.628057,139.328782],"みつい台1":[35.682411,139.329603],"大横町":[35.664037,139.33013],"天神町":[35.65763,139.329854],"南新町":[35.65827,139.330768],"八日町":[35.659635,139.331936],"兵衛1":[35.629879,139.332683],"兵衛2":[35.622755,139.336685],"片倉町":[35.622903,139.339431],"西片倉2":[35.636494,139.334669],"本町":[35.662418,139.33429],"万町":[35.652837,139.33142],"元横山町3":[35.66628,139.333165],"寺町":[35.656389,139.334198],"暁町1":[35.668936,139.340073],"南町":[35.658308,139.331826],"暁町2":[35.673358,139.336882],"西片倉1":[35.636156,139.335208],"梅坪町":[35.689233,139.336597],"暁町3":[35.673725,139.335696],"元横山町2":[35.661462,139.337817],"横山町":[35.660118,139.339941],"滝山町2":[35.691404,139.339474],"子安町4":[35.655374,139.336205],"中町":[35.658573,139.337388],"田町":[35.666257,139.335572],"三崎町":[35.656919,139.335045],"滝山町1":[35.680317,139.336811],"子安町3":[35.646587,139.337378],"宇津貫町":[35.625891,139.334168],"元横山町1":[35.665064,139.337533],"旭町":[35.655161,139.340717],"東町":[35.658497,139.340997],"子安町1":[35.654067,139.344834],"子安町2":[35.649047,139.343204],"大和田町7":[35.669809,139.343785],"新町":[35.662107,139.342813],"鑓水":[35.613362,139.353077],"尾崎町":[35.681009,139.34602],"宇津木町":[35.678819,139.351523],"明神町4":[35.657826,139.342003],"明神町3":[35.654592,139.345264],"大谷町":[35.678884,139.352414],"鑓水2":[35.61524,139.358461],"明神町2":[35.657256,139.344566],"北野町":[35.64873,139.343941],"大和田町6":[35.667987,139.345291],"打越町":[35.643912,139.354046],"富士見町":[35.669297,139.350635],"明神町1":[35.659358,139.34985],"大和田町5":[35.662578,139.351874],"北野台3":[35.626862,139.348371],"丸山町":[35.689243,139.348033],"北野台5":[35.63354,139.354003],"大和田町3":[35.66219,139.351386],"北野台4":[35.62987,139.349195],"久保山町2":[35.683057,139.35782],"平町":[35.690354,139.356355],"大和田町4":[35.666745,139.357539],"北野台2":[35.628208,139.353946],"北野台1":[35.632763,139.358705],"大和田町1":[35.6581,139.358608],"大和田町2":[35.663241,139.358326],"石川町":[35.678393,139.376164],"絹ケ丘2":[35.638723,139.357655],"中山":[35.627172,139.360012],"長沼町":[35.64446,139.367639],"久保山町1":[35.6861,139.359488],"絹ケ丘1":[35.63469,139.363763],"絹ケ丘3":[35.634092,139.360767],"上柚木":[35.616668,139.362474],"高倉町":[35.66366,139.364468],"南大沢5":[35.607801,139.368358],"小宮町":[35.683261,139.375539],"下柚木":[35.628817,139.380131],"上柚木2":[35.620921,139.374044],"上柚木3":[35.619236,139.374925],"南陽台1":[35.63267,139.372521],"南大沢4":[35.609695,139.37866],"南陽台3":[35.636501,139.375377],"南陽台2":[35.631932,139.373161],"南大沢1":[35.614874,139.377673],"下柚木2":[35.624778,139.379897],"下柚木3":[35.621041,139.377649],"堀之内":[35.630683,139.39867],"南大沢2":[35.612348,139.38117],"南大沢3":[35.602865,139.380375],"越野":[35.628814,139.394247],"別所1":[35.611775,139.390071],"松木":[35.620771,139.390551],"別所2":[35.62007,139.398816],"堀之内2":[35.627838,139.395592],"堀之内3":[35.625401,139.400332],"東中野":[35.634235,139.409459],"松が谷":[35.62959,139.414361],"大塚":[35.645477,139.415611],"鹿島":[35.636091,139.427665]}