{"四谷5":[35.664653,139.443581],"日新町5":[35.671561,139.437195],"四谷4":[35.668927,139.442003],"日新町4":[35.670636,139.44224],"四谷3":[35.661383,139.443613],"四谷1":[35.661243,139.450042],"四谷2":[35.66525,139.446343],"日新町2":[35.671103,139.453818],"日新町3":[35.668042,139.447532],"住吉町3":[35.665355,139.452808],"西府町5":[35.676218,139.451728],"西原町4":[35.684574,139.454331],"住吉町4":[35.661042,139.457479],"西府町1":[35.672596,139.452963],"日新町1":[35.666194,139.458462],"西府町2":[35.673905,139.456463],"北山町1":[35.686055,139.455799],"北山町3":[35.68897,139.456961],"北山町2":[35.686504,139.455798],"住吉町5":[35.65783,139.455987],"西府町4":[35.679739,139.45223],"西原町3":[35.684804,139.454796],"西府町3":[35.674798,139.458722],"住吉町2":[35.657342,139.4596],"北山町4":[35.689982,139.456003],"西原町2":[35.682393,139.457643],"住吉町1":[35.661391,139.45841],"本宿町2":[35.672323,139.462481],"武蔵台2":[35.688601,139.460003],"本宿町1":[35.669399,139.460213],"分梅町3":[35.665795,139.463701],"本宿町4":[35.675186,139.460974],"分梅町4":[35.665176,139.461302],"武蔵台1":[35.686409,139.468878],"武蔵台3":[35.698957,139.461144],"南町4":[35.657085,139.465494],"東芝町":[35.678045,139.462445],"美好町3":[35.66913,139.466114],"本宿町3":[35.677528,139.464435],"南町3":[35.659741,139.464857],"美好町2":[35.675601,139.465959],"分梅町2":[35.664686,139.46668],"南町2":[35.662359,139.469987],"南町5":[35.656276,139.467614],"美好町1":[35.673649,139.46833],"日鋼町":[35.673995,139.468494],"分梅町1":[35.668168,139.466598],"片町2":[35.669652,139.46943],"片町3":[35.666989,139.468985],"本町4":[35.665693,139.468968],"片町1":[35.671053,139.471537],"南町1":[35.662308,139.472669],"栄町3":[35.688522,139.471652],"本町3":[35.664383,139.472142],"南町6":[35.658371,139.475429],"晴見町4":[35.684579,139.473859],"晴見町2":[35.681333,139.475274],"寿町3":[35.674201,139.473782],"矢崎町2":[35.663869,139.473718],"本町2":[35.666696,139.476084],"是政6":[35.657769,139.481297],"宮西町3":[35.672025,139.475103],"宮西町4":[35.670126,139.474021],"寿町2":[35.672806,139.47661],"晴見町1":[35.679055,139.478922],"矢崎町1":[35.66198,139.479769],"栄町2":[35.686991,139.478467],"宮西町1":[35.671528,139.478248],"矢崎町3":[35.660959,139.474855],"晴見町3":[35.682741,139.477944],"寿町1":[35.672465,139.478718],"本町1":[35.665135,139.480927],"宮町1":[35.67046,139.483503],"府中町1":[35.672461,139.479802],"栄町1":[35.689608,139.48356],"宮町3":[35.666773,139.479962],"幸町1":[35.682378,139.479509],"幸町3":[35.68297,139.482468],"府中町2":[35.677231,139.485147],"幸町2":[35.678037,139.482608],"是政3":[35.658841,139.489209],"新町1":[35.687776,139.49071],"是政5":[35.656265,139.485173],"緑町1":[35.671212,139.486734],"府中町3":[35.676419,139.486421],"八幡町1":[35.670205,139.484829],"新町3":[35.691301,139.488873],"天神町3":[35.684729,139.487329],"八幡町2":[35.670468,139.488174],"天神町1":[35.679974,139.489173],"緑町2":[35.670709,139.48996],"天神町2":[35.679505,139.490827],"新町2":[35.686527,139.49622],"是政2":[35.658963,139.498246],"是政4":[35.658166,139.498204],"是政1":[35.662205,139.493508],"緑町3":[35.669979,139.492952],"天神町4":[35.682573,139.492683],"浅間町1":[35.683234,139.497101],"清水が丘2":[35.666074,139.497896],"清水が丘1":[35.66716,139.493558],"若松町2":[35.670737,139.504111],"若松町1":[35.669856,139.503835],"浅間町2":[35.682855,139.495618],"小柳町5":[35.655294,139.501242],"浅間町3":[35.685114,139.49668],"浅間町4":[35.681905,139.500025],"若松町4":[35.675629,139.499263],"若松町3":[35.674723,139.49949],"清水が丘3":[35.665994,139.502966],"小柳町2":[35.662439,139.503333],"若松町5":[35.6783,139.504795],"小柳町4":[35.659411,139.502573],"小柳町1":[35.66585,139.503455],"小柳町6":[35.65402,139.504941],"小柳町3":[35.66346,139.506823],"白糸台1":[35.669324,139.505071],"紅葉丘2":[35.68071,139.517162],"押立町3":[35.658304,139.506323],"紅葉丘1":[35.672535,139.508637],"白糸台4":[35.663811,139.506295],"押立町1":[35.65855,139.506514],"白糸台2":[35.66715,139.510156],"紅葉丘3":[35.673167,139.514856],"押立町4":[35.653961,139.519496],"白糸台5":[35.663574,139.516234],"押立町2":[35.658784,139.515151],"白糸台3":[35.665588,139.519257],"多磨町3":[35.689203,139.516635],"朝日町1":[35.67049,139.515255],"押立町5":[35.651554,139.520561],"白糸台6":[35.660242,139.518099],"朝日町2":[35.674178,139.518247],"多磨町1":[35.679172,139.518071],"多磨町2":[35.685437,139.521646],"朝日町3":[35.666392,139.520478],"西原町1":[35.681508,139.460192],"四谷6":[35.670299,139.436395],"分梅町5":[35.662426,139.463116],"矢崎町4":[35.65826,139.476758],"矢崎町5":[35.656198,139.47648],"宮西町5":[35.669415,139.476601],"宮西町2":[35.669494,139.477184],"八幡町3":[35.668099,139.491616],"宮町2":[35.669402,139.48329],"日吉町":[35.663508,139.485445],"多磨町4":[35.678944,139.51445]}