{"桜堤3":[35.713091,139.526982],"桜堤2":[35.710816,139.532219],"境5":[35.702316,139.536747],"境南町4":[35.699325,139.537514],"桜堤1":[35.709464,139.533946],"境南町5":[35.697285,139.536744],"境4":[35.706815,139.538989],"関前5":[35.711446,139.54115],"境南町3":[35.70194,139.541062],"境2":[35.702424,139.54066],"境南町2":[35.698673,139.545978],"境3":[35.708914,139.544816],"関前4":[35.714124,139.54791],"境1":[35.702718,139.548992],"関前1":[35.708148,139.552607],"関前2":[35.709552,139.55342],"境南町1":[35.702117,139.547456],"関前3":[35.713609,139.557092],"八幡町3":[35.716979,139.554282],"西久保1":[35.707436,139.557764],"八幡町4":[35.72086,139.557005],"八幡町1":[35.715047,139.557933],"西久保2":[35.709151,139.561697],"西久保3":[35.712732,139.560949],"八幡町2":[35.720547,139.560456],"緑町1":[35.714306,139.561735],"中町1":[35.702971,139.565934],"緑町2":[35.718633,139.563901],"中町2":[35.707111,139.561424],"緑町3":[35.719739,139.561606],"中町3":[35.709741,139.563398],"御殿山2":[35.7021,139.567937],"吉祥寺北町4":[35.712193,139.567505],"吉祥寺北町5":[35.719446,139.570849],"吉祥寺本町3":[35.703056,139.567618],"吉祥寺北町3":[35.710257,139.573182],"吉祥寺本町4":[35.7055,139.573647],"御殿山1":[35.701793,139.576341],"吉祥寺本町2":[35.705327,139.577573],"吉祥寺北町1":[35.712202,139.578039],"吉祥寺南町1":[35.70332,139.579248],"吉祥寺北町2":[35.712618,139.578021],"吉祥寺本町1":[35.703317,139.57887],"吉祥寺東町1":[35.707095,139.580406],"吉祥寺南町2":[35.703415,139.586484],"吉祥寺東町2":[35.709007,139.582803],"吉祥寺南町3":[35.695399,139.589705],"吉祥寺南町4":[35.700834,139.590105],"吉祥寺東町3":[35.703697,139.588877],"吉祥寺南町5":[35.703428,139.593717],"吉祥寺東町4":[35.705051,139.593574]}