{"西平山5":[35.655458,139.358546],"旭が丘5":[35.657905,139.361032],"旭が丘6":[35.65984,139.360074],"西平山4":[35.649437,139.366555],"旭が丘4":[35.652189,139.366722],"西平山2":[35.644558,139.371695],"旭が丘2":[35.663982,139.372442],"旭が丘3":[35.658484,139.371135],"旭が丘1":[35.657746,139.377877],"西平山3":[35.649275,139.367771],"東平山2":[35.652646,139.380439],"西平山1":[35.647277,139.376318],"日野台5":[35.670579,139.373223],"多摩平3":[35.664032,139.372605],"さくら町":[35.66946,139.373349],"東平山3":[35.652271,139.375027],"日野台4":[35.670893,139.376112],"多摩平5":[35.668323,139.375572],"富士町":[35.660307,139.374952],"日野台3":[35.674325,139.382599],"新町5":[35.68309,139.37893],"東平山1":[35.651003,139.380557],"日野台2":[35.678936,139.384626],"栄町5":[35.684108,139.383852],"多摩平1":[35.660736,139.377455],"平山6":[35.646661,139.383787],"多摩平4":[35.668391,139.386199],"豊田3":[35.657525,139.383414],"平山5":[35.648047,139.380653],"多摩平6":[35.672549,139.384555],"多摩平2":[35.666842,139.386382],"栄町3":[35.684865,139.389551],"新町4":[35.682977,139.379621],"平山2":[35.646248,139.384272],"豊田2":[35.653614,139.383948],"豊田4":[35.658553,139.386243],"平山4":[35.650416,139.382568],"新町3":[35.681661,139.3882],"日野台1":[35.676887,139.385023],"新町2":[35.679931,139.384236],"東豊田3":[35.666951,139.387685],"大坂上4":[35.671324,139.391223],"平山3":[35.647953,139.390384],"大坂上2":[35.676497,139.386898],"栄町4":[35.683761,139.385213],"東豊田2":[35.659484,139.390102],"平山1":[35.644507,139.390097],"多摩平7":[35.670274,139.390906],"大坂上3":[35.675256,139.389836],"東豊田4":[35.667559,139.393057],"栄町2":[35.683679,139.393288],"新町1":[35.679275,139.3893],"大坂上1":[35.676685,139.392493],"程久保5":[35.643895,139.39782],"東豊田1":[35.662654,139.390989],"南平9":[35.647111,139.39403],"南平6":[35.654528,139.391997],"神明2":[35.669601,139.390581],"神明3":[35.676139,139.392768],"南平7":[35.655328,139.392938],"栄町1":[35.681631,139.394823],"日野本町3":[35.676255,139.395469],"大字豊田":[35.667082,139.394174],"南平8":[35.654116,139.397213],"神明4":[35.674355,139.398535],"神明1":[35.671304,139.39881],"日野本町4":[35.679588,139.39425],"南平5":[35.664248,139.405473],"大字川辺堀之内":[35.665107,139.399323],"日野本町5":[35.683016,139.397085],"南平4":[35.662785,139.402783],"程久保6":[35.64727,139.4027],"日野本町2":[35.675529,139.396714],"南平2":[35.657773,139.400341],"大字日野":[35.678601,139.405145],"程久保4":[35.645564,139.405251],"日野本町7":[35.678788,139.399838],"日野本町1":[35.675716,139.402198],"程久保7":[35.647861,139.399889],"南平3":[35.659151,139.402418],"大字宮":[35.670592,139.407402],"大字上田":[35.670098,139.407042],"南平1":[35.658165,139.404058],"日野本町6":[35.682204,139.403563],"程久保8":[35.655203,139.408841],"三沢5":[35.65476,139.408256],"程久保3":[35.64775,139.403715],"万願寺6":[35.666237,139.409116],"程久保2":[35.650271,139.409019],"三沢4":[35.657518,139.411449],"高幡":[35.66369,139.407869],"万願寺3":[35.671179,139.408829],"万願寺4":[35.670463,139.408618],"程久保":[35.652027,139.41753],"程久保1":[35.657232,139.412817],"万願寺5":[35.669062,139.415705],"大字新井":[35.66362,139.428504],"三沢3":[35.654702,139.419644],"三沢":[35.659091,139.425262],"万願寺2":[35.674103,139.422016],"三沢1":[35.660064,139.424497],"万願寺1":[35.673778,139.423686],"石田2":[35.669084,139.420368],"大字石田":[35.678957,139.416464],"百草":[35.654342,139.433165],"三沢2":[35.655906,139.428083],"石田1":[35.66973,139.422898],"落川":[35.657197,139.438943],"豊田1":[35.656918,139.388883]}