{"青柳":[35.681411,139.421771],"青柳3":[35.68539,139.420101],"青柳1":[35.684072,139.424935],"泉3":[35.679578,139.42429],"谷保":[35.674319,139.448445],"矢川3":[35.681373,139.428413],"富士見台4":[35.687891,139.430463],"北3":[35.701582,139.431809],"泉4":[35.677847,139.429136],"西1":[35.69869,139.430926],"西2":[35.690511,139.438622],"泉5":[35.677264,139.434847],"泉1":[35.671948,139.438069],"泉2":[35.673959,139.428005],"富士見台3":[35.687506,139.440768],"西3":[35.689712,139.437739],"北2":[35.699186,139.441514],"中1":[35.699173,139.445856],"中2":[35.693972,139.439335],"中3":[35.688037,139.445008],"富士見台2":[35.684449,139.447004],"谷保6":[35.67427,139.447879],"北1":[35.699418,139.447134],"富士見台1":[35.685299,139.452586],"東1":[35.699086,139.447212],"東2":[35.691016,139.449147],"東4":[35.686847,139.452114],"東3":[35.691921,139.45446],"石田":[35.684499,139.430531],"谷保7":[35.675967,139.448333]}