{"多摩湖町2":[35.763131,139.445252],"多摩湖町3":[35.763031,139.443791],"廻田町3":[35.757332,139.445371],"廻田町2":[35.753474,139.449731],"多摩湖町4":[35.767161,139.451548],"富士見町4":[35.751944,139.447277],"廻田町4":[35.757734,139.450592],"多摩湖町1":[35.765514,139.45027],"富士見町3":[35.748162,139.451117],"富士見町2":[35.742567,139.451604],"廻田町1":[35.754822,139.45441],"美住町2":[35.752162,139.462892],"諏訪町3":[35.767164,139.457032],"野口町3":[35.766241,139.453864],"野口町2":[35.758505,139.460677],"富士見町1":[35.744632,139.456523],"美住町1":[35.751808,139.459813],"富士見町5":[35.745214,139.462392],"野口町4":[35.766314,139.46437],"野口町1":[35.762684,139.465028],"諏訪町2":[35.772067,139.467377],"諏訪町1":[35.766106,139.46504],"栄町3":[35.751203,139.467389],"本町2":[35.758989,139.467897],"本町1":[35.751714,139.46885],"栄町2":[35.747523,139.470896],"久米川町4":[35.761134,139.471664],"萩山町3":[35.742702,139.474724],"本町3":[35.759127,139.472038],"本町4":[35.755094,139.474253],"久米川町5":[35.775206,139.474202],"栄町1":[35.752635,139.47538],"久米川町3":[35.765274,139.476802],"久米川町2":[35.765544,139.478001],"萩山町4":[35.745637,139.476232],"恩多町4":[35.757803,139.475512],"久米川町1":[35.767577,139.487543],"秋津町3":[35.778184,139.47874],"萩山町2":[35.742102,139.480853],"萩山町5":[35.747629,139.475715],"萩山町1":[35.737791,139.485995],"恩多町3":[35.751308,139.480718],"恩多町2":[35.751359,139.483245],"秋津町4":[35.776659,139.483631],"恩多町5":[35.758857,139.486816],"青葉町2":[35.765432,139.486956],"秋津町2":[35.770342,139.49142],"恩多町1":[35.755565,139.490747],"青葉町3":[35.770095,139.499146],"秋津町5":[35.779811,139.490435],"青葉町1":[35.761477,139.493198],"秋津町1":[35.772296,139.493019],"青葉町4":[35.768919,139.499411]}