{"貫井北町5":[35.700794,139.491285],"貫井北町4":[35.707963,139.487062],"貫井南町5":[35.692575,139.490326],"貫井南町4":[35.697279,139.495069],"貫井南町3":[35.698914,139.497238],"貫井北町1":[35.702361,139.498654],"貫井北町3":[35.708513,139.494045],"貫井南町1":[35.69239,139.494448],"貫井南町2":[35.697206,139.499279],"前原町5":[35.690236,139.500421],"貫井北町2":[35.707908,139.496325],"前原町3":[35.697988,139.499676],"本町5":[35.704279,139.500234],"前原町4":[35.687414,139.501972],"本町4":[35.706659,139.500701],"本町6":[35.699512,139.501974],"桜町2":[35.708787,139.505265],"中町4":[35.694319,139.506571],"前原町2":[35.691697,139.516611],"本町1":[35.700905,139.509728],"前原町1":[35.689177,139.512349],"本町2":[35.701252,139.508679],"本町3":[35.70649,139.509816],"桜町1":[35.709856,139.509587],"桜町3":[35.71308,139.512666],"中町1":[35.693383,139.518635],"緑町5":[35.701657,139.51618],"中町3":[35.701003,139.515458],"緑町4":[35.708012,139.512725],"緑町3":[35.709002,139.513165],"中町2":[35.695927,139.518088],"関野町2":[35.71312,139.513912],"緑町1":[35.702063,139.521285],"緑町2":[35.706924,139.5207],"東町5":[35.693711,139.524595],"関野町1":[35.713987,139.518994],"梶野町3":[35.709555,139.526805],"梶野町4":[35.706321,139.522526],"梶野町5":[35.70372,139.527063],"東町4":[35.695378,139.527427],"東町1":[35.694124,139.526917],"東町3":[35.701189,139.527333],"梶野町1":[35.704925,139.531896],"梶野町2":[35.706055,139.528252],"東町2":[35.695388,139.527606]}