{"大字福生":[35.738544,139.335347],"加美平3":[35.744975,139.323691],"北田園2":[35.738765,139.320797],"加美平2":[35.745853,139.325975],"加美平1":[35.747263,139.328795],"加美平4":[35.752594,139.32403],"北田園1":[35.732973,139.322617],"南田園3":[35.730615,139.331265],"本町":[35.741495,139.328275],"志茂":[35.733981,139.328296],"東町":[35.742439,139.328091],"武蔵野台2":[35.74392,139.331233],"牛浜":[35.732944,139.32838],"南田園2":[35.725096,139.332629],"武蔵野台1":[35.745366,139.335715],"南田園1":[35.72253,139.33329],"大字熊川":[35.723168,139.352109],"大字福生二宮":[35.735149,139.339043],"大字熊川二宮":[35.733273,139.338958]}