{"中島町":[35.7297,139.431403],"上水新町1":[35.724001,139.443405],"小川町1":[35.727502,139.457095],"栄町1":[35.73543,139.443577],"栄町2":[35.733304,139.451917],"上水新町2":[35.722062,139.451631],"栄町3":[35.736649,139.451477],"小川西町1":[35.737772,139.453857],"たかの台":[35.7229,139.461159],"小川西町5":[35.736488,139.458047],"小川西町2":[35.737127,139.460754],"上水新町3":[35.718208,139.45945],"小川西町3":[35.741129,139.461024],"上水本町1":[35.718962,139.464002],"小川西町4":[35.733918,139.462168],"津田町1":[35.723885,139.464555],"小川東町1":[35.733907,139.464986],"小川東町2":[35.742144,139.470152],"上水本町2":[35.718737,139.467551],"小川町2":[35.727059,139.468357],"津田町2":[35.725322,139.468003],"小川東町5":[35.733177,139.476609],"小川東町3":[35.734816,139.472713],"上水本町3":[35.716159,139.469412],"津田町3":[35.72043,139.470364],"学園西町3":[35.72656,139.475618],"学園西町2":[35.721974,139.480075],"学園西町1":[35.718561,139.476961],"上水本町6":[35.71502,139.47377],"上水本町4":[35.715201,139.478294],"小川東町4":[35.736136,139.475122],"上水本町5":[35.710499,139.476175],"小川東町":[35.733595,139.478527],"上水南町1":[35.714621,139.484223],"学園東町1":[35.722674,139.480014],"仲町":[35.729911,139.487346],"喜平町1":[35.715617,139.488597],"学園東町":[35.728577,139.487393],"喜平町2":[35.717428,139.484618],"学園東町2":[35.722496,139.487881],"上水南町2":[35.714546,139.487226],"美園町1":[35.734646,139.489484],"美園町2":[35.736201,139.492193],"美園町3":[35.740472,139.491914],"上水南町4":[35.710883,139.491944],"上水南町3":[35.712771,139.495693],"学園東町3":[35.725269,139.491188],"喜平町3":[35.719718,139.491131],"回田町":[35.721748,139.494211],"鈴木町1":[35.721967,139.494301],"天神町2":[35.731802,139.495951],"大沼町1":[35.736039,139.494431],"大沼町2":[35.736455,139.504186],"天神町1":[35.72913,139.492093],"天神町4":[35.727055,139.500237],"大沼町7":[35.733089,139.498231],"天神町3":[35.73234,139.498291],"大沼町3":[35.738403,139.49881],"大沼町4":[35.743448,139.49614],"御幸町":[35.71604,139.504893],"花小金井7":[35.727401,139.501518],"花小金井8":[35.734484,139.505947],"鈴木町2":[35.720393,139.505723],"花小金井6":[35.728943,139.506006],"花小金井4":[35.738651,139.512919],"花小金井5":[35.734187,139.510283],"花小金井南町1":[35.718606,139.513974],"花小金井1":[35.729915,139.516365],"花小金井2":[35.730934,139.516662],"花小金井南町2":[35.721838,139.516832],"花小金井3":[35.734959,139.514122],"花小金井南町3":[35.723561,139.52007],"大沼町5":[35.739935,139.504053],"大沼町6":[35.731884,139.501304]}