{"西町5":[35.716411,139.429744],"西町1":[35.701854,139.4388],"西町4":[35.713976,139.433958],"西町3":[35.711374,139.432373],"西町2":[35.706757,139.435402],"高木町3":[35.713081,139.43793],"光町2":[35.704551,139.443111],"高木町2":[35.709701,139.43994],"高木町1":[35.709869,139.442136],"光町3":[35.707259,139.443728],"新町3":[35.713826,139.448849],"光町1":[35.701249,139.44919],"並木町3":[35.716836,139.445289],"富士本3":[35.711745,139.445372],"富士本2":[35.707457,139.447286],"富士本1":[35.702578,139.450393],"新町2":[35.712191,139.449421],"戸倉3":[35.707055,139.454915],"日吉町2":[35.701114,139.45221],"新町1":[35.712077,139.453097],"内藤2":[35.697721,139.454306],"戸倉2":[35.708673,139.4606],"日吉町3":[35.704165,139.458832],"北町5":[35.719977,139.456366],"戸倉4":[35.709787,139.45862],"並木町1":[35.716344,139.461712],"北町1":[35.71728,139.46003],"内藤1":[35.694217,139.456842],"日吉町1":[35.700642,139.461477],"日吉町4":[35.708306,139.462723],"戸倉1":[35.714021,139.460858],"東戸倉2":[35.712747,139.466625],"西恋ケ窪2":[35.700087,139.465123],"西恋ケ窪3":[35.70252,139.464401],"西恋ケ窪4":[35.706286,139.466394],"泉町3":[35.697101,139.466757],"西元町4":[35.69007,139.467595],"東戸倉1":[35.714727,139.469012],"西恋ケ窪1":[35.699918,139.466856],"泉町2":[35.699122,139.467223],"東恋ケ窪5":[35.710029,139.468292],"西元町2":[35.691883,139.469515],"東恋ケ窪4":[35.708894,139.471001],"東恋ケ窪6":[35.713109,139.470247],"西元町3":[35.689799,139.473782],"東恋ケ窪3":[35.70545,139.474586],"東恋ケ窪1":[35.703504,139.471003],"西元町1":[35.695343,139.471999],"東恋ケ窪2":[35.707661,139.476845],"泉町1":[35.698268,139.475703],"東元町3":[35.696395,139.479693],"東元町4":[35.69058,139.476469],"南町3":[35.699686,139.477358],"本町4":[35.700529,139.478547],"本町3":[35.700705,139.480398],"本多3":[35.712007,139.479955],"本多2":[35.704167,139.480525],"東元町2":[35.692526,139.484612],"本多4":[35.709616,139.483299],"本町2":[35.700361,139.481523],"南町2":[35.699435,139.482856],"本多1":[35.703745,139.484839],"本多5":[35.706847,139.483164],"東元町1":[35.697311,139.490386],"本町1":[35.70113,139.485299],"南町1":[35.697644,139.490886],"北町3":[35.719419,139.448192],"北町4":[35.720902,139.448645],"北町2":[35.717717,139.455933],"並木町2":[35.714553,139.45488]}