{"榎3":[35.751347,139.386552],"榎1":[35.735064,139.394712],"本町1":[35.755051,139.38488],"榎2":[35.741617,139.392749],"本町4":[35.757728,139.386619],"学園1":[35.750001,139.391112],"中央4":[35.758903,139.3932],"中央3":[35.755035,139.389933],"中央1":[35.753781,139.393344],"中藤2":[35.759357,139.395437],"中央2":[35.752368,139.395508],"大南1":[35.735075,139.396339],"中藤1":[35.755407,139.398695],"学園5":[35.742996,139.396706],"学園2":[35.747069,139.398989],"学園4":[35.742803,139.401751],"神明2":[35.754544,139.401447],"大南2":[35.737847,139.402149],"大南3":[35.734693,139.405923],"中藤3":[35.758497,139.400098],"神明1":[35.749864,139.399315],"神明4":[35.751527,139.403966],"中藤4":[35.757734,139.405529],"学園3":[35.748557,139.405517],"緑が丘":[35.738875,139.409442],"中藤5":[35.756693,139.406176],"大南5":[35.738835,139.411851],"神明3":[35.750644,139.404872],"大南4":[35.734756,139.410813],"本町6":[35.764495,139.384601],"本町5":[35.762248,139.3825],"中央5":[35.760113,139.393025],"中原3":[35.757889,139.360765],"中原5":[35.750998,139.362298],"中原4":[35.752053,139.363676],"中原2":[35.759442,139.365415],"岸1":[35.760413,139.364597],"中原1":[35.758564,139.366196],"岸2":[35.763151,139.366834],"残堀4":[35.74994,139.363872],"残堀5":[35.756283,139.367895],"岸4":[35.77058,139.369781],"岸3":[35.765923,139.372954],"三ツ藤3":[35.757705,139.368971],"伊奈平6":[35.743341,139.37382],"三ツ木2":[35.757644,139.369817],"三ツ木3":[35.76425,139.371816],"岸5":[35.768153,139.372039],"残堀2":[35.746702,139.373052],"残堀1":[35.747274,139.376755],"伊奈平5":[35.739613,139.370515],"三ツ木5":[35.761057,139.380509],"三ツ木1":[35.758118,139.378752],"伊奈平4":[35.739093,139.370231],"三ツ藤2":[35.751226,139.376302],"伊奈平1":[35.744471,139.382557],"三ツ木4":[35.766449,139.375774],"三ツ藤1":[35.74597,139.38165],"本町2":[35.755409,139.385002],"本町3":[35.759908,139.385247],"残堀3":[35.748009,139.365527],"伊奈平3":[35.735837,139.38262],"伊奈平2":[35.742236,139.37599]}