{"唐木田3":[35.611187,139.399456],"唐木田1":[35.620244,139.412273],"唐木田2":[35.61242,139.409955],"中沢1":[35.623304,139.413134],"中沢2":[35.620804,139.414087],"鶴牧6":[35.613914,139.412367],"鶴牧2":[35.617381,139.416384],"南野3":[35.60804,139.424483],"山王下1":[35.626849,139.420986],"和田":[35.642917,139.434883],"鶴牧5":[35.609434,139.425693],"山王下2":[35.627932,139.421918],"鶴牧1":[35.622949,139.420038],"鶴牧3":[35.61783,139.421445],"鶴牧4":[35.61252,139.422484],"落合5":[35.612789,139.42716],"落合1":[35.623006,139.429304],"落合2":[35.621981,139.427852],"落合6":[35.612252,139.425647],"愛宕4":[35.630376,139.430592],"南野2":[35.609874,139.434459],"落合3":[35.619334,139.432004],"落合4":[35.611732,139.43132],"愛宕1":[35.634819,139.434068],"豊ケ丘1":[35.629345,139.43612],"和田3":[35.636033,139.432862],"愛宕3":[35.632973,139.435601],"乞田":[35.634991,139.441694],"豊ケ丘2":[35.622975,139.436318],"豊ケ丘5":[35.618539,139.434615],"豊ケ丘6":[35.611534,139.434781],"百草":[35.636372,139.433699],"豊ケ丘4":[35.614433,139.436398],"豊ケ丘3":[35.618929,139.435514],"東寺方":[35.643222,139.434374],"東寺方3":[35.635762,139.437314],"愛宕2":[35.635955,139.440023],"落川":[35.643136,139.438594],"貝取1":[35.627474,139.441577],"貝取2":[35.618945,139.438426],"貝取4":[35.614908,139.438058],"一ノ宮1":[35.651669,139.441866],"貝取5":[35.611954,139.440911],"一ノ宮4":[35.649321,139.438097],"東寺方1":[35.648747,139.445895],"桜ケ丘3":[35.638593,139.442352],"桜ケ丘2":[35.637899,139.442604],"貝取3":[35.613671,139.441905],"桜ケ丘4":[35.646396,139.444407],"南野1":[35.609942,139.440105],"一ノ宮2":[35.653372,139.444257],"永山3":[35.623076,139.446896],"永山2":[35.628842,139.446984],"永山5":[35.617517,139.44914],"永山6":[35.612547,139.446323],"永山1":[35.630469,139.446249],"貝取":[35.637828,139.445379],"一ノ宮3":[35.64994,139.445976],"桜ケ丘1":[35.642973,139.448743],"関戸1":[35.653181,139.447697],"永山4":[35.621641,139.447575],"関戸6":[35.640561,139.448183],"関戸4":[35.648857,139.451988],"諏訪1":[35.630676,139.449436],"永山7":[35.610317,139.445085],"関戸2":[35.649731,139.452206],"馬引沢1":[35.636214,139.453165],"諏訪2":[35.629498,139.450563],"関戸5":[35.641229,139.449499],"聖ケ丘1":[35.639054,139.455577],"諏訪5":[35.623512,139.454595],"馬引沢2":[35.626682,139.457245],"連光寺2":[35.638954,139.455758],"関戸3":[35.64845,139.45537],"諏訪6":[35.625489,139.463082],"諏訪3":[35.623948,139.453768],"連光寺1":[35.64739,139.457878],"聖ケ丘2":[35.634714,139.458062],"諏訪4":[35.624225,139.455775],"連光寺3":[35.642731,139.456841],"聖ケ丘3":[35.63256,139.463434],"連光寺5":[35.634387,139.463839],"聖ケ丘4":[35.630269,139.463896],"聖ケ丘5":[35.625084,139.464194],"連光寺6":[35.632497,139.46747],"連光寺4":[35.638721,139.466466],"連光寺":[35.646637,139.461639]}