{"若葉台4":[35.629632,139.466151],"若葉台3":[35.625051,139.46497],"大丸":[35.641564,139.481995],"若葉台1":[35.628996,139.475041],"若葉台2":[35.621977,139.471653],"坂浜":[35.627966,139.486788],"長峰3":[35.631147,139.482784],"長峰2":[35.627699,139.480378],"平尾":[35.615022,139.487012],"平尾3":[35.607808,139.490947],"平尾2":[35.607021,139.498194],"向陽台5":[35.640116,139.486878],"長峰1":[35.630308,139.488055],"向陽台4":[35.638378,139.483347],"百村":[35.632446,139.503336],"平尾1":[35.611032,139.493797],"向陽台3":[35.63811,139.486686],"向陽台2":[35.640696,139.490481],"向陽台6":[35.643988,139.490362],"向陽台1":[35.641422,139.495407],"東長沼":[35.649615,139.500664],"押立":[35.645095,139.519249],"矢野口":[35.639978,139.512258]}