{"大字長岡長谷部":[35.779632,139.332798],"長岡3":[35.77473,139.327136],"大字長岡下師岡":[35.783453,139.325093],"長岡4":[35.778666,139.327242],"長岡2":[35.774287,139.330412],"大字箱根ケ崎":[35.770525,139.353417],"長岡1":[35.775267,139.33073],"箱根ケ崎西松原":[35.770702,139.33549],"大字富士山栗原新田":[35.79324,139.339677],"南平2":[35.763332,139.340076],"むさし野2":[35.760858,139.336037],"むさし野1":[35.763149,139.3394],"箱根ケ崎東松原":[35.771005,139.338203],"南平1":[35.764742,139.341209],"大字二本木":[35.790973,139.366546],"大字高根":[35.785597,139.363941],"大字殿ケ谷":[35.757074,139.35877],"大字武蔵":[35.766084,139.348546],"大字駒形富士山":[35.790773,139.365312],"大字石畑":[35.76868,139.360017],"むさし野3":[35.75682,139.341626]}