{"字桧倉":[41.49278,140.235765],"字福島":[41.480533,140.258038],"字三岳":[41.487742,140.257678],"字月崎":[41.487363,140.258317]}