{"字鶴岡":[41.6703,140.424228],"字中野":[41.676114,140.415051],"字建川":[41.659285,140.418207],"字木古内":[41.684622,140.438343],"字本町":[41.671287,140.428854],"字新道":[41.666186,140.423558],"字大平":[41.693361,140.452124],"字前浜":[41.680775,140.440829],"字札苅":[41.698948,140.451649]}