{"元町":[34.775953,139.354747],"野増":[34.73556,139.363488],"元町1":[34.753652,139.353553],"元町2":[34.748297,139.353004],"元町4":[34.755494,139.360115],"岡田":[34.784677,139.391295],"元町3":[34.744874,139.360102],"差木地":[34.687341,139.423636],"泉津":[34.782198,139.406708],"波浮港":[34.690593,139.437961]}