{"（大字なし）":[34.210591,139.144717],"向山":[34.198054,139.139619],"滝川":[34.21405,139.13626],"鍛冶山":[34.210519,139.140686]}