{"本村6":[34.371389,139.251189],"本村1":[34.377079,139.256988],"本村5":[34.371408,139.253807],"本村4":[34.373462,139.256984],"本村2":[34.381013,139.257721],"本村3":[34.376027,139.259004],"（大字なし）":[34.371504,139.261574],"若郷":[34.3975,139.265462]}