{"阿古":[34.083554,139.483999],"伊ヶ谷":[34.098298,139.493905],"伊豆":[34.117203,139.500666],"神着":[34.112615,139.527172],"坪田":[34.057008,139.535836]}