{"母島":[26.642729,142.161107],"父島":[27.09621,142.191238]}