{"字鳥崎町":[42.109344,140.567468],"字上台町":[42.097342,140.56113],"字本町":[42.109227,140.573721],"字清澄町":[42.100302,140.575405],"字森川町":[42.096746,140.586393],"字御幸町":[42.107932,140.578298],"字新川町":[42.106204,140.587056],"字常盤町":[42.103473,140.594484],"字東森町":[42.104937,140.602634],"字港町":[42.109954,140.60232],"字姫川":[42.0946,140.589363],"字尾白内町":[42.117459,140.628093]}