{"立岩":[42.266234,140.268415],"春日":[42.256383,140.250423],"栄町":[42.254577,140.260445],"宮園町":[42.254099,140.265138],"住初町":[42.256804,140.265443],"元町":[42.260133,140.269479],"出雲町":[42.25028,140.271657],"末広町":[42.254821,140.270173],"本町":[42.252689,140.276677],"花浦":[42.276644,140.275798],"東町":[42.25869,140.275453],"相生町":[42.250002,140.273681],"富士見町":[42.257129,140.277173],"三杉町":[42.247254,140.281923],"豊河町":[42.261396,140.279951],"熱田":[42.240674,140.288095],"緑町":[42.246499,140.276705],"東雲町":[42.249346,140.285503],"内浦町":[42.246413,140.292174],"浜松":[42.239549,140.30362],"山越":[42.224419,140.338407]}