{"字平里":[42.488596,140.358764],"字富野":[42.51821,140.363334],"字栗岡":[42.548083,140.363409],"字大浜":[42.493134,140.361581],"字長万部":[42.508023,140.375355],"字栄原":[42.524922,140.378628],"字旭浜":[42.541365,140.408722],"字共立":[42.55678,140.42111]}