{"字姥神町":[41.866446,140.124584],"字津花町":[41.862906,140.122886],"字中歌町":[41.867596,140.132107],"字上野町":[41.865072,140.125122],"字橋本町":[41.863305,140.123253],"字柏町":[41.844567,140.126033],"字茂尻町":[41.862641,140.126739],"字本町":[41.866871,140.130409],"字南浜町":[41.853004,140.127336],"字海岸町":[41.857131,140.125962],"字陣屋町":[41.857964,140.130169],"字新地町":[41.863229,140.126917],"字砂川":[41.837368,140.129977],"字南が丘":[41.85586,140.131255],"字円山":[41.861032,140.136176],"字愛宕町":[41.873532,140.131936],"字豊川町":[41.871023,140.136969],"字新栄町":[41.87407,140.1343],"字泊町":[41.888664,140.138142],"字伏木戸町":[41.909225,140.138687],"字田沢町":[41.903843,140.149725],"字尾山町":[41.894925,140.140755],"字東山":[41.871338,140.144055],"字柳崎町":[41.916346,140.147002],"字桧岱":[41.868334,140.14448],"字緑丘":[41.864748,140.13478],"字大澗町":[41.881069,140.134964]}