{"字神丘":[42.422961,140.000159],"字御影":[42.433229,140.008015],"字今金":[42.429021,140.025726]}