{"北檜山区豊岡":[42.421657,139.878333],"北檜山区北檜山":[42.419136,139.890443],"北檜山区徳島":[42.41848,139.885878]}