{"字旭":[42.898006,140.742611],"字岩尾別":[42.891763,140.746268],"字琴平":[42.91193,140.770549],"北六条西5":[42.908193,140.743254],"北四条西4":[42.905776,140.745893],"南三条西4":[42.900333,140.745733],"北七条西4":[42.910756,140.746287],"南六条西3":[42.895399,140.746785],"北三条西4":[42.90281,140.745968],"南四条西3":[42.898747,140.747549],"北四条西3":[42.904618,140.747575],"北五条西3":[42.905851,140.747914],"南三条西3":[42.899696,140.746755],"南二条西3":[42.900499,140.746823],"北六条西3":[42.907196,140.748076],"北一条西3":[42.902136,140.746974],"北三条西3":[42.903801,140.747127],"北七条西3":[42.910671,140.747769],"北二条西3":[42.902932,140.747343],"南三条西2":[42.899494,140.749566],"南八条西2":[42.893415,140.748106],"南二条西2":[42.900302,140.749651],"南六条西2":[42.896097,140.749594],"南一条西2":[42.901148,140.749726],"北一条西2":[42.901999,140.749802],"北二条西2":[42.902815,140.749875],"北三条西2":[42.903658,140.749954],"北七条西2":[42.909726,140.750865],"北四条西2":[42.904651,140.748675],"南十一条西1":[42.890124,140.751256],"南九条西2":[42.892576,140.749319],"北五条西2":[42.905761,140.750174],"南四条西2":[42.898661,140.749524],"南十条西1":[42.891485,140.751376],"南八条西1":[42.893234,140.751531],"南七条西1":[42.894562,140.751644],"南六条西1":[42.895765,140.751752],"北六条西1":[42.907191,140.752404],"南五条西1":[42.897269,140.7514],"南四条西1":[42.89844,140.75202],"北六条西2":[42.90832,140.750339],"南三条西1":[42.8994,140.751292],"南二条西1":[42.900198,140.751361],"南一条西1":[42.901049,140.751435],"南九条西1":[42.892477,140.751462],"北一条西1":[42.901878,140.752301],"北二条西1":[42.902699,140.752372],"北三条西1":[42.903546,140.752448],"北四条西1":[42.904443,140.752197],"北五条西1":[42.905594,140.752275],"北七条西1":[42.910354,140.752666],"南十条東1":[42.891013,140.752836],"南九条東1":[42.892194,140.752181],"南八条東1":[42.893762,140.753076],"南七条東1":[42.894393,140.753879],"南六条東1":[42.895655,140.75397],"南五条東1":[42.896729,140.754246],"南四条東1":[42.898657,140.75441],"南十一条東1":[42.890038,140.75275],"南三条東1":[42.899256,140.753127],"南二条東1":[42.899913,140.75448],"南一条東1":[42.900903,140.754501],"北一条東1":[42.901774,140.754558],"北二条東1":[42.902593,140.754638],"北三条東1":[42.903434,140.754727],"北四条東1":[42.904711,140.754171],"北五条東1":[42.906359,140.7534],"北六条東1":[42.9081,140.754378],"北七条東1":[42.909685,140.754382],"南八条東2":[42.891989,140.755061],"南六条東2":[42.895025,140.75544],"南四条東2":[42.898122,140.756202],"南一条東2":[42.900805,140.756416],"北一条東2":[42.902058,140.756282],"北二条東2":[42.902546,140.755455],"北四条東2":[42.904241,140.756745],"南二条東2":[42.899938,140.756753],"北三条東2":[42.903407,140.75664],"北六条東2":[42.908124,140.757226],"北七条東2":[42.910067,140.75685],"南三条東2":[42.899151,140.756673],"南六条東3":[42.894907,140.75767],"南四条東3":[42.897895,140.758909],"北五条東2":[42.905075,140.757194],"南一条東3":[42.90092,140.75886],"北二条東3":[42.902216,140.759264],"北三条東3":[42.903371,140.759084],"北四条東3":[42.904448,140.758044],"北六条東3":[42.908382,140.7594],"北五条東3":[42.905809,140.758514],"北一条東3":[42.902205,140.758646],"南六条東4":[42.894966,140.759982],"南四条東4":[42.89806,140.761001],"南三条東4":[42.899754,140.760502],"北三条東4":[42.902302,140.761295],"北四条東4":[42.90556,140.761574],"北七条東4":[42.910199,140.761481],"南六条東5":[42.89537,140.761447],"南四条東5":[42.897797,140.763314],"南三条東5":[42.899728,140.762723],"北三条東5":[42.902374,140.763261],"北四条東5":[42.903954,140.763694],"南四条東6":[42.897777,140.763922],"南三条東6":[42.899005,140.765852],"北三条東6":[42.902105,140.765245],"北四条東6":[42.905223,140.765366],"北六条東6":[42.907034,140.76569],"北七条東6":[42.909621,140.765905],"南三条東7":[42.899872,140.769016],"北三条東7":[42.901194,140.76834],"北四条東7":[42.903646,140.768332],"北六条東7":[42.908036,140.767557],"北七条東7":[42.909518,140.768178],"北三条東8":[42.90197,140.769721],"北四条東8":[42.904077,140.770304],"北三条東9":[42.901449,140.772048],"北六条東9":[42.906303,140.772394],"北四条東9":[42.904506,140.772293],"北三条東10":[42.901502,140.774304],"北四条東10":[42.904076,140.774574],"字瑞穂":[42.911248,140.784312],"北三条東11":[42.901576,140.776738],"字八幡":[42.901603,140.781391]}