{"梨野舞納":[42.994138,140.538021],"老古美":[42.97825,140.548602]}