{"梅川町":[43.212873,140.763274],"沢町":[43.190694,140.770214],"豊丘町":[43.185283,140.762849],"美園町":[43.189525,140.783145],"沢町6":[43.19482,140.766934],"富沢町2":[43.200776,140.769615],"沢町5":[43.198213,140.770942],"富沢町4":[43.203014,140.771093],"富沢町3":[43.201917,140.771117],"山田町":[43.182789,140.778966],"富沢町8":[43.207026,140.771557],"富沢町11":[43.210326,140.771413],"富沢町10":[43.209323,140.772254],"富沢町9":[43.208324,140.771487],"富沢町7":[43.206295,140.771584],"富沢町6":[43.204996,140.774107],"富沢町5":[43.203891,140.772462],"富沢町14":[43.213922,140.771302],"富沢町1":[43.199697,140.769654],"富沢町12":[43.212039,140.769227],"富沢町13":[43.212531,140.769249],"沢町4":[43.200445,140.772448],"港町":[43.214094,140.776098],"沢町2":[43.202334,140.773756],"沢町3":[43.201243,140.772921],"浜中町":[43.198936,140.787677],"沢町1":[43.202564,140.774224],"朝日町":[43.194281,140.7845],"入舟町":[43.198124,140.788552],"黒川町":[43.186045,140.821327],"黒川町6":[43.187938,140.790132],"黒川町1":[43.190469,140.788997],"黒川町9":[43.181991,140.791479],"黒川町2":[43.19032,140.791789],"大川町1":[43.191602,140.789282],"大川町2":[43.193342,140.792704],"黒川町3":[43.189937,140.792475],"黒川町7":[43.185924,140.79146],"大川町3":[43.194114,140.793782],"黒川町4":[43.190162,140.793925],"黒川町8":[43.185247,140.793837],"大川町4":[43.1903,140.794118],"黒川町5":[43.188396,140.794624],"黒川町10":[43.187316,140.795546],"大川町5":[43.190098,140.795374],"黒川町12":[43.186267,140.800121],"黒川町13":[43.181239,140.797878],"大川町6":[43.18942,140.797123],"黒川町16":[43.179689,140.800204],"黒川町14":[43.188425,140.804498],"大川町7":[43.193612,140.799174],"大川町8":[43.190039,140.801505],"黒川町15":[43.185396,140.804449],"大川町9":[43.191475,140.802279],"大川町10":[43.191412,140.803675],"大川町11":[43.191363,140.805023],"大川町12":[43.193438,140.807804],"大川町13":[43.190338,140.807734],"大川町14":[43.190505,140.808712],"黒川町18":[43.183003,140.809335],"大川町15":[43.190301,140.811106],"大川町16":[43.190577,140.811819],"登町":[43.180501,140.823552],"黒川町19":[43.188977,140.815968],"大川町17":[43.190045,140.813336],"大川町18":[43.190987,140.815406],"黒川町20":[43.183533,140.815155],"大川町19":[43.190981,140.818121],"大川町20":[43.193824,140.805432],"栄町":[43.19677,140.844967],"黒川町11":[43.183088,140.794602]}