{"六ツ川4":[35.425762,139.573917],"六ツ川3":[35.43279,139.576777],"六ツ川2":[35.424735,139.576536],"別所7":[35.41928,139.578874],"別所6":[35.418751,139.580675],"別所5":[35.415507,139.581586],"永田台":[35.431396,139.584621],"六ツ川1":[35.427259,139.598473],"別所中里台":[35.417398,139.585926],"別所4":[35.413465,139.581362],"永田北3":[35.440804,139.588913],"永田みなみ台":[35.430804,139.585919],"永田北2":[35.43559,139.587422],"別所3":[35.410657,139.586285],"永田山王台":[35.425727,139.589133],"中里4":[35.42147,139.590382],"別所2":[35.418118,139.593713],"永田北1":[35.440008,139.593446],"永田南2":[35.429378,139.591762],"中里3":[35.420814,139.594388],"永田東2":[35.43607,139.595121],"永田南1":[35.428672,139.595875],"中里2":[35.420627,139.595285],"永田東1":[35.433988,139.598175],"別所1":[35.416364,139.599268],"中里1":[35.419071,139.600192],"永田東3":[35.439091,139.597678],"井土ケ谷上町":[35.43033,139.599371],"弘明寺町":[35.428418,139.601638],"大岡5":[35.412245,139.597939],"南太田4":[35.437785,139.602582],"大岡2":[35.422602,139.604004],"大橋町3":[35.425197,139.601094],"井土ケ谷中町":[35.428672,139.60184],"大岡3":[35.417679,139.606685],"大橋町2":[35.427126,139.602357],"中島町4":[35.425393,139.602383],"大岡4":[35.410083,139.602659],"通町4":[35.425096,139.603319],"井土ケ谷下町":[35.432348,139.608298],"中島町3":[35.426523,139.60341],"大橋町1":[35.428382,139.604764],"通町3":[35.426053,139.604145],"南太田3":[35.43557,139.604635],"清水ケ丘":[35.439093,139.613404],"中島町2":[35.42838,139.605554],"若宮町4":[35.424078,139.604282],"大岡1":[35.422306,139.610036],"若宮町3":[35.42574,139.604658],"通町2":[35.427358,139.606148],"若宮町2":[35.427139,139.606534],"南太田2":[35.436123,139.60758],"中島町1":[35.428997,139.607432],"通町1":[35.428714,139.607682],"若宮町1":[35.427236,139.607228],"宮元町4":[35.429128,139.609765],"蒔田町":[35.428499,139.61427],"宿町4":[35.429526,139.608328],"花之木町3":[35.431336,139.608824],"南太田1":[35.438371,139.61517],"宿町3":[35.430512,139.60978],"花之木町2":[35.432934,139.611523],"宮元町3":[35.430001,139.610429],"庚台":[35.440799,139.615205],"宿町2":[35.432237,139.61218],"共進町3":[35.429693,139.611409],"宮元町2":[35.431609,139.612628],"伏見町":[35.443865,139.614588],"共進町2":[35.431131,139.613084],"花之木町1":[35.434135,139.611811],"三春台":[35.441546,139.619284],"榎町2":[35.429345,139.612102],"宿町1":[35.434588,139.613545],"榎町1":[35.431603,139.614474],"宮元町1":[35.433686,139.615196],"共進町1":[35.432327,139.615657],"堀ノ内町2":[35.426103,139.616766],"東蒔田町":[35.43043,139.615364],"日枝町5":[35.436261,139.616282],"堀ノ内町1":[35.425774,139.61993],"西中町4":[35.439159,139.617823],"新川町5":[35.434141,139.617429],"前里町4":[35.438591,139.618274],"日枝町4":[35.43705,139.617418],"南吉田町4":[35.436182,139.617504],"白金町2":[35.4384,139.619093],"睦町1":[35.431687,139.620911],"睦町2":[35.428567,139.620349],"新川町4":[35.434388,139.61815],"日枝町3":[35.436881,139.61875],"二葉町4":[35.434224,139.618384],"南吉田町3":[35.436582,139.618959],"高砂町3":[35.433464,139.617816],"山王町3":[35.436137,139.619164],"西中町3":[35.440126,139.619804],"前里町3":[35.439336,139.620517],"吉野町3":[35.43543,139.619115],"新川町3":[35.435165,139.619277],"二葉町3":[35.434628,139.619868],"高砂町2":[35.433195,139.620659],"山王町2":[35.43664,139.620074],"日枝町2":[35.437438,139.620285],"吉野町2":[35.435668,139.620124],"新川町2":[35.43522,139.620708],"日枝町1":[35.437715,139.621252],"二葉町2":[35.434997,139.621156],"白金町1":[35.439627,139.623016],"西中町2":[35.440834,139.620968],"高砂町1":[35.434255,139.622088],"前里町2":[35.439789,139.621899],"西中町1":[35.441587,139.6212],"中村町5":[35.42835,139.623838],"中村町4":[35.430752,139.623712],"二葉町1":[35.435416,139.621663],"前里町1":[35.440852,139.622357],"浦舟町5":[35.434158,139.623291],"高根町4":[35.435558,139.623798],"浦舟町4":[35.434486,139.624694],"高根町3":[35.436256,139.625576],"白妙町4":[35.435154,139.624114],"白妙町3":[35.435045,139.625325],"山谷":[35.428865,139.626587],"高根町2":[35.4366,139.626469],"浦舟町3":[35.434163,139.62636],"白妙町2":[35.43616,139.6267],"中村町3":[35.431907,139.629167],"浦舟町2":[35.435258,139.627802],"高根町1":[35.437155,139.627804],"八幡町":[35.431452,139.629565],"真金町2":[35.437119,139.628364],"白妙町1":[35.436737,139.628074],"浦舟町1":[35.435487,139.628894],"平楽":[35.428698,139.63376],"真金町1":[35.436514,139.631149],"永楽町2":[35.438801,139.631072],"万世町2":[35.435579,139.630674],"中村町2":[35.43368,139.632721],"永楽町1":[35.43692,139.631249],"万世町1":[35.436597,139.631465],"中村町1":[35.43399,139.633404],"唐沢":[35.432443,139.637787],"吉野町5":[35.435296,139.616369],"山王町5":[35.435402,139.616858],"南吉田町5":[35.436079,139.616419],"吉野町4":[35.435628,139.617989],"山王町4":[35.435681,139.617461],"南吉田町2":[35.436859,139.620002],"南吉田町1":[35.437265,139.621396],"山王町1":[35.436735,139.621287],"吉野町1":[35.436249,139.621777],"新川町1":[35.43612,139.621851],"白妙町5":[35.43484,139.623249],"中里町":[35.421581,139.597855]}