{"今井町":[35.444514,139.565211],"新井町":[35.484879,139.562594],"上菅田町":[35.494484,139.564955],"川島町":[35.46722,139.566858],"境木町":[35.44411,139.565989],"西谷町":[35.475263,139.568222],"新桜ケ丘1":[35.447402,139.563367],"境木本町":[35.438049,139.561622],"新桜ケ丘2":[35.452259,139.571031],"法泉3":[35.443792,139.570769],"仏向町":[35.459377,139.569435],"法泉2":[35.448841,139.571995],"権太坂1":[35.443269,139.573461],"仏向西":[35.465034,139.575227],"権太坂2":[35.44127,139.573875],"法泉1":[35.444286,139.571855],"東川島町":[35.475662,139.577195],"藤塚町":[35.449566,139.57301],"権太坂3":[35.437644,139.572453],"坂本町":[35.463537,139.577344],"上星川2":[35.474307,139.577665],"狩場町":[35.433944,139.577283],"初音ケ丘":[35.448398,139.580815],"上星川3":[35.467298,139.577379],"保土ケ谷町3":[35.446546,139.581237],"星川3":[35.458815,139.587636],"上星川1":[35.46746,139.580508],"花見台":[35.451779,139.584416],"釜台町":[35.468059,139.584336],"岩崎町":[35.447189,139.583884],"桜ケ丘2":[35.45174,139.586794],"瀬戸ケ谷町":[35.443477,139.594862],"常盤台":[35.471589,139.588532],"和田2":[35.467424,139.58596],"保土ケ谷町2":[35.445808,139.58376],"和田1":[35.465297,139.585025],"明神台":[35.456742,139.589832],"霞台":[35.44598,139.595018],"峰岡町3":[35.465206,139.590355],"桜ケ丘1":[35.454638,139.593617],"星川2":[35.459142,139.589182],"保土ケ谷町1":[35.444449,139.596194],"星川1":[35.456536,139.59047],"峰沢町":[35.477066,139.59725],"峰岡町2":[35.46626,139.596351],"川辺町":[35.456501,139.597626],"月見台":[35.451753,139.596664],"神戸町":[35.456177,139.596714],"帷子町2":[35.447273,139.597378],"岩井町":[35.443909,139.596279],"峰岡町1":[35.460596,139.600687],"岡沢町":[35.470859,139.596926],"帷子町1":[35.447377,139.597877],"天王町2":[35.45458,139.604939],"岩間町2":[35.451133,139.600049],"鎌谷町":[35.468526,139.602299],"天王町1":[35.456747,139.605316],"西久保町":[35.453005,139.603894],"岩間町1":[35.453899,139.604826],"宮田町3":[35.460045,139.601953],"宮田町2":[35.459247,139.60266],"宮田町1":[35.461511,139.604683]}