{"小机町":[35.51282,139.590572],"新羽町":[35.529645,139.599626],"鳥山町":[35.498994,139.606027],"新吉田町":[35.540693,139.604981],"新横浜1":[35.506521,139.615467],"岸根町":[35.496477,139.617135],"新横浜2":[35.507752,139.61673],"北新横浜2":[35.51553,139.614011],"高田西5":[35.557196,139.610822],"高田西1":[35.552435,139.610974],"新吉田東8":[35.536091,139.614683],"高田西4":[35.552267,139.617203],"高田町":[35.560773,139.624907],"篠原町":[35.49666,139.616785],"北新横浜1":[35.519659,139.613647],"新吉田東4":[35.542931,139.616996],"新横浜3":[35.513968,139.620705],"高田西2":[35.552116,139.618703],"新吉田東3":[35.547054,139.618536],"新吉田東6":[35.537894,139.615648],"新吉田東1":[35.54479,139.621891],"新吉田東7":[35.533649,139.617434],"大倉山7":[35.522492,139.619658],"高田西3":[35.553583,139.621163],"大倉山6":[35.529717,139.623241],"大豆戸町":[35.514893,139.623395],"新吉田東2":[35.545972,139.622493],"篠原西町":[35.491648,139.621468],"大曽根3":[35.530442,139.627885],"大倉山5":[35.526755,139.621605],"高田東3":[35.553422,139.624314],"新吉田東5":[35.540276,139.618796],"大倉山4":[35.51788,139.620852],"大倉山2":[35.529662,139.623929],"篠原東2":[35.498392,139.622333],"高田東1":[35.547903,139.627645],"高田東4":[35.549071,139.619304],"綱島上町":[35.534743,139.625682],"高田東2":[35.549425,139.625565],"篠原東1":[35.498905,139.631415],"篠原北2":[35.509173,139.62555],"大倉山3":[35.520651,139.627165],"篠原東3":[35.501478,139.624568],"篠原台町":[35.492313,139.630121],"仲手原2":[35.495838,139.631854],"富士塚1":[35.503096,139.628833],"富士塚2":[35.504803,139.633304],"篠原北1":[35.508713,139.625078],"下田町5":[35.558688,139.625711],"大曽根台":[35.526994,139.627157],"日吉本町5":[35.549872,139.629031],"日吉本町6":[35.55426,139.632677],"下田町6":[35.561419,139.629432],"綱島西4":[35.542737,139.630704],"綱島西3":[35.53938,139.628515],"菊名7":[35.510227,139.631078],"綱島西2":[35.53475,139.633092],"綱島西5":[35.544404,139.627106],"日吉本町4":[35.548222,139.633796],"錦が丘":[35.50885,139.632269],"綱島台":[35.541843,139.630373],"大曽根2":[35.528031,139.629984],"下田町4":[35.557348,139.633298],"下田町3":[35.558813,139.632072],"大倉山1":[35.522266,139.633521],"綱島西1":[35.538675,139.636053],"菊名6":[35.510643,139.631507],"大曽根1":[35.523223,139.6305],"菊名1":[35.498668,139.63181],"菊名4":[35.506989,139.638716],"日吉本町3":[35.549109,139.641136],"菊名5":[35.514767,139.634418],"師岡町":[35.522469,139.635063],"樽町1":[35.525726,139.636851],"仲手原1":[35.494484,139.634406],"菊名3":[35.503233,139.636657],"樽町2":[35.532161,139.639659],"下田町1":[35.557763,139.63344],"菊名2":[35.499077,139.633734],"日吉本町2":[35.552426,139.639802],"綱島東1":[35.534682,139.63433],"綱島西6":[35.542946,139.638837],"下田町2":[35.558359,139.637605],"綱島東2":[35.538597,139.636696],"樽町4":[35.526967,139.641691],"綱島東4":[35.541014,139.646313],"樽町3":[35.532739,139.640815],"日吉1":[35.558061,139.642288],"綱島東3":[35.534811,139.641611],"箕輪町3":[35.548007,139.642443],"箕輪町2":[35.54169,139.648192],"日吉本町1":[35.552514,139.642468],"綱島東6":[35.534895,139.647172],"日吉2":[35.558113,139.64849],"綱島東5":[35.540839,139.646436],"箕輪町1":[35.547365,139.648431],"日吉7":[35.541387,139.648557],"日吉3":[35.55279,139.65637],"日吉4":[35.551671,139.650131],"日吉5":[35.546465,139.647892],"日吉6":[35.540204,139.652716]}