{"元久保町":[35.444577,139.610069],"東久保町":[35.449701,139.605745],"宮ケ谷":[35.469249,139.607208],"久保町":[35.450395,139.605037],"浅間台":[35.465129,139.605495],"浅間町5":[35.457088,139.607423],"南浅間町":[35.457003,139.607823],"浅間町4":[35.460189,139.606879],"浅間町3":[35.460837,139.607367],"北軽井沢":[35.471355,139.613676],"浅間町2":[35.463696,139.609234],"浜松町":[35.454306,139.610869],"南軽井沢":[35.469478,139.616205],"岡野2":[35.459805,139.611261],"浅間町1":[35.464475,139.613994],"境之谷":[35.446712,139.614502],"藤棚町1":[35.44969,139.61392],"楠町":[35.468713,139.616236],"平沼2":[35.455568,139.612376],"藤棚町2":[35.447619,139.613673],"中央2":[35.451614,139.615351],"岡野1":[35.462382,139.617074],"北幸2":[35.467017,139.614981],"南幸2":[35.463655,139.618868],"中央1":[35.453209,139.617525],"西平沼町":[35.456544,139.611502],"霞ケ丘":[35.443855,139.62023],"西戸部町2":[35.450187,139.621916],"西戸部町3":[35.45049,139.614972],"平沼1":[35.461734,139.619131],"戸部本町":[35.455243,139.620982],"伊勢町3":[35.453111,139.618346],"西戸部町1":[35.447434,139.62169],"北幸1":[35.466585,139.619872],"南幸1":[35.46665,139.622315],"御所山町":[35.454171,139.622586],"赤門町2":[35.442942,139.620874],"伊勢町2":[35.452836,139.622452],"老松町":[35.445562,139.623975],"伊勢町1":[35.450994,139.623806],"桜木町7":[35.458906,139.622725],"高島2":[35.459693,139.623039],"東ケ丘":[35.445335,139.624038],"戸部町7":[35.45813,139.623119],"戸部町3":[35.452408,139.62453],"戸部町6":[35.457021,139.623928],"花咲町7":[35.457789,139.623973],"戸部町2":[35.451151,139.62448],"戸部町4":[35.454302,139.625318],"戸部町5":[35.45521,139.625671],"花咲町6":[35.455971,139.625367],"高島1":[35.460527,139.62515],"みなとみらい4":[35.458761,139.624949],"桜木町6":[35.456584,139.625601],"紅葉ケ丘":[35.452478,139.626911],"花咲町5":[35.454624,139.626553],"宮崎町":[35.451656,139.627747],"桜木町5":[35.455354,139.626594],"花咲町4":[35.45313,139.627048],"みなとみらい5":[35.462018,139.631981],"みなとみらい3":[35.45882,139.633801],"みなとみらい2":[35.456662,139.634011],"西前町2":[35.452678,139.617275],"西前町3":[35.45173,139.616455],"みなとみらい1":[35.459439,139.63625],"みなとみらい6":[35.465929,139.63119],"戸部町1":[35.450178,139.625236],"桜木町4":[35.453553,139.628023]}