{"釜利谷町":[35.354226,139.592742],"みず木町":[35.338921,139.589415],"朝比奈町":[35.333332,139.590244],"釜利谷西6":[35.336432,139.592075],"釜利谷西5":[35.340463,139.5919],"釜利谷西4":[35.347849,139.598594],"釜利谷南3":[35.338563,139.607311],"東朝比奈2":[35.321942,139.599992],"釜利谷東5":[35.347123,139.608249],"釜利谷西3":[35.345047,139.601264],"釜利谷西2":[35.342707,139.601731],"高舟台2":[35.334197,139.603732],"東朝比奈3":[35.328656,139.602077],"釜利谷南4":[35.339622,139.602547],"釜利谷南2":[35.335102,139.60656],"釜利谷東8":[35.340841,139.600965],"釜利谷西1":[35.346177,139.60621],"六浦町":[35.317959,139.598982],"東朝比奈1":[35.324999,139.60106],"大道2":[35.328332,139.602456],"大道1":[35.329656,139.606791],"釜利谷東7":[35.340444,139.606438],"高舟台1":[35.33083,139.606176],"六浦南5":[35.319611,139.6048],"能見台2":[35.356725,139.610823],"釜利谷東6":[35.344029,139.608976],"釜利谷東4":[35.350344,139.613432],"能見台6":[35.355191,139.61234],"六浦南4":[35.31929,139.608944],"六浦3":[35.327777,139.612503],"能見台1":[35.360528,139.608149],"六浦5":[35.325221,139.610337],"釜利谷南1":[35.341927,139.612175],"六浦南3":[35.316907,139.614121],"六浦南2":[35.319035,139.614037],"六浦2":[35.333781,139.613019],"六浦4":[35.3274,139.6189],"釜利谷東2":[35.344743,139.6143],"能見台3":[35.358158,139.619483],"釜利谷東1":[35.342263,139.617579],"釜利谷東3":[35.346978,139.61651],"富岡西5":[35.359337,139.618188],"六浦南1":[35.319579,139.615876],"能見台4":[35.354069,139.61579],"富岡西4":[35.365438,139.614614],"六浦東3":[35.31761,139.618758],"能見台森":[35.355417,139.611129],"六浦東2":[35.322761,139.618929],"能見台5":[35.354436,139.622463],"富岡西1":[35.374947,139.621606],"富岡西6":[35.361847,139.622397],"谷津町":[35.34364,139.624331],"瀬戸":[35.327805,139.626683],"六浦1":[35.323496,139.620946],"六浦東1":[35.325616,139.628624],"泥亀1":[35.337135,139.620692],"柳町":[35.326039,139.62116],"片吹":[35.351479,139.622179],"富岡東1":[35.379584,139.622755],"富岡西3":[35.370178,139.624074],"能見台通":[35.361814,139.623051],"富岡西7":[35.365738,139.623687],"能見台東":[35.354826,139.625446],"昭和町":[35.382411,139.630607],"泥亀2":[35.339497,139.624971],"寺前1":[35.340878,139.6268],"洲崎町":[35.334909,139.625666],"金沢町":[35.343702,139.624451],"町屋町":[35.335512,139.627473],"西柴3":[35.348758,139.626191],"富岡西2":[35.368399,139.627803],"西柴1":[35.349062,139.626494],"富岡東3":[35.373099,139.62875],"寺前2":[35.34001,139.631113],"平潟町":[35.331577,139.631081],"堀口":[35.360348,139.629781],"西柴2":[35.351425,139.629441],"西柴4":[35.346561,139.628665],"富岡東5":[35.370309,139.629929],"富岡東2":[35.377871,139.636099],"長浜1":[35.357955,139.632828],"乙舳町":[35.330085,139.63388],"富岡東6":[35.365899,139.632115],"長浜2":[35.356227,139.635632],"海の公園":[35.333515,139.63434],"野島町":[35.323388,139.633746],"柴町":[35.341963,139.643654],"長浜":[35.35878,139.634817],"鳥浜町":[35.382343,139.634611],"富岡東4":[35.36793,139.636346],"並木1":[35.366425,139.640115],"並木2":[35.364386,139.642693],"並木3":[35.355816,139.640988],"幸浦1":[35.369527,139.649612],"幸浦2":[35.359529,139.650718],"福浦1":[35.355506,139.652963],"福浦2":[35.346945,139.656241],"福浦3":[35.342699,139.653368],"白帆":[35.382269,139.647914],"大川":[35.340315,139.61634]}