{"上永谷町":[35.393291,139.563871],"下永谷6":[35.411651,139.554188],"下永谷5":[35.41067,139.554382],"日限山4":[35.388669,139.560531],"野庭町":[35.393337,139.568946],"下永谷4":[35.407844,139.556885],"日限山1":[35.398933,139.559246],"日限山2":[35.395803,139.561599],"日限山3":[35.392503,139.563281],"日野南6":[35.373258,139.564249],"日野南7":[35.375147,139.559974],"下永谷3":[35.405538,139.56482],"日野南5":[35.379825,139.567018],"丸山台4":[35.394425,139.562178],"下永谷1":[35.413368,139.56104],"下永谷2":[35.410952,139.563915],"芹が谷5":[35.411126,139.564125],"丸山台3":[35.402355,139.56828],"上永谷6":[35.405166,139.565707],"上永谷5":[35.40298,139.570833],"丸山台2":[35.395308,139.56928],"上永谷4":[35.410727,139.568574],"港南台9":[35.374012,139.566137],"芹が谷4":[35.410687,139.572899],"芹が谷2":[35.420456,139.573256],"港南台4":[35.371379,139.577209],"日野南4":[35.382047,139.570833],"丸山台1":[35.399972,139.573475],"上永谷2":[35.402803,139.57414],"上永谷3":[35.408392,139.573785],"日野南3":[35.377709,139.573307],"日野9":[35.383258,139.576329],"芹が谷3":[35.415186,139.575633],"日野南2":[35.380311,139.572776],"東永谷3":[35.411481,139.578018],"日野南1":[35.379767,139.576866],"東芹が谷":[35.413058,139.581137],"東永谷2":[35.405819,139.580566],"芹が谷1":[35.415096,139.580127],"日野6":[35.38984,139.579109],"日野8":[35.385248,139.579665],"上永谷1":[35.402977,139.580269],"港南台3":[35.380188,139.578269],"日野7":[35.389827,139.580706],"港南台5":[35.373182,139.581552],"東永谷1":[35.408527,139.581381],"日野4":[35.394003,139.577632],"港南台1":[35.381495,139.582258],"日野3":[35.396839,139.579402],"港南台2":[35.375225,139.585407],"日野2":[35.399288,139.584596],"日野中央2":[35.383058,139.586478],"日野5":[35.39792,139.586612],"港南台8":[35.365169,139.586675],"港南3":[35.400103,139.588441],"港南2":[35.402402,139.59055],"大久保3":[35.409749,139.585921],"港南台6":[35.371241,139.58518],"日野中央1":[35.392904,139.587041],"大久保2":[35.406557,139.59315],"港南台7":[35.376675,139.588826],"港南1":[35.405036,139.592608],"港南6":[35.393662,139.589595],"日野1":[35.397356,139.587399],"日野中央3":[35.380171,139.590683],"最戸2":[35.409372,139.591572],"港南中央通":[35.399711,139.588588],"笹下6":[35.387312,139.595468],"笹下7":[35.389789,139.590504],"港南5":[35.396863,139.593114],"大久保1":[35.407217,139.592668],"港南4":[35.397007,139.593852],"上大岡西2":[35.406131,139.594421],"最戸1":[35.415529,139.597086],"笹下5":[35.390408,139.597186],"上大岡西1":[35.407145,139.593921],"上大岡西3":[35.40208,139.597613],"笹下1":[35.397602,139.599605],"上大岡東2":[35.402976,139.602451],"上大岡東1":[35.408451,139.603943],"笹下2":[35.395058,139.603973],"笹下4":[35.388541,139.598152],"笹下3":[35.386888,139.602718],"上大岡東3":[35.40637,139.602822]}