{"田谷町":[35.36753,139.518497],"金井町":[35.379212,139.522121],"長尾台町":[35.366197,139.529333],"笠間3":[35.361863,139.534514],"飯島町":[35.369267,139.532224],"笠間1":[35.359888,139.529203],"笠間2":[35.356511,139.53349],"長沼町":[35.378671,139.534326],"笠間4":[35.363306,139.533652],"笠間町":[35.363356,139.538594],"小菅ケ谷2":[35.369523,139.550502],"笠間5":[35.360903,139.542576],"小菅ケ谷1":[35.366909,139.553062],"本郷台3":[35.375486,139.545867],"本郷台2":[35.37222,139.54476],"桂町":[35.365006,139.556466],"本郷台1":[35.374156,139.549414],"本郷台4":[35.377193,139.547529],"公田町":[35.36025,139.560114],"本郷台5":[35.384116,139.553573],"小菅ケ谷4":[35.382506,139.556325],"小菅ケ谷3":[35.370241,139.55138],"柏陽":[35.369001,139.554992],"小山台2":[35.377848,139.558792],"小山台1":[35.380083,139.560179],"鍛冶ケ谷町":[35.375232,139.559075],"鍛冶ケ谷2":[35.370128,139.561136],"桂台西1":[35.358544,139.560493],"桂台西2":[35.354624,139.559515],"鍛冶ケ谷1":[35.372185,139.566841],"中野町":[35.364826,139.566737],"上郷町":[35.363513,139.585336],"桂台南1":[35.351282,139.571756],"桂台北":[35.357647,139.567979],"桂台中":[35.355003,139.567829],"元大橋1":[35.37233,139.567383],"桂台南2":[35.349167,139.567625],"元大橋2":[35.367354,139.567789],"若竹町":[35.368737,139.57325],"亀井町":[35.359759,139.569593],"桂台東":[35.358165,139.570919],"尾月":[35.361859,139.573069],"犬山町":[35.359032,139.573825],"野七里1":[35.350414,139.5797],"上之町":[35.35801,139.575261],"野七里2":[35.344197,139.581327],"東上郷町":[35.361842,139.583592],"庄戸4":[35.352716,139.580425],"庄戸1":[35.356407,139.581374],"長倉町":[35.347188,139.584283],"庄戸5":[35.35037,139.58689],"庄戸3":[35.353301,139.590744],"庄戸2":[35.354821,139.5895],"小菅ケ谷町":[35.373097,139.556611]}