{"俣野町":[35.387009,139.489281],"東俣野町":[35.359132,139.493321],"深谷町":[35.39522,139.496783],"影取町":[35.365469,139.501065],"原宿4":[35.378916,139.504153],"原宿5":[35.375377,139.506295],"原宿3":[35.37885,139.508062],"小雀町":[35.371637,139.516561],"汲沢町":[35.391154,139.508766],"原宿2":[35.378559,139.509764],"汲沢6":[35.403477,139.510598],"汲沢4":[35.392814,139.513155],"汲沢7":[35.40352,139.514175],"汲沢5":[35.400233,139.513278],"汲沢3":[35.399072,139.517365],"汲沢8":[35.403256,139.516288],"原宿1":[35.378701,139.519226],"戸塚町":[35.378229,139.531962],"汲沢2":[35.401474,139.517759],"汲沢1":[35.398086,139.517904],"矢部町":[35.407223,139.534505],"鳥が丘":[35.414822,139.521973],"上矢部町":[35.417499,139.524615],"名瀬町":[35.432819,139.529052],"下倉田町":[35.384987,139.545155],"上倉田町":[35.394499,139.546573],"吉田町":[35.41103,139.540908],"柏尾町":[35.412316,139.539101],"川上町":[35.444805,139.541615],"秋葉町":[35.421565,139.549699],"舞岡町":[35.409097,139.549647],"品濃町":[35.424542,139.559067],"前田町":[35.42073,139.556357],"上品濃":[35.437633,139.54757],"上柏尾町":[35.415452,139.557007],"南舞岡3":[35.396776,139.555107],"南舞岡4":[35.393228,139.554029],"南舞岡2":[35.392323,139.558513],"南舞岡1":[35.399102,139.557133],"平戸町":[35.42278,139.570541],"平戸4":[35.430358,139.56498],"平戸5":[35.42946,139.568681],"平戸3":[35.434951,139.572996],"平戸2":[35.430859,139.57436],"平戸1":[35.426084,139.570007]}