{"上川井町":[35.49527,139.491975],"若葉台4":[35.505964,139.492066],"若葉台2":[35.505145,139.500837],"矢指町":[35.482745,139.502185],"笹野台2":[35.472774,139.502493],"笹野台1":[35.468285,139.506401],"若葉台1":[35.505947,139.505009],"笹野台3":[35.475359,139.509221],"下川井町":[35.489447,139.50801],"中希望が丘":[35.457729,139.50897],"東希望が丘":[35.464387,139.516776],"笹野台4":[35.473999,139.509812],"善部町":[35.452051,139.521533],"南希望が丘":[35.454395,139.51723],"川井本町":[35.492809,139.509359],"金が谷":[35.480416,139.512356],"金が谷1":[35.474823,139.510732],"金が谷2":[35.477698,139.514464],"今宿町":[35.472538,139.513787],"今宿2":[35.475429,139.520436],"中尾1":[35.465734,139.525125],"今宿1":[35.475845,139.526017],"川井宿町":[35.498884,139.515119],"中尾2":[35.469154,139.522162],"中沢3":[35.47451,139.522258],"都岡町":[35.489187,139.52122],"柏町":[35.454282,139.526311],"さちが丘":[35.454886,139.523739],"今宿南町":[35.483471,139.522346],"今宿西町":[35.486964,139.524378],"上白根町":[35.501584,139.523998],"中沢2":[35.470372,139.525393],"中沢1":[35.471465,139.530568],"二俣川1":[35.464535,139.525121],"万騎が原":[35.456877,139.52918],"大池町":[35.443895,139.537712],"今川町":[35.475979,139.538584],"本村町":[35.464803,139.535165],"二俣川2":[35.460054,139.535619],"今宿東町":[35.478423,139.535036],"四季美台":[35.470278,139.541933],"上白根2":[35.492234,139.538205],"上白根3":[35.496423,139.537812],"上白根1":[35.488137,139.539354],"鶴ケ峰本町1":[35.476583,139.540049],"本宿町":[35.465843,139.538846],"鶴ケ峰本町3":[35.480487,139.538864],"白根5":[35.485104,139.544022],"南本宿町":[35.450994,139.545467],"中白根2":[35.49113,139.543707],"鶴ケ峰本町2":[35.477052,139.544724],"中白根3":[35.497295,139.544881],"白根4":[35.480254,139.547355],"桐が作":[35.452962,139.550187],"鶴ケ峰1":[35.474092,139.545748],"中白根1":[35.490924,139.547108],"白根6":[35.483262,139.546723],"左近山":[35.460076,139.547329],"中白根4":[35.495056,139.547365],"川島町":[35.481239,139.565639],"鶴ケ峰2":[35.475447,139.546301],"白根3":[35.47935,139.553618],"白根8":[35.488133,139.548612],"白根1":[35.478889,139.553235],"白根2":[35.48211,139.557249],"三反田町":[35.467123,139.554848],"白根7":[35.487647,139.553238],"小高町":[35.463602,139.556905],"白根町":[35.497538,139.548419],"西川島町":[35.479165,139.558346],"市沢町":[35.453621,139.561497],"若葉台3":[35.501871,139.497073]}