{"長津田町":[35.534927,139.487442],"長津田7":[35.527701,139.492627],"長津田みなみ台2":[35.519177,139.491873],"長津田4":[35.533646,139.49383],"長津田3":[35.536328,139.497836],"長津田5":[35.530787,139.501495],"長津田みなみ台1":[35.524338,139.494976],"長津田2":[35.533273,139.501359],"長津田6":[35.530417,139.502332],"霧が丘6":[35.51199,139.498984],"霧が丘2":[35.513413,139.496886],"長津田みなみ台4":[35.519484,139.498042],"長津田みなみ台5":[35.527135,139.499678],"いぶき野":[35.529045,139.502036],"霧が丘5":[35.515622,139.50311],"長津田1":[35.531426,139.502116],"長津田みなみ台6":[35.523323,139.502321],"十日市場町":[35.521994,139.525448],"長津田みなみ台7":[35.525642,139.503942],"霧が丘4":[35.511722,139.506399],"三保町":[35.516857,139.534713],"霧が丘3":[35.517851,139.508039],"霧が丘1":[35.51931,139.510515],"新治町":[35.517898,139.532229],"西八朔町":[35.530427,139.524066],"小山町":[35.524563,139.533523],"台村町":[35.515676,139.537355],"北八朔町":[35.524107,139.545515],"森の台":[35.509245,139.531807],"寺山町":[35.500971,139.532886],"中山町":[35.50953,139.540927],"青砥町":[35.523973,139.545311],"上山3":[35.501925,139.546911],"上山2":[35.504981,139.546901],"白山4":[35.503608,139.552452],"上山1":[35.510717,139.550328],"白山3":[35.50359,139.550731],"白山2":[35.504722,139.559412],"白山1":[35.509576,139.562289],"鴨居7":[35.50028,139.558973],"鴨居6":[35.504594,139.559869],"竹山1":[35.499182,139.557186],"竹山4":[35.495329,139.564247],"竹山3":[35.495658,139.562209],"竹山2":[35.500522,139.563542],"鴨居5":[35.50526,139.560675],"鴨居1":[35.510931,139.564339],"鴨居町":[35.496602,139.565041],"鴨居4":[35.502642,139.567128],"鴨居3":[35.503515,139.572753],"鴨居2":[35.510665,139.571976],"東本郷町":[35.512887,139.575595],"東本郷2":[35.507912,139.572346],"東本郷3":[35.50443,139.572854],"東本郷1":[35.510324,139.574164],"東本郷4":[35.509294,139.579773],"東本郷6":[35.511525,139.577155],"東本郷5":[35.50362,139.581243],"長津田みなみ台3":[35.516028,139.495151]}