{"潮見台":[35.595519,139.536796],"水沢2":[35.590597,139.543995],"菅生ケ丘":[35.596158,139.540332],"水沢3":[35.594611,139.543415],"菅生3":[35.594261,139.550146],"水沢1":[35.589045,139.55034],"菅生2":[35.601659,139.550102],"菅生4":[35.594479,139.552794],"菅生1":[35.599587,139.556304],"菅生5":[35.594268,139.556873],"犬蔵1":[35.589225,139.563507],"犬蔵3":[35.588388,139.554302],"初山1":[35.597006,139.557242],"菅生6":[35.593511,139.559109],"犬蔵2":[35.584273,139.565435],"初山2":[35.59697,139.565647],"鷺沼3":[35.579635,139.565295],"南平台":[35.591675,139.569397],"鷺沼4":[35.581664,139.565898],"鷺沼2":[35.573494,139.567167],"平4":[35.599014,139.571505],"白幡台2":[35.595846,139.566497],"平3":[35.603767,139.568338],"土橋5":[35.588567,139.567834],"白幡台1":[35.597851,139.567163],"有馬9":[35.570493,139.574376],"土橋4":[35.587588,139.569239],"土橋6":[35.589854,139.572877],"土橋3":[35.583262,139.574394],"平2":[35.600885,139.572882],"鷺沼1":[35.576226,139.572986],"有馬8":[35.574019,139.576433],"土橋2":[35.585689,139.575753],"平5":[35.598591,139.577779],"五所塚2":[35.605785,139.573054],"土橋7":[35.592172,139.577399],"土橋1":[35.588251,139.577921],"五所塚1":[35.605173,139.576338],"けやき平":[35.59349,139.578449],"小台1":[35.581106,139.57547],"平1":[35.602503,139.57623],"有馬7":[35.571521,139.576691],"有馬1":[35.578207,139.578906],"平6":[35.595382,139.576626],"神木本町1":[35.604371,139.582558],"有馬4":[35.576899,139.582361],"神木1":[35.593241,139.581874],"宮崎6":[35.592888,139.584202],"有馬5":[35.571851,139.580351],"宮前平2":[35.588713,139.579194],"有馬6":[35.571431,139.585591],"小台2":[35.58378,139.5841],"神木本町4":[35.597757,139.582777],"神木本町2":[35.604078,139.5864],"神木本町5":[35.599468,139.582016],"宮前平1":[35.58386,139.586701],"神木2":[35.594975,139.583246],"有馬3":[35.572623,139.586215],"神木本町3":[35.598409,139.586876],"宮前平3":[35.586906,139.588682],"有馬2":[35.577578,139.581818],"宮崎5":[35.591823,139.588635],"宮崎4":[35.594197,139.587536],"東有馬4":[35.568614,139.586619],"東有馬1":[35.573846,139.588898],"東有馬3":[35.572332,139.586892],"宮崎":[35.59133,139.598734],"宮崎2":[35.58638,139.594871],"宮崎3":[35.591528,139.591322],"宮崎1":[35.585697,139.595732],"馬絹":[35.580042,139.587101],"東有馬2":[35.573582,139.596078],"東有馬5":[35.567405,139.597662],"野川":[35.574528,139.60838],"梶ケ谷":[35.580477,139.608807],"馬絹1":[35.579974,139.589329],"馬絹2":[35.580388,139.590487],"馬絹3":[35.579918,139.592397]}