{"上小田中1":[35.59419,139.627632],"新城":[35.587735,139.628106],"上新城1":[35.588722,139.63094],"新城5":[35.586851,139.629493],"上新城2":[35.588337,139.628564],"新城4":[35.582113,139.630588],"下新城3":[35.578211,139.631226],"新城3":[35.585826,139.630593],"新城1":[35.584103,139.632388],"新城2":[35.582801,139.632431],"下新城2":[35.577817,139.635063],"下新城1":[35.579155,139.6354],"下小田中5":[35.572735,139.634526],"宮内2":[35.587398,139.640876],"上小田中3":[35.584336,139.636287],"新城中町":[35.584134,139.63337],"上小田中2":[35.587535,139.639671],"井田3":[35.562161,139.634556],"上小田中5":[35.582374,139.636509],"下小田中1":[35.581663,139.637657],"下小田中6":[35.56815,139.640185],"下小田中4":[35.576976,139.63724],"上小田中6":[35.582777,139.646651],"井田1":[35.562035,139.645051],"井田2":[35.560981,139.642617],"下小田中3":[35.57462,139.64626],"井田中ノ町":[35.563194,139.647913],"宮内1":[35.59337,139.642559],"下小田中2":[35.57656,139.646989],"井田杉山町":[35.57192,139.64419],"宮内3":[35.589876,139.641787],"宮内4":[35.584198,139.649012],"井田三舞町":[35.57053,139.647662],"等々力":[35.587721,139.657837],"今井西町":[35.574408,139.647152],"木月大町":[35.571582,139.649051],"上小田中7":[35.58108,139.650372],"木月3":[35.563129,139.652736],"木月祗園町":[35.56844,139.652163],"木月1":[35.566074,139.654921],"小杉御殿町1":[35.583877,139.650625],"今井仲町":[35.573663,139.650467],"今井上町":[35.577918,139.650788],"木月4":[35.560442,139.654266],"小杉御殿町2":[35.581457,139.651716],"今井南町":[35.569423,139.654544],"木月伊勢町":[35.569692,139.653589],"小杉陣屋町2":[35.587188,139.6567],"木月2":[35.566192,139.655411],"小杉町3":[35.573923,139.657126],"小杉町2":[35.577012,139.656835],"木月住吉町":[35.566903,139.659388],"市ノ坪":[35.573329,139.65785],"小杉陣屋町1":[35.584841,139.658008],"小杉町1":[35.576993,139.659493],"西加瀬":[35.563048,139.660426],"新丸子東3":[35.575233,139.65994],"上丸子天神町":[35.585995,139.66062],"丸子通2":[35.582868,139.66295],"新丸子町":[35.576916,139.66016],"中丸子":[35.568971,139.673863],"新丸子東2":[35.576732,139.661826],"苅宿":[35.564162,139.664043],"新丸子東1":[35.579452,139.66425],"丸子通1":[35.582604,139.663227],"上丸子山王町2":[35.576591,139.665117],"大倉町":[35.557317,139.666878],"上丸子山王町1":[35.579617,139.668069],"上丸子八幡町":[35.580611,139.667588],"下沼部":[35.574209,139.671583],"田尻町":[35.558496,139.671822],"北谷町":[35.564273,139.670217],"上平間":[35.555612,139.680058],"上小田中4":[35.582299,139.639156],"上丸子":[35.575111,139.664424]}