{"南加瀬5":[35.5405,139.656017],"南加瀬4":[35.542379,139.656908],"矢上":[35.553364,139.658671],"北加瀬3":[35.554876,139.660119],"南加瀬2":[35.546464,139.663692],"北加瀬2":[35.553859,139.663201],"南加瀬3":[35.542464,139.664122],"小倉5":[35.538284,139.663533],"小倉2":[35.544363,139.668162],"北加瀬1":[35.549123,139.66641],"南加瀬1":[35.549855,139.664224],"小倉4":[35.535168,139.668493],"鹿島田3":[35.560611,139.670121],"小倉3":[35.54147,139.671951],"小倉1":[35.545873,139.669267],"鹿島田2":[35.554482,139.674142],"新川崎":[35.560041,139.667607],"鹿島田1":[35.552677,139.673918],"東小倉":[35.542271,139.675432],"下平間":[35.551747,139.676162],"塚越3":[35.545021,139.677717],"塚越1":[35.544599,139.678396],"塚越4":[35.540029,139.684204],"塚越2":[35.54556,139.681023],"古市場2":[35.552325,139.681764],"古川町":[35.545707,139.684757],"古市場":[35.550082,139.682954],"古市場1":[35.552537,139.686663],"南幸町3":[35.530775,139.684392],"神明町2":[35.53895,139.691334],"戸手本町2":[35.53836,139.686019],"戸手本町1":[35.5446,139.689125],"柳町":[35.528619,139.689196],"東古市場":[35.552044,139.692562],"都町":[35.5379,139.691434],"南幸町1":[35.535369,139.691548],"神明町1":[35.53918,139.691352],"紺屋町":[35.541321,139.690944],"南幸町2":[35.533309,139.691533],"戸手1":[35.545385,139.690314],"遠藤町":[35.542488,139.693576],"戸手2":[35.546684,139.692621],"中幸町1":[35.537988,139.693137],"大宮町":[35.529877,139.694252],"中幸町4":[35.533613,139.692838],"中幸町3":[35.534434,139.694494],"小向町":[35.547397,139.693514],"戸手3":[35.546168,139.69445],"小向仲野町":[35.547533,139.69761],"中幸町2":[35.53811,139.694254],"戸手4":[35.539702,139.698231],"幸町4":[35.536447,139.69619],"堀川町":[35.531815,139.697203],"幸町1":[35.535955,139.69725],"幸町3":[35.537593,139.700098],"幸町2":[35.536092,139.697648],"小向":[35.551535,139.700002],"小倉":[35.541433,139.675073],"新小倉":[35.540212,139.674071],"新塚越":[35.549276,139.676761],"小向西町3":[35.547426,139.687706],"小向西町4":[35.547254,139.687336],"小向東芝町":[35.548986,139.689121],"河原町":[35.540106,139.693398],"小向西町1":[35.548092,139.691319],"小向西町2":[35.547038,139.690943]}