{"菅仙谷4":[35.626482,139.520094],"菅城下":[35.632376,139.527545],"菅仙谷1":[35.628136,139.521499],"菅3":[35.633852,139.528288],"西生田4":[35.614379,139.527181],"菅仙谷3":[35.622085,139.525828],"菅6":[35.640967,139.525625],"菅仙谷2":[35.627439,139.525578],"西生田5":[35.608278,139.524018],"西生田1":[35.616571,139.525879],"菅4":[35.63467,139.531029],"西生田3":[35.614031,139.528057],"菅馬場4":[35.622006,139.528931],"菅北浦4":[35.628918,139.530992],"南生田1":[35.607617,139.527234],"菅5":[35.639771,139.527994],"菅2":[35.632309,139.528185],"南生田2":[35.602824,139.530052],"菅北浦3":[35.63045,139.531479],"西生田2":[35.616306,139.53132],"南生田4":[35.60042,139.531279],"菅野戸呂":[35.639408,139.529059],"菅馬場3":[35.62132,139.531957],"菅北浦5":[35.627287,139.536133],"寺尾台1":[35.618061,139.532267],"栗谷2":[35.607683,139.536017],"長沢4":[35.597752,139.531944],"栗谷1":[35.613424,139.532336],"南生田3":[35.604744,139.534997],"菅北浦2":[35.627948,139.535913],"生田6":[35.617059,139.539837],"菅稲田堤1":[35.634307,139.533828],"栗谷3":[35.613769,139.53936],"菅馬場2":[35.627115,139.540913],"菅北浦1":[35.630478,139.540843],"南生田5":[35.602171,139.537958],"寺尾台2":[35.622109,139.53831],"南生田6":[35.605296,139.536675],"南生田8":[35.606167,139.535956],"菅稲田堤2":[35.637262,139.537807],"菅1":[35.632729,139.536403],"栗谷4":[35.609057,139.537196],"生田5":[35.621647,139.539378],"菅稲田堤3":[35.632259,139.541593],"南生田7":[35.605559,139.539652],"菅馬場1":[35.629265,139.544329],"長沢3":[35.598366,139.54212],"三田1":[35.613664,139.542335],"生田7":[35.617412,139.541904],"三田4":[35.608002,139.542023],"生田1":[35.626289,139.540551],"長沢1":[35.605249,139.541796],"生田4":[35.620365,139.546406],"布田":[35.63317,139.546188],"三田5":[35.60526,139.545442],"生田8":[35.617786,139.551242],"三田2":[35.613064,139.548449],"三田3":[35.609932,139.54679],"長沢2":[35.601282,139.544614],"生田3":[35.62136,139.546404],"中野島1":[35.628565,139.545866],"生田2":[35.623443,139.547348],"中野島2":[35.625697,139.551798],"中野島3":[35.627481,139.557578],"枡形1":[35.620192,139.548143],"東三田3":[35.608541,139.549235],"中野島6":[35.631553,139.551119],"登戸":[35.614643,139.567099],"東三田2":[35.609551,139.556045],"枡形5":[35.613601,139.553067],"枡形4":[35.616865,139.552192],"枡形2":[35.618139,139.557829],"中野島4":[35.627921,139.558019],"中野島5":[35.630864,139.561832],"枡形6":[35.610616,139.559398],"枡形3":[35.616479,139.560986],"東生田4":[35.603654,139.567559],"東生田1":[35.613483,139.568287],"登戸新町":[35.621313,139.569068],"東生田2":[35.60867,139.564053],"東生田3":[35.607359,139.567163],"宿河原2":[35.613254,139.569001],"長尾1":[35.610466,139.573459],"宿河原1":[35.617769,139.575646],"宿河原3":[35.613684,139.58147],"長尾6":[35.607272,139.578308],"長尾4":[35.610486,139.57748],"宿河原4":[35.616516,139.578677],"長尾7":[35.608142,139.587161],"長尾5":[35.61206,139.581535],"宿河原5":[35.614081,139.584658],"宿河原6":[35.610472,139.590522],"宿河原7":[35.616953,139.589354],"堰1":[35.614301,139.599318],"堰3":[35.611376,139.592112],"堰2":[35.612827,139.598872],"中野島":[35.62828,139.562673],"長尾3":[35.609195,139.578591],"長尾2":[35.607862,139.571267],"東三田1":[35.613639,139.550018],"枡形7":[35.606701,139.55758],"和泉":[35.630183,139.564063]}