{"下並木":[35.524135,139.690016],"池田1":[35.520357,139.690844],"池田2":[35.519922,139.691095],"京町1":[35.517595,139.69301],"堤根":[35.525263,139.689182],"日進町":[35.529017,139.694629],"京町2":[35.51248,139.69508],"渡田山王町":[35.517995,139.698949],"元木2":[35.521682,139.694767],"小川町":[35.527743,139.700105],"渡田新町3":[35.520681,139.696231],"小田1":[35.515673,139.7001],"南町":[35.526624,139.701713],"京町3":[35.508096,139.697541],"渡田新町2":[35.51981,139.701513],"小田2":[35.514412,139.696931],"元木1":[35.523688,139.700658],"駅前本町":[35.531996,139.698472],"小田4":[35.509496,139.700019],"渡田新町1":[35.52168,139.701016],"浅田3":[35.506087,139.701123],"浅田4":[35.505045,139.702227],"砂子2":[35.530154,139.701505],"貝塚1":[35.525647,139.704274],"砂子1":[35.532097,139.700486],"東田町":[35.529589,139.703801],"渡田4":[35.51728,139.701706],"浅田2":[35.507478,139.703548],"貝塚2":[35.524665,139.706039],"渡田向町":[35.520342,139.703739],"本町1":[35.533409,139.704558],"小田3":[35.513056,139.705665],"宮本町":[35.531557,139.705229],"小田栄1":[35.515182,139.705484],"新川通":[35.525491,139.706137],"本町2":[35.53491,139.703063],"小田5":[35.512377,139.706954],"宮前町":[35.528584,139.70686],"田辺新田":[35.506991,139.71035],"小田6":[35.509392,139.706292],"渡田3":[35.51778,139.706313],"浅田1":[35.50585,139.704664],"堀之内町":[35.533893,139.707229],"渡田2":[35.520793,139.707963],"榎町":[35.533248,139.707639],"渡田1":[35.523024,139.70951],"小田7":[35.510252,139.710282],"渡田東町":[35.518719,139.709347],"境町":[35.525732,139.709901],"富士見1":[35.532829,139.710677],"富士見2":[35.527861,139.710498],"田島町":[35.515754,139.708785],"大島上町":[35.521757,139.712096],"旭町1":[35.534474,139.708378],"白石町":[35.502156,139.710962],"大島1":[35.525741,139.713008],"南渡田町":[35.512378,139.718793],"鋼管通5":[35.508895,139.711333],"鋼管通3":[35.512806,139.715156],"鋼管通4":[35.510456,139.711063],"鋼管通1":[35.515836,139.713887],"大川町":[35.496031,139.715962],"大島2":[35.522358,139.715641],"追分町":[35.518741,139.716699],"大島4":[35.525576,139.716041],"港町":[35.535782,139.715788],"中島3":[35.525964,139.718201],"中島2":[35.52942,139.718159],"鋼管通2":[35.514868,139.716513],"中島1":[35.530294,139.718661],"旭町2":[35.531783,139.714709],"扇島":[35.492477,139.734336],"浜町2":[35.514058,139.720443],"浜町1":[35.516809,139.718956],"大島3":[35.521374,139.72088],"大島5":[35.523162,139.721349],"浜町3":[35.515868,139.720528],"藤崎2":[35.527092,139.72226],"桜本1":[35.519472,139.72589],"藤崎1":[35.53023,139.723084],"藤崎4":[35.523569,139.722782],"伊勢町":[35.532717,139.724014],"鈴木町":[35.536236,139.718449],"浜町4":[35.516938,139.723261],"大師駅前2":[35.535416,139.724199],"浅野町":[35.515743,139.72702],"桜本2":[35.521609,139.729034],"扇町":[35.50388,139.720582],"藤崎3":[35.529248,139.724706],"川中島1":[35.531578,139.729255],"観音1":[35.526514,139.727596],"大師駅前1":[35.533768,139.728165],"川中島2":[35.53024,139.729831],"池上町":[35.520856,139.73112],"池上新町1":[35.521773,139.729802],"池上新町2":[35.524757,139.733803],"中瀬2":[35.53779,139.728909],"観音2":[35.525934,139.730797],"大師本町":[35.535606,139.731889],"大師町":[35.533734,139.732847],"中瀬3":[35.539558,139.731355],"大師公園":[35.53196,139.73174],"台町":[35.530736,139.734968],"四谷上町":[35.528169,139.737719],"東門前1":[35.536354,139.734317],"東門前2":[35.533218,139.735253],"昭和2":[35.531877,139.739824],"東門前3":[35.536875,139.7367],"大師河原1":[35.539303,139.736737],"池上新町3":[35.522272,139.733594],"塩浜3":[35.520084,139.742219],"塩浜2":[35.520583,139.736116],"水江町":[35.50817,139.745157],"昭和1":[35.532701,139.73584],"東扇島":[35.503804,139.772392],"四谷下町":[35.526432,139.737524],"塩浜1":[35.529626,139.740476],"出来野":[35.533475,139.740798],"大師河原2":[35.535869,139.739537],"日ノ出1":[35.533583,139.741591],"田町1":[35.536567,139.741718],"江川1":[35.536836,139.741724],"殿町1":[35.537927,139.741861],"日ノ出2":[35.530536,139.744228],"田町2":[35.534882,139.747132],"塩浜4":[35.529436,139.745454],"江川2":[35.535086,139.747343],"殿町2":[35.540216,139.747065],"夜光1":[35.526192,139.752533],"田町3":[35.533974,139.749254],"殿町3":[35.534542,139.764401],"千鳥町":[35.516515,139.760879],"小島町":[35.53427,139.762457],"浮島町":[35.523084,139.786434],"中瀬1":[35.540012,139.72897],"夜光2":[35.522159,139.74596],"小田栄2":[35.514043,139.707651],"夜光3":[35.515704,139.738409]}