{"当麻":[35.525077,139.373536],"下溝":[35.529942,139.377846],"新戸":[35.494832,139.378675],"磯部":[35.516473,139.383068],"麻溝台":[35.529127,139.394854],"麻溝台1":[35.534009,139.401939],"北里1":[35.54059,139.393731],"新磯野":[35.515206,139.4042],"大野台4":[35.543228,139.404549],"北里2":[35.539373,139.404213],"麻溝台7":[35.527672,139.398259],"大野台3":[35.550612,139.395944],"麻溝台8":[35.525068,139.406469],"大野台1":[35.557946,139.4056],"新磯野5":[35.511913,139.401304],"相模台7":[35.523227,139.407622],"大野台2":[35.556756,139.408248],"新磯野4":[35.508674,139.403049],"麻溝台2":[35.53138,139.404112],"新磯野3":[35.504904,139.405476],"相武台2":[35.503257,139.403398],"麻溝台6":[35.525473,139.406316],"相模台6":[35.518087,139.407582],"新磯野2":[35.513274,139.406728],"大野台5":[35.550755,139.404963],"麻溝台3":[35.536286,139.40646],"麻溝台4":[35.532134,139.41139],"新磯野1":[35.509362,139.408333],"相武台1":[35.499952,139.407143],"大野台8":[35.544223,139.407956],"相武台団地2":[35.513086,139.407336],"麻溝台5":[35.525442,139.40727],"大野台7":[35.548811,139.408604],"相模台5":[35.515648,139.406385],"相武台3":[35.507921,139.411363],"桜台":[35.521007,139.410762],"相武台団地1":[35.513966,139.408107],"相模台団地":[35.518369,139.407984],"西大沼4":[35.53894,139.415054],"双葉1":[35.529192,139.412314],"西大沼5":[35.532701,139.413434],"双葉2":[35.524192,139.411135],"相模台4":[35.514258,139.414728],"西大沼3":[35.54128,139.414915],"相模台1":[35.518123,139.415341],"相模台3":[35.512718,139.41629],"大野台6":[35.554211,139.411991],"南台6":[35.521633,139.413584],"御園4":[35.528982,139.413372],"御園5":[35.524688,139.415719],"西大沼2":[35.546047,139.41756],"古淵2":[35.556904,139.416962],"東大沼4":[35.535733,139.417416],"御園3":[35.529805,139.414929],"相模台2":[35.515105,139.41969],"西大沼1":[35.551861,139.416723],"東大沼3":[35.538132,139.417169],"御園1":[35.530721,139.418659],"南台5":[35.516306,139.421924],"古淵3":[35.551275,139.419768],"東大沼2":[35.542214,139.418535],"御園2":[35.529472,139.420621],"若松6":[35.534774,139.418948],"古淵1":[35.558095,139.416571],"若松5":[35.535806,139.42326],"東大沼1":[35.544832,139.420854],"若松4":[35.538033,139.423008],"南台4":[35.519306,139.422329],"古淵4":[35.552272,139.42675],"南台1":[35.523495,139.423979],"若松1":[35.543239,139.427931],"文京2":[35.532215,139.427004],"栄町":[35.529284,139.422042],"古淵5":[35.549481,139.427079],"南台3":[35.520306,139.427088],"若松3":[35.539601,139.422499],"文京1":[35.536342,139.428748],"松が枝町":[35.514767,139.423165],"相南4":[35.51443,139.425318],"相模大野5":[35.531245,139.427774],"古淵6":[35.547651,139.426222],"豊町":[35.52629,139.424312],"南台2":[35.521597,139.428144],"若松2":[35.540917,139.429059],"相南1":[35.514223,139.428543],"旭町":[35.523261,139.429077],"東林間2":[35.519256,139.426739],"鵜野森1":[35.544897,139.430291],"相南2":[35.514236,139.431413],"東林間3":[35.518851,139.432761],"相模大野6":[35.529119,139.430116],"相模大野1":[35.538767,139.430906],"鵜野森2":[35.544287,139.433328],"相模大野4":[35.533032,139.433551],"相模大野2":[35.534772,139.436418],"相南3":[35.51104,139.430812],"東林間1":[35.526121,139.433409],"鵜野森3":[35.53848,139.434413],"東林間4":[35.52085,139.438118],"相模大野3":[35.531032,139.436793],"東林間6":[35.516907,139.43713],"東林間5":[35.518304,139.439803],"上鶴間本町1":[35.538841,139.434656],"相模大野8":[35.531839,139.437891],"相模大野9":[35.526004,139.439425],"東林間7":[35.515595,139.441141],"上鶴間6":[35.524106,139.44139],"相模大野7":[35.529637,139.442043],"上鶴間本町2":[35.539174,139.441935],"東林間8":[35.51226,139.442033],"上鶴間7":[35.517949,139.441485],"上鶴間本町4":[35.535799,139.444808],"上鶴間1":[35.524982,139.443109],"上鶴間8":[35.514713,139.442463],"上鶴間5":[35.523687,139.44381],"上鶴間本町3":[35.540292,139.444242],"上鶴間4":[35.517857,139.448662],"上鶴間本町6":[35.529633,139.445127],"上鶴間本町7":[35.527861,139.44697],"上鶴間本町5":[35.535313,139.448053],"上鶴間2":[35.523595,139.445393],"上鶴間3":[35.521029,139.447231],"上鶴間本町9":[35.521802,139.452624],"上鶴間本町8":[35.526677,139.453133]}