{"小渕":[35.613158,139.15937],"名倉":[35.595759,139.143015],"澤井":[35.644587,139.169573],"日連":[35.606823,139.175602],"吉野":[35.619699,139.177523],"青野原":[35.559165,139.177816],"与瀬":[35.618968,139.192929],"寸沢嵐":[35.601016,139.229171],"与瀬本町":[35.615028,139.188214],"鳥屋":[35.55284,139.225108],"小原":[35.645628,139.199334],"若柳":[35.617465,139.19888],"千木良":[35.622006,139.216816],"青山":[35.552443,139.243278],"三ケ木":[35.59786,139.234689],"中野":[35.589463,139.25689],"又野":[35.596849,139.249728],"三井":[35.589311,139.264294],"長竹":[35.555858,139.25779],"根小屋":[35.579706,139.256945],"川尻":[35.606134,139.269247],"太井":[35.580544,139.267493],"中沢":[35.600061,139.276293],"城山3":[35.591707,139.282539],"城山2":[35.587441,139.284011],"城山1":[35.585721,139.286591],"城山4":[35.591981,139.291079],"小倉":[35.579061,139.299036],"若葉台5":[35.59377,139.290992],"若葉台6":[35.597835,139.292413],"谷ヶ原1":[35.593848,139.29709],"谷ヶ原2":[35.591164,139.299687],"若葉台4":[35.595958,139.293737],"若葉台3":[35.594308,139.296133],"若葉台7":[35.598576,139.29418],"若葉台2":[35.595619,139.295901],"若葉台1":[35.595291,139.297777],"久保沢2":[35.595217,139.30068],"広田":[35.603266,139.300747],"久保沢3":[35.588891,139.299965],"向原2":[35.589739,139.300408],"大島":[35.569637,139.316157],"向原3":[35.586318,139.305476],"久保沢1":[35.597517,139.30399],"町屋4":[35.602451,139.30572],"向原1":[35.591279,139.303619],"原宿5":[35.594511,139.306418],"原宿4":[35.597985,139.304899],"町屋3":[35.603946,139.303654],"葉山島":[35.550906,139.322797],"町屋1":[35.601269,139.311866],"原宿南3":[35.592804,139.31292],"原宿3":[35.597652,139.308944],"原宿南2":[35.594964,139.313456],"町屋2":[35.603122,139.311499],"原宿2":[35.597242,139.314399],"原宿1":[35.598276,139.314136],"相原6":[35.603365,139.314125],"原宿南1":[35.596216,139.314939],"上九沢":[35.582373,139.326364],"下九沢":[35.584889,139.328584],"二本松2":[35.592314,139.316412],"二本松3":[35.595671,139.320813],"相原5":[35.601309,139.314551],"相原3":[35.60444,139.32502],"相原4":[35.601222,139.322243],"二本松4":[35.597904,139.321541],"二本松1":[35.592535,139.32258],"橋本台4":[35.588093,139.328149],"相原2":[35.600248,139.330214],"相原1":[35.602649,139.332157],"橋本台3":[35.588737,139.333562],"田名":[35.561353,139.326408],"西橋本4":[35.591994,139.327213],"橋本8":[35.600207,139.334816],"西橋本3":[35.590826,139.335096],"西橋本5":[35.597713,139.327033],"橋本台2":[35.586464,139.340047],"元橋本町":[35.603742,139.33787],"西橋本2":[35.592448,139.340352],"橋本7":[35.600755,139.33494],"西橋本1":[35.586664,139.343815],"橋本2":[35.593165,139.345493],"橋本6":[35.595761,139.343639],"橋本台1":[35.580692,139.345997],"橋本5":[35.602783,139.342891],"橋本1":[35.588287,139.344678],"大山町":[35.587713,139.351786],"橋本3":[35.595945,139.349573],"橋本4":[35.600657,139.351882],"東橋本1":[35.591325,139.352485],"東橋本2":[35.591977,139.356926],"向原4":[35.58972,139.306009],"牧野":[35.593255,139.142233],"東橋本3":[35.599804,139.353224],"東橋本4":[35.598369,139.361055]}