{"腰越3":[35.310484,139.494613],"腰越5":[35.312645,139.494608],"腰越2":[35.308592,139.495933],"津西2":[35.316089,139.497214],"関谷":[35.358752,139.518249],"腰越4":[35.31125,139.498182],"西鎌倉4":[35.326059,139.500522],"腰越1":[35.309622,139.499494],"津西1":[35.312506,139.498991],"西鎌倉3":[35.318513,139.499626],"津":[35.311436,139.498877],"西鎌倉2":[35.324498,139.500778],"西鎌倉1":[35.32016,139.505376],"七里ガ浜2":[35.30677,139.507432],"手広6":[35.3311,139.503377],"手広4":[35.326279,139.504748],"城廻":[35.357052,139.514365],"手広3":[35.329943,139.507318],"手広2":[35.324504,139.508087],"手広":[35.323523,139.509113],"七里ガ浜1":[35.308175,139.510028],"笛田1":[35.330601,139.513257],"植木":[35.350446,139.509117],"手広1":[35.328404,139.512497],"七里ガ浜東2":[35.305503,139.507125],"鎌倉山3":[35.317651,139.514195],"七里ガ浜東5":[35.313496,139.514747],"寺分":[35.337852,139.513767],"岡本":[35.344408,139.518077],"鎌倉山4":[35.3248,139.515339],"七里ガ浜東4":[35.311505,139.51595],"梶原":[35.333275,139.509747],"上町屋":[35.341993,139.516853],"笛田2":[35.325151,139.517079],"鎌倉山2":[35.314799,139.516671],"常盤":[35.331982,139.516208],"七里ガ浜東3":[35.314459,139.523165],"稲村ガ崎3":[35.304705,139.516093],"笛田3":[35.32237,139.520096],"玉縄4":[35.35714,139.516921],"梶原1":[35.331761,139.519902],"玉縄5":[35.358577,139.518466],"稲村ガ崎5":[35.309006,139.52022],"玉縄2":[35.355814,139.521646],"鎌倉山1":[35.32016,139.52239],"山崎":[35.344383,139.51825],"稲村ガ崎4":[35.308653,139.52014],"玉縄1":[35.352516,139.523042],"寺分1":[35.331929,139.52141],"笛田4":[35.324137,139.52194],"台1":[35.346513,139.521823],"玉縄3":[35.355949,139.522008],"稲村ガ崎2":[35.304943,139.522712],"岡本2":[35.348389,139.522155],"稲村ガ崎1":[35.302539,139.524967],"笛田5":[35.31935,139.522851],"寺分3":[35.333116,139.52889],"寺分2":[35.337079,139.52731],"梶原2":[35.329322,139.530645],"岡本1":[35.35471,139.527762],"極楽寺4":[35.315087,139.526459],"梶原4":[35.328284,139.532883],"笛田6":[35.316039,139.528869],"極楽寺3":[35.310594,139.525793],"台2":[35.346423,139.527483],"極楽寺1":[35.306673,139.529322],"台4":[35.340646,139.533036],"台3":[35.346739,139.531503],"梶原3":[35.332184,139.52994],"小袋谷1":[35.346806,139.5323],"大船3":[35.346806,139.535539],"大船1":[35.3549,139.53444],"長谷3":[35.313834,139.531585],"台5":[35.343204,139.535119],"坂ノ下":[35.303949,139.529548],"大船2":[35.351263,139.534794],"長谷4":[35.316152,139.534128],"台":[35.340523,139.539406],"小袋谷2":[35.345625,139.533483],"岩瀬1":[35.35494,139.544398],"長谷1":[35.314994,139.539516],"梶原5":[35.327097,139.538816],"大船5":[35.34939,139.540157],"長谷2":[35.311357,139.536096],"長谷5":[35.316048,139.538091],"大船4":[35.345494,139.53749],"大船6":[35.351569,139.539961],"岩瀬":[35.355188,139.548317],"山ノ内":[35.340079,139.539859],"由比ガ浜4":[35.310482,139.541763],"小袋谷":[35.34385,139.540095],"大船":[35.346332,139.550104],"笹目町":[35.318509,139.54093],"佐助2":[35.323059,139.540328],"佐助1":[35.319066,139.541359],"高野":[35.345978,139.548006],"由比ガ浜1":[35.316483,139.544493],"扇ガ谷4":[35.32651,139.547511],"由比ガ浜2":[35.312318,139.549235],"扇ガ谷1":[35.324288,139.550569],"材木座5":[35.30928,139.546574],"御成町":[35.317432,139.550087],"材木座3":[35.310555,139.548025],"材木座1":[35.314887,139.551044],"扇ガ谷2":[35.32751,139.552737],"今泉2":[35.347477,139.551718],"小町1":[35.31823,139.550787],"雪ノ下1":[35.323612,139.551208],"小町2":[35.320037,139.555456],"材木座6":[35.306583,139.547668],"今泉1":[35.350136,139.553858],"今泉台1":[35.341677,139.556003],"大町2":[35.311071,139.556799],"大町1":[35.315246,139.554764],"材木座4":[35.305878,139.557271],"雪ノ下2":[35.328539,139.554587],"材木座2":[35.308811,139.558356],"今泉台3":[35.340711,139.554524],"大町3":[35.315326,139.557604],"今泉3":[35.343744,139.558744],"小町3":[35.32072,139.556851],"今泉台2":[35.342886,139.558582],"今泉台4":[35.339201,139.560978],"大町4":[35.311876,139.557404],"雪ノ下3":[35.325319,139.55914],"大町5":[35.308945,139.562296],"雪ノ下4":[35.323266,139.562237],"西御門1":[35.327123,139.560355],"今泉台5":[35.335795,139.56134],"西御門2":[35.32742,139.561176],"今泉台7":[35.340019,139.568378],"二階堂":[35.333549,139.568951],"雪ノ下5":[35.322941,139.563184],"大町6":[35.31564,139.56381],"今泉台6":[35.338648,139.568209],"今泉4":[35.345579,139.564474],"浄明寺2":[35.320811,139.566589],"浄明寺6":[35.311337,139.567408],"浄明寺3":[35.322455,139.568049],"浄明寺5":[35.318362,139.575587],"浄明寺4":[35.324191,139.57335],"十二所":[35.319417,139.575761],"由比ガ浜3":[35.312985,139.542167],"雪ノ下":[35.323417,139.563002],"浄明寺1":[35.321109,139.565894],"笛田":[35.331965,139.510232],"手広5":[35.325919,139.506425],"七里ガ浜東1":[35.307002,139.516051],"極楽寺2":[35.314284,139.530611],"今泉5":[35.337431,139.573147],"扇ガ谷3":[35.327405,139.551352],"大町7":[35.311784,139.56608]}