{"久野":[35.255978,139.117913],"根府川":[35.200383,139.136637],"入生田":[35.244874,139.108549],"風祭":[35.242679,139.125341],"早川":[35.243649,139.13402],"米神":[35.218685,139.142071],"府川":[35.283995,139.14134],"荻窪":[35.258583,139.140961],"江之浦":[35.179399,139.131174],"水之尾":[35.254421,139.134076],"石橋":[35.227545,139.141153],"北ノ窪":[35.287106,139.131741],"曽比":[35.310338,139.137633],"板橋":[35.245924,139.137261],"栢山":[35.306677,139.141486],"小台":[35.293422,139.138926],"穴部新田":[35.27839,139.152923],"新屋":[35.293235,139.138494],"早川3":[35.245612,139.140889],"飯田岡":[35.279797,139.135189],"柳新田":[35.294806,139.140228],"清水新田":[35.296823,139.142591],"穴部":[35.278964,139.141024],"早川2":[35.242844,139.141394],"城山2":[35.257672,139.148921],"南板橋2":[35.244712,139.14807],"堀之内":[35.297266,139.14284],"谷津":[35.261034,139.149932],"城山3":[35.25473,139.149285],"蓮正寺":[35.285148,139.154344],"早川1":[35.239606,139.148627],"城山4":[35.248478,139.148394],"南町4":[35.243523,139.150143],"中曽根":[35.289043,139.156774],"南町1":[35.246921,139.150169],"南町3":[35.240755,139.151735],"多古":[35.270293,139.154242],"鬼柳":[35.304856,139.155282],"城山1":[35.256452,139.155151],"南町2":[35.242828,139.15543],"桑原":[35.3021,139.166145],"扇町5":[35.275414,139.156654],"下大井":[35.316022,139.165597],"扇町3":[35.268005,139.158059],"栄町1":[35.254598,139.155058],"本町1":[35.249826,139.158417],"本町4":[35.24501,139.158182],"扇町6":[35.275383,139.160016],"扇町1":[35.267196,139.155335],"栄町2":[35.25718,139.156835],"栄町3":[35.259224,139.158222],"扇町2":[35.265735,139.160009],"成田":[35.288564,139.170409],"本町3":[35.24681,139.160335],"本町2":[35.249584,139.161513],"中町1":[35.258241,139.162013],"扇町4":[35.269169,139.165912],"栄町4":[35.254383,139.162209],"飯泉":[35.276031,139.169856],"浜町1":[35.253594,139.162996],"寿町1":[35.26541,139.164445],"西大友":[35.302618,139.166083],"浜町3":[35.249426,139.164322],"中町2":[35.260711,139.165213],"寿町2":[35.260387,139.168097],"浜町2":[35.255557,139.166439],"中町3":[35.256467,139.166965],"寿町3":[35.262854,139.168126],"浜町4":[35.253918,139.169381],"曽我大沢":[35.319616,139.16689],"寿町4":[35.263224,139.168582],"上曽我":[35.314876,139.167172],"東大友":[35.306029,139.169824],"東町1":[35.258833,139.170369],"中新田":[35.273628,139.169777],"寿町5":[35.264656,139.174757],"延清":[35.298569,139.170019],"上新田":[35.276545,139.17353],"東町2":[35.257406,139.176112],"鴨宮":[35.279514,139.182033],"永塚":[35.300815,139.179915],"東町3":[35.259165,139.175711],"南鴨宮1":[35.270466,139.172259],"南鴨宮2":[35.27338,139.173394],"千代":[35.292366,139.177406],"東町5":[35.263643,139.177291],"矢作":[35.286488,139.178109],"下新田":[35.275821,139.178487],"曽我別所":[35.303141,139.187173],"東町4":[35.259156,139.177348],"西酒匂1":[35.264179,139.183599],"下堀":[35.289148,139.1848],"曽我岸":[35.303419,139.181388],"曽我谷津":[35.303069,139.184936],"南鴨宮3":[35.271788,139.183767],"中里":[35.280531,139.183615],"曽我光海":[35.303242,139.181935],"酒匂":[35.278673,139.183829],"高田":[35.288557,139.187111],"西酒匂3":[35.271483,139.184533],"西酒匂2":[35.269886,139.184248],"曽我原":[35.302713,139.185369],"酒匂2":[35.270312,139.186339],"酒匂1":[35.27327,139.187648],"酒匂3":[35.26457,139.189356],"別堀":[35.291319,139.193787],"酒匂6":[35.272431,139.193745],"前川":[35.290183,139.233915],"酒匂5":[35.270338,139.195005],"酒匂4":[35.266809,139.193295],"田島":[35.295177,139.206124],"酒匂7":[35.27681,139.188417],"小八幡1":[35.27422,139.194254],"国府津":[35.283206,139.195398],"小八幡4":[35.278328,139.197464],"小八幡2":[35.275791,139.199161],"小八幡":[35.279242,139.199414],"小八幡3":[35.275374,139.202977],"国府津1":[35.262961,139.18682],"沼代":[35.305433,139.216262],"国府津2":[35.279263,139.205059],"国府津3":[35.279677,139.211261],"国府津4":[35.283278,139.219761],"小竹":[35.316452,139.224198],"小船":[35.305285,139.227976],"国府津5":[35.283673,139.220516],"上町":[35.294947,139.213702],"中村原":[35.291905,139.233573],"羽根尾":[35.292211,139.233582],"山西":[35.304329,139.235178],"東ケ丘":[35.299929,139.235081],"井細田":[35.268269,139.154499],"十字4":[35.254627,139.142031],"城内":[35.249543,139.156515],"池上":[35.265574,139.154666],"緑4":[35.257818,139.14557]}