{"中島":[35.327126,139.369736],"平太夫新田":[35.341847,139.371891],"萩園":[35.347253,139.371974],"柳島":[35.316295,139.374845],"今宿":[35.331912,139.380471],"柳島2":[35.328984,139.382662],"柳島海岸":[35.317479,139.386277],"柳島1":[35.326962,139.383223],"浜見平":[35.321406,139.386983],"松尾":[35.328299,139.387158],"下町屋2":[35.333832,139.386285],"下町屋3":[35.3348,139.386406],"南湖5":[35.321546,139.387777],"浜之郷":[35.333481,139.397975],"南湖7":[35.318504,139.38852],"西久保":[35.347968,139.387922],"香川3":[35.352956,139.400903],"南湖2":[35.325061,139.391718],"南湖6":[35.316685,139.395146],"矢畑":[35.333759,139.39934],"南湖1":[35.327906,139.392294],"南湖4":[35.321186,139.395827],"南湖3":[35.32712,139.395315],"円蔵":[35.350629,139.392601],"十間坂3":[35.332321,139.397659],"下寺尾":[35.360927,139.396617],"十間坂2":[35.327523,139.395901],"香川4":[35.353415,139.399983],"中海岸4":[35.319453,139.435824],"香川5":[35.356731,139.399736],"共恵1":[35.328204,139.403105],"みずき1":[35.361168,139.39802],"十間坂1":[35.32804,139.399761],"共恵2":[35.326102,139.401441],"香川6":[35.357122,139.400376],"中海岸3":[35.318959,139.401157],"茅ヶ崎1":[35.333851,139.40427],"香川7":[35.360479,139.403232],"中海岸2":[35.324178,139.405056],"みずき2":[35.364036,139.403362],"香川1":[35.350928,139.408538],"中海岸1":[35.327436,139.405736],"新栄町":[35.332846,139.404936],"鶴が台":[35.349669,139.406551],"行谷":[35.370954,139.405587],"みずき4":[35.357808,139.405989],"茅ヶ崎3":[35.335909,139.402702],"円蔵2":[35.344125,139.40577],"香川2":[35.356654,139.406816],"みずき3":[35.363122,139.404769],"芹沢":[35.381072,139.430886],"東海岸北1":[35.327558,139.40648],"東海岸南1":[35.322002,139.406772],"元町":[35.332383,139.410671],"幸町":[35.329295,139.409133],"茅ヶ崎":[35.332969,139.396734],"松風台":[35.353845,139.408426],"円蔵1":[35.34182,139.408642],"東海岸北2":[35.325517,139.411592],"東海岸南3":[35.318858,139.409647],"東海岸北3":[35.328769,139.410345],"東海岸南2":[35.322986,139.412108],"本村4":[35.335332,139.410391],"赤羽根":[35.355326,139.434311],"甘沼":[35.357607,139.410975],"本村5":[35.340328,139.417364],"堤":[35.3674,139.433462],"東海岸南4":[35.321143,139.412262],"高田5":[35.34343,139.411379],"高田1":[35.348194,139.414631],"高田4":[35.340842,139.412297],"本村1":[35.332891,139.412714],"東海岸北4":[35.330779,139.420351],"高田3":[35.341004,139.416152],"若松町":[35.333636,139.416533],"本村2":[35.334553,139.416902],"高田2":[35.345183,139.417261],"東海岸北5":[35.326146,139.417928],"東海岸南5":[35.324052,139.416937],"本村3":[35.338876,139.420557],"東海岸南6":[35.321989,139.418113],"室田2":[35.342408,139.419082],"室田3":[35.341167,139.421925],"菱沼海岸":[35.319714,139.420264],"松が丘1":[35.326981,139.420758],"室田1":[35.34659,139.421531],"旭が丘":[35.333448,139.422415],"白浜町":[35.322586,139.422359],"松が丘2":[35.325734,139.424985],"ひばりが丘":[35.335258,139.425547],"松林2":[35.34243,139.425565],"小桜町":[35.336225,139.430795],"松林3":[35.34533,139.426641],"松林1":[35.33904,139.42493],"美住町":[35.329595,139.42934],"平和町":[35.327612,139.431308],"出口町":[35.33576,139.42938],"小和田1":[35.337921,139.432036],"菱沼2":[35.341819,139.434606],"浜須賀":[35.321995,139.428553],"菱沼1":[35.344207,139.432911],"富士見町":[35.325694,139.436991],"松浪2":[35.330126,139.437891],"小和田2":[35.338685,139.433109],"松浪1":[35.331411,139.436231],"浜竹1":[35.335885,139.436811],"緑が浜":[35.324176,139.436397],"代官町":[35.336478,139.436923],"菱沼3":[35.341772,139.435825],"汐見台":[35.322092,139.438409],"浜竹2":[35.335844,139.441146],"本宿町":[35.336632,139.438256],"小和田3":[35.345012,139.44159],"常盤町":[35.326232,139.439325],"浜竹4":[35.331954,139.443092],"赤松町":[35.339506,139.439903],"浜竹3":[35.332629,139.441205],"香川":[35.360624,139.407184],"茅ヶ崎2":[35.334984,139.409085],"下町屋1":[35.329165,139.387142]}