{"宮原":[35.392265,139.399924],"獺郷":[35.380793,139.402522],"用田":[35.411647,139.411376],"打戻":[35.380414,139.40692],"遠藤":[35.37069,139.438867],"葛原":[35.417712,139.425531],"菖蒲沢":[35.398121,139.447518],"大庭":[35.368768,139.441572],"辻堂6":[35.326041,139.443702],"辻堂西海岸3":[35.320041,139.442578],"辻堂西海岸2":[35.325561,139.446353],"辻堂3":[35.331005,139.444924],"石川":[35.379175,139.456442],"辻堂2":[35.333908,139.444706],"城南1":[35.344447,139.4432],"石川4":[35.377473,139.450197],"辻堂神台2":[35.340913,139.448525],"下土棚":[35.4106,139.452694],"土棚":[35.403117,139.453175],"石川6":[35.392226,139.448765],"長後":[35.424965,139.451713],"石川5":[35.382902,139.453616],"辻堂1":[35.33674,139.447943],"城南2":[35.349428,139.455263],"辻堂4":[35.329797,139.448894],"石川3":[35.37207,139.45173],"辻堂5":[35.327991,139.450908],"辻堂西海岸1":[35.323438,139.452766],"辻堂新町1":[35.337548,139.449949],"羽鳥1":[35.344582,139.449779],"桐原町":[35.393431,139.449796],"辻堂元町1":[35.336809,139.452476],"石川1":[35.382428,139.455635],"城南5":[35.348326,139.455945],"辻堂元町3":[35.332853,139.45493],"羽鳥2":[35.343455,139.454235],"辻堂元町4":[35.331563,139.455467],"石川2":[35.383095,139.458118],"辻堂元町2":[35.337288,139.457154],"羽鳥3":[35.345045,139.457703],"辻堂新町2":[35.338361,139.456487],"辻堂東海岸1":[35.32599,139.457756],"辻堂東海岸4":[35.320087,139.459639],"辻堂東海岸3":[35.32318,139.456801],"円行2":[35.392744,139.455824],"城南4":[35.347661,139.463284],"円行":[35.387594,139.461757],"円行1":[35.387758,139.460363],"城南3":[35.349256,139.461594],"辻堂元町5":[35.333649,139.461491],"辻堂東海岸2":[35.324209,139.457927],"稲荷":[35.360437,139.458424],"辻堂太平台1":[35.330367,139.460456],"天神町2":[35.378157,139.464275],"辻堂新町3":[35.338176,139.457527],"羽鳥4":[35.343719,139.460688],"天神町3":[35.380472,139.463965],"天神町1":[35.375411,139.46448],"羽鳥5":[35.341746,139.461639],"辻堂太平台2":[35.334742,139.467055],"鵠沼海岸4":[35.316139,139.465116],"湘南台4":[35.398703,139.461361],"辻堂元町6":[35.337281,139.467916],"稲荷1":[35.349437,139.464581],"湘南台3":[35.390274,139.461311],"善行団地":[35.366025,139.462885],"善行坂2":[35.365774,139.463347],"鵠沼海岸5":[35.320911,139.465832],"本藤沢4":[35.357265,139.461626],"鵠沼海岸6":[35.328913,139.465297],"亀井野":[35.387774,139.466746],"湘南台2":[35.396144,139.466169],"辻堂新町4":[35.338767,139.467014],"善行坂1":[35.364122,139.466946],"善行4":[35.371623,139.469997],"湘南台5":[35.404688,139.469361],"高倉":[35.418042,139.469075],"鵠沼海岸3":[35.322442,139.468686],"藤沢5":[35.348406,139.466007],"鵠沼海岸7":[35.324382,139.466855],"本鵠沼4":[35.333359,139.470069],"湘南台1":[35.393675,139.469811],"鵠沼海岸2":[35.318922,139.472305],"鵠沼神明4":[35.345357,139.469634],"本藤沢2":[35.352389,139.469918],"鵠沼神明3":[35.339591,139.469381],"善行3":[35.367969,139.471588],"善行2":[35.364733,139.469002],"本藤沢3":[35.35504,139.469874],"本藤沢5":[35.357661,139.470656],"本鵠沼3":[35.327959,139.471728],"善行1":[35.362416,139.472987],"本藤沢6":[35.36005,139.472426],"善行5":[35.370759,139.471308],"本鵠沼5":[35.337899,139.470427],"湘南台6":[35.399387,139.476642],"鵠沼神明5":[35.344318,139.47334],"本藤沢1":[35.352241,139.472658],"鵠沼神明2":[35.338424,139.472507],"湘南台7":[35.397198,139.474124],"鵠沼松が岡5":[35.324218,139.47159],"亀井野1":[35.384903,139.470567],"藤沢4":[35.346874,139.473341],"鵠沼海岸1":[35.315048,139.477209],"鵠沼松が岡4":[35.321867,139.472884],"亀井野2":[35.380303,139.475629],"本鵠沼2":[35.332194,139.47459],"鵠沼松が岡3":[35.321124,139.473909],"本藤沢7":[35.357688,139.473432],"鵠沼桜が岡3":[35.328687,139.473526],"本町3":[35.346828,139.47641],"鵠沼神明1":[35.339197,139.479436],"善行6":[35.366244,139.477773],"亀井野4":[35.384588,139.47693],"善行7":[35.361287,139.475289],"みその台":[35.355373,139.476553],"花の木":[35.35248,139.476077],"本鵠沼1":[35.33772,139.481192],"鵠沼松が岡2":[35.320246,139.477852],"亀井野3":[35.381584,139.479709],"今田":[35.390643,139.476323],"藤沢3":[35.349661,139.47815],"鵠沼桜が岡4":[35.32967,139.478168],"鵠沼松が岡1":[35.317118,139.478097],"鵠沼桜が岡2":[35.326799,139.478844],"本町4":[35.347023,139.477021],"片瀬海岸3":[35.312783,139.476615],"江の島2":[35.29992,139.479868],"本町2":[35.344382,139.478245],"白旗4":[35.356911,139.482155],"藤沢2":[35.348861,139.480251],"鵠沼桜が岡1":[35.330604,139.480608],"白旗1":[35.351562,139.479405],"鵠沼藤が谷3":[35.324608,139.481206],"鵠沼橘2":[35.333011,139.481934],"立石1":[35.362573,139.481451],"白旗3":[35.35719,139.478481],"立石2":[35.363618,139.479505],"鵠沼藤が谷4":[35.327293,139.484161],"白旗2":[35.354782,139.482125],"立石3":[35.363952,139.484365],"藤沢":[35.340756,139.489184],"片瀬海岸2":[35.311464,139.485169],"片瀬4":[35.314121,139.483733],"西俣野":[35.364918,139.484913],"藤沢1":[35.34843,139.483061],"片瀬5":[35.321555,139.485521],"本町1":[35.344933,139.484645],"江の島1":[35.299746,139.481278],"鵠沼花沢町":[35.338298,139.481879],"片瀬海岸1":[35.311645,139.486204],"大鋸":[35.355264,139.48884],"鵠沼藤が谷2":[35.32457,139.487286],"立石4":[35.36073,139.485813],"西富2":[35.350887,139.485795],"鵠沼橘1":[35.336739,139.486501],"鵠沼藤が谷1":[35.326923,139.487828],"西富1":[35.349801,139.487491],"鵠沼石上2":[35.334286,139.488764],"片瀬2":[35.322493,139.490405],"片瀬3":[35.31609,139.489046],"南藤沢":[35.337935,139.491783],"片瀬":[35.329309,139.486368],"鵠沼石上1":[35.336248,139.489588],"西富":[35.355727,139.490541],"鵠沼石上3":[35.331095,139.487499],"大鋸2":[35.342151,139.492102],"片瀬1":[35.329511,139.489024],"大鋸3":[35.350741,139.491507],"鵠沼東":[35.335878,139.490139],"藤が岡1":[35.343641,139.492016],"片瀬山5":[35.319544,139.489052],"朝日町":[35.34171,139.490892],"片瀬山1":[35.326184,139.494722],"片瀬山4":[35.322625,139.493275],"片瀬目白山":[35.316368,139.490781],"藤が岡2":[35.344231,139.495502],"片瀬山2":[35.325538,139.496168],"川名2":[35.333603,139.49391],"大鋸1":[35.34302,139.493365],"川名":[35.329459,139.495941],"川名1":[35.332895,139.499916],"片瀬山3":[35.318511,139.496418],"弥勒寺1":[35.339502,139.497622],"藤が岡3":[35.346892,139.498079],"柄沢":[35.350956,139.504109],"弥勒寺4":[35.346355,139.498713],"弥勒寺3":[35.343261,139.499655],"弥勒寺2":[35.339805,139.500721],"弥勒寺":[35.335599,139.503566],"渡内2":[35.347255,139.501719],"渡内1":[35.345333,139.501756],"高谷":[35.342429,139.502288],"村岡東1":[35.338586,139.503719],"村岡東2":[35.341354,139.506464],"渡内4":[35.351154,139.508469],"渡内3":[35.349055,139.506278],"村岡東3":[35.343453,139.507486],"宮前":[35.33816,139.507221],"村岡東4":[35.347254,139.51153],"辻堂神台1":[35.340368,139.445815],"鵠沼":[35.330203,139.486425],"小塚":[35.335185,139.506238],"渡内":[35.349896,139.501977]}