{"三崎町諸磯":[35.154092,139.613511],"三崎町小網代":[35.165864,139.628895],"三崎5":[35.140274,139.615671],"三崎町城ヶ島":[35.133479,139.617079],"白石町":[35.145378,139.615419],"尾上町":[35.149226,139.617129],"初声町下宮田":[35.184,139.637961],"初声町和田":[35.195107,139.63704],"初声町三戸":[35.178326,139.62733],"海外町":[35.147102,139.616309],"三崎3":[35.139442,139.617356],"三崎4":[35.142414,139.618899],"三崎2":[35.141624,139.619863],"東岡町":[35.145227,139.619128],"三崎1":[35.141343,139.6215],"天神町":[35.146644,139.621989],"城山町":[35.145449,139.625507],"向ヶ崎町":[35.14388,139.625465],"晴海町":[35.140383,139.625609],"諏訪町":[35.144107,139.624492],"初声町入江":[35.185139,139.627758],"栄町":[35.148544,139.627428],"岬陽町":[35.147312,139.632449],"宮川町":[35.140781,139.634564],"原町":[35.152717,139.630767],"三崎町六合":[35.152558,139.644852],"南下浦町金田":[35.162953,139.656812],"初声町高円坊":[35.196267,139.640787],"南下浦町上宮田":[35.192222,139.663067],"南下浦町毘沙門":[35.144309,139.646735],"南下浦町菊名":[35.173829,139.653715],"南下浦町松輪":[35.152671,139.66366]}