{"七沢":[35.444587,139.298592],"上荻野":[35.501362,139.310811],"飯山":[35.463419,139.327678],"下荻野":[35.474408,139.34169],"上古沢":[35.460553,139.300097],"森の里5":[35.451341,139.30233],"小野":[35.437179,139.315738],"岡津古久":[35.431777,139.309734],"森の里4":[35.449353,139.303017],"森の里3":[35.447772,139.310244],"森の里2":[35.43887,139.307551],"森の里青山":[35.449145,139.312972],"森の里1":[35.444597,139.308712],"宮の里3":[35.480814,139.314511],"宮の里2":[35.477322,139.310715],"森の里若宮":[35.439228,139.312869],"宮の里1":[35.477124,139.31267],"中荻野":[35.487227,139.322417],"宮の里4":[35.479097,139.315891],"まつかげ台":[35.505831,139.320578],"下古沢":[35.449868,139.324222],"みはる野2":[35.501744,139.320452],"鳶尾5":[35.496956,139.321884],"みはる野1":[35.497305,139.325164],"愛名":[35.444462,139.326745],"鳶尾4":[35.494892,139.326336],"長谷":[35.434286,139.340126],"鳶尾2":[35.490996,139.327606],"毛利台3":[35.436642,139.331196],"鳶尾3":[35.494539,139.328785],"毛利台2":[35.439423,139.327653],"毛利台1":[35.445912,139.330706],"愛甲西3":[35.424911,139.33581],"愛甲":[35.4276,139.3336],"愛甲西2":[35.425997,139.32998],"温水":[35.437983,139.33901],"棚沢":[35.501673,139.350425],"鳶尾1":[35.492929,139.331515],"温水西2":[35.439209,139.332833],"緑ヶ丘5":[35.454171,139.338877],"愛甲1":[35.418823,139.341596],"愛甲西1":[35.42501,139.337205],"愛甲4":[35.423022,139.342639],"及川":[35.473354,139.341541],"三田":[35.48355,139.354722],"恩名5":[35.443732,139.341267],"緑ヶ丘4":[35.455517,139.339757],"戸室5":[35.447302,139.345831],"王子3":[35.45801,139.34137],"王子2":[35.459438,139.344017],"緑ヶ丘2":[35.452149,139.341181],"恩名":[35.442174,139.339495],"王子1":[35.456251,139.344124],"愛甲3":[35.423308,139.349657],"愛甲2":[35.422472,139.344184],"緑ヶ丘1":[35.450228,139.342932],"林3":[35.462326,139.342873],"及川2":[35.472732,139.342802],"林2":[35.4554,139.348395],"愛甲東1":[35.414868,139.348193],"船子":[35.428323,139.357734],"及川1":[35.468103,139.349636],"林4":[35.46039,139.349299],"愛甲東2":[35.418985,139.34615],"下川入":[35.493784,139.349099],"恩名4":[35.444196,139.348063],"戸室4":[35.453111,139.35115],"三田南3":[35.474888,139.351895],"恩名3":[35.44137,139.347883],"戸室3":[35.446638,139.347922],"上落合":[35.408913,139.348554],"戸室2":[35.444958,139.352739],"上依知":[35.516771,139.360479],"三田南2":[35.470958,139.349935],"愛甲東3":[35.417393,139.354241],"林5":[35.457573,139.353048],"恩名2":[35.443918,139.34989],"林1":[35.453778,139.353103],"長沼":[35.403729,139.354878],"妻田北4":[35.468665,139.352207],"妻田西3":[35.46762,139.350531],"戸室1":[35.453468,139.35327],"恩名1":[35.436015,139.355877],"妻田西1":[35.45519,139.355459],"妻田西2":[35.463378,139.352654],"下津古久":[35.403986,139.356215],"三田南1":[35.474636,139.352438],"吾妻町":[35.453426,139.354004],"酒井":[35.417414,139.354865],"妻田北3":[35.469102,139.354816],"栄町2":[35.442636,139.355339],"水引2":[35.445451,139.355861],"山際":[35.502049,139.366016],"妻田北1":[35.464592,139.360085],"松枝2":[35.451364,139.356871],"妻田南2":[35.454318,139.355881],"関口":[35.491168,139.368079],"南町":[35.428883,139.357177],"戸田":[35.404174,139.357328],"田村町":[35.43901,139.358145],"岡田3":[35.426043,139.35901],"岡田":[35.420997,139.364751],"栄町1":[35.441787,139.359877],"旭町5":[35.432871,139.360455],"水引1":[35.447589,139.359933],"妻田南1":[35.453616,139.363176],"妻田北2":[35.465059,139.360776],"妻田東2":[35.458101,139.361271],"中依知":[35.47401,139.369427],"妻田東3":[35.461689,139.360414],"岡田2":[35.428448,139.359223],"旭町1":[35.438784,139.36409],"中町4":[35.438492,139.363024],"岡田1":[35.429714,139.359632],"松枝1":[35.44994,139.361801],"中町3":[35.442378,139.363096],"寿町3":[35.446403,139.361526],"妻田東1":[35.453637,139.363721],"中町2":[35.439811,139.36463],"寿町2":[35.444673,139.36425],"元町":[35.448702,139.365106],"岡田5":[35.417569,139.366327],"泉町":[35.439832,139.364025],"旭町4":[35.431452,139.370521],"金田":[35.469674,139.373973],"岡田4":[35.425702,139.367675],"旭町2":[35.435579,139.366855],"寿町1":[35.445392,139.367319],"旭町3":[35.437723,139.369885],"中町1":[35.440718,139.36666],"猿ヶ島":[35.509934,139.371537],"東町":[35.445361,139.36866],"幸町":[35.439944,139.370963],"厚木町":[35.44215,139.370334],"下依知":[35.471286,139.365081],"緑ヶ丘3":[35.452522,139.339835],"厚木":[35.448796,139.368484],"温水西1":[35.438472,139.333622],"下依知1":[35.470909,139.369408],"下依知2":[35.473896,139.369463],"下依知3":[35.469686,139.374025]}