{"早川":[35.436338,139.414739],"吉岡":[35.429611,139.418131],"小園":[35.453732,139.416604],"綾西5":[35.436136,139.410015],"綾西4":[35.433383,139.412607],"綾西3":[35.429905,139.412229],"小園南2":[35.449465,139.409863],"小園南1":[35.447177,139.40983],"綾西2":[35.431261,139.417987],"綾西1":[35.433118,139.41713],"寺尾台2":[35.461366,139.415575],"早川城山3":[35.437798,139.416532],"寺尾北1":[35.462952,139.418273],"寺尾台1":[35.457094,139.419026],"寺尾西3":[35.453919,139.420274],"早川城山4":[35.441815,139.422612],"寺尾台3":[35.460534,139.41955],"寺尾台4":[35.461151,139.419744],"寺尾西2":[35.450152,139.41941],"吉岡東1":[35.428667,139.419505],"寺尾北4":[35.462229,139.419729],"寺尾北2":[35.466984,139.420906],"早川城山2":[35.439161,139.420301],"寺尾西1":[35.450069,139.419668],"寺尾中4":[35.460484,139.420214],"寺尾北3":[35.461957,139.420879],"吉岡東3":[35.423815,139.426575],"寺尾中3":[35.459826,139.420354],"寺尾本町1":[35.455478,139.42116],"寺尾釜田2":[35.448003,139.420923],"大上3":[35.462968,139.426379],"吉岡東2":[35.425122,139.428427],"早川城山5":[35.444305,139.422727],"早川城山1":[35.439723,139.42551],"寺尾釜田3":[35.447775,139.42635],"寺尾釜田1":[35.446197,139.425612],"寺尾中1":[35.457923,139.422507],"深谷":[35.4399,139.428112],"大上6":[35.465576,139.426867],"寺尾南2":[35.451254,139.425339],"大上5":[35.464884,139.426977],"寺尾本町3":[35.45414,139.424971],"吉岡東4":[35.423332,139.42776],"大上2":[35.458695,139.42721],"寺尾南3":[35.454616,139.427715],"大上1":[35.456556,139.428662],"大上4":[35.463419,139.429115],"深谷上3":[35.446097,139.430712],"深谷上6":[35.443453,139.430538],"吉岡東5":[35.425695,139.429326],"大上9":[35.465484,139.431131],"深谷中4":[35.438382,139.433146],"深谷上4":[35.449994,139.430393],"落合北3":[35.41981,139.436184],"大上8":[35.463972,139.43158],"深谷上5":[35.445358,139.432353],"大上7":[35.462901,139.434638],"落合北2":[35.423088,139.433185],"深谷上7":[35.440191,139.433171],"深谷中3":[35.43546,139.435855],"深谷中5":[35.440236,139.435453],"落合南1":[35.418818,139.436583],"深谷南1":[35.428006,139.436316],"蓼川1":[35.461449,139.437292],"落合南2":[35.417169,139.436156],"落合北5":[35.424074,139.437684],"落合北6":[35.425274,139.437789],"蓼川2":[35.465541,139.437197],"深谷中7":[35.437503,139.437554],"深谷南2":[35.428729,139.441169],"深谷中8":[35.440497,139.443155],"落合北4":[35.421631,139.437379],"落合南3":[35.415589,139.441364],"深谷中6":[35.433556,139.43698],"深谷南3":[35.43313,139.441229],"深谷上8":[35.445029,139.442578],"蓼川3":[35.466712,139.44272],"落合北7":[35.424743,139.438727],"深谷南6":[35.430111,139.442313],"落合南7":[35.420704,139.440272],"深谷中9":[35.438043,139.439287],"上土棚南6":[35.412392,139.442877],"深谷南4":[35.43556,139.44291],"落合南4":[35.415318,139.442777],"落合南5":[35.416211,139.442745],"落合南8":[35.421215,139.442659],"深谷南5":[35.433002,139.44557],"落合南9":[35.422109,139.443213],"上土棚南1":[35.415443,139.446139],"上土棚南5":[35.408892,139.44752],"上土棚北3":[35.422247,139.447748],"上土棚北2":[35.423607,139.445393],"上土棚南2":[35.414402,139.447546],"上土棚中1":[35.420185,139.444411],"本蓼川":[35.443028,139.448662],"上土棚南4":[35.411222,139.448296],"上土棚北4":[35.421894,139.448172],"上土棚中2":[35.415381,139.451319],"上土棚南3":[35.412623,139.449105],"上土棚中7":[35.414461,139.448871],"上土棚中6":[35.413105,139.452738],"上土棚中3":[35.419744,139.449285],"上土棚北5":[35.420223,139.451985],"上土棚中5":[35.411421,139.455828],"上土棚中4":[35.416929,139.453812],"落合南6":[35.418089,139.439488],"上土棚北1":[35.425623,139.441655],"落合北1":[35.426556,139.431099],"深谷南7":[35.428976,139.442828],"寺尾南1":[35.446195,139.427177],"蓼川":[35.466439,139.436853],"寺尾中2":[35.456871,139.422143],"寺尾本町2":[35.454806,139.424779]}