{"大山":[35.420927,139.255079],"子易":[35.415552,139.265826],"善波":[35.389052,139.272179],"日向":[35.434661,139.294449],"三ノ宮":[35.401013,139.29022],"坪ノ内":[35.394713,139.286074],"大住台3":[35.388583,139.275409],"大住台1":[35.388807,139.273312],"大住台2":[35.388165,139.275771],"笠窪":[35.386225,139.284442],"上粕屋":[35.416097,139.280976],"串橋":[35.390727,139.288317],"神戸":[35.3966,139.290236],"白根":[35.401039,139.295602],"鈴川":[35.393344,139.300084],"西富岡":[35.414073,139.306676],"板戸":[35.40233,139.294682],"岡崎":[35.380961,139.309007],"東大竹":[35.384278,139.314934],"田中":[35.401535,139.315093],"東大竹2":[35.394342,139.308453],"東大竹1":[35.39527,139.31074],"伊勢原3":[35.400621,139.305796],"伊勢原2":[35.396794,139.305842],"八幡台1":[35.389774,139.309146],"八幡台2":[35.38643,139.308603],"下糟屋":[35.402404,139.338807],"東富岡":[35.41816,139.314978],"伊勢原4":[35.399699,139.315551],"桜台1":[35.391661,139.313401],"伊勢原1":[35.396027,139.313085],"桜台4":[35.388952,139.314928],"粟窪":[35.407807,139.318342],"桜台3":[35.392409,139.317915],"桜台2":[35.396549,139.319992],"池端":[35.398339,139.3214],"下平間":[35.383598,139.318387],"桜台5":[35.390132,139.321614],"高森1":[35.411429,139.321334],"上平間":[35.389526,139.32254],"沼目1":[35.395841,139.327366],"高森":[35.422575,139.325763],"高森2":[35.409385,139.322637],"高森4":[35.418712,139.330558],"沼目2":[35.391811,139.326207],"沼目3":[35.395157,139.328007],"高森3":[35.412947,139.329644],"高森台3":[35.424396,139.328621],"沼目5":[35.39133,139.330801],"沼目4":[35.39626,139.330751],"高森台2":[35.422534,139.332078],"沼目6":[35.390535,139.332365],"高森台1":[35.421011,139.332909],"高森7":[35.417855,139.334098],"沼目7":[35.392222,139.33302],"高森6":[35.414351,139.334808],"石田":[35.409703,139.347882],"下谷":[35.38313,139.338947],"上谷":[35.393273,139.338425],"東成瀬":[35.408325,139.339142],"見附島":[35.408087,139.339447],"歌川1":[35.401994,139.340918],"小稲葉":[35.381144,139.351148],"歌川3":[35.401342,139.340641],"歌川2":[35.402929,139.346608],"下落合":[35.400848,139.345384],"沼目":[35.389983,139.334729],"高森5":[35.413257,139.329807]}