{"矢倉沢":[35.333633,139.062988],"内山":[35.348731,139.091167],"苅野":[35.332845,139.084605],"広町":[35.312579,139.083235],"塚原":[35.302862,139.123679],"大雄町":[35.311765,139.083093],"雨坪":[35.326148,139.088082],"中沼":[35.308522,139.112881],"怒田":[35.331118,139.088195],"弘西寺":[35.330285,139.089307],"狩野":[35.30945,139.110673],"和田河原":[35.313122,139.119404],"福泉":[35.328032,139.089295],"三竹":[35.285033,139.119229],"関本":[35.320993,139.098818],"飯沢":[35.31401,139.101827],"班目":[35.34763,139.100041],"小市":[35.345245,139.099062],"岩原":[35.293892,139.118627],"千津島":[35.340685,139.108828],"壗下":[35.325301,139.105515],"向田":[35.32231,139.107744],"竹松":[35.328236,139.117855],"生駒":[35.309036,139.122007],"沼田":[35.288466,139.130734],"駒形新宿":[35.309023,139.122602]}