{"稲穂5":[43.02821,141.590312],"稲穂4":[43.029645,141.593209],"稲穂2":[43.025874,141.596998],"稲穂3":[43.029361,141.597094],"稲穂1":[43.025735,141.600744],"西町4":[43.065688,141.644568],"西町3":[43.061842,141.642594],"西町2":[43.060719,141.645916],"西町5":[43.062264,141.643983],"元町4":[43.067507,141.647886],"西町6":[43.064248,141.64589],"元町3":[43.068974,141.649575],"西町1":[43.061477,141.648497],"栄町2":[43.062883,141.648528],"栄町3":[43.064669,141.651786],"元町2":[43.070299,141.652848],"栄町1":[43.064237,141.653671],"中央3":[43.06173,141.651791],"栄町4":[43.065734,141.652941],"中央2":[43.058646,141.654126],"北町3":[43.065197,141.654683],"北町4":[43.069247,141.654201],"中央4":[43.062448,141.654828],"元町1":[43.07112,141.657387],"北町5":[43.066492,141.655022],"中央1":[43.061498,141.656157],"美園3":[43.055828,141.655633],"北町6":[43.069201,141.656588],"緑町4":[43.064235,141.65755],"美園2":[43.054455,141.65849],"北町2":[43.066675,141.657673],"緑町3":[43.06295,141.659777],"美園4":[43.057898,141.659415],"緑町5":[43.065558,141.660608],"北町1":[43.068,141.659246],"緑町2":[43.062239,141.660605],"美園1":[43.056202,141.66114],"東町3":[43.06021,141.662357],"緑町6":[43.064478,141.662548],"緑町1":[43.063111,141.662826],"東町2":[43.057402,141.664317],"東町4":[43.061071,141.6659],"東町1":[43.059183,141.666984]}