{"南町1":[43.005689,141.679092],"あかね3":[43.008954,141.683165],"西一線北":[43.012673,141.680626],"あかね2":[43.009941,141.684615],"あかね1":[43.011714,141.685822],"西町1":[43.013637,141.686332],"南町2":[43.005917,141.687876],"錦町南2":[43.009493,141.6892],"栄町2":[43.006515,141.689335],"錦町南1":[43.0101,141.690523],"栄町1":[43.00897,141.691466],"錦町北1":[43.01233,141.691628],"錦町北2":[43.01283,141.691966],"中央南2":[43.007628,141.693425],"しらかば2":[43.01586,141.691741],"しらかば1":[43.015244,141.693629],"本町南1":[43.010331,141.691573],"本町北1":[43.011138,141.694686],"中央南1":[43.009261,141.694544],"銀座南3":[43.004161,141.695582],"本町北2":[43.011869,141.69807],"銀座南2":[43.006483,141.697055],"中央北1":[43.010237,141.695354],"本町北3":[43.012312,141.700278],"銀座南1":[43.007949,141.698136],"銀座北1":[43.009438,141.698619],"東町南3":[43.003331,141.698903],"北町1":[43.012641,141.700903],"北町2":[43.017637,141.700771],"宮下1":[43.011657,141.700556],"東町南2":[43.005324,141.700173],"東町南1":[43.00682,141.701209],"旭町南3":[43.002336,141.701117],"東町北1":[43.007208,141.70203],"北町3":[43.015002,141.701799],"旭町南2":[43.003413,141.704941],"宮下2":[43.009844,141.703529],"北町4":[43.017277,141.703352],"旭町南1":[43.003675,141.707014],"旭町北1":[43.006573,141.706603],"曙町1":[43.013897,141.705147],"宮下3":[43.010062,141.707031],"曙町2":[43.012932,141.708035]}