{"桜丘3":[43.076237,141.784993],"字富士":[43.050722,141.7835],"錦1":[43.06578,141.772229],"錦2":[43.063235,141.772745],"錦4":[43.055051,141.774758],"錦3":[43.059736,141.774259],"桜丘2":[43.067604,141.774677],"中央1":[43.061645,141.781275],"字三日月":[43.028712,141.797915],"中央2":[43.060416,141.782182],"中央3":[43.056507,141.776936],"中央4":[43.052488,141.777736],"字共和":[43.035766,141.804773],"桜丘1":[43.063776,141.787767],"松風2":[43.060842,141.787253],"松風3":[43.056459,141.788685],"松風4":[43.052868,141.789307],"字中里":[43.045803,141.802133],"字湯地":[43.055813,141.803178],"朝日2":[43.060506,141.791628],"朝日3":[43.057011,141.794748],"字森":[43.077693,141.800959],"朝日4":[43.053497,141.797665],"角田":[43.028365,141.818785],"字旭台":[43.025532,141.836743],"字鳩山":[43.093946,141.823088],"字北学田":[43.068029,141.813387],"字阿野呂":[43.020513,141.825292],"字杵臼":[43.038933,141.832402],"字雨煙別":[43.070147,141.812318],"字大井分":[43.021085,141.834341]}