{"堀内":[35.271387,139.590046],"一色":[35.263795,139.597662],"長柄":[35.283221,139.59097],"下山口":[35.261091,139.582069],"上山口":[35.268117,139.61234],"木古庭":[35.264495,139.631559]}