{"田端":[35.351799,139.382648],"一之宮":[35.374141,139.375078],"一之宮6":[35.357761,139.372573],"宮山":[35.385936,139.38679],"一之宮5":[35.372771,139.377362],"一之宮4":[35.372079,139.378598],"倉見":[35.398498,139.37424],"一之宮3":[35.365012,139.379049],"一之宮7":[35.364276,139.380872],"一之宮8":[35.362799,139.384249],"一之宮2":[35.368871,139.38509],"一之宮1":[35.3653,139.387588],"一之宮9":[35.359893,139.388065],"岡田":[35.37663,139.392105],"中瀬":[35.365214,139.390323],"小動":[35.38517,139.389094],"岡田3":[35.36629,139.389708],"大曲3":[35.358875,139.391822],"小谷3":[35.384219,139.395991],"大曲4":[35.352455,139.394422],"大曲1":[35.36082,139.395543],"岡田5":[35.37148,139.392617],"小谷2":[35.376978,139.392782],"大曲2":[35.355601,139.396383],"岡田4":[35.369486,139.397969],"岡田6":[35.373821,139.390764],"小谷1":[35.38201,139.397609],"岡田7":[35.375602,139.402326],"小谷4":[35.384859,139.39624],"大蔵":[35.380571,139.401333],"岡田8":[35.37247,139.402451],"小谷":[35.376984,139.391843]}