{"字総進":[43.550731,141.858629],"字弥生":[43.533803,141.889665],"字中央":[43.54834,141.886848],"字大和":[43.575227,141.876261]}