{"一色":[35.31711,139.241858],"川匂":[35.290353,139.237219],"百合が丘1":[35.303268,139.240973],"百合が丘2":[35.310134,139.244036],"百合が丘3":[35.315072,139.239574],"山西":[35.290538,139.240162],"中里2":[35.308234,139.250734],"緑が丘1":[35.311353,139.247846],"中里":[35.307458,139.250608],"緑が丘2":[35.314515,139.250393],"緑が丘3":[35.318317,139.249266],"二宮":[35.299389,139.262247],"松根":[35.311026,139.258771],"富士見が丘2":[35.311431,139.26403],"富士見が丘1":[35.306679,139.263661],"富士見が丘3":[35.31305,139.264349]}