{"黒岩":[35.330975,139.260015],"西久保":[35.327613,139.255185],"虫窪":[35.321676,139.258405],"石神台3":[35.312781,139.265602],"国府新宿":[35.300216,139.27031],"石神台2":[35.312575,139.268143],"石神台1":[35.313006,139.269436],"生沢":[35.317834,139.27767],"月京":[35.312768,139.271927],"国府本郷":[35.305481,139.288905],"寺坂":[35.329883,139.287032],"西小磯":[35.317465,139.302516],"東小磯":[35.306982,139.311513],"大磯":[35.307161,139.311938],"高麗2":[35.326687,139.324111],"東町1":[35.312067,139.323382],"東町2":[35.312972,139.325078],"高麗1":[35.318617,139.32455],"東町3":[35.316495,139.327374],"高麗3":[35.322804,139.332847]}