{"松田庶子":[35.347289,139.131389],"松田惣領":[35.354004,139.155514],"神山":[35.345933,139.148824]}