{"平山":[35.351726,139.070642],"山北":[35.356137,139.07456],"岸":[35.349988,139.099442],"向原":[35.3535,139.107137],"皆瀬川":[35.36629,139.065094]}