{"金手":[35.336994,139.139935],"金子":[35.343937,139.149322],"西大井":[35.321925,139.153759],"上大井":[35.321547,139.156762],"山田":[35.327171,139.166633],"篠窪":[35.356373,139.170097],"柳":[35.343814,139.173097],"赤田":[35.34189,139.181099],"高尾":[35.343977,139.190747]}