{"岡野":[35.345158,139.108606],"金井島":[35.347378,139.12135],"延沢":[35.333923,139.122154],"円通寺":[35.334308,139.117339],"中之名":[35.329857,139.120754],"宮台":[35.32894,139.124529],"吉田島":[35.321068,139.134492],"みなみ5":[35.32077,139.127715],"牛島":[35.331379,139.126463],"みなみ4":[35.322405,139.128793],"みなみ3":[35.319273,139.130268],"みなみ1":[35.322199,139.130779],"みなみ2":[35.320192,139.131344]}