{"仙石原":[35.240617,138.986796],"元箱根":[35.237947,138.994154],"箱根":[35.192561,139.02678],"強羅":[35.254524,139.041668],"芦之湯":[35.225504,139.04695],"二ノ平":[35.24567,139.049339],"宮城野":[35.257811,139.040172],"小涌谷":[35.231998,139.046835],"畑宿":[35.200548,139.062742],"木賀":[35.250876,139.05224],"宮ノ下":[35.240365,139.054062],"底倉":[35.243747,139.055667],"大平台":[35.237442,139.077294],"須雲川":[35.222486,139.074927],"湯本茶屋":[35.225184,139.091773],"塔之澤":[35.233591,139.092919],"湯本":[35.235354,139.116672]}