{"半原":[35.547699,139.261621],"三増":[35.540482,139.312022],"田代":[35.53046,139.284697],"角田":[35.529007,139.298217],"中津":[35.521604,139.322608],"八菅山":[35.512965,139.319031],"春日台5":[35.525665,139.32712],"棚澤":[35.509507,139.328861],"春日台2":[35.524377,139.329844],"春日台3":[35.525088,139.331852],"春日台4":[35.524967,139.335487],"春日台1":[35.52296,139.332181]}