{"基線":[43.716024,142.396191],"東一線":[43.715242,142.398976],"三号":[43.724272,142.401748],"ひじり野南一条10":[43.727625,142.401109],"ひじり野北一条10":[43.728187,142.402915],"四号":[43.721004,142.403885],"ひじり野北二条10":[43.728907,142.403713],"ひじり野北二条8":[43.727714,142.40584],"ひじり野北一条9":[43.727872,142.404292],"ひじり野南一条9":[43.726098,142.403267],"ひじり野南一条8":[43.725469,142.403937],"ひじり野北二条9":[43.728415,142.40493],"ひじり野北一条8":[43.726415,142.40591],"ひじり野南一条7":[43.724541,142.405378],"ひじり野南一条6":[43.723146,142.406889],"ひじり野北一条7":[43.72484,142.407963],"ひじり野南二条5":[43.720977,142.407459],"五号":[43.716707,142.408621],"ひじり野南三条5":[43.719976,142.407155],"ひじり野北二条7":[43.726803,142.40827],"六号":[43.71976,142.423373],"ひじり野南三条4":[43.718141,142.408701],"ひじり野南一条5":[43.722132,142.408976],"ひじり野北一条6":[43.725124,142.409312],"ひじり野南二条4":[43.720197,142.409781],"ひじり野南三条3":[43.718212,142.410311],"ひじり野北二条6":[43.725886,142.410132],"ひじり野北一条5":[43.723349,142.411351],"ひじり野南一条4":[43.720752,142.411568],"ひじり野南三条2":[43.716407,142.41256],"東二線":[43.693512,142.42572],"ひじり野南二条3":[43.719233,142.41144],"ひじり野北二条5":[43.724943,142.41196],"ひじり野北一条4":[43.722311,142.413286],"ひじり野南一条3":[43.720377,142.41269],"ひじり野南三条1":[43.714855,142.415407],"ひじり野南二条2":[43.718204,142.413203],"ひじり野北一条3":[43.721496,142.414723],"ひじり野南一条2":[43.719333,142.414453],"ひじり野北二条4":[43.723317,142.414398],"ひじり野南二条1":[43.715493,142.416111],"ひじり野北二条3":[43.722553,142.415891],"ひじり野南一条1":[43.71809,142.417342],"七号":[43.718269,142.428284],"ひじり野北一条2":[43.720074,142.416583],"ひじり野北二条2":[43.721433,142.418112],"ひじり野北一条1":[43.719157,142.418765],"ひじり野北二条1":[43.720488,142.419863],"八号":[43.715626,142.434227],"九号":[43.712462,142.4402],"十号":[43.711393,142.447311],"十一号":[43.69239,142.434981],"南一条西4":[43.701366,142.444048],"北一条西4":[43.703664,142.446572],"南一条西3":[43.700127,142.447248],"南二条西2":[43.697163,142.447965],"北二条西4":[43.705382,142.447078],"北一条西3":[43.702641,142.448435],"南一条西2":[43.699057,142.450233],"南二条西1":[43.695825,142.449793],"北二条西3":[43.703834,142.449745],"北一条西2":[43.701192,142.452251],"南一条西1":[43.697477,142.452979],"南三条東1":[43.692009,142.451948],"南二条東1":[43.693944,142.454622],"北一条西1":[43.698305,142.453725],"南一条東1":[43.696982,142.454757],"北一条東1":[43.698483,142.455689],"南二条東2":[43.693038,142.455553],"南一条東2":[43.694838,142.459307],"北一条東2":[43.698719,142.460833],"南十三号":[43.678977,142.457602],"北二条東2":[43.699899,142.461081],"北三条東2":[43.700993,142.460614]}