{"美馬牛北3":[43.538941,142.445824],"美馬牛北2":[43.539709,142.447726],"美馬牛北1":[43.538493,142.448111],"美馬牛南1":[43.533627,142.452654],"花園4":[43.58514,142.45399],"美馬牛南2":[43.536666,142.4552],"花園2":[43.589134,142.454446],"花園1":[43.588334,142.456612],"大町2":[43.593333,142.458329],"大町1":[43.591863,142.460453],"花園5":[43.584772,142.458231],"大町3":[43.593697,142.456862],"西町1":[43.588768,142.460068],"西町2":[43.587699,142.460422],"字大村":[43.602522,142.461619],"憩町2":[43.577859,142.460485],"北町2":[43.595946,142.463454],"憩町1":[43.578646,142.462089],"西町3":[43.586608,142.462445],"北町1":[43.595295,142.465449],"栄町1":[43.589885,142.46234],"憩が丘":[43.57932,142.462716],"北町3":[43.597226,142.461974],"字北瑛":[43.615333,142.464026],"西町4":[43.586084,142.463658],"栄町2":[43.589535,142.463395],"本町1":[43.591443,142.464601],"栄町3":[43.588106,142.464376],"本町2":[43.590653,142.465624],"南町1":[43.58677,142.466974],"栄町4":[43.587682,142.465802],"中町1":[43.59336,142.467386],"本町3":[43.590021,142.467077],"南町2":[43.585841,142.468155],"中町2":[43.592735,142.468657],"本町4":[43.588716,142.468097],"南町3":[43.584948,142.469314],"中町3":[43.59152,142.469284],"寿町1":[43.587874,142.469214],"旭町1":[43.597077,142.472582],"中町4":[43.591096,142.470793],"寿町2":[43.587381,142.470376],"南町4":[43.584034,142.470494],"旭町2":[43.59637,142.473502],"南町5":[43.583039,142.471847],"幸町1":[43.590194,142.471964],"寿町3":[43.586482,142.471543],"旭町3":[43.59482,142.474593],"幸町2":[43.589273,142.473138],"寿町4":[43.585569,142.472734],"旭町4":[43.59451,142.475919],"字北星":[43.529303,142.472691],"幸町3":[43.587769,142.474008],"東町1":[43.590997,142.474009],"錦町":[43.598261,142.4741],"幸町4":[43.587465,142.475495],"東町2":[43.590703,142.474393],"丸山1":[43.585843,142.476538],"字美瑛原野":[43.58719,142.481345],"東町3":[43.591621,142.479658],"丸山2":[43.584842,142.478895],"東町4":[43.590946,142.480534],"字下宇莫別":[43.608847,142.504721],"字藤野":[43.579886,142.490769],"扇町":[43.598081,142.468113]}