{"西三線北二十六号":[43.470738,142.452207],"西四線北二十八号":[43.481363,142.455461],"西町4":[43.465392,142.458715],"西三線北二十七号":[43.474247,142.456873],"基線北":[43.453417,142.458759],"西町2":[43.463137,142.46084],"西二線北二十六号":[43.468424,142.458239],"西町3":[43.464834,142.461812],"光町2":[43.460684,142.46108],"泉町1":[43.467651,142.463678],"扇町1":[43.468622,142.461934],"富町1":[43.458356,142.466152],"西町1":[43.46403,142.46235],"富町2":[43.456515,142.463994],"東一線北二十三号":[43.446861,142.462362],"泉町2":[43.468971,142.46524],"西三線北二十八号":[43.478638,142.463004],"中町3":[43.462015,142.465556],"栄町3":[43.464341,142.465235],"泉町3":[43.469918,142.466325],"大町5":[43.448854,142.464413],"錦町3":[43.459783,142.465857],"大町3":[43.453562,142.468509],"栄町2":[43.464656,142.467066],"大町2":[43.455335,142.470143],"中町2":[43.46214,142.467404],"大町4":[43.452208,142.466986],"錦町2":[43.461029,142.467556],"大町1":[43.45625,142.470944],"栄町1":[43.464786,142.468343],"東二線北二十二号":[43.441191,142.467793],"錦町1":[43.460986,142.468814],"中町1":[43.462824,142.468727],"本町1":[43.459231,142.470173],"本町5":[43.464822,142.473991],"南町3":[43.451874,142.472614],"本町3":[43.460988,142.472386],"本町2":[43.460136,142.471027],"南町2":[43.455031,142.471164],"本町4":[43.463491,142.473297],"宮町1":[43.45724,142.473923],"西一線北二十八号":[43.472765,142.472412],"南町1":[43.455914,142.472466],"宮町2":[43.458174,142.475336],"宮町3":[43.460037,142.476131],"緑町1":[43.454148,142.475601],"宮町4":[43.463493,142.47585],"緑町2":[43.45283,142.473885],"緑町3":[43.451712,142.474181],"旭町1":[43.456359,142.476987],"桜町3":[43.450318,142.47499],"旭町2":[43.456649,142.47797],"旭町4":[43.460956,142.47859],"旭町3":[43.458387,142.477915],"新町1":[43.455628,142.478554],"丘町1":[43.451618,142.481395],"新町3":[43.457892,142.480667],"東町1":[43.453954,142.480131],"新町2":[43.45649,142.479131],"新町4":[43.459468,142.481392],"向町1":[43.45259,142.481998],"新町5":[43.459805,142.482268],"東町3":[43.456437,142.483735],"東四線北二十四号":[43.444135,142.483068],"東町4":[43.457551,142.48414],"東町5":[43.459387,142.485739],"東三線北二十六号":[43.455316,142.488026],"東四線北二十五号":[43.44807,142.487824],"東三線北二十五号":[43.451084,142.485367],"東三線北二十四号":[43.44496,142.480188],"東三線北二十三号":[43.443402,142.477964],"西一線北二十三号":[43.453459,142.455417],"西二線北二十三号":[43.455484,142.450632],"西二線北二十五号":[43.461206,142.455903],"西二線北二十四号":[43.461947,142.45],"西三線北二十三号":[43.458993,142.443801],"西二線北二十七号":[43.472725,142.458637],"西四線北二十九号":[43.484251,142.458509],"西三線北二十九号":[43.483281,142.46127]}