{"西町":[44.303375,142.623586],"南町":[44.297359,142.648598],"幸町":[44.305946,142.637035],"共栄町":[44.301057,142.641806],"錦町":[44.305986,142.639274],"旭町":[44.30419,142.64312],"緑町":[44.300253,142.649095],"北町":[44.308899,142.644682],"一の橋":[44.318129,142.771272]}