{"西三条北6":[44.485506,142.336022],"西三条北5":[44.483787,142.337208],"字敷島":[44.4841,142.356373],"西三条北4":[44.483214,142.337179],"西三条北3":[44.482497,142.33755],"字西町":[44.487839,142.343178],"西三条北2":[44.4814,142.33814],"西三条南1":[44.47951,142.339088],"西三条北1":[44.480421,142.338757],"西二条南4":[44.479013,142.344662],"字西一条北5":[44.485644,142.34299],"字美深":[44.478811,142.356527],"西二条南5":[44.477428,142.343213],"字南町":[44.479769,142.353646],"字西一条北4":[44.484164,142.34239],"字西一条北2":[44.483273,142.344638],"西二条南6":[44.476606,142.345216],"西二条南8":[44.473818,142.345302],"字北町":[44.489386,142.34934],"字西一条北3":[44.484081,142.344144],"字西一条南1":[44.48106,142.3457],"字大通北4":[44.485249,142.344429],"字大通北3":[44.484418,142.344831],"字大通北2":[44.483628,142.345857],"字東一条北6":[44.486654,142.345425],"字西一条南3":[44.480148,142.346157],"字大通北1":[44.482437,142.34579],"西一条南5":[44.477989,142.346734],"字東一条北2":[44.483829,142.346679],"西一条南6":[44.476895,142.347517],"字東一条北3":[44.484769,142.346544],"字東三条北7":[44.487533,142.346811],"字東二条北4":[44.485767,142.346855],"字東一条北1":[44.482823,142.347167],"字大通南1":[44.481647,142.346815],"西一条南7":[44.475782,142.348034],"字東一条南1":[44.481857,142.347632],"字東二条北2":[44.484074,142.347679],"字大通南4":[44.479954,142.347634],"西一条南8":[44.474648,142.348615],"字東四条北5":[44.486562,142.348373],"字東一条南3":[44.480404,142.348341],"字東二条南1":[44.482102,142.348633],"字東一条南4":[44.47977,142.348654],"大通南6":[44.478022,142.348564],"字東四条北7":[44.488025,142.348654],"東五条北3":[44.485947,142.351041],"字東三条北1":[44.483277,142.349073],"字東二条南2":[44.481383,142.348981],"東一条南5":[44.478826,142.349196],"字開運町":[44.482853,142.350202],"東一条南6":[44.4775,142.349744],"字東五条北7":[44.488323,142.349842],"字東三条南2":[44.481547,142.349899],"東二条南5":[44.47904,142.350118],"大通南8":[44.475192,142.349943],"東一条南7":[44.476345,142.350305],"字東五条北5":[44.487322,142.350323],"字東三条南3":[44.480789,142.350232],"東二条南6":[44.477734,142.350721],"東一条南8":[44.475162,142.350876],"字東三条南4":[44.48022,142.350511],"東三条南5":[44.479236,142.350968],"東二条南7":[44.476585,142.351285],"東三条南6":[44.478307,142.3514],"東二条南8":[44.475407,142.351842],"東四条南5":[44.479685,142.351659],"東六条北3":[44.486937,142.353693],"東三条南7":[44.476796,142.352134],"東四条南6":[44.478504,142.352224],"東三条南8":[44.475599,142.352685],"東六条北2":[44.485277,142.353332],"東四条南7":[44.476997,142.353051],"東六条北1":[44.484213,142.354427],"東四条南8":[44.476133,142.353227],"東六条南1":[44.482671,142.353967],"東六条南2":[44.48239,142.355351],"東六条南3":[44.481974,142.355552],"東六条南4":[44.481522,142.355772],"西三条南4":[44.477732,142.339354]}