{"別苅":[43.832888,141.501159],"港町":[43.856352,141.531679],"暑寒町1":[43.855756,141.516763],"暑寒海岸町":[43.857051,141.516502],"暑寒町2":[43.855192,141.517033],"暑寒町4":[43.854041,141.517598],"暑寒町5":[43.853417,141.517832],"南暑寒町2":[43.85231,141.519055],"暑寒町3":[43.854619,141.517326],"暑寒沢":[43.843213,141.527231],"南暑寒町1":[43.852747,141.518213],"七源町":[43.858187,141.5205],"畠中北町":[43.857738,141.520745],"畠中町1":[43.856728,141.520573],"南暑寒町3":[43.85159,141.518767],"畠中町2":[43.856445,141.520741],"南暑寒町4":[43.851007,141.519032],"畠中町3":[43.855442,141.521008],"畠中町4":[43.855002,141.521374],"南暑寒町6":[43.849849,141.51959],"畠中町5":[43.854725,141.521558],"栄町":[43.858611,141.520125],"南暑寒町7":[43.848979,141.520158],"南畠中町1":[43.853712,141.522066],"南畠中町2":[43.853283,141.522815],"南畠中町3":[43.852579,141.522629],"南暑寒町5":[43.850627,141.520014],"南畠中町4":[43.851976,141.522892],"南畠中町5":[43.85136,141.523308],"南畠中町6":[43.851023,141.524322],"永寿町1":[43.857216,141.522253],"永寿町2":[43.856692,141.522572],"稲葉海岸町":[43.858765,141.523547],"永寿町3":[43.85611,141.522915],"永寿町4":[43.85539,141.523233],"野塚町":[43.858459,141.521502],"南畠中町7":[43.850366,141.52362],"南永寿町1":[43.854144,141.524874],"南畠中町8":[43.849478,141.524121],"稲葉町1":[43.857507,141.523919],"南永寿町2":[43.852124,141.524346],"稲葉町2":[43.85707,141.523985],"稲葉町3":[43.856321,141.524181],"稲葉町4":[43.855616,141.524301],"南永寿町3":[43.850247,141.525346],"弁天町5":[43.854803,141.526522],"弁天町3":[43.856142,141.526696],"弁天町2":[43.856967,141.525625],"弁天町1":[43.858219,141.525879],"見晴町":[43.853584,141.545922],"弁天町4":[43.855462,141.526754],"中歌":[43.851704,141.540194],"箸別":[43.856493,141.549432]}