{"新飯田":[37.706427,138.988441],"釣寄":[37.73944,138.979773],"東長嶋":[37.74212,138.98242],"釣寄新":[37.740012,138.980315],"上新田":[37.681402,138.985036],"木滑":[37.75562,138.99084],"大別當":[37.719243,138.995407],"清水":[37.706519,138.986151],"月潟":[37.730343,139.000897],"味方":[37.788512,139.009544],"茨曽根":[37.723214,139.017211],"西白根":[37.767884,139.011157],"西萱場":[37.730669,139.001906],"居宿":[37.813944,139.00028],"上曲通":[37.748109,139.005909],"大倉新田":[37.806236,139.00201],"松橋":[37.81619,139.010206],"東萱場":[37.741277,139.006905],"大倉":[37.80817,139.003165],"吉江":[37.8012,139.008527],"山王":[37.802547,139.005647],"中塩俵":[37.83548,139.010124],"下曲通":[37.748608,139.006152],"上塩俵":[37.814438,139.006053],"新山崎町1":[37.807715,139.006228],"山崎興野":[37.805175,139.007477],"新山崎町3":[37.809026,139.006561],"下山崎":[37.805271,139.00782],"新山崎町2":[37.808216,139.007929],"戸頭":[37.756062,139.018848],"山王新田":[37.800782,139.007988],"吉田新田":[37.798474,139.008855],"上下諏訪木":[37.757402,139.021245],"高井興野":[37.79913,139.013474],"下塩俵":[37.837883,139.010072],"白根水道町":[37.755402,139.009649],"七穂":[37.806633,139.001321],"白根":[37.759942,139.027355],"鯵潟1":[37.778383,139.013357],"能登1":[37.770544,139.013298],"白根四ツ興野":[37.774079,139.017222],"七軒町":[37.771959,139.012111],"白根魚町":[37.765379,139.01548],"白根日の出町":[37.7552,139.015559],"白根ノ内七軒":[37.767546,139.026507],"平成町":[37.753467,139.013294],"能登":[37.767192,139.02635],"高井東1":[37.795538,139.016615],"鯵潟":[37.774385,139.018745],"七軒":[37.769693,139.025741],"能登2":[37.769972,139.01688],"根岸":[37.792852,139.031626],"上道潟":[37.731331,139.018661],"十五間":[37.782136,139.019312],"保坂":[37.789247,139.031734],"大通西":[37.837471,139.018489],"神屋":[37.782499,139.019477],"田中":[37.757946,139.021578],"下道潟":[37.737195,139.020528],"沖新保":[37.723561,139.017361],"高井東2":[37.797424,139.015028],"助次右エ門組":[37.7618,139.019195],"親和町":[37.765677,139.021398],"小坂":[37.786238,139.019255],"大通1":[37.841755,139.020316],"鷲ノ木新田":[37.842963,139.018598],"大通南6":[37.835616,139.020658],"大通南5":[37.832808,139.021054],"北田中":[37.795757,139.02009],"高井東3":[37.799663,139.020273],"大通2":[37.839986,139.021528],"大通黄金3":[37.826558,139.019375],"大通南1":[37.827106,139.020654],"大通南3":[37.830251,139.021141],"大通黄金7":[37.821167,139.019647],"大通黄金1":[37.826732,139.020649],"大通黄金4":[37.823126,139.019522],"白根東町1":[37.769883,139.022228],"平潟新田":[37.736648,139.02162],"杉菜":[37.76683,139.024115],"大通南4":[37.833403,139.021956],"大通南2":[37.827159,139.023026],"浦梨":[37.754494,139.027304],"大通黄金2":[37.826965,139.022981],"大通黄金6":[37.820252,139.023557],"白根古川":[37.769473,139.026192],"真木":[37.706872,139.027755],"兎新田":[37.697934,139.028231],"飯島":[37.722038,139.030829],"古川新田":[37.703105,139.030378],"平潟":[37.737536,139.030543],"和泉":[37.754953,139.027772],"庄瀬":[37.720458,139.045094],"蔵主":[37.743822,139.034321],"下木山":[37.754149,139.03537],"上木山":[37.746687,139.033107],"引越":[37.786265,139.04297],"鍋潟":[37.762546,139.043992],"西笠巻":[37.78671,139.044948],"東笠巻":[37.815883,139.052885],"田尾":[37.746442,139.044754],"中山":[37.783658,139.052388],"小蔵子":[37.775009,139.038095],"牛崎":[37.749894,139.052007],"獺ケ通":[37.83394,139.039907],"西笠巻新田":[37.810499,139.045142],"東笠巻新田":[37.811508,139.044883],"菱潟新田":[37.725273,139.043511],"朝捲":[37.786035,139.044962],"万年":[37.737489,139.047745],"臼井":[37.781809,139.057363],"櫛笥":[37.750122,139.054369],"菱潟":[37.722509,139.046153],"赤渋":[37.796352,139.057124],"上八枚":[37.749882,139.062297],"戸石":[37.750469,139.061882],"犬帰新田":[37.816006,139.059754],"堀掛":[37.781095,139.0578],"大郷":[37.796331,139.056481],"新生町1":[37.75002,139.055828],"西酒屋":[37.825329,139.057921],"鋳物師興野":[37.73252,139.056959],"下八枚":[37.770797,139.065348],"蜘手興野":[37.734848,139.055331],"十二道島":[37.74157,139.057937],"新生町2":[37.750265,139.057552],"上浦":[37.75762,139.059365],"次郎右エ門興野":[37.748156,139.053722],"中小見":[37.771868,139.064629],"新生町3":[37.751459,139.056486],"大通黄金5":[37.822791,139.022027]}