{"太右エ門新田":[37.873691,139.02567],"楚川":[37.858327,139.033872],"天野1":[37.856772,139.02922],"俵柳":[37.868344,139.037027],"天野":[37.842611,139.034044],"久蔵興野":[37.872349,139.026104],"祖父興野":[37.868052,139.035207],"天野2":[37.857909,139.034307],"天野3":[37.857438,139.034828],"曽川":[37.855969,139.03858],"曽野木2":[37.864128,139.039838],"舞潟":[37.842451,139.04086],"平賀":[37.843063,139.040796],"曽野木1":[37.864623,139.039828],"鐘木":[37.869906,139.053941],"嘉木":[37.853332,139.043908],"和田":[37.840896,139.055697],"丸潟新田":[37.862638,139.065497],"鍋潟新田":[37.866762,139.065941],"上和田":[37.839403,139.059973],"花ノ牧":[37.834763,139.063566],"酒屋町":[37.83721,139.074985],"長潟1":[37.870468,139.06965],"丸潟1":[37.861668,139.072032],"下早通2":[37.871282,139.074303],"嘉瀬":[37.840856,139.082846],"亀田早通":[37.87955,139.080238],"下早通1":[37.869992,139.077902],"下早通柳田2":[37.874957,139.078133],"亀田工業団地2":[37.870122,139.080949],"早通6":[37.864267,139.080004],"下早通柳田1":[37.878247,139.081398],"亀田工業団地3":[37.873843,139.083625],"東早通4":[37.868196,139.082057],"両川1":[37.845295,139.084492],"亀田工業団地1":[37.871974,139.084629],"東早通3":[37.866928,139.082794],"両川2":[37.849068,139.084006],"早通5":[37.862012,139.087081],"東早通2":[37.869721,139.086283],"東早通1":[37.868443,139.087001],"割野":[37.842876,139.105052],"早通4":[37.856757,139.088341],"早通3":[37.855553,139.088267],"早通2":[37.864896,139.089885],"早通1":[37.862707,139.090834],"鵜ノ子3":[37.875444,139.090806],"鵜ノ子":[37.882921,139.092881],"鵜ノ子2":[37.871473,139.092326],"山二ツ":[37.88907,139.098802],"鵜ノ子1":[37.873196,139.094531],"五月町3":[37.874039,139.093765],"早苗2":[37.870964,139.093219],"泉町5":[37.864699,139.094603],"早苗1":[37.870601,139.094798],"泉町2":[37.863507,139.098692],"泥潟":[37.863398,139.095406],"泉町1":[37.865185,139.096333],"五月町2":[37.873265,139.097152],"亀田四ツ興野2":[37.870023,139.097227],"茅野山3":[37.856496,139.102612],"茅野山2":[37.853063,139.095181],"亀田四ツ興野5":[37.86881,139.097683],"荻曽根3":[37.867841,139.098348],"二本木2":[37.842758,139.114352],"荻曽根4":[37.866313,139.099134],"荻曽根5":[37.864577,139.099605],"亀田四ツ興野4":[37.868555,139.100735],"亀田大月3":[37.88346,139.100027],"船戸山":[37.878221,139.099614],"手代山2":[37.862519,139.100265],"亀田緑町3":[37.872378,139.100683],"茅野山1":[37.855601,139.103898],"荻曽根1":[37.867955,139.099006],"荻曽根2":[37.865506,139.100881],"亀田中島4":[37.888155,139.102072],"手代山1":[37.861181,139.101992],"五月町1":[37.875542,139.099778],"亀田ノ内高山":[37.87882,139.101239],"亀田緑町4":[37.870106,139.10142],"亀田緑町1":[37.872224,139.10168],"梅見台1":[37.864865,139.103054],"亀田中島3":[37.885498,139.103088],"船戸山3":[37.870604,139.104668],"旭4":[37.876964,139.103169],"亀田大月1":[37.880276,139.103542],"元町4":[37.86661,139.102862],"亀田中島2":[37.883649,139.104314],"旭3":[37.875949,139.102453],"西町5":[37.872782,139.104022],"二本木5":[37.844569,139.109157],"梅見台2":[37.863113,139.10258],"船戸山5":[37.867897,139.102402],"元町5":[37.863512,139.104208],"日水2":[37.85696,139.104657],"亀田中島1":[37.880545,139.105721],"元町3":[37.866363,139.104503],"日水3":[37.85756,139.109315],"西町6":[37.872065,139.106234],"旭1":[37.877287,139.105143],"船戸山1":[37.870854,139.106842],"西町4":[37.874384,139.106156],"船戸山4":[37.86723,139.107374],"城所2":[37.862704,139.105152],"梅見台3":[37.860166,139.107439],"日水1":[37.858506,139.108529],"船戸山2":[37.869552,139.106396],"西町1":[37.873652,139.106886],"元町2":[37.864909,139.10732],"亀田向陽3":[37.877983,139.108495],"東船場3":[37.877665,139.106588],"城所1":[37.860619,139.108373],"北山":[37.871279,139.118723],"東船場1":[37.87742,139.10817],"亀田向陽4":[37.88037,139.111424],"亀田本町1":[37.873339,139.106702],"東本町2":[37.873067,139.109135],"亀田本町2":[37.869894,139.108822],"亀田本町3":[37.868448,139.107785],"東本町4":[37.87132,139.109955],"亀田本町4":[37.867278,139.109065],"東本町1":[37.872953,139.109983],"城山2":[37.861128,139.111317],"東本町5":[37.869575,139.109909],"元町1":[37.865381,139.109073],"亀田向陽1":[37.877271,139.111624],"亀田新明町2":[37.867685,139.110052],"城山3":[37.859169,139.111722],"東本町3":[37.871916,139.11009],"諏訪1":[37.874817,139.111956],"城山1":[37.862832,139.109923],"亀田新明町5":[37.865569,139.110384],"亀田新明町3":[37.867007,139.112346],"二本木4":[37.851626,139.113961],"諏訪2":[37.872032,139.113069],"城所":[37.852383,139.120531],"亀田新明町1":[37.868174,139.110851],"諏訪3":[37.870625,139.112403],"稲葉1":[37.874871,139.115413],"亀田新明町4":[37.866232,139.111134],"城山4":[37.86031,139.114204],"亀田向陽2":[37.876747,139.113865],"所島1":[37.861356,139.114549],"亀田東町2":[37.866951,139.113976],"亀田東町1":[37.869292,139.11354],"袋津1":[37.865355,139.112843],"袋津4":[37.86407,139.115418],"亀田東町3":[37.86703,139.114963],"稲葉2":[37.871968,139.114686],"曙町2":[37.860133,139.120785],"二本木3":[37.846397,139.115373],"稲葉3":[37.872595,139.115787],"亀田東町4":[37.868346,139.11555],"袋津2":[37.866467,139.115711],"亀田水道町1":[37.871246,139.116944],"二本木1":[37.838211,139.120885],"袋津3":[37.865663,139.117635],"袋津5":[37.86283,139.118748],"所島2":[37.862284,139.116422],"亀田水道町3":[37.869107,139.118331],"亀田水道町2":[37.870555,139.11919],"亀田水道町5":[37.866937,139.118367],"西野":[37.901981,139.127865],"砂岡1":[37.866276,139.12018],"曙町1":[37.861016,139.12069],"袋津6":[37.8629,139.12106],"砂岡2":[37.865939,139.122928],"亀田水道町4":[37.869661,139.119006],"木津5":[37.837706,139.121331],"砂岡3":[37.862308,139.123823],"丸山":[37.87889,139.129732],"三條岡1":[37.870005,139.122248],"三條岡2":[37.868754,139.122677],"砂岡4":[37.863651,139.124373],"砂山1":[37.868698,139.127635],"曙町3":[37.858451,139.125065],"木津4":[37.837177,139.126799],"砂崩":[37.872656,139.12519],"茗荷谷":[37.879231,139.130429],"丸山ノ内善之丞組":[37.878821,139.130287],"曙町4":[37.860206,139.127663],"砂岡5":[37.860874,139.128002],"木津工業団地":[37.839699,139.133454],"砂山2":[37.871061,139.130001],"木津3":[37.839064,139.129438],"江口":[37.901471,139.143971],"曙町5":[37.859401,139.129937],"大渕":[37.890827,139.144388],"横越川根町4":[37.858375,139.133357],"駒込1":[37.874597,139.131703],"木津2":[37.835904,139.134229],"うぐいす1":[37.875575,139.133282],"横越川根町2":[37.854474,139.140279],"袋津":[37.85947,139.133439],"うぐいす2":[37.877374,139.13617],"駒込2":[37.873806,139.136456],"横越川根町5":[37.859147,139.135756],"木津1":[37.834747,139.136453],"西山":[37.886514,139.139004],"横越川根町1":[37.853673,139.14301],"横越川根町3":[37.856574,139.136313],"駒込":[37.873192,139.137405],"藤山1":[37.877709,139.136939],"直り山":[37.890124,139.144839],"茜ケ丘":[37.857122,139.142302],"松山":[37.889824,139.143924],"藤山2":[37.876622,139.142006],"横越中央8":[37.849696,139.142489],"いぶき野2":[37.858896,139.141285],"横越中央1":[37.856538,139.14556],"いぶき野1":[37.857039,139.142695],"横越上町4":[37.844269,139.145266],"三百地":[37.897271,139.147613],"横越上町5":[37.848974,139.143201],"横越上町1":[37.851924,139.146926],"横越中央7":[37.852743,139.144879],"平山":[37.87952,139.147364],"沢海1":[37.83392,139.151834],"横越上町3":[37.8439,139.147286],"横越中央2":[37.857151,139.148983],"横越上町2":[37.850016,139.148458],"横越中央6":[37.853348,139.146899],"沢海2":[37.829474,139.150901],"細山":[37.890154,139.143974],"笹山":[37.880294,139.151242],"横越中央3":[37.85537,139.151902],"横越中央5":[37.851122,139.150992],"沢海3":[37.824141,139.153203],"横越中央4":[37.853873,139.153254],"蔵岡":[37.884537,139.155291],"横越東町1":[37.854185,139.15471],"小杉5":[37.880305,139.155505],"小杉4":[37.876771,139.159672],"横越東町2":[37.8582,139.156383],"小杉3":[37.871965,139.162639],"小杉2":[37.871511,139.162728],"小杉1":[37.866767,139.165349],"小杉":[37.868773,139.165465],"阿賀野1":[37.832239,139.168609],"阿賀野2":[37.828932,139.170622],"沢海":[37.828031,139.146522],"丸潟":[37.860407,139.072774],"早苗4":[37.8679,139.090845],"早苗3":[37.869482,139.093342],"泉町3":[37.867376,139.093836],"泉町4":[37.866304,139.092782],"鵜ノ子5":[37.870485,139.089406],"鵜ノ子4":[37.87088,139.090406],"亀田大月2":[37.881018,139.101456],"亀田":[37.882654,139.095895],"亀田長潟":[37.869869,139.070207],"旭2":[37.876667,139.104038],"亀田四ツ興野3":[37.870966,139.09898],"亀田四ツ興野1":[37.872392,139.096893],"西町2":[37.874963,139.1058],"荻曽根":[37.864679,139.100586],"東船場5":[37.87934,139.106811],"東船場4":[37.877813,139.105512],"亀田緑町2":[37.870872,139.10277],"西町3":[37.874321,139.101959],"東船場2":[37.874972,139.108133],"二本木":[37.839182,139.12319]}