{"間瀬":[37.724355,138.789873],"五ケ浜":[37.780432,138.820819],"樋曽":[37.747948,138.828685],"福井":[37.754771,138.840618],"岩室温泉":[37.738057,138.832375],"石瀬":[37.730609,138.837213],"角田浜":[37.766121,138.80816],"金池":[37.718809,138.835177],"越前浜":[37.806632,138.847738],"橋本":[37.734625,138.844838],"久保田":[37.721524,138.845772],"峰岡":[37.754601,138.846781],"猿ケ瀬":[37.719753,138.845084],"栄":[37.744263,138.855252],"松郷屋":[37.763703,138.851898],"伏部":[37.776493,138.847885],"舟戸":[37.753029,138.85287],"下木島":[37.757254,138.858996],"白鳥":[37.727409,138.853115],"西長島":[37.727135,138.857692],"鷲ノ木":[37.753982,138.856749],"南谷内":[37.717463,138.85396],"稲島":[37.777733,138.856656],"上木島":[37.755357,138.856421],"北野":[37.724577,138.861261],"新谷":[37.740189,138.860462],"横曽根":[37.73004,138.859261],"仁箇":[37.774913,138.866995],"西中":[37.727063,138.858708],"竹野町":[37.773985,138.864015],"潟上":[37.731939,138.86238],"松山":[37.795094,138.8722],"夏井":[37.712511,138.865867],"高畑":[37.742837,138.877186],"油島":[37.744031,138.866776],"原":[37.716401,138.875583],"西船越":[37.738004,138.87028],"松野尾":[37.801829,138.881143],"布目":[37.78755,138.872418],"巻":[37.768158,138.880242],"和納":[37.721936,138.87636],"和納2":[37.725286,138.875279],"堀山新田":[37.758667,138.881934],"前田":[37.770267,138.880917],"赤鏥":[37.74996,138.886998],"和納1":[37.722665,138.876568],"和納3":[37.7325,138.879919],"巻大原":[37.806933,138.879746],"新保":[37.801608,138.880365],"下和納":[37.738578,138.893789],"安尻":[37.740556,138.8787],"割前":[37.77449,138.882691],"津雲田":[37.71178,138.887034],"羽田":[37.780923,138.886852],"西汰上":[37.782335,138.88723],"高橋":[37.728195,138.895253],"東汰上":[37.777145,138.884514],"中島":[37.798019,138.889961],"葉萱場":[37.771556,138.891097],"中郷屋":[37.771367,138.891928],"真田":[37.774459,138.905569],"潟頭":[37.74519,138.892043],"下山":[37.792469,138.903697],"天竺堂":[37.783433,138.906864],"桜林":[37.733597,138.900465],"栄町":[37.723645,138.91297],"富岡":[37.722502,138.898957],"槇島":[37.788674,138.89526],"平野":[37.806744,138.90636],"河井":[37.750506,138.912925],"川崎":[37.794748,138.91091],"馬堀":[37.725027,138.91288],"矢島":[37.78691,138.913466],"鱸":[37.794454,138.911614],"押付":[37.78732,138.914898],"桑山":[37.805903,138.913718],"並岡":[37.737142,138.91602],"柿島":[37.749179,138.917953],"善光寺":[37.802027,138.914896],"曽根":[37.800408,138.922147],"旗屋":[37.787743,138.914959],"漆山":[37.748489,138.91933],"山島":[37.752556,138.922486],"升潟":[37.816152,138.962911],"松崎":[37.787601,138.913115],"打越":[37.72985,138.952624],"牧ケ島":[37.72349,138.931379],"遠藤":[37.780855,138.932086],"鎧潟":[37.767064,138.933746],"巻東町":[37.753968,138.940575],"今井":[37.752708,138.945724],"大曽根":[37.75127,138.951417],"兵右衛門新田":[37.807974,138.940702],"国見":[37.753946,138.951951],"南":[37.738158,138.947013],"大潟":[37.813571,138.95931],"羽黒":[37.719179,138.949459],"横戸":[37.779272,138.946309],"姥島":[37.712592,138.95536],"新飯田潟":[37.767075,138.947761],"浦村":[37.813527,138.959107],"大関":[37.811581,138.949748],"旗屋村受":[37.79725,138.95127],"美里":[37.753281,138.952488],"善光寺村受":[37.797798,138.951457],"道上":[37.731058,138.952608],"称名":[37.753724,138.96087],"真木":[37.705484,138.957941],"卯八郎受":[37.78317,138.955797],"茨島":[37.753944,138.961123],"三方":[37.769467,138.966446],"升岡":[37.816159,138.961283],"福島":[37.727024,138.960808],"河間":[37.727741,138.968341],"番屋":[37.759517,138.970314],"貝柄":[37.81566,138.964273],"中之口":[37.712583,138.97207],"與兵衛野新田":[37.815882,138.963953],"三ツ門":[37.727495,138.968613],"高野宮":[37.699371,138.984382],"貝柄新田":[37.819116,138.966813],"熊谷":[37.76823,138.973936],"山口新田":[37.768469,138.973705],"堀上新田":[37.815902,138.968592],"東船越":[37.712993,138.971614],"門田":[37.713158,138.983093],"大原":[37.757257,138.985879],"小吉":[37.701162,138.975481],"五之上":[37.7838,138.981275],"東中":[37.701271,138.974528],"潟浦新":[37.682915,138.977392],"上小吉":[37.702035,138.982824],"東小吉":[37.709479,138.981091],"井随":[37.75706,138.990199],"長場":[37.683266,138.977892],"針ケ曽根":[37.714268,138.984848],"六分":[37.706646,138.984158],"平沢":[37.765257,138.843077],"植野新田":[37.742387,138.877096],"三角野新田":[37.817907,138.96895],"角海浜":[37.759678,138.809353]}