{"松浜みなと":[37.9607,139.138695],"松浜7":[37.953572,139.138873],"松浜本町4":[37.951429,139.140716],"松浜6":[37.956422,139.142339],"松浜3":[37.952892,139.139828],"松浜2":[37.951799,139.140255],"松浜8":[37.963563,139.143475],"松浜本町3":[37.950447,139.141989],"松浜本町2":[37.949894,139.143923],"松浜5":[37.958573,139.144473],"新元島町":[37.947394,139.142751],"松浜4":[37.954392,139.146569],"松浜1":[37.951656,139.146836],"松浜本町1":[37.951117,139.146723],"三軒屋町":[37.947362,139.143982],"松浜町":[37.954656,139.154844],"西名目所":[37.947476,139.147768],"松浜東町1":[37.95216,139.150797],"松浜新町":[37.950672,139.150891],"新崎1":[37.922317,139.157565],"高森":[37.902492,139.165554],"新崎":[37.928305,139.160969],"新崎2":[37.925726,139.155058],"松浜東町2":[37.954564,139.153828],"名目所3":[37.95038,139.156244],"つくし野1":[37.928115,139.155185],"太夫浜":[37.949237,139.170338],"濁川1":[37.931811,139.155536],"名目所2":[37.946493,139.156324],"濁川":[37.940941,139.153193],"名目所1":[37.942282,139.161873],"太夫浜新町1":[37.962388,139.153855],"つくし野2":[37.929454,139.157799],"すみれ野1":[37.921871,139.157913],"名目所":[37.95089,139.157597],"神谷内":[37.952546,139.163945],"新崎3":[37.924639,139.162481],"太夫浜新町2":[37.962421,139.160625],"松栄町":[37.949944,139.182436],"すみれ野2":[37.922097,139.163139],"森下":[37.902981,139.165563],"すみれ野3":[37.916099,139.162617],"三ツ屋":[37.890516,139.164202],"下大谷内":[37.936836,139.165059],"すみれ野4":[37.919489,139.161912],"高森新田":[37.918508,139.162496],"松潟":[37.917352,139.167856],"新井郷":[37.9152,139.186277],"太子堂":[37.887585,139.170844],"木崎":[37.94315,139.191282],"樋ノ入":[37.930995,139.169833],"大迎":[37.880595,139.175372],"大久保":[37.88726,139.170356],"仏伝":[37.917136,139.172003],"早通":[37.922091,139.188535],"長戸呂":[37.892022,139.185575],"早通南4":[37.917264,139.176633],"早通南3":[37.918292,139.180096],"早通南2":[37.91923,139.180632],"早通南1":[37.920373,139.181024],"新富町":[37.962926,139.180982],"早通北1":[37.922122,139.181203],"島見町":[37.97819,139.2029],"早通北2":[37.924246,139.182489],"灰塚":[37.870861,139.185236],"十二前":[37.865485,139.179196],"下早通":[37.932421,139.180889],"早通南5":[37.919948,139.182956],"早通北3":[37.921632,139.18471],"早通北4":[37.922762,139.185059],"須戸":[37.916155,139.193365],"早通北5":[37.924983,139.186268],"須戸1":[37.917934,139.18408],"大瀬柳":[37.890061,139.185958],"須戸2":[37.919369,139.185968],"北陽1":[37.941756,139.185488],"彩野1":[37.921069,139.187024],"早通北6":[37.9223,139.187103],"十二":[37.868018,139.190739],"須戸3":[37.919058,139.187605],"北陽2":[37.942397,139.185344],"山飯野":[37.869519,139.189295],"下土地亀":[37.914281,139.205323],"彩野2":[37.920878,139.188883],"須戸4":[37.918742,139.189257],"彩野3":[37.920488,139.190004],"須戸5":[37.91843,139.190896],"彩野4":[37.919466,139.191842],"平林":[37.869077,139.19145],"内島見":[37.942936,139.191575],"笹山":[37.953544,139.195426],"鳥屋":[37.934176,139.214693],"白勢町":[37.959365,139.200507],"長戸":[37.893447,139.208089],"葛塚":[37.912558,139.212184],"上堀田":[37.86771,139.209518],"太郎代":[37.988475,139.215564],"柳原6":[37.917881,139.205654],"柳原4":[37.917748,139.209505],"長場":[37.878896,139.221129],"柳原3":[37.916647,139.211628],"上土地亀":[37.913304,139.20905],"柳原5":[37.919014,139.207741],"浦木":[37.89881,139.21327],"川西4":[37.910305,139.211537],"柳原2":[37.920489,139.210832],"白新町4":[37.915766,139.209676],"岡新田":[37.868086,139.212968],"里飯野":[37.868735,139.212901],"川西1":[37.911823,139.211811],"柳原1":[37.917364,139.212373],"浦ノ入":[37.948984,139.212997],"石動2":[37.922916,139.212798],"石動1":[37.92239,139.213809],"白新町3":[37.914592,139.215811],"内沼":[37.889013,139.213558],"川西3":[37.90808,139.215587],"横土居":[37.968328,139.226958],"美里1":[37.906453,139.215112],"笹山東":[37.956301,139.214427],"横井":[37.925495,139.223199],"白新町2":[37.916309,139.217586],"川西2":[37.909705,139.217732],"嘉山6":[37.909977,139.219394],"白新町1":[37.920912,139.217205],"嘉山1":[37.912534,139.218902],"笠柳":[37.941817,139.234107],"かぶとやま2":[37.931011,139.217966],"美里2":[37.905703,139.218616],"上大月":[37.866651,139.22781],"嘉山2":[37.912434,139.220871],"太田":[37.941201,139.234557],"かぶとやま1":[37.92707,139.222049],"嘉山5":[37.908329,139.220604],"嘉山":[37.917312,139.224108],"大月":[37.879827,139.221609],"東栄町1":[37.911815,139.22301],"嘉山4":[37.908203,139.225048],"嘉山3":[37.909497,139.223772],"東栄町2":[37.915252,139.22648],"前新田":[37.914082,139.242919],"朝日町2":[37.919784,139.226092],"朝日町1":[37.918937,139.224173],"東栄町3":[37.915447,139.229318],"朝日町4":[37.918256,139.228995],"朝日町3":[37.919023,139.227451],"新鼻":[37.906419,139.231565],"村新田":[37.939067,139.249534],"東栄町":[37.953928,139.185862],"柳原7":[37.916862,139.203324],"長戸呂新田":[37.891802,139.18383]}