{"大字鵜森":[37.689772,139.004898],"大字田中新田":[37.695365,138.995995],"大字山島新田":[37.682265,139.008225],"大字砂押新田":[37.690007,139.005284],"大字加茂新田":[37.683409,139.018667],"大字後須田":[37.693232,139.021344],"大字前須田":[37.688304,139.00696],"大字天神林":[37.671882,139.013236],"大字北潟":[37.703289,139.023933],"大字五反田":[37.693419,139.022231],"大字下条":[37.648127,139.043991],"芝野":[37.657587,139.036239],"横江":[37.653433,139.035183],"大字矢立新田":[37.662983,139.034284],"大字加茂":[37.656342,139.053728],"高須町2":[37.661162,139.037388],"新栄町":[37.663975,139.040948],"高須町1":[37.660056,139.039625],"柳町2":[37.655964,139.040507],"栄町":[37.661618,139.042499],"柳町1":[37.655039,139.040793],"幸町2":[37.66612,139.043222],"大郷町2":[37.657292,139.041385],"旭町":[37.661399,139.043069],"石川2":[37.667891,139.045267],"大郷町1":[37.656505,139.043917],"幸町1":[37.663206,139.047807],"小橋2":[37.652906,139.046674],"矢立":[37.653328,139.048695],"小橋1":[37.653005,139.044198],"寿町":[37.658883,139.048687],"石川1":[37.66498,139.047991],"千刈3":[37.670892,139.049745],"岡ノ町":[37.657044,139.047568],"松坂町":[37.656095,139.05157],"番田":[37.661497,139.047072],"駅前":[37.658243,139.048765],"千刈1":[37.664974,139.050985],"陣ケ峰":[37.666793,139.055155],"穀町":[37.659851,139.053256],"青海町2":[37.663972,139.054231],"千刈2":[37.667036,139.049119],"本町":[37.659739,139.054686],"青海町1":[37.665547,139.057094],"仲町":[37.659407,139.056461],"学校町":[37.670974,139.055443],"赤谷":[37.665819,139.0601],"神明町2":[37.664785,139.057999],"上町":[37.658004,139.058935],"五番町":[37.653871,139.055929],"都ケ丘":[37.669329,139.058636],"神明町1":[37.661993,139.062299],"新町1":[37.656115,139.060803],"上条":[37.658659,139.060843],"新町2":[37.657396,139.062742],"若宮町1":[37.656534,139.064937],"希望ケ丘":[37.672485,139.065049],"八幡2":[37.657434,139.065838],"若宮町2":[37.651475,139.067573],"八幡3":[37.659457,139.067291],"秋房":[37.653071,139.072026],"八幡1":[37.655939,139.068609],"大字狭口":[37.647853,139.086207],"桜沢":[37.65106,139.078096],"中村":[37.653694,139.041044],"皆川":[37.662404,139.063538]}