{"鬼木新田":[37.598784,138.877192],"鬼木":[37.611395,138.883826],"中曽根新田":[37.59814,138.885377],"尾崎":[37.621762,138.9023],"小古瀬":[37.589074,138.896787],"渡前":[37.598247,138.896321],"貝喰新田":[37.60778,138.916599],"芹山":[37.598662,138.895611],"岡野新田":[37.607455,138.912915],"中島":[37.585488,138.899293],"善久寺":[37.591492,138.910728],"千把野新田":[37.580619,138.905193],"福島新田":[37.594228,138.930578],"栄荻島":[37.582203,138.911698],"泉新田":[37.623393,138.916697],"山王":[37.573138,138.917874],"九之曽根":[37.581188,138.912435],"川通中町":[37.612614,138.914312],"帯織":[37.572293,138.925881],"今井":[37.628583,138.93081],"一ツ屋敷新田":[37.600317,138.923807],"新堀":[37.592232,138.925841],"岩淵":[37.582067,138.92431],"今井野新田":[37.626013,138.93914],"前谷内":[37.571208,138.927161],"上須頃":[37.640913,138.92813],"猪子場新田":[37.61371,138.928763],"若宮新田":[37.596933,138.928228],"東光寺":[37.597165,138.928159],"土場":[37.613832,138.929236],"直江町4":[37.617516,138.927884],"安代":[37.576302,138.930763],"戸口":[37.578196,138.931809],"直江町3":[37.619572,138.937444],"須頃1":[37.646847,138.937446],"金子新田":[37.596745,138.955209],"小滝":[37.555954,138.938168],"北潟":[37.572959,138.945726],"茅原":[37.580413,138.939855],"東本成寺":[37.617754,138.948652],"高安寺":[37.562488,138.936767],"直江町2":[37.625996,138.940564],"大野畑":[37.627237,138.938797],"西本成寺2":[37.612954,138.94322],"西本成寺1":[37.61895,138.945301],"須頃2":[37.645192,138.943352],"下須頃":[37.651851,138.948535],"大面":[37.554952,138.956468],"須頃3":[37.646065,138.944967],"蔵内":[37.582383,138.948166],"五明":[37.61154,138.944916],"南入蔵":[37.585304,138.944098],"島田3":[37.628822,138.945061],"直江町1":[37.625396,138.942096],"条南町":[37.622633,138.946769],"矢田":[37.57262,138.945862],"島田2":[37.625188,138.945279],"島田1":[37.629209,138.9483],"西中":[37.607876,138.956688],"入蔵新田":[37.583763,138.946871],"桜木町":[37.619222,138.946032],"石上1":[37.64153,138.946347],"由利":[37.62977,138.948095],"吉野屋":[37.578766,138.945349],"荒町2":[37.641057,138.951289],"本町6":[37.633377,138.948649],"荒町1":[37.636365,138.952683],"西四日町3":[37.622719,138.950813],"西四日町1":[37.626017,138.952339],"西四日町4":[37.619117,138.951835],"大島":[37.657312,138.95285],"石上2":[37.646188,138.95289],"本町5":[37.630603,138.951664],"袋":[37.587887,138.950825],"南四日町4":[37.61642,138.951378],"八幡町":[37.633033,138.951322],"西四日町2":[37.623015,138.951406],"東鱈田":[37.607378,138.955812],"本町4":[37.629498,138.954056],"西裏館1":[37.633362,138.954543],"元町":[37.630119,138.953902],"北四日町":[37.625781,138.956775],"石上3":[37.647679,138.959058],"四日町":[37.624008,138.956556],"西鱈田":[37.596688,138.955424],"長嶺":[37.59507,138.954893],"西裏館2":[37.636811,138.954223],"本町3":[37.631773,138.956773],"南四日町1":[37.623289,138.957753],"南四日町3":[37.613104,138.957208],"西裏館3":[37.640991,138.955677],"東裏館1":[37.633872,138.95853],"本町2":[37.627111,138.956734],"南四日町2":[37.619033,138.956754],"北新保1":[37.626319,138.958302],"西本成寺":[37.608145,138.960952],"本町1":[37.62896,138.959495],"栗林":[37.661902,138.970924],"南新保":[37.621707,138.960121],"居島":[37.630014,138.958844],"北新保2":[37.626003,138.963959],"東裏館3":[37.6403,138.959492],"新光町":[37.642232,138.968839],"東裏館2":[37.637202,138.9609],"神明町":[37.629141,138.962523],"旭町1":[37.63214,138.961048],"新保":[37.609138,138.963569],"東新保":[37.623643,138.962391],"横町1":[37.632151,138.961627],"旭町2":[37.636791,138.963188],"仲之町":[37.629039,138.963175],"月岡1":[37.614252,138.969278],"曲渕3":[37.619631,138.976264],"横町2":[37.636175,138.963599],"吉田":[37.590131,138.981676],"林町1":[37.629417,138.966274],"片口":[37.607428,138.969189],"林町2":[37.636324,138.966186],"曲渕1":[37.622397,138.967006],"一ノ門1":[37.629072,138.966485],"曲渕2":[37.621781,138.972649],"新光":[37.646215,138.966046],"興野1":[37.63727,138.967528],"田島2":[37.624037,138.971296],"田島1":[37.627031,138.966561],"代官島":[37.677387,138.968184],"一ノ門2":[37.629326,138.970151],"嘉坪川1":[37.639017,138.970808],"月岡":[37.604383,138.990806],"荻島":[37.671288,138.997826],"嘉坪川2":[37.642042,138.970033],"東三条1":[37.627766,138.972577],"興野2":[37.633996,138.972706],"塚野目":[37.65409,138.975113],"北中":[37.625665,138.97262],"三貫地新田":[37.662663,138.971966],"塚野目4":[37.639071,138.97283],"塚野目5":[37.643922,138.973413],"下坂井":[37.626974,138.980176],"大宮新田":[37.652474,138.975477],"如法寺":[37.604165,138.979902],"東三条2":[37.632264,138.979943],"興野3":[37.634797,138.97683],"月岡4":[37.606938,138.972165],"月岡2":[37.614641,138.979942],"三竹1":[37.624444,138.976721],"塚野目2":[37.635371,138.978378],"月岡3":[37.611905,138.980498],"塚野目6":[37.641613,138.982181],"諏訪1":[37.622434,138.978145],"塚野目3":[37.636616,138.982134],"塚野目1":[37.634326,138.978174],"北入蔵1":[37.629973,138.980107],"諏訪2":[37.616851,138.979163],"三竹2":[37.626612,138.980178],"諏訪3":[37.611557,138.981541],"柳川新田":[37.663191,138.982756],"北入蔵2":[37.631534,138.986798],"西大崎1":[37.62454,138.984914],"三竹3":[37.629438,138.982239],"西大崎2":[37.617514,138.983139],"鶴田2":[37.637505,138.988852],"北入蔵3":[37.630728,138.986575],"西大崎3":[37.60875,138.990777],"鶴田3":[37.642607,138.987564],"松ノ木町":[37.630627,138.988682],"中新":[37.610268,138.993006],"東大崎1":[37.630832,138.994326],"東大崎2":[37.616304,138.999866],"鶴田1":[37.639577,138.993844],"鶴田4":[37.643403,138.993208],"井戸場":[37.679843,138.993525],"須戸新田":[37.661082,138.99658],"篭場":[37.601598,139.002189],"柳場新田":[37.661573,138.997281],"麻布":[37.609682,139.01327],"西潟":[37.640002,138.994789],"東大崎":[37.625201,139.00226],"井栗1":[37.644725,139.001022],"牛ケ島":[37.635892,139.00112],"上野原":[37.620503,139.00019],"三柳":[37.64321,139.000889],"柳沢":[37.625588,139.002436],"井栗2":[37.643745,139.0066],"北野新田":[37.652259,139.008169],"上保内":[37.637271,139.021167],"白山新田":[37.660851,139.010887],"井栗3":[37.648239,139.00903],"下保内":[37.637593,139.021945]}