{"大字時水":[37.301516,138.774272],"大字桜町":[37.30742,138.775738],"大字西吉谷":[37.260615,138.776866],"片貝町":[37.357431,138.784976],"大字山谷":[37.322003,138.779413],"真人町":[37.257093,138.771927],"大字東吉谷":[37.283959,138.784269],"大字坪野":[37.333735,138.757023],"大字両新田":[37.308118,138.775727],"鴻巣町":[37.349497,138.771122],"大字藪川":[37.297643,138.776983],"若葉3":[37.307245,138.781931],"若葉2":[37.306871,138.783841],"大字四ツ子":[37.281282,138.78365],"大字土川":[37.303256,138.782609],"若葉1":[37.308094,138.784987],"大字小粟田":[37.336897,138.796088],"上ノ山4":[37.299843,138.78514],"城内4":[37.311063,138.790966],"土川1":[37.310143,138.789937],"土川2":[37.304552,138.786604],"平沢2":[37.317069,138.789212],"大字谷内":[37.282901,138.792463],"城内3":[37.314408,138.790604],"大字池ケ原":[37.258254,138.792352],"大字千谷":[37.323208,138.790831],"上ノ山2":[37.302261,138.792062],"平沢1":[37.316993,138.794682],"上ノ山3":[37.302301,138.787518],"上ノ山5":[37.300113,138.791097],"上ノ山1":[37.306226,138.793628],"平成2":[37.307373,138.793832],"大字平沢新田":[37.319955,138.795473],"平成1":[37.309684,138.792576],"船岡3":[37.302648,138.795883],"城内2":[37.31621,138.795263],"城内1":[37.311378,138.798352],"大字西中":[37.298955,138.795401],"稲荷町":[37.306056,138.794157],"大字池中新田":[37.259685,138.799254],"本町2":[37.310517,138.796416],"船岡1":[37.306933,138.797287],"千谷川4":[37.321566,138.798974],"船岡2":[37.302659,138.799244],"本町1":[37.310401,138.800581],"栄町":[37.298927,138.800705],"日吉1":[37.306112,138.798171],"大字山本":[37.298305,138.801036],"元町":[37.306833,138.798695],"千谷川2":[37.313735,138.800371],"高梨町":[37.344891,138.8205],"日吉2":[37.305512,138.798708],"千谷川1":[37.315203,138.8021],"千谷川3":[37.318219,138.800605],"大字千谷川":[37.321342,138.802197],"大字塩殿":[37.262336,138.83168],"大字ひ生":[37.297434,138.808189],"東栄2":[37.309354,138.808572],"東栄1":[37.308706,138.813428],"大字三仏生":[37.330454,138.821373],"東栄3":[37.309956,138.809784],"大字川井新田":[37.262347,138.827857],"旭町":[37.30421,138.815265],"大字川井":[37.260062,138.816837],"大字上片貝":[37.292871,138.83458],"大字横渡":[37.328717,138.824555],"大字浦柄":[37.329277,138.831432],"大字小栗山":[37.329703,138.842231],"片貝山屋町":[37.356641,138.784775]}