{"大字鯨波":[37.351303,138.528734],"鯨波3":[37.352886,138.502603],"鯨波2":[37.355936,138.517818],"鯨波1":[37.35838,138.52337],"東の輪町":[37.360506,138.526758],"大字枇杷島":[37.354964,138.564374],"番神2":[37.361061,138.528212],"新赤坂4":[37.354258,138.531806],"新赤坂2":[37.35646,138.53044],"番神1":[37.363013,138.534445],"新赤坂5":[37.350394,138.53344],"新赤坂3":[37.352171,138.533979],"新赤坂1":[37.354558,138.537539],"米山台西":[37.347401,138.536918],"寿町":[37.360342,138.534266],"赤坂町":[37.357664,138.543409],"米山台5":[37.350354,138.539203],"中浜2":[37.363148,138.537489],"米山台3":[37.356232,138.543222],"米山台4":[37.351677,138.539528],"緑町":[37.360429,138.541692],"大久保2":[37.361413,138.546043],"米山台2":[37.353214,138.544591],"中浜1":[37.364857,138.544237],"米山台1":[37.356044,138.544587],"西本町3":[37.369509,138.54493],"常盤台":[37.358589,138.550134],"若葉町":[37.360854,138.54861],"大久保1":[37.363221,138.549054],"西港町":[37.369423,138.548772],"三島町":[37.354256,138.54662],"剣野町":[37.351437,138.55105],"西本町2":[37.366776,138.548267],"新橋":[37.363249,138.55041],"東港町":[37.37339,138.549172],"大字劔野":[37.344852,138.552997],"西本町1":[37.36751,138.550946],"柳橋町":[37.361383,138.550269],"関町":[37.357787,138.555445],"学校町":[37.375385,138.551433],"元城町":[37.350545,138.555219],"宮場町":[37.357279,138.555689],"駅前2":[37.36757,138.556504],"栄町":[37.37563,138.557463],"東本町1":[37.369032,138.556798],"城東1":[37.355027,138.554622],"大字下方":[37.340696,138.556864],"駅前1":[37.363211,138.554938],"大字新道":[37.335657,138.567622],"大字横山":[37.342509,138.568476],"穂波町":[37.358809,138.558935],"幸町":[37.362914,138.557738],"城東2":[37.349811,138.559977],"鏡町":[37.366113,138.559363],"北園町":[37.379509,138.55904],"大字上方":[37.339305,138.565817],"東本町2":[37.369586,138.5599],"南光町":[37.356675,138.561232],"中央町":[37.374475,138.560515],"安政町":[37.386096,138.564353],"新花町":[37.376479,138.563336],"日石町":[37.364497,138.559382],"諏訪町":[37.376248,138.564187],"大字貝渕":[37.32156,138.563618],"東本町3":[37.369664,138.561062],"錦町":[37.368661,138.564051],"大字黒滝":[37.321213,138.563858],"宝町":[37.364479,138.5647],"小倉町":[37.372984,138.565246],"田中":[37.360301,138.562891],"桜木町":[37.37684,138.563987],"大字宮之窪":[37.310741,138.565365],"大和町":[37.375019,138.566465],"四谷1":[37.369751,138.568644],"豊町":[37.364947,138.564585],"比角1":[37.37357,138.566688],"長峰町":[37.352202,138.568869],"希望が丘":[37.353371,138.570089],"春日1":[37.379056,138.571141],"松波1":[37.392849,138.567305],"扇町":[37.364349,138.569024],"松波3":[37.395945,138.57117],"北斗町":[37.378761,138.573735],"岩上":[37.359635,138.569566],"半田1":[37.357293,138.573343],"大字藤橋":[37.34161,138.57151],"四谷2":[37.370771,138.571674],"比角2":[37.373194,138.573397],"ゆりが丘":[37.350523,138.571746],"松波2":[37.385061,138.571287],"向陽町":[37.342461,138.574585],"春日2":[37.382923,138.570571],"日吉町":[37.369604,138.577076],"朝日が丘":[37.351204,138.575892],"四谷3":[37.371998,138.574253],"北半田1":[37.363206,138.571285],"松美1":[37.37517,138.578505],"半田2":[37.354304,138.580717],"松波4":[37.394169,138.582549],"春日3":[37.384225,138.574195],"長浜町":[37.373138,138.57839],"松美2":[37.376817,138.579539],"大字堀":[37.331837,138.582226],"半田3":[37.358005,138.5758],"藤元町":[37.378502,138.57522],"橋場町":[37.390787,138.581513],"大字南下":[37.321246,138.579399],"東長浜町":[37.368515,138.577909],"北半田2":[37.361089,138.577164],"三和町":[37.366779,138.578251],"南半田":[37.352522,138.580408],"荒浜1":[37.407514,138.578694],"大字軽井川":[37.34542,138.595616],"茨目1":[37.363376,138.578847],"槇原町":[37.38751,138.575418],"田塚1":[37.37227,138.583709],"柳田町":[37.379797,138.579804],"新田畑":[37.373452,138.583121],"荒浜2":[37.407085,138.592761],"東柳田":[37.379638,138.581275],"田塚3":[37.370047,138.583685],"城塚":[37.357333,138.581878],"茨目2":[37.359556,138.581738],"小金町":[37.383743,138.580722],"大字茨目":[37.365875,138.587092],"茨目3":[37.363075,138.587333],"荒浜3":[37.412525,138.583835],"原町":[37.391468,138.589274],"大字佐藤池新田":[37.350765,138.593303],"大字山本":[37.393166,138.584863],"田塚2":[37.371965,138.587267],"荒浜4":[37.419745,138.587895],"東原町":[37.38775,138.592501],"大字両田尻":[37.361599,138.591704],"大字藤井":[37.379454,138.600001],"大字田塚":[37.366841,138.587139],"栄田":[37.38655,138.589022],"大字上田尻":[37.358537,138.594389],"青山町":[37.42591,138.602402],"大字下田尻":[37.361553,138.593059],"大字上原":[37.388748,138.595133],"大字安田":[37.337645,138.620159],"大字長崎":[37.396254,138.603922],"大字土合":[37.391745,138.601999],"大字劔":[37.39026,138.602517],"大字中田":[37.373077,138.611722],"大字下大新田":[37.393916,138.606936],"大字長崎新田":[37.39887,138.615374],"大字土合新田":[37.395527,138.606174],"大字平井":[37.367016,138.612358],"大字畔屋":[37.374572,138.631017],"大字与三":[37.379065,138.626341],"大字大河内新田":[37.331711,138.542603],"大字橋場":[37.392512,138.581837],"米山台東":[37.345263,138.542853],"三島西":[37.350747,138.544827],"大字半田":[37.349235,138.580247],"大字花田":[37.398427,138.620378],"天神町":[37.359388,138.530185],"大字矢田":[37.381735,138.629546]}