{"三林町":[37.577306,138.879499],"下関町":[37.567689,138.883269],"今町2":[37.552023,138.886196],"上新田町":[37.543724,138.893594],"山吉町":[37.524509,138.882546],"釈迦塚町":[37.576597,138.895409],"今町1":[37.545989,138.88749],"速水町":[37.53259,138.888613],"今町6":[37.556621,138.888884],"青木町":[37.519711,138.886594],"今町3":[37.549761,138.888873],"傍所町":[37.509185,138.898711],"今町7":[37.556872,138.892835],"今町":[37.559633,138.888004],"今町4":[37.546126,138.893654],"新幸町":[37.538618,138.896462],"今町5":[37.548701,138.894011],"坂井町":[37.567028,138.904635],"坂井町1":[37.560444,138.892907],"反田町":[37.526698,138.897023],"鹿熊町":[37.50695,138.898358],"芝野町":[37.553304,138.89669],"今町8":[37.55797,138.896902],"柳橋町":[37.542093,138.905324],"北野町":[37.522278,138.898418],"福島町":[37.532772,138.901002],"漆山町":[37.514743,138.907034],"葛巻町":[37.523309,138.911226],"加坪川町":[37.527162,138.901953],"新潟町":[37.546095,138.949519],"市野坪町":[37.532085,138.910361],"片桐町":[37.551891,138.912441],"本所町":[37.536614,138.904129],"本所2":[37.538876,138.907712],"田之尻町":[37.564484,138.908219],"本所1":[37.538728,138.91676],"仁嘉町":[37.528021,138.908914],"下新町":[37.519348,138.9168],"葛巻1":[37.526618,138.915616],"新潟東町":[37.541185,138.924208],"昭和町1":[37.532418,138.913409],"昭和町2":[37.529409,138.915276],"下鳥町":[37.551865,138.920162],"葛巻2":[37.52399,138.916215],"鳥屋脇町":[37.504547,138.919057],"学校町1":[37.531179,138.923764],"学校町2":[37.53327,138.922757],"新町2":[37.527329,138.919812],"新町3":[37.524314,138.919862],"熱田町":[37.517959,138.920208],"南本町3":[37.521315,138.920211],"耳取町":[37.503282,138.923462],"名木野町":[37.514924,138.93341],"戸代新田町":[37.538979,138.922407],"指出町":[37.558932,138.922534],"緑町":[37.513606,138.924217],"山崎町":[37.50116,138.921817],"新町1":[37.526749,138.922783],"双葉町":[37.516964,138.923805],"南本町2":[37.520825,138.924607],"内町":[37.53607,138.929763],"田井町":[37.495418,138.932896],"本町1":[37.528046,138.926223],"本町2":[37.526834,138.926577],"元町1":[37.544177,138.935348],"元町2":[37.534436,138.928492],"月見台1":[37.517097,138.929138],"本町4":[37.530907,138.926822],"椿澤町":[37.487766,138.954373],"南本町1":[37.519147,138.926422],"嶺崎1":[37.525957,138.928178],"小栗山町":[37.553855,138.937804],"本町3":[37.528883,138.929755],"嶺崎2":[37.519534,138.930165],"細越1":[37.520818,138.932379],"山崎興野町":[37.530903,138.932435],"月見台2":[37.518049,138.935794],"島切窪町":[37.533101,138.942787],"本町":[37.534385,138.933059],"細越2":[37.521443,138.934982],"池之内町":[37.514611,138.933981],"庄川平町":[37.526433,138.934969],"太田町":[37.509323,138.966519],"明晶町":[37.517973,138.951758],"庄川町":[37.52771,138.953715],"石地町":[37.532278,138.947058],"本明町":[37.517835,138.959179],"神保町":[37.50026,138.974665]}