{"国上":[37.653496,138.814836],"中島":[37.643784,138.836361],"長辰":[37.666913,138.827888],"源八新田":[37.659121,138.836771],"新長":[37.631396,138.832239],"泉新":[37.637331,138.835387],"新堀":[37.643166,138.836919],"野中才":[37.625446,138.837424],"下諏訪":[37.631705,138.837536],"分水あけぼの1":[37.638983,138.841271],"五千石":[37.618478,138.845111],"分水桜町2":[37.627882,138.839855],"分水桜町3":[37.624479,138.838572],"中諏訪":[37.629292,138.838905],"分水向陽":[37.636814,138.842271],"分水桜町1":[37.627828,138.84076],"上諏訪":[37.630693,138.84337],"地蔵堂本町2":[37.626622,138.842918],"五千石荒川2":[37.617412,138.844165],"地蔵堂本町3":[37.627493,138.84243],"分水文京町":[37.63589,138.842491],"五千石荒川1":[37.619924,138.843364],"分水新町1":[37.620215,138.844588],"分水新町4":[37.624365,138.842529],"分水大武1":[37.626251,138.842772],"分水旭町3":[37.628803,138.843194],"分水旭町1":[37.626978,138.843139],"分水大武4":[37.627098,138.843729],"分水大武2":[37.626491,138.843164],"分水大武3":[37.625958,138.844508],"分水大武5":[37.624948,138.843565],"分水旭町4":[37.629127,138.844682],"大川津":[37.611778,138.843571],"分水旭町2":[37.627529,138.844401],"分水弥生町":[37.633071,138.844011],"分水向山2":[37.626833,138.846276],"分水東学校町2":[37.630672,138.848759],"分水学校町1":[37.628316,138.847223],"笹曲":[37.620512,138.844888],"分水東学校町1":[37.629229,138.846217],"砂子塚":[37.628392,138.851845],"笈ケ島":[37.620309,138.844554],"分水東学校町3":[37.632029,138.848646],"一ノ山1":[37.625802,138.846631],"分水学校町2":[37.627275,138.847331],"一ノ山2":[37.625887,138.847039],"高木":[37.639469,138.853426],"新興野":[37.625649,138.851734],"牧ケ花":[37.65187,138.862374],"粟生津":[37.652883,138.867274],"熊森":[37.625068,138.874746],"佐善":[37.657143,138.8684],"溝":[37.656778,138.869221],"溝古新":[37.661158,138.868231],"上河原":[37.654572,138.870235],"吉田矢作":[37.689753,138.86847],"吉田浜首":[37.69151,138.869068],"吉田西太田":[37.670514,138.868906],"吉田弥生町":[37.693003,138.867989],"吉田寿町":[37.696688,138.871933],"吉田浜首町":[37.691622,138.870061],"吉田水道町":[37.683054,138.870902],"下粟生津":[37.655166,138.870919],"吉田栄町":[37.683911,138.871987],"吉田":[37.694782,138.88403],"吉田東栄町":[37.679981,138.873672],"吉田新町":[37.688723,138.873591],"吉田新田町":[37.689961,138.875265],"吉田宮小路":[37.698173,138.875283],"吉田旭町3":[37.687017,138.873935],"吉田旭町4":[37.684102,138.871992],"吉田神明町":[37.693987,138.87645],"吉田幸町":[37.695463,138.874765],"吉田本町":[37.710826,138.886141],"吉田旭町2":[37.68611,138.87626],"吉田下中野":[37.671841,138.897257],"吉田上町":[37.68992,138.875666],"吉田本所":[37.694549,138.876814],"吉田旭町1":[37.687425,138.877527],"吉田中町":[37.690778,138.879702],"吉田日之出町":[37.686012,138.882327],"吉田松岡町":[37.689268,138.877328],"吉田堤町":[37.687555,138.877869],"吉田学校町":[37.693921,138.87765],"横田":[37.627044,138.884648],"吉田下町":[37.692475,138.877727],"吉田文京町":[37.70559,138.880997],"吉田大保町":[37.685844,138.882983],"吉田法花堂":[37.676,138.898162],"吉田東町":[37.695097,138.883087],"吉田神田町":[37.69111,138.880764],"吉田春日町":[37.68214,138.880764],"吉田鴻巣":[37.699754,138.888957],"吉田若生町":[37.703189,138.887727],"吉田曙町":[37.686751,138.886306],"吉田吉栄":[37.687058,138.88715],"野本":[37.659963,138.891628],"富永":[37.691016,138.888894],"田中新":[37.656872,138.897123],"小池":[37.635973,138.900469],"小関":[37.659887,138.90476],"米納津":[37.693219,138.917873],"大関":[37.665561,138.901018],"杉名":[37.637106,138.908176],"蔵関":[37.653577,138.908118],"物流センター1":[37.65104,138.901428],"物流センター2":[37.649672,138.904506],"杣木":[37.677828,138.906351],"物流センター3":[37.647403,138.899109],"大保":[37.699029,138.901026],"小池新町":[37.631293,138.907352],"桜町":[37.678993,138.906205],"柳山":[37.636994,138.90659],"東太田":[37.667347,138.926988],"水道町3":[37.655388,138.914523],"水道町4":[37.659627,138.914648],"花見":[37.677551,138.911523],"杉柳":[37.638997,138.9085],"道金":[37.636418,138.919753],"大曲":[37.652434,138.919724],"秋葉町4":[37.663735,138.917594],"燕":[37.676966,138.912537],"庚塚":[37.695452,138.915234],"佐渡山":[37.718142,138.911776],"水道町2":[37.655852,138.914247],"雀森":[37.705016,138.916452],"八王寺":[37.638296,138.922085],"白山町3":[37.66984,138.92094],"秋葉町3":[37.658872,138.920945],"水道町1":[37.654692,138.91965],"秋葉町2":[37.662663,138.921397],"松橋":[37.68742,138.93448],"白山町1":[37.664957,138.920203],"秋葉町1":[37.660578,138.922192],"南1":[37.65558,138.922253],"殿島1":[37.656173,138.92606],"灰方":[37.682909,138.923987],"白山町2":[37.666759,138.926377],"南2":[37.659031,138.926533],"西槙":[37.724341,138.927284],"殿島2":[37.657416,138.92903],"南3":[37.659231,138.927361],"舘野":[37.706114,138.932647],"井土巻1":[37.656648,138.940375],"南4":[37.659138,138.929071],"新栄町":[37.670325,138.92746],"小島":[37.711007,138.930552],"井土巻2":[37.651993,138.933285],"南5":[37.657519,138.930221],"長渡":[37.689175,138.932939],"小高":[37.658239,138.944595],"長所":[37.706319,138.934185],"南6":[37.660288,138.93171],"井土巻3":[37.6494,138.937232],"南7":[37.660371,138.933015],"井土巻4":[37.655792,138.940569],"井土巻5":[37.65472,138.940008],"三王渕":[37.686837,138.939953],"関崎":[37.686871,138.935537],"井土巻":[37.657548,138.941518],"日之出町":[37.662615,138.933902],"佐渡":[37.664542,138.954902],"又新":[37.691444,138.948241],"二階堂":[37.691012,138.944538],"小古津新":[37.696076,138.955447],"勘新":[37.698241,138.956484],"小牧":[37.668719,138.955039],"花園町":[37.685542,138.955559],"新生町2":[37.688154,138.954017],"中川":[37.680311,138.957529],"大船渡":[37.696332,138.954929],"新生町1":[37.69076,138.955832],"新生町":[37.687666,138.955856],"四ツ屋":[37.67962,138.95744],"小中川":[37.697333,138.95619],"次新":[37.684928,138.968573],"上児木":[37.684872,138.968043],"下児木":[37.682399,138.967786],"物流センター4":[37.647977,138.904799],"吉田松岡新田":[37.679576,138.87698],"太田":[37.65286,138.813515],"地蔵堂":[37.63155,138.837961],"地蔵堂本町1":[37.62467,138.841418],"大武新田":[37.621449,138.840758],"分水旭町5":[37.631612,138.844423],"分水栄町":[37.625776,138.842183],"分水新町3":[37.623711,138.84274],"分水新町2":[37.622964,138.842103],"分水向山1":[37.623769,138.846233]}