{"大字青海":[37.022484,137.790269],"大字寺地":[37.023592,137.804986],"大字田海":[37.021716,137.812411],"大字今村新田":[37.028449,137.82564],"大字須沢":[37.036225,137.826073],"寺島3":[37.035011,137.843712],"南寺島2":[37.029862,137.846198],"寺島1":[37.042745,137.845259],"寺島2":[37.036577,137.846364],"大字岩木":[37.021663,137.842135],"南寺島1":[37.030056,137.848438],"上刈7":[37.02879,137.853126],"横町5":[37.042372,137.851084],"大字頭山":[37.017717,137.847024],"横町4":[37.037349,137.847081],"上刈6":[37.036178,137.850542],"上刈5":[37.026773,137.855559],"大字西中":[37.010536,137.854428],"横町1":[37.045449,137.853866],"横町3":[37.042284,137.855628],"横町2":[37.04262,137.853624],"上刈1":[37.039323,137.856541],"大字上刈":[37.025217,137.855165],"大字中谷内":[37.004516,137.856882],"上刈3":[37.037917,137.856131],"大字大谷内":[36.997263,137.859062],"大字大野":[36.996111,137.872346],"上刈2":[37.03587,137.856906],"新鉄1":[37.042492,137.856444],"上刈4":[37.030894,137.858669],"本町":[37.043716,137.858052],"新鉄2":[37.03905,137.857893],"大町2":[37.046052,137.860422],"一の宮5":[37.035381,137.861933],"大町1":[37.044778,137.862465],"中央2":[37.041669,137.863717],"中央1":[37.042267,137.863303],"一の宮1":[37.039997,137.864404],"一の宮4":[37.033952,137.86384],"寺町1":[37.045735,137.862331],"大字西川原":[36.999219,137.861408],"一の宮3":[37.03753,137.865744],"寺町2":[37.045502,137.866594],"大字一ノ宮":[37.032283,137.862938],"南寺町1":[37.041169,137.867688],"一の宮2":[37.037533,137.867859],"南寺町2":[37.042503,137.869406],"寺町3":[37.04712,137.868982],"大字蓮台寺":[37.018527,137.87338],"南寺町3":[37.04327,137.869723],"蓮台寺1":[37.035345,137.871897],"寺町4":[37.046934,137.871681],"東寺町1":[37.045933,137.870962],"寺町5":[37.047375,137.873965],"東寺町2":[37.044368,137.873217],"蓮台寺2":[37.036701,137.872997],"京ケ峰1":[37.040289,137.875873],"押上1":[37.048151,137.877571],"東寺町3":[37.044709,137.875516],"大字平牛":[37.043565,137.880096],"南押上1":[37.04374,137.880161],"押上2":[37.050963,137.883772],"南押上3":[37.045844,137.882568],"南押上2":[37.04803,137.8799],"大字羽生":[37.025971,137.889167],"大字竹ケ花":[37.054901,137.894361],"大字水保":[37.013011,137.891104],"大字厚田":[37.046554,137.891168],"大字大和川":[37.036357,137.893249],"大字成沢":[37.025868,137.889798],"大字田伏":[37.054468,137.898588],"大字梶屋敷":[37.063734,137.918246],"大字田屋":[37.040869,137.92126],"大字中宿":[37.065769,137.924598],"大字西谷内":[37.037144,137.917725],"大字四ツ屋":[37.033937,137.929346],"大字上覚":[37.035068,137.928931],"大字東海":[37.049888,137.928849],"大字中浜":[37.071438,137.931623],"大字新町":[37.035639,137.929142],"大字清水山":[37.034901,137.928484],"大字東川原":[37.035229,137.9299],"大字間脇":[37.073269,137.93648],"大字下出":[37.02546,137.935996],"大字上出":[37.027415,137.933094],"大字日光寺":[37.034538,137.930722],"大字滝川原":[37.028921,137.940621],"大字鬼伏":[37.088188,137.96195],"大字鬼舞":[37.089482,137.965579],"大字木浦":[37.071908,137.965921],"大字能生":[37.096589,137.987337],"大字大平寺":[37.095848,137.982429],"大字寺山":[37.08958,137.987703],"桜木":[37.096081,137.985784],"大字桂":[37.092575,137.998154],"大字能生小泊":[37.108148,137.997017],"大字鶉石":[37.085997,137.997159],"大字小見":[37.08422,138.022582],"大字大王":[37.090882,138.008233],"大字鷲尾":[37.090602,138.012652],"大字島道":[37.066575,138.016521],"大字柱道":[37.083463,138.022699],"大字平":[37.08044,138.026085],"大字大沢":[37.080258,138.025719],"大字中野口":[37.080602,138.036183],"大字大道寺":[37.09069,138.019392],"大字藤後":[37.079149,138.0319],"清崎":[37.038626,137.86071],"大字道明":[37.042466,137.922064],"大字堀切":[37.03872,137.925629],"京ケ峰2":[37.042856,137.87841],"大字田中":[37.018719,137.889572],"大字釜沢":[37.026366,137.8897],"大字寺島":[37.045242,137.851158]}