{"大字杉野沢":[36.849768,138.161669],"大字関山":[36.941241,138.215427],"大字田切":[36.881247,138.205591],"大字関川":[36.868831,138.207358],"大字赤倉":[36.889746,138.180824],"大字田口":[36.868596,138.207395],"大字西野谷":[37.013428,138.18468],"大字二俣":[36.902016,138.214463],"大字西野谷新田":[37.004702,138.181752],"大字両善寺":[36.989898,138.182149],"大字三ツ俣":[37.012729,138.20544],"大字西菅沼新田":[36.991921,138.19678],"大字菅沼":[37.003073,138.205803],"大字猪野山":[37.024257,138.207825],"大字窪松原":[36.990154,138.187947],"大字毛祝坂":[36.874518,138.205233],"大字志":[37.004044,138.208761],"大字坂口新田":[36.915666,138.217802],"大字兼俣":[36.869444,138.2143],"大字蔵々":[36.880162,138.21703],"大字大谷":[36.907125,138.229105],"大字長森":[37.023331,138.234835],"大字東志":[37.005379,138.222649],"大字新井":[37.011177,138.232043],"大字三本木新田":[37.005097,138.223628],"大字上中":[37.019012,138.233664],"大字上中村新田":[36.931189,138.226382],"大字青田":[37.062824,138.231857],"大字葎生":[36.932015,138.226364],"大字梨木":[37.035826,138.237571],"大字土田":[37.030386,138.231305],"大字籠町":[37.050701,138.238123],"大字宮内":[37.053884,138.238133],"大字藤塚新田":[37.031883,138.240236],"大字小丸山新田":[37.024536,138.236156],"錦町2":[37.014637,138.23425],"錦町1":[37.017778,138.240122],"白山町3":[37.020319,138.235778],"大字新保新田":[37.040106,138.237867],"大字雪森":[37.057963,138.243267],"大字神宮寺":[37.051267,138.239065],"大字上八幡新田":[37.041446,138.241476],"大字乙吉":[37.049676,138.238606],"大字飛田":[37.057214,138.249762],"大字桶海":[36.899075,138.248817],"大字谷内林新田":[37.037266,138.24282],"白山町4":[37.019906,138.241718],"大字五日市":[37.035451,138.249993],"白山町2":[37.026805,138.245409],"渋江町":[37.014789,138.249271],"末広町":[37.018237,138.245242],"大字上四ツ屋":[37.034643,138.249562],"大字十日市":[37.040586,138.247813],"白山町1":[37.026685,138.250214],"大字姫川原":[37.000329,138.253483],"学校町":[37.019259,138.251032],"下町":[37.027607,138.248333],"小出雲2":[37.01415,138.251127],"大字岡崎新田":[37.056745,138.249842],"田町2":[37.020939,138.251749],"大字飛田新田":[37.059518,138.251659],"上町":[37.025242,138.253088],"中町":[37.025417,138.251879],"石塚町1":[37.030367,138.249399],"大字小出雲":[37.009397,138.254222],"東雲町":[37.030257,138.251357],"小出雲1":[37.018097,138.254524],"田町1":[37.022326,138.253127],"石塚町2":[37.03578,138.253657],"朝日町1":[37.026961,138.254699],"栄町":[37.026524,138.254607],"経塚町":[37.016882,138.254438],"柳井田町5":[37.058639,138.257356],"新工町":[37.032625,138.25604],"柳井田町1":[37.049205,138.256697],"小出雲3":[37.018182,138.256747],"柳井田町3":[37.054282,138.255682],"朝日町2":[37.025768,138.256906],"工団町":[37.033814,138.259683],"栗原1":[37.044236,138.256556],"大崎町":[37.038085,138.25635],"中川":[37.040335,138.263916],"美守2":[37.02217,138.260249],"美守1":[37.024356,138.259703],"諏訪町1":[37.030591,138.258635],"諏訪町2":[37.025933,138.259286],"柳井田町4":[37.057447,138.257611],"柳井田町2":[37.04858,138.258278],"栗原3":[37.047025,138.258496],"高柳1":[37.031709,138.260007],"栗原4":[37.052271,138.260357],"栗原2":[37.040655,138.259358],"関川町1":[37.028715,138.261127],"美守3":[37.022277,138.261112],"大字中宿":[36.998874,138.267458],"大字美守":[37.018162,138.261558],"国賀1":[37.043714,138.264896],"関川町2":[37.028197,138.261006],"高柳2":[37.03559,138.265717],"栗原5":[37.056047,138.264445],"大字川上":[37.006893,138.275963],"東陽町":[37.036993,138.267187],"国賀2":[37.044626,138.262104],"月岡1":[37.047205,138.266152],"月岡2":[37.054962,138.267294],"上百々1":[37.058609,138.267758],"大字上新保":[37.018803,138.2657],"上百々2":[37.059978,138.267693],"大字高柳":[37.039182,138.264533],"大字西条":[37.018694,138.266893],"大字北条":[37.031288,138.272839],"広島1":[37.05995,138.268689],"大字吉木":[37.04323,138.281403],"広島2":[37.059021,138.275428],"大字巻淵":[37.00049,138.274942],"広島3":[37.052006,138.274587],"大字坂井新田":[37.037045,138.238361],"中央町":[37.023736,138.255048],"大字上堀之内":[36.995511,138.267961],"広田町":[37.014879,138.257106]}