{"村松浜":[38.061638,139.329005],"竹島":[38.030645,139.338178],"中村浜":[38.074657,139.35854],"宮川":[38.035402,139.339347],"苔実":[38.044573,139.347585],"築地":[38.056674,139.366523],"中倉":[38.049016,139.351154],"高橋":[38.05058,139.352794],"堀口":[38.051279,139.35532],"下高田":[38.066567,139.359312],"笹口浜":[38.098067,139.367021],"塩津":[38.041168,139.370641],"山王":[38.074334,139.372377],"弥彦岡":[38.042506,139.368094],"城塚":[38.040918,139.371169],"松波":[38.090311,139.372357],"高畑":[38.079575,139.376025],"西川内":[38.055195,139.369868],"新舘":[38.05304,139.376558],"富岡":[38.101014,139.382354],"柴橋":[38.050555,139.385165],"船戸":[38.032094,139.387278],"東川内":[38.046073,139.379154],"宮瀬":[38.079387,139.382345],"荒井浜":[38.117423,139.386554],"鷹ノ巣":[38.059544,139.377271],"赤川":[38.069848,139.395122],"小舟戸":[38.039397,139.386386],"大出":[38.104349,139.387078],"鴻ノ巣":[38.074604,139.391849],"長橋":[38.040142,139.395675],"乙":[38.115761,139.404656],"八田":[38.044131,139.390569],"桃崎浜":[38.143087,139.404003],"草野":[38.051234,139.385888],"寅田":[38.041162,139.388078],"本郷":[38.060713,139.398636],"地本":[38.088977,139.389639],"清水":[38.072329,139.392849],"中条":[38.04652,139.407929],"つつじが丘":[38.035769,139.394182],"江上":[38.057968,139.396154],"西本町":[38.054444,139.398997],"八幡":[38.085063,139.400643],"江尻":[38.090828,139.395166],"久保田":[38.065021,139.393303],"西条":[38.067701,139.396749],"あかね町":[38.054885,139.395491],"西条町":[38.064909,139.394309],"水沢町":[38.047109,139.397322],"関沢":[38.042563,139.397965],"本郷町":[38.060419,139.401529],"星の宮町":[38.041298,139.397277],"高野":[38.073611,139.406185],"菅田":[38.102756,139.411479],"表町":[38.048225,139.397854],"新栄町":[38.047543,139.399863],"西栄町":[38.050884,139.40166],"北本町":[38.054586,139.404461],"協和町":[38.069902,139.406071],"本町":[38.049455,139.40222],"倉敷町":[38.062667,139.405927],"大川町":[38.051119,139.404188],"並槻":[38.066437,139.43024],"東本町":[38.054014,139.40421],"十二天":[38.092448,139.410944],"小牧台":[38.035731,139.40657],"住吉町":[38.061277,139.41149],"山屋":[38.096018,139.415369],"若松町":[38.065216,139.409152],"飯角":[38.048437,139.410744],"新和町":[38.058988,139.41245],"土作":[38.083054,139.416258],"半山":[38.048315,139.411828],"野中":[38.060769,139.417727],"羽黒":[38.061737,139.441853],"横道":[38.072379,139.411342],"二葉町":[38.064081,139.419165],"平木田":[38.095405,139.428005],"小地谷":[38.095882,139.419272],"北成田":[38.031349,139.337854],"平根台":[38.087125,139.374759],"下江端":[38.079953,139.422449],"東牧":[38.081223,139.43703],"近江新":[38.095258,139.443405],"黒川":[38.077939,139.437371],"下館":[38.068281,139.450383],"塩沢":[38.088201,139.447478],"蔵王":[38.086253,139.458628],"栗木野新田":[38.077864,139.43829],"切田":[38.094028,139.44633]}