{"明神":[37.185599,138.860561],"原":[37.229006,138.898086],"新道島":[37.263233,138.897856],"下島":[37.25129,138.909957],"魚野地":[37.187774,138.891022],"竜光":[37.26093,138.910475],"吉水":[37.220214,138.913456],"下新田":[37.26276,138.898701],"徳田":[37.252119,138.916855],"和長島":[37.248766,138.920727],"田川":[37.249652,138.914594],"堀之内":[37.238378,138.93804],"根小屋":[37.244239,138.941267],"岡新田":[37.185126,138.939366],"与五郎新田":[37.237814,138.933552],"大石":[37.23693,138.94288],"十日町":[37.195524,138.950961],"青島":[37.230019,138.956639],"田戸":[37.240648,138.945724],"四日町":[37.236902,138.947675],"東中":[37.261777,138.967484],"虫野":[37.204266,138.962691],"大浦新田":[37.185257,138.95199],"泉沢":[37.271679,138.959662],"下倉":[37.259497,138.948589],"大浦":[37.193042,138.955915],"伊勢島":[37.207313,138.957509],"板木":[37.212548,138.966186],"中ノ島":[37.233217,138.957146],"小出島":[37.23966,138.967181],"横町1":[37.232926,138.957801],"横町2":[37.233301,138.957888],"本町1":[37.232231,138.958838],"柳原1":[37.231565,138.958221],"稲荷町1":[37.232584,138.958912],"日渡新田":[37.240104,138.963259],"浦町1":[37.231428,138.959101],"本町2":[37.23214,138.959585],"諏訪町1":[37.233211,138.960584],"中島":[37.242398,138.97171],"佐梨":[37.226278,138.960081],"本町3":[37.232104,138.960323],"古新田":[37.218886,138.966431],"井口新田":[37.230026,138.982986],"原虫野":[37.210484,138.967117],"山口":[37.268209,138.974395],"大塚新田":[37.234848,138.969908],"中原":[37.219729,138.97263],"吉平":[37.282778,138.969804],"小庭名":[37.279208,138.975163],"中島新田":[37.25358,138.972954],"田尻":[37.260091,138.970843],"小平尾":[37.297038,138.969195],"新保":[37.247319,138.980355],"七日市":[37.233193,138.987519],"今泉":[37.253196,138.98506],"干溝":[37.208176,138.985644],"並柳":[37.259644,138.972985],"連日":[37.277809,138.976287],"上原":[37.221375,138.981831],"一日市":[37.239125,138.987863],"和田":[37.274768,138.984616],"吉田":[37.226287,138.992641],"親柄":[37.277071,138.984166],"七日市新田":[37.233516,138.994563],"山田":[37.251539,138.997404],"栗山":[37.296204,138.987229],"長堀新田":[37.285769,138.99038],"中家新田":[37.243015,138.989371],"江口":[37.261634,139.00234],"宮沢新田":[37.286503,138.986363],"下田":[37.28612,138.990249],"福山新田":[37.364177,139.005548],"金ケ沢":[37.293122,138.990408],"横瀬":[37.2769,138.989109],"大沢":[37.225729,139.010358],"田中":[37.297025,138.99557],"大倉":[37.318401,139.009842],"中家":[37.241701,139.007858],"清本":[37.283831,138.993587],"三渕沢":[37.300212,138.99976],"池平新田":[37.23539,139.002126],"池平":[37.236278,139.016382],"赤土":[37.297751,139.000716],"大倉沢":[37.303507,139.005541],"米沢":[37.252193,139.011978],"福田新田":[37.312855,139.014568],"須原":[37.329011,139.008723],"須川":[37.314782,139.035155],"葎沢":[37.227789,139.02427],"西名新田":[37.357338,139.039811],"大原新田":[37.322977,139.028035],"蓑和田":[37.215002,139.044788],"細野":[37.337346,139.034978],"松川":[37.31548,139.035141],"長鳥":[37.345473,139.04583],"湯之谷芋川":[37.212567,139.043219],"西名":[37.348705,139.046004],"宇津野":[37.210038,139.05282],"渋川":[37.346811,139.047645],"東野名":[37.361594,139.056688],"下折立":[37.205806,139.083418],"大栃山":[37.354666,139.061868],"折立又新田":[37.183884,139.067807],"大湯温泉":[37.195873,139.078208],"穴沢":[37.339734,139.091772],"平野又":[37.36302,139.069827],"上折立":[37.193569,139.082607],"大白川":[37.343544,139.11294]}