{"石打":[36.973763,138.807628],"宮野下":[37.009218,138.788496],"上野":[36.973565,138.778696],"樺野沢":[37.027834,138.822971],"大沢":[37.027596,138.812235],"栃窪":[37.052208,138.821227],"関":[36.983573,138.810316],"上一日市":[37.000773,138.812628],"下一日市":[37.006962,138.811017],"君沢":[37.008887,138.8045],"舞子":[36.977689,138.847199],"姥島新田":[36.988401,138.819628],"吉里":[37.044852,138.842194],"泉盛寺":[37.037311,138.838891],"塩沢":[37.035662,138.850137],"南田中":[37.021511,138.835374],"万条新田":[37.000146,138.829752],"丸池新田":[37.006973,138.826076],"五郎丸":[37.016301,138.841667],"樺野沢新田":[37.026385,138.829808],"天野沢":[37.030802,138.842959],"中":[37.023467,138.838498],"徳田新田":[37.01076,138.844311],"中野":[37.027686,138.85148],"仙石":[36.99384,138.857874],"中子新田甲":[37.013662,138.845211],"小栗山":[37.070409,138.867071],"思川":[37.055322,138.845429],"市野江":[37.178933,138.877366],"大木六新田":[37.020349,138.852381],"目来田":[37.032862,138.844054],"上十日町":[37.035321,138.84974],"四十日":[37.094988,138.894593],"大木六":[37.003909,138.86429],"片田":[37.047276,138.85738],"小木六":[37.025661,138.860428],"小杉新田":[37.019615,138.858621],"吉山新田":[37.00371,138.864801],"大里":[37.021946,138.868416],"君帰":[37.082558,138.856137],"野田":[37.097242,138.879758],"竹俣新田":[37.053717,138.867235],"八竜新田":[37.018431,138.869654],"川窪":[37.090466,138.871996],"欠之上":[37.09429,138.842559],"竹俣":[37.052908,138.869196],"六日町":[37.055097,138.873011],"島新田":[37.040676,138.871368],"小松沢":[36.994468,138.87108],"余川":[37.080012,138.877201],"三郎丸":[37.029298,138.870897],"西泉田":[37.053519,138.876647],"長崎":[37.017255,138.884102],"早川":[37.024578,138.870195],"東泉田":[37.055223,138.875958],"枝吉":[37.027477,138.880911],"滝谷":[36.984408,138.870787],"美佐島":[37.073641,138.88181],"八幡":[37.06834,138.880776],"北田中":[37.09818,138.882786],"雲洞":[37.035007,138.891338],"坂戸":[37.065933,138.89343],"一之沢":[36.973361,138.871081],"大月":[37.045476,138.889727],"五日町":[37.126563,138.892653],"姥沢新田":[36.993909,138.896155],"大杉新田":[37.09756,138.892769],"青木新田":[37.095473,138.891983],"津久野":[37.087198,138.907891],"寺尾":[37.112722,138.8928],"城山新田":[37.132111,138.901772],"台上":[36.993147,138.916233],"奥":[37.111636,138.900714],"宇津野新田":[37.095211,138.892346],"二日町":[37.090679,138.901405],"蟹沢新田":[36.981345,138.916094],"名木沢":[37.143509,138.90608],"泉新田":[37.098964,138.910704],"今町":[37.131921,138.912907],"一村尾":[37.151001,138.913807],"津久野下新田":[37.084595,138.903992],"九日町":[37.133379,138.910148],"浦佐":[37.17345,138.925253],"清水":[36.967355,138.924853],"新堀新田":[37.084278,138.916102],"泉":[37.092274,138.917381],"岩崎":[37.066387,138.920999],"津久野上新田":[37.072633,138.913053],"下原":[37.095845,138.922803],"麓":[37.116261,138.922385],"下原新田":[37.10392,138.914612],"芹田":[37.150357,138.917507],"山谷":[37.041124,138.916973],"五箇":[37.187204,138.932828],"水尾新田":[37.123496,138.924279],"新堀":[37.086473,138.929033],"水尾":[37.122999,138.92479],"長森新田":[37.111414,138.92085],"田崎":[37.080813,138.920384],"長森":[37.104787,138.934872],"宮":[37.055343,138.937575],"宮村下新田":[37.065669,138.921669],"上原":[37.095625,138.924539],"今町新田":[37.141285,138.926853],"永松":[37.042619,138.949438],"中川新田":[37.048778,138.929572],"中川":[37.05199,138.93229],"法音寺":[37.077827,138.944479],"藤原":[37.094073,138.934791],"海士ケ島新田":[37.149661,138.930707],"柳古新田":[37.134386,138.935325],"京岡":[37.050075,138.940428],"深沢":[37.066688,138.944444],"大崎":[37.120532,138.950397],"野際":[37.094041,138.936961],"京岡新田":[37.04496,138.938842],"下薬師堂":[37.093949,138.937884],"原":[37.052337,138.944795],"妙音寺":[37.085615,138.94964],"下出浦":[37.106176,138.945834],"上薬師堂":[37.093258,138.950473],"畔地新田":[37.053301,138.945227],"八色原":[37.150716,138.957002],"国際町":[37.1479,138.948008],"岡":[37.09004,138.952113],"上出浦":[37.101014,138.953264],"茗荷沢":[37.163708,138.948473],"蛭窪":[37.037174,138.959554],"小川":[37.055039,138.956632],"黒土新田":[37.149169,138.964158],"山口":[37.112628,138.986892],"穴地新田":[37.139843,138.956787],"穴地":[37.131602,138.965439],"畔地":[37.052439,138.953738],"雷土新田":[37.176144,138.973409],"茗荷沢新田":[37.160982,138.965311],"山崎新田":[37.170916,138.968819],"荒金":[37.157918,138.979605],"雷土":[37.182801,138.962924],"山崎":[37.171459,138.976906],"前原町":[37.176169,138.970874],"船ケ沢新田":[37.134993,138.97578],"芋赤":[37.175826,138.974704],"黒土":[37.148268,138.975707],"堂島新田":[37.15199,138.975583],"湯谷":[37.189065,138.975919],"大倉":[37.134875,138.990932],"門前":[37.183117,138.993144],"舞台":[37.052391,138.973214],"土沢":[37.056566,138.981306],"大桑原":[37.170961,139.001937],"野中":[37.05295,138.981052],"桐沢":[37.152045,138.983196],"清水瀬":[37.054345,138.991453],"荒山":[37.144878,139.003961],"上原新田":[37.092437,138.930354]}