{"下黒瀬":[37.8379,139.167512],"下里":[37.819137,139.173627],"京ヶ瀬工業団地":[37.82031,139.170745],"深堀":[37.851953,139.169144],"法柳":[37.855524,139.175205],"上黒瀬":[37.837955,139.168084],"窪川原":[37.838026,139.183893],"嘉瀬島":[37.808106,139.178352],"田山":[37.839222,139.172543],"小河原":[37.81919,139.174839],"城":[37.84194,139.181171],"京ヶ島":[37.830363,139.187114],"金渕":[37.861884,139.178484],"粕島":[37.807802,139.179039],"姥ヶ橋":[37.841301,139.182658],"法柳新田":[37.860757,139.179271],"関屋":[37.824551,139.187799],"水ケ曽根":[37.801919,139.184512],"小島":[37.806936,139.188993],"曽郷":[37.84842,139.191466],"分田":[37.798272,139.200801],"西岡":[37.80031,139.195357],"嶋瀬":[37.78468,139.204394],"飯森杉":[37.839678,139.192586],"緑岡":[37.844089,139.192321],"前山":[37.821894,139.191833],"上福岡":[37.798988,139.195178],"寺社新":[37.807015,139.189328],"下ノ橋":[37.833214,139.193765],"箸木免":[37.816926,139.196523],"千唐仁":[37.780926,139.195395],"猫山":[37.846552,139.194944],"川前":[37.806409,139.199348],"七島":[37.822677,139.194001],"布目":[37.780669,139.196053],"東町":[37.798026,139.200203],"小里":[37.839917,139.20026],"月崎":[37.829419,139.208754],"山口町2":[37.838193,139.210838],"上江端":[37.798406,139.211883],"五郎巻":[37.853563,139.205155],"中潟":[37.815522,139.208437],"小浮":[37.789003,139.185245],"みそら野町":[37.842483,139.204689],"駒林":[37.848618,139.207011],"山口":[37.842644,139.216434],"六日野":[37.828011,139.20683],"新座":[37.787102,139.217083],"野田":[37.782494,139.216044],"南安野町":[37.838805,139.218119],"稲荷町":[37.831723,139.216758],"下条町":[37.835658,139.221369],"緑町":[37.833353,139.220266],"山口町1":[37.838479,139.212246],"小境":[37.811176,139.21842],"土橋":[37.821422,139.220181],"百津":[37.822549,139.222241],"百津町":[37.827656,139.218298],"福田":[37.812896,139.225683],"若葉町":[37.832024,139.217308],"切梅新田":[37.804748,139.218373],"安野町":[37.840597,139.221627],"保田":[37.767276,139.234825],"堀越":[37.815842,139.227214],"寺社":[37.799789,139.225767],"岡山町":[37.834628,139.222007],"中央町2":[37.84039,139.222882],"熊居新田":[37.800297,139.224664],"学校町":[37.83234,139.223713],"水原":[37.845565,139.236333],"下条":[37.861096,139.224067],"北本町":[37.844244,139.233202],"市野山":[37.818465,139.226137],"庄ケ宮":[37.819347,139.230101],"野地城":[37.815435,139.227049],"荒屋":[37.825858,139.230074],"金田町":[37.832014,139.228517],"中央町1":[37.840113,139.230375],"中島町":[37.836949,139.230287],"新保":[37.742031,139.224677],"牧島":[37.811652,139.234105],"上中野目":[37.820628,139.231496],"北園町":[37.845755,139.232416],"外城町":[37.836037,139.237389],"かがやき":[37.793015,139.244854],"中島":[37.834109,139.233887],"越御堂":[37.802665,139.2349],"境新":[37.80998,139.237016],"渡場":[37.748504,139.242742],"山本新":[37.796716,139.244397],"七石":[37.812002,139.237684],"船居":[37.861552,139.241461],"日の出町":[37.835395,139.237659],"里":[37.821394,139.242639],"天神堂":[37.846119,139.236952],"沖ノ館":[37.858996,139.239075],"境新田":[37.827706,139.240037],"六野瀬":[37.747303,139.255031],"上飯塚":[37.873483,139.244225],"横山":[37.835169,139.242205],"福永":[37.772333,139.253824],"千原":[37.851496,139.24284],"久保":[37.76864,139.261],"沢田":[37.771036,139.244512],"榎":[37.874856,139.242036],"大野地":[37.815081,139.226546],"福井":[37.79703,139.24901],"泉":[37.84753,139.246284],"榎船渡":[37.876479,139.24828],"須走":[37.834263,139.254331],"本明":[37.855292,139.250479],"大室":[37.798394,139.283387],"上高田":[37.87767,139.252151],"高田":[37.888221,139.250819],"野村":[37.839341,139.251454],"沖":[37.864472,139.255547],"下福岡":[37.850926,139.252941],"島田":[37.859454,139.254115],"南沖山":[37.865821,139.255382],"宮島":[37.817273,139.256727],"赤水":[37.83572,139.255055],"蒔田":[37.837919,139.261174],"山倉新田":[37.877058,139.255377],"七浦":[37.817402,139.264255],"羽多屋":[37.785889,139.258146],"山倉":[37.873243,139.253722],"押切":[37.818752,139.273746],"宮下":[37.822704,139.263555],"藤屋":[37.88074,139.25748],"上小中山":[37.812864,139.259518],"籠田":[37.783798,139.265227],"発久":[37.846302,139.262442],"草水":[37.748377,139.259026],"飯山新":[37.884247,139.264971],"笹岡":[37.83669,139.292198],"上山屋":[37.838952,139.263323],"金屋":[37.82609,139.268748],"下一分":[37.853178,139.278403],"上西野":[37.872712,139.264831],"塚田":[37.8562,139.262953],"山寺":[37.807488,139.265799],"川崎":[37.836432,139.26393],"山崎":[37.834995,139.271176],"中ノ通":[37.886619,139.267079],"下山屋":[37.847095,139.266067],"小松":[37.738251,139.276715],"長起":[37.858769,139.270495],"次郎丸":[37.82926,139.280244],"上高関":[37.862949,139.272553],"丸山":[37.773567,139.271071],"上蔵野":[37.86154,139.273295],"上坂町":[37.825681,139.276418],"熊堂":[37.861967,139.273905],"村岡":[37.860625,139.28857],"堤":[37.845432,139.282273],"上一分":[37.85143,139.293269],"小栗山":[37.845153,139.281892],"羽黒":[37.821972,139.284181],"滝沢":[37.865099,139.28405],"今板":[37.807484,139.297202],"出湯":[37.816169,139.296355],"畑江":[37.821714,139.312407],"勝屋":[37.822258,139.300731],"女堂":[37.852338,139.300524],"湯沢":[37.842512,139.308575],"折居":[37.858345,139.304524],"清野":[37.807697,139.192262],"上中":[37.819619,139.229155],"田中":[37.81131,139.237594],"十二神":[37.803028,139.255544],"村杉":[37.802802,139.286813],"上関口":[37.865142,139.259645],"川岡":[37.855005,139.263069],"沢口":[37.849597,139.285016],"上山田":[37.81203,139.260755],"荻島":[37.858268,139.239898],"外山王":[37.789629,139.201697],"新座下":[37.788386,139.202358]}