{"東港2":[37.987453,139.228317],"東港1":[38.000995,139.231216],"大字藤寄":[37.948726,139.242083],"大字大夫興野":[37.959022,139.24114],"東港4":[37.965345,139.23394],"東港3":[37.974932,139.242841],"大字蓮野":[37.964555,139.260951],"位守町":[37.996116,139.244698],"東港5":[37.992002,139.252911],"東港6":[37.990399,139.256713],"大字網代浜":[38.009562,139.254708],"東港7":[37.98159,139.258475],"大字蓮潟":[37.978128,139.26121],"大字二本松":[37.962729,139.27124],"大字亀塚":[38.006465,139.26453],"大字次第浜":[38.00505,139.266325],"大字別條":[37.970383,139.270504],"大字諏訪山":[37.96928,139.287703],"大字三賀":[37.961948,139.271831],"大字大夫":[37.966005,139.273607],"大字山倉":[37.976576,139.287249],"大字桃山":[37.979353,139.291582],"大字真野":[37.980509,139.290892],"大字丸潟":[37.972733,139.299858],"大字上大谷内":[37.980821,139.303365],"大字道賀新田":[37.984748,139.312896]}