{"大字麓":[37.689041,138.824503],"大字弥彦":[37.700421,138.815573],"大字観音寺":[37.690006,138.826735],"大字境江":[37.676992,138.835505],"大字上泉":[37.709383,138.832359],"大字走出":[37.695187,138.829744],"大字村山":[37.67757,138.834632],"大字井田":[37.695368,138.849162],"大字山岸":[37.691369,138.84082],"大字山崎":[37.691561,138.849085],"大字中山":[37.694305,138.849794],"大字矢作":[37.706,138.864305],"大字大戸":[37.671751,138.86722],"大字えび穴":[37.703903,138.863854],"大字川崎":[37.682464,138.868897],"大字荻野":[37.702349,138.864263],"美山":[37.687651,138.863456],"大字平野":[37.699685,138.86777],"峰見":[37.682904,138.868828],"大字田中新田":[37.70155,138.863416],"大字浜首":[37.696877,138.871195]}