{"大字保明新田":[37.685911,139.044121],"大字横場新田":[37.716959,139.055216],"大字石田新田":[37.681022,139.04443],"大字坂田":[37.674617,139.052927],"大字千苅新田":[37.687682,139.046284],"大字原ケ崎新田":[37.704458,139.06443],"大字川船河":[37.678969,139.067112],"大字吉田新田":[37.69303,139.061616],"大字曽根新田":[37.717654,139.055551],"大字田上":[37.716818,139.064804],"大字羽生田":[37.693156,139.061275],"大字湯川":[37.730279,139.089432]}