{"字昭野":[43.827758,144.081669],"字野崎":[43.810135,144.084098],"字美禽":[43.832919,144.084711],"字美富":[43.814131,144.111722],"字元町":[43.826377,144.095187],"字大通南5":[43.818056,144.100561],"字西二条南3":[43.820912,144.098571],"字西二条南2":[43.821906,144.099277],"字鳥里1":[43.831557,144.097958],"字西一条南5":[43.817563,144.098659],"字西二条南1":[43.823948,144.098643],"字鳥里2":[43.834232,144.09892],"字西二条北1":[43.824723,144.100196],"字西一条南3":[43.821212,144.099721],"字仲町1":[43.831079,144.103579],"字西二条北2":[43.826041,144.101518],"字西一条南2":[43.821898,144.100955],"字鳥里3":[43.836058,144.09977],"字東一条南5":[43.817905,144.10201],"字大通南3":[43.82036,144.101824],"字西一条南1":[43.823032,144.101623],"字大通南4":[43.81921,144.101151],"字西一条北1":[43.824101,144.102254],"字大通南2":[43.821602,144.102555],"字鳥里4":[43.837679,144.100642],"字東一条南4":[43.818351,144.102295],"字仲町2":[43.831055,144.104201],"字西一条北2":[43.82523,144.102917],"字大通南1":[43.822569,144.103119],"字美里":[43.83623,144.113784],"字東一条南3":[43.819917,144.103249],"字東二条南5":[43.816119,144.103398],"字新町1":[43.832714,144.109891],"字西一条北3":[43.826309,144.10355],"字大通北1":[43.82364,144.103742],"字東一条南2":[43.820991,144.103868],"字新町2":[43.833835,144.108156],"字西一条北4":[43.827435,144.104192],"字大通北2":[43.824771,144.104409],"字新町3":[43.835958,144.106423],"字東一条南1":[43.822141,144.104539],"字大通北3":[43.82585,144.105042],"字東一条北1":[43.823196,144.105181],"字東二条南2":[43.821166,144.105362],"字大通北4":[43.82736,144.105935],"字東一条北2":[43.824326,144.105845],"字東二条南1":[43.821747,144.105665],"字東一条北3":[43.825404,144.106473],"字東二条北1":[43.823203,144.106488],"字東三条南2":[43.820765,144.106273],"字東四条南3":[43.81846,144.107146],"字東一条北4":[43.826916,144.107369],"字栄町1":[43.82694,144.109716],"字東四条南4":[43.817679,144.105592],"字東二条北2":[43.82405,144.107055],"字東四条南5":[43.816014,144.105498],"字栄町2":[43.828336,144.109796],"字東二条北3":[43.82506,144.107621],"字青山南":[43.818595,144.113995],"字栄町3":[43.82972,144.11066],"字東二条北4":[43.826381,144.107786],"字東三条北3":[43.824655,144.109102],"字東三条北4":[43.825827,144.109875],"字青葉1":[43.815357,144.111716],"字栄町4":[43.831656,144.109973],"字三橋南":[43.823919,144.11065],"字青葉2":[43.814906,144.108908],"字青山北":[43.822802,144.108102],"字鳥里":[43.839039,144.109134],"字美芳":[43.832216,144.114433],"字東町1":[43.827421,144.112398],"字稲美":[43.807439,144.127561],"字東町2":[43.829808,144.115849],"字三橋町1":[43.824933,144.118608],"字瑞治":[43.846336,144.117473],"字三橋町2":[43.828388,144.119959],"字日の出1":[43.825269,144.12103],"字日の出2":[43.82632,144.121885],"字報徳":[43.82362,144.126416],"字西二条北4":[43.828255,144.10232],"字西二条北3":[43.826951,144.100727],"字東二条南4":[43.818101,144.103129],"字東三条南3":[43.817699,144.104297],"字東三条南1":[43.821435,144.106521],"字東三条北1":[43.82314,144.106903],"字東三条南5":[43.816862,144.10402],"字東四条南2":[43.819825,144.106629],"字東三条北2":[43.823961,144.107573]}