{"字興部":[44.470599,143.130852],"字北興":[44.460807,143.105404],"字沙留":[44.443023,143.204409],"字豊野":[44.460068,143.170008]}