{"字北雄武":[44.591746,142.949965],"字雄武":[44.576894,142.962621],"字南雄武":[44.582064,142.960183]}