{"字洞爺湖温泉":[42.563355,140.835477],"字壮瞥温泉":[42.556667,140.863977]}