{"字虎杖浜":[42.466047,141.202624],"字竹浦":[42.506564,141.275518],"字北吉原":[42.520561,141.298877],"字萩野":[42.526493,141.31192],"字石山":[42.5411,141.340908],"字白老":[42.56569,141.338251],"緑町":[42.560706,141.342539],"陣屋町":[42.568401,141.343653],"川沿3":[42.554471,141.345193],"川沿2":[42.55004,141.344688],"川沿4":[42.557044,141.344617],"本町3":[42.549466,141.347134],"本町2":[42.547196,141.347414],"川沿1":[42.553027,141.345438],"緑丘2":[42.558409,141.351156],"緑丘1":[42.555914,141.350102],"高砂町3":[42.546812,141.349509],"緑丘3":[42.558936,141.351404],"緑丘4":[42.563292,141.351016],"栄町3":[42.5545,141.349607],"高砂町4":[42.544062,141.349878],"栄町2":[42.552394,141.349375],"本町1":[42.552213,141.353427],"栄町1":[42.553637,141.353659],"高砂町1":[42.548395,141.353514],"末広町3":[42.555793,141.354696],"高砂町2":[42.547179,141.355395],"末広町4":[42.557212,141.355463],"末広町5":[42.55768,141.356062],"大町1":[42.55035,141.358069],"末広町1":[42.555322,141.359203],"若草町2":[42.557879,141.364342],"末広町2":[42.557326,141.359761],"大町2":[42.553873,141.35995],"大町6":[42.549005,141.359293],"字社台":[42.589748,141.376693],"大町5":[42.550121,141.364064],"若草町1":[42.557357,141.362103],"大町3":[42.552449,141.361899],"大町4":[42.550948,141.363621],"東町1":[42.557816,141.365674],"東町2":[42.55687,141.366564],"東町3":[42.553818,141.366251],"東町5":[42.554309,141.36994],"東町4":[42.555105,141.368383],"日の出町1":[42.562698,141.375061],"日の出町3":[42.557475,141.371177],"日の出町4":[42.555437,141.372347],"日の出町5":[42.561198,141.375923]}