{"清水":[42.557551,140.753492],"大磯町":[42.554181,140.754174],"本町":[42.55206,140.757994],"旭町":[42.546706,140.767528],"青葉町":[42.556689,140.768295],"浜町":[42.54463,140.766759],"栄町":[42.554168,140.773228],"高砂町":[42.548769,140.77874],"三豊":[42.555804,140.775511],"入江":[42.539831,140.792649],"泉":[42.551416,140.794909],"洞爺湖温泉":[42.568451,140.800121]}