{"田浦":[42.596457,141.885551],"晴海":[42.58313,141.896088],"大成1":[42.580049,141.913352],"文京4":[42.576322,141.91552],"文京1":[42.578942,141.91698],"福住4":[42.582199,141.917898],"駒場":[42.57507,141.913177],"文京3":[42.576039,141.919553],"文京2":[42.578029,141.919966],"福住1":[42.585593,141.921915],"福住3":[42.582893,141.922923],"末広1":[42.57856,141.921993],"洋光":[42.571268,141.935685],"美幸4":[42.575136,141.923508],"汐見":[42.563548,141.963967],"美幸1":[42.575829,141.924553],"若草":[42.568219,141.920152],"福住2":[42.579263,141.923131],"二宮":[42.621533,141.958997],"末広2":[42.578662,141.924905],"美幸3":[42.57487,141.924679],"美幸2":[42.575812,141.927811],"青葉1":[42.584393,141.928629],"青葉2":[42.580283,141.929522],"松風3":[42.573393,141.930376],"花園1":[42.577522,141.930138],"花園3":[42.576087,141.93042],"松風1":[42.574623,141.931089],"大原2":[42.578972,141.931899],"豊城":[42.6033,141.968673],"花園2":[42.574422,141.934995],"松風2":[42.57377,141.933498],"宮戸":[42.570953,141.946432],"春日":[42.583204,142.000274],"米原":[42.56076,141.992043],"花岡":[42.579517,142.039042],"旭岡":[42.593923,142.026535],"生田":[42.583968,142.055099],"大原1":[42.581775,141.93207],"大成2":[42.579394,141.911015]}