{"堺町西2":[42.178728,142.758252],"向が丘西3":[42.192103,142.759434],"堺町西5":[42.18525,142.764475],"堺町西3":[42.181663,142.762653],"向が丘西4":[42.190507,142.763922],"堺町西1":[42.178901,142.761112],"堺町西4":[42.184515,142.763686],"堺町東1":[42.178189,142.762875],"堺町西6":[42.185571,142.764885],"堺町東2":[42.176173,142.765253],"堺町東3":[42.179645,142.764937],"向が丘西1":[42.189709,142.766845],"築地2":[42.169764,142.767864],"向が丘西2":[42.190262,142.766471],"堺町東5":[42.181668,142.767082],"堺町東6":[42.185331,142.767365],"堺町東4":[42.179876,142.766935],"築地3":[42.173415,142.766326],"築地1":[42.166896,142.770156],"栄丘西通":[42.173847,142.766908],"向が丘東1":[42.187684,142.76936],"昌平町駅通":[42.169234,142.771051],"栄丘東通":[42.170991,142.769872],"緑町":[42.17437,142.772814],"浜町":[42.160868,142.77493],"向が丘東2":[42.191751,142.772475],"大通1":[42.166071,142.773025],"潮見町":[42.167943,142.778505],"大通2":[42.163634,142.774616],"大通3":[42.162038,142.775661],"字向別":[42.194303,142.779545],"大通4":[42.160882,142.776814],"常盤町":[42.168325,142.783577],"大通5":[42.159395,142.781272],"入船町":[42.159268,142.781006],"旭町":[42.162316,142.785113],"東町うしお1":[42.156359,142.790417],"東町ちのみ1":[42.160679,142.789223],"東町ちのみ2":[42.163357,142.791696],"東町かしわ1":[42.159979,142.794892],"東町ちのみ4":[42.171155,142.799384],"東町かしわ2":[42.162626,142.794382],"東町うしお2":[42.15819,142.796312],"東町ちのみ3":[42.164643,142.793018],"東町かしわ3":[42.164722,142.796982],"東町かしわ4":[42.170062,142.801434],"昌平町東通":[42.166927,142.772986],"昌平町西通":[42.170262,142.774092]}