{"鷹栖":[36.636669,136.938521],"西中":[36.641071,136.926367],"下中":[36.661274,136.915768],"狐島":[36.65077,136.931299],"東中":[36.660001,136.931895],"高波":[36.669003,136.95642],"苗加":[36.621384,136.951981],"神島":[36.635712,136.939907],"鷹栖出":[36.640036,136.942943],"林":[36.645761,136.947538],"野村島":[36.606062,136.954946],"小島":[36.661883,136.945998],"深江":[36.633718,136.94511],"中神":[36.645808,136.948616],"広上町":[36.633339,136.947297],"永福町":[36.638518,136.945786],"小杉":[36.652672,136.9587],"新富町":[36.639424,136.951755],"花島":[36.598439,136.957764],"本町":[36.638643,136.95319],"表町":[36.636919,136.953824],"若草町":[36.644592,136.948224],"鹿島":[36.609461,136.958715],"杉木1":[36.644513,136.953257],"大辻":[36.627835,136.953037],"深江1":[36.63341,136.947554],"杉木2":[36.64639,136.953318],"五郎丸":[36.610508,136.972226],"平和町":[36.64374,136.955286],"三島町":[36.634137,136.953626],"豊町1":[36.630556,136.956144],"太郎丸":[36.624347,136.964678],"荒高屋":[36.596076,136.969297],"杉木":[36.65057,136.957089],"中央町":[36.638136,136.954773],"出町中央":[36.641451,136.955252],"豊町2":[36.627177,136.956787],"杉木3":[36.64836,136.956023],"杉木4":[36.644695,136.956202],"太郎丸1":[36.633728,136.958283],"山王町":[36.635935,136.953703],"一番町":[36.638242,136.955686],"木下":[36.655048,136.961709],"春日町":[36.643945,136.958921],"杉木5":[36.645936,136.957888],"太郎丸3":[36.627497,136.959852],"幸町":[36.635719,136.960474],"新栄町":[36.649519,136.958358],"栄町":[36.648786,136.960663],"寿町":[36.642642,136.956417],"宮沢町":[36.641745,136.958176],"中村":[36.648566,136.960173],"となみ町":[36.638898,136.960515],"平成町":[36.633716,136.961299],"太郎丸2":[36.630534,136.963176],"十年明":[36.653662,136.961412],"花園町":[36.640893,136.960788],"東幸町":[36.636715,136.963774],"庄川町天正":[36.589095,136.976808],"鍋島":[36.635168,136.964129],"新又":[36.647985,136.963862],"宮丸":[36.657957,136.970364],"高道":[36.640163,136.965291],"三郎丸":[36.653089,136.977531],"大門":[36.622367,136.973405],"坪内":[36.630819,136.977174],"千代":[36.657822,136.972702],"庄川町古上野":[36.599811,136.978546],"堀内":[36.649639,136.97206],"宮村":[36.648272,136.97715],"庄川町示野":[36.57381,136.984202],"矢木":[36.630435,136.979115],"庄川町筏":[36.595046,136.973931],"庄川町青島":[36.57645,136.992212],"中野":[36.616144,136.985182],"新明":[36.623302,136.98082],"庄川町五ケ":[36.584608,136.98493],"石丸":[36.667821,136.981643],"庄川町高儀新":[36.590201,136.983387],"太田":[36.624942,136.980906],"千保":[36.653623,136.980713],"庄川町金屋":[36.566095,136.993082],"東石丸":[36.666384,136.98925],"大窪":[36.65792,136.986195],"祖泉":[36.63401,136.98928],"柳瀬":[36.641812,137.000003],"上中野":[36.595563,136.98871],"秋元":[36.657378,136.996406],"庄川町庄":[36.584817,136.9931],"久泉":[36.637,136.993365],"東開発":[36.649865,137.001593],"下中条":[36.652434,137.004205],"庄川町三谷":[36.60769,137.004165],"庄川町名ケ原":[36.570533,137.002088],"庄川町小牧":[36.55446,137.008317],"安川":[36.617954,137.013869],"庄川町湯谷":[36.560181,137.006388],"頼成":[36.644816,137.018249],"庄川町落シ":[36.566607,137.002926],"庄川町湯山":[36.564484,137.006628],"庄川町横住":[36.568526,137.013896],"本小林":[36.668584,137.011786],"権正寺":[36.648593,137.014453],"茶ノ木":[36.624239,137.015728],"東保":[36.660171,137.028497],"井栗谷":[36.594972,137.044418],"八十歩":[36.654324,137.016772],"福山":[36.618506,137.015475],"徳万":[36.644614,137.019612],"五谷":[36.58455,137.021429],"宮森":[36.647181,137.019532],"三合新":[36.634759,137.023066],"三合":[36.630256,137.018595],"伏木谷":[36.581582,137.0202],"寺尾":[36.598233,137.023878],"徳万新":[36.628345,137.030405],"宮森新":[36.647984,137.028115],"福岡":[36.635498,137.022983],"頼成新":[36.640234,137.024249],"芹谷":[36.637995,137.036817],"宮新":[36.651217,137.028612],"川内":[36.572716,137.034585],"増山":[36.644922,137.039916],"上和田":[36.643962,137.038179],"浅谷":[36.620225,137.033682],"東別所新":[36.621131,137.043471],"栃上":[36.618108,137.032637],"東別所":[36.619933,137.04563],"池原":[36.643114,137.042376],"正権寺":[36.642936,137.044749],"坪野":[36.634581,137.050762],"市谷":[36.627051,137.055526],"庄川町前山":[36.558118,136.994358],"庄川町隠尾":[36.566587,137.024918],"中神5":[36.641434,136.943252],"中神3":[36.64564,136.948633],"中神4":[36.639367,136.944879],"中神2":[36.644655,136.948107],"中神1":[36.641609,136.949616]}