{"棚懸":[36.819082,136.864199],"老谷":[36.831978,136.863656],"坪池":[36.802293,136.866862],"三尾":[36.855794,136.879118],"岩瀬":[36.820292,136.863617],"床鍋":[36.844711,136.876258],"葛葉":[36.841152,136.877529],"赤毛":[36.796632,136.892449],"見内":[36.832562,136.888316],"寺尾":[36.898355,136.905086],"論田":[36.880985,136.884729],"触坂":[36.832556,136.89417],"日名田":[36.850531,136.89655],"桑院":[36.817947,136.89674],"熊無":[36.88407,136.897765],"吉池":[36.779729,136.899208],"久目":[36.843193,136.899097],"上余川":[36.887044,136.929123],"小窪":[36.85775,136.911483],"小久米":[36.847942,136.905116],"懸札":[36.921011,136.910456],"鞍骨":[36.80146,136.938892],"日詰":[36.843831,136.901189],"田江":[36.848537,136.904558],"仏生寺":[36.779007,136.903744],"谷屋":[36.878702,136.910943],"早借":[36.846714,136.918596],"新保":[36.863715,136.918467],"吉懸":[36.910703,136.922123],"味川":[36.892174,136.927167],"矢田部":[36.816056,136.954638],"一刎":[36.914038,136.935433],"上田":[36.858102,136.927032],"中村":[36.865405,136.927315],"余川":[36.886697,136.965784],"柿谷":[36.869134,136.943789],"粟原":[36.828248,136.944114],"胡桃":[36.925557,136.939629],"大窪":[36.783489,136.946582],"惣領":[36.799752,136.9461],"泉":[36.86296,136.949273],"吉滝":[36.898413,136.963494],"針木":[36.916503,136.95216],"国見":[36.933578,136.943231],"中尾":[36.851927,136.953893],"小滝":[36.945649,136.950524],"上久津呂":[36.826045,136.947487],"大覚口":[36.798533,136.946133],"中谷内":[36.831788,136.951212],"七分一":[36.865149,136.954117],"西朴木":[36.839051,136.956933],"磯辺":[36.915269,136.953611],"下久津呂":[36.827249,136.949496],"大野":[36.863957,136.956737],"鞍川":[36.858661,136.966895],"万尾":[36.834698,136.961568],"飯久保":[36.810336,136.954647],"大野新":[36.859212,136.966672],"角間":[36.933076,136.96466],"深原":[36.81485,136.959998],"布施":[36.821209,136.963136],"加納":[36.868709,136.975769],"十二町":[36.839876,136.970555],"川尻":[36.83074,136.976713],"神代":[36.804696,136.968948],"海津":[36.826851,136.966373],"森寺":[36.897741,136.964417],"指崎":[36.891475,136.980542],"稲積":[36.880701,136.970941],"矢方":[36.817441,136.971233],"川崎":[36.831886,136.964454],"白川":[36.922415,136.996586],"蒲田":[36.80011,136.968995],"堀田":[36.800249,136.974142],"大浦":[36.832287,136.977488],"北八代":[36.892678,136.989133],"大浦新町":[36.828773,136.974466],"湖光":[36.841768,136.979779],"五十谷":[36.917471,136.975685],"戸津宮":[36.925084,136.993542],"諏訪野":[36.862457,136.9773],"幸町":[36.854436,136.983962],"園":[36.830272,136.983845],"朝日本町":[36.851092,136.985993],"中島":[36.830036,136.978407],"朝日丘":[36.844547,136.983668],"栄町":[36.867482,136.978642],"阿尾":[36.890463,136.991001],"間島":[36.87422,136.981669],"北大町":[36.86441,136.987011],"窪":[36.858365,136.993314],"下田子":[36.808788,137.000387],"長坂":[36.943973,137.000412],"丸の内":[36.857598,136.984107],"中央町":[36.859711,136.986258],"伊勢大町2":[36.846918,136.991658],"伊勢大町1":[36.850177,136.987402],"本町":[36.851762,136.986952],"平":[36.96271,136.996441],"上田子":[36.808052,137.000209],"柳田":[36.824961,136.996086],"比美町":[36.859581,136.990952],"南大町":[36.853597,136.99067],"地蔵町":[36.848069,136.994164],"上泉":[36.821706,136.989385],"平沢":[36.949052,137.003527],"薮田":[36.890553,137.003614],"小竹":[36.801377,137.0042],"宮田":[36.821602,136.998627],"吉岡":[36.960486,137.008783],"小杉":[36.894639,137.006557],"宇波":[36.912186,137.01834],"中田":[36.940984,137.028426],"島尾":[36.827481,137.004255],"泊":[36.908516,137.016765],"脇方":[36.913113,137.022554],"小境":[36.915555,137.025388],"中波":[36.955191,137.044973],"姿":[36.930134,137.027954],"大境":[36.921865,137.028951],"脇":[36.959419,137.050271]}