{"三ケ":[36.80362,137.391407],"住吉":[36.806688,137.404674],"上口1":[36.808369,137.394053],"諏訪町":[36.817494,137.395404],"上口2":[36.810458,137.395701],"本町2":[36.815193,137.3957],"新角川1":[36.811647,137.393632],"本町1":[36.81498,137.395719],"本新":[36.824176,137.397745],"港町":[36.820704,137.394931],"川縁":[36.792376,137.396588],"火の宮町":[36.821502,137.397706],"新角川2":[36.811406,137.398767],"中央通り1":[36.818166,137.39901],"新宿":[36.813039,137.399408],"真成寺町":[36.816509,137.397726],"北鬼江":[36.826885,137.395666],"末広町":[36.818564,137.398435],"双葉町":[36.816579,137.39825],"吉野":[36.788973,137.403471],"金浦町":[36.818805,137.399229],"文化町":[36.81682,137.399467],"村木町":[36.819956,137.401699],"友道":[36.813703,137.400154],"中央通り2":[36.818408,137.399582],"大光寺":[36.808194,137.405992],"鴨川町":[36.818209,137.401646],"川原":[36.789517,137.40385],"慶野":[36.804559,137.403157],"弥源寺":[36.79377,137.403995],"本江":[36.817611,137.402599],"本新町":[36.823934,137.399753],"緑町":[36.823446,137.404081],"青島":[36.833833,137.411795],"北中":[36.835767,137.400115],"仏田":[36.836738,137.401621],"並木町":[36.819132,137.403997],"北鬼江2":[36.827747,137.405453],"新金屋1":[36.821699,137.406343],"仏又":[36.836744,137.402165],"浅生":[36.772251,137.407108],"佐伯":[36.797502,137.404204],"駅前新町":[36.824239,137.406435],"本江新町":[36.819101,137.406821],"北鬼江1":[36.828721,137.409927],"出":[36.79477,137.408464],"舛方":[36.760644,137.418625],"宮津":[36.805073,137.410654],"釈迦堂1":[36.827366,137.406178],"上野":[36.768053,137.414059],"新金屋2":[36.820433,137.407785],"上村木1":[36.825606,137.409609],"本江1":[36.816941,137.408407],"有山":[36.776661,137.409592],"大字下村木町":[36.81786,137.402118],"舛田":[36.777043,137.418249],"下椿":[36.769629,137.414042],"吉島1":[36.828105,137.412522],"高畠":[36.832969,137.412898],"上村木2":[36.824531,137.413409],"経田西町":[36.850346,137.413569],"寿町":[36.856489,137.416289],"大海寺野":[36.805814,137.43348],"相木":[36.821662,137.421576],"吉島2":[36.827746,137.413627],"東町":[36.851946,137.413256],"吉島":[36.825725,137.419469],"上村木":[36.818747,137.408406],"湯上":[36.789198,137.414742],"経田中町":[36.851086,137.412876],"岡経田":[36.844302,137.4149],"天王":[36.845871,137.417642],"江口":[36.83204,137.428396],"金山谷":[36.779795,137.425269],"浜経田":[36.847695,137.420942],"観音堂":[36.782018,137.423253],"新経田":[36.849513,137.418538],"三田":[36.821247,137.42342],"平伝寺":[36.847852,137.421229],"持光寺":[36.842048,137.423794],"室田":[36.787097,137.42833],"相木新":[36.822352,137.421664],"印田":[36.815243,137.42301],"大海寺新":[36.793279,137.445054],"西尾崎":[36.841128,137.423952],"石垣新":[36.812958,137.424455],"六郎丸":[36.820152,137.434343],"立石":[36.830832,137.429455],"木下新":[36.850319,137.427565],"東尾崎":[36.84006,137.437316],"天神野新":[36.84019,137.43662],"袋":[36.816637,137.436355],"蛇田":[36.835385,137.449654],"石垣":[36.791367,137.458469],"横枕":[36.812963,137.451496],"青柳":[36.820057,137.448312],"東山":[36.821291,137.450896],"道坂":[36.810025,137.449874],"釈迦堂":[36.822666,137.394038],"村木":[36.823979,137.39326],"大字田地方町":[36.810493,137.398669],"稗畠":[36.782733,137.429551]}