{"字然別北八線西":[42.968165,143.169036],"字然別北五線西":[42.953413,143.170437],"字然別北四線西":[42.949142,143.168207],"字然別北七線西":[42.963447,143.169113],"字音更西四線":[42.980437,143.171767],"字然別北六線西":[42.958462,143.169751],"字東士狩西四線":[43.002353,143.167094],"字音更西三線":[42.987607,143.179042],"字下音更北六線西":[42.958951,143.17605],"字下音更北四線西":[42.949096,143.185571],"字音更西二線":[43.003363,143.182592],"字下音更北八線西":[42.971823,143.181515],"字下音更北七線西":[42.963898,143.175865],"字下音更北五線西":[42.95423,143.181688],"字音更西一線":[43.003608,143.185857],"すずらん台北町2":[42.954859,143.183988],"字下音更北九線西":[42.97322,143.180167],"すずらん台北町1":[42.954073,143.187017],"すずらん台仲町1":[42.952152,143.187092],"すずらん台南町1":[42.950202,143.187445],"北鈴蘭北5":[42.959216,143.188027],"北鈴蘭南5":[42.956208,143.187959],"南住吉台":[42.977507,143.196282],"中鈴蘭北6":[42.954482,143.188821],"中鈴蘭南6":[42.952335,143.188484],"南鈴蘭北6":[42.948434,143.18751],"雄飛が丘":[42.99221,143.193595],"北鈴蘭北4":[42.958817,143.189435],"南鈴蘭南5":[42.948437,143.192522],"中鈴蘭南5":[42.951358,143.19004],"北鈴蘭南4":[42.956466,143.189907],"中鈴蘭北5":[42.955599,143.18972],"希望が丘":[42.991147,143.194433],"字音更基線":[43.007088,143.191168],"中鈴蘭南4":[42.951645,143.191541],"中鈴蘭元町":[42.954872,143.195394],"南鈴蘭北5":[42.95074,143.192098],"北鈴蘭北3":[42.958941,143.191127],"北鈴蘭南3":[42.956457,143.191462],"北明台":[43.005893,143.195358],"柏寿台":[43.004223,143.194261],"北陽台":[43.000428,143.194386],"緑陽台北区":[42.973424,143.197341],"桜が丘西":[42.996978,143.193244],"中鈴蘭南3":[42.951761,143.193123],"北鈴蘭北2":[42.959053,143.192756],"緑陽台仲区":[42.967985,143.199042],"北鈴蘭南2":[42.956573,143.193079],"南鈴蘭北4":[42.950905,143.194498],"緑陽台南区":[42.964976,143.198651],"共栄台西13":[42.959823,143.19772],"南鈴蘭南4":[42.948751,143.194926],"桜が丘":[42.997107,143.195313],"中鈴蘭南2":[42.951882,143.194647],"北鈴蘭南1":[42.956837,143.195201],"緑が丘":[42.98438,143.195539],"大通北1":[43.003916,143.19674],"共栄台西12":[42.957253,143.196278],"南鈴蘭南3":[42.947281,143.197503],"元町":[42.99398,143.199082],"大通1":[43.00238,143.197436],"南鈴蘭北3":[42.949743,143.197135],"中鈴蘭南1":[42.952516,143.1966],"大通2":[43.001672,143.197974],"大通6":[42.997575,143.199905],"木野新町":[42.95274,143.198655],"大通5":[42.998776,143.198975],"大通4":[42.999776,143.198793],"新通北2":[43.005767,143.200873],"住吉台":[42.986798,143.198039],"大通3":[43.000831,143.198295],"字音更東一線":[43.007747,143.197697],"新通北1":[43.004667,143.20153],"共栄台西11":[42.953608,143.198497],"大通16":[42.984756,143.204354],"大通17":[42.982579,143.205645],"木野公園下町":[42.94231,143.201302],"南鈴蘭北2":[42.949873,143.199047],"新通1":[43.002973,143.202422],"大通18":[42.981473,143.205041],"大通7":[42.996756,143.200393],"南鈴蘭南2":[42.947411,143.199378],"木野大通西1":[42.939945,143.202547],"大通19":[42.97988,143.20563],"共栄台東13":[42.960375,143.200035],"大通8":[42.9958,143.200833],"大通20":[42.978271,143.205791],"木野西通19":[42.976875,143.204858],"共栄台東12":[42.95859,143.200216],"新通2":[43.00178,143.202063],"鈴蘭公園":[42.946176,143.201067],"大通9":[42.994968,143.201286],"大通12":[42.991557,143.202688],"木野西通18":[42.974133,143.205429],"大通13":[42.989124,143.20309],"共栄台東11":[42.955556,143.199888],"木野西通8":[42.951373,143.199754],"新通3":[43.00094,143.20219],"大通14":[42.988122,143.203656],"共栄台東10":[42.952214,143.200957],"木野西通17":[42.971018,143.204925],"大通10":[42.993855,143.201776],"新通4":[43.000021,143.20237],"大通11":[42.992744,143.202019],"木野西通16":[42.968743,143.20496],"木野大通西2":[42.941639,143.203274],"南鈴蘭南1":[42.947558,143.201761],"大通15":[42.986367,143.203981],"木野西通15":[42.966313,143.204817],"新通5":[42.999141,143.20262],"木野西通14":[42.963171,143.204817],"新通6":[42.997828,143.203113],"木野西通11":[42.955586,143.203842],"木野西通13":[42.961554,143.204591],"木野西通10":[42.95422,143.204259],"木野西通12":[42.959414,143.204272],"木野西通9":[42.952565,143.203893],"字東和":[42.981268,143.223244],"新通7":[42.996878,143.204371],"木野西通7":[42.949447,143.204032],"新通8":[42.995908,143.204554],"新通9":[42.99531,143.205622],"木野大通西3":[42.942641,143.203618],"新通10":[42.994507,143.205616],"木野西通6":[42.94773,143.202823],"新通11":[42.992856,143.205393],"木野西通5":[42.946235,143.203799],"木野西通4":[42.944661,143.203508],"木野大通東1":[42.938883,143.204674],"新通12":[42.991381,143.205745],"木野大通西4":[42.944778,143.20405],"木野大通東2":[42.941639,143.20478],"新通13":[42.989878,143.205045],"新通14":[42.988257,143.205403],"木野大通西6":[42.947702,143.204257],"木野大通西7":[42.949946,143.204729],"木野大通西5":[42.946741,143.204281],"木野大通東3":[42.942639,143.205077],"新通15":[42.986754,143.206851],"木野大通東4":[42.944616,143.205404],"木野大通西8":[42.951416,143.20483],"木野大通西9":[42.9537,143.205231],"木野大通東5":[42.946694,143.205732],"新通16":[42.985382,143.205668],"木野大通西10":[42.955095,143.20537],"木野東通1":[42.938966,143.206179],"木野東通2":[42.941816,143.207505],"木野大通西11":[42.956931,143.20564],"木野大通東6":[42.947726,143.207999],"木野大通西12":[42.959645,143.205749],"木野大通東7":[42.948274,143.206867],"木野大通西13":[42.96023,143.205817],"新通17":[42.983789,143.209331],"木野大通西14":[42.963581,143.205954],"木野大通西15":[42.965162,143.206719],"木野大通東8":[42.949621,143.208738],"木野東通3":[42.942638,143.207093],"木野大通西16":[42.968019,143.206803],"木野大通東9":[42.953033,143.20846],"新通18":[42.981806,143.209342],"木野東通4":[42.944499,143.208277],"木野大通西17":[42.972117,143.207323],"木野大通東10":[42.954977,143.209146],"木野大通西18":[42.973745,143.207466],"木野東通5":[42.945931,143.208336],"木野大通東11":[42.957439,143.209377],"新通19":[42.980318,143.209527],"木野大通東12":[42.959632,143.211001],"木野大通西19":[42.97548,143.207679],"東通11":[42.993087,143.209987],"新通20":[42.978681,143.209895],"東通12":[42.991507,143.210966],"木野大通東13":[42.96398,143.21431],"東通10":[42.994726,143.207671],"東通13":[42.990605,143.212501],"木野大通東14":[42.965182,143.213732],"東通14":[42.988767,143.212931],"木野大通東15":[42.96578,143.210608],"東通15":[42.986709,143.213506],"木野大通東16":[42.968685,143.210456],"木野大通東17":[42.972246,143.211946],"木野大通東18":[42.973488,143.21192],"木野大通東19":[42.975692,143.211626],"宝来本通1":[42.95381,143.213092],"柳町仲区":[42.971633,143.217446],"柳町南区":[42.968312,143.215505],"東通16":[42.984997,143.216242],"東通17":[42.984,143.212578],"東通18":[42.982107,143.214092],"東通19":[42.980573,143.214774],"東通20":[42.978825,143.215656],"柳町北区":[42.974217,143.217041],"ひびき野西町1":[42.941934,143.21612],"ひびき野西町2":[42.940649,143.216286],"宝来西町南2":[42.944604,143.215463],"宝来北一条2":[42.95449,143.214169],"宝来西町北1":[42.949111,143.215103],"宝来西町南1":[42.946155,143.215503],"宝来北三条4":[42.963454,143.217939],"宝来北二条3":[42.957747,143.216385],"宝来北一条3":[42.951706,143.216435],"宝来北四条4":[42.968419,143.217772],"宝来仲町北1":[42.949789,143.218437],"宝来北二条4":[42.956673,143.21829],"宝来仲町南1":[42.946292,143.218988],"宝来仲町南2":[42.943448,143.218754],"ひびき野仲町2":[42.939637,143.219487],"ひびき野仲町1":[42.941962,143.219524],"宝来北五条7":[42.972207,143.222153],"宝来北一条4":[42.951914,143.218414],"宝来北四条5":[42.966194,143.219644],"宝来北三条5":[42.962264,143.220098],"宝来北二条5":[42.958793,143.220188],"宝来東町北1":[42.950112,143.221807],"宝来東町南1":[42.946501,143.222096],"宝来北一条5":[42.951493,143.221328],"宝来東町南2":[42.944322,143.223976],"ひびき野東町1":[42.941217,143.223664],"宝来北四条6":[42.967151,143.221058],"宝来北六条7":[42.977046,143.221733],"ひびき野東町2":[42.939561,143.225743],"宝来北三条6":[42.964658,143.222101],"宝来北二条6":[42.957263,143.222355],"宝来北一条6":[42.951499,143.224081],"宝来北四条7":[42.967393,143.224028],"宝来本通6":[42.947433,143.223945],"宝来北三条7":[42.962366,143.224028],"宝来南二条6":[42.940472,143.225637],"宝来北二条7":[42.957467,143.225007],"宝来北六条8":[42.97736,143.224434],"宝来北五条8":[42.97241,143.224993],"宝来南一条6":[42.942298,143.224667],"宝来北一条7":[42.95244,143.225638],"宝来南一条7":[42.943628,143.226098],"宝来北四条8":[42.967508,143.225712],"宝来本通7":[42.949328,143.22624],"宝来北三条8":[42.962529,143.226263],"宝来北二条8":[42.957551,143.226877],"宝来南一条8":[42.94325,143.228105],"字下士幌":[42.934336,143.287601],"宝来北一条8":[42.952588,143.227491],"宝来本通8":[42.947597,143.228198],"十勝川温泉南1":[42.945693,143.268994],"十勝川温泉南3":[42.943514,143.274664],"十勝川温泉南2":[42.944912,143.270915],"十勝川温泉北4":[42.946444,143.27498],"十勝川温泉南4":[42.941842,143.276924],"十勝川温泉北5":[42.94518,143.279596],"十勝川温泉南5":[42.939601,143.279862],"十勝川温泉北6":[42.941451,143.281523],"十勝川温泉南6":[42.938937,143.281288],"十勝川温泉北7":[42.939576,143.284061],"十勝川温泉":[42.943129,143.30479],"十勝川温泉北8":[42.937781,143.287104],"十勝川温泉南10":[42.935705,143.289614],"十勝川温泉北9":[42.937467,143.289214],