{"国重":[36.705655,137.296432],"東芦原":[36.693614,137.302751],"稲荷":[36.70449,137.301116],"竹内":[36.706272,137.309473],"海老江":[36.696894,137.305174],"竹鼻":[36.696176,137.305448],"古海老江":[36.687431,137.305469],"佛生寺":[36.70511,137.308245],"舟橋":[36.70162,137.317357],"上国重":[36.705471,137.296104]}