{"放士ケ瀬":[36.713766,137.322422],"久金新":[36.720408,137.323164],"久金":[36.725717,137.326081],"新清水":[36.707351,137.322422],"放士ケ瀬新":[36.712324,137.330011],"飯坂新":[36.716374,137.331994],"下荒又":[36.710402,137.329129],"上荒又":[36.711596,137.330122],"下青出":[36.725031,137.329249],"中青出":[36.717464,137.335074],"神田":[36.697344,137.339352],"正印新":[36.700432,137.336059],"新村":[36.692602,137.334751],"中開発":[36.710898,137.33729],"相ノ木新町":[36.708074,137.334781],"下経田":[36.702759,137.338287],"上条沖":[36.723658,137.336973],"飯坂":[36.712857,137.336656],"石仏":[36.728255,137.342599],"青出新":[36.714398,137.340562],"竹鼻":[36.734341,137.345258],"正印":[36.69834,137.340896],"横越":[36.692289,137.347024],"上経田1":[36.705838,137.340872],"上経田5":[36.70324,137.344879],"弥市":[36.72628,137.343265],"中小泉":[36.708359,137.348469],"江上":[36.714203,137.348093],"下経田1":[36.703316,137.341502],"川原田":[36.696476,137.340705],"和合":[36.684867,137.349756],"上経田3":[36.705241,137.347287],"大永田":[36.726403,137.357179],"上経田4":[36.704577,137.347574],"大坪":[36.697962,137.358387],"稗田":[36.697647,137.35969],"上経田2":[36.705863,137.346429],"上正":[36.702698,137.346924],"江又":[36.711736,137.348336],"正印1":[36.70316,137.346778],"東江上":[36.720144,137.350364],"中江上":[36.715315,137.35689],"若杉新2":[36.70561,137.347404],"若杉新1":[36.703838,137.348012],"若杉新":[36.706536,137.349423],"若杉3":[36.706109,137.35027],"横法音寺":[36.699927,137.35598],"森尻":[36.721203,137.360262],"若杉":[36.706903,137.353963],"舘":[36.670929,137.364405],"女川":[36.678938,137.361517],"新屋":[36.688626,137.355617],"湯上野":[36.699214,137.370508],"荒田":[36.713039,137.358276],"法音寺":[36.700257,137.354451],"三日市":[36.704968,137.356983],"柳町":[36.712605,137.358166],"柿沢":[36.685883,137.363048],"天神町":[36.711118,137.359601],"西町":[36.707055,137.361381],"鍵町":[36.704077,137.362722],"新町":[36.706174,137.361295],"熊野町":[36.705935,137.361328],"幸町":[36.706846,137.362921],"旭町":[36.708654,137.369828],"西中町":[36.705551,137.363943],"栄町":[36.707432,137.363821],"南町":[36.703566,137.364872],"松和町":[36.707041,137.364379],"郷柿沢":[36.714096,137.369594],"上法音寺":[36.699668,137.368505],"上中町":[36.705511,137.364661],"石浦町":[36.706884,137.364597],"湯神子":[36.690024,137.366249],"森元町":[36.703629,137.366756],"錦町":[36.705782,137.365856],"湯崎野":[36.692921,137.373653],"神明町":[36.703565,137.367206],"北島":[36.700055,137.369125],"柿沢新":[36.713937,137.376201],"野開発":[36.716405,137.37553],"広市新":[36.714977,137.375511],"田島野":[36.706145,137.369999],"広野新":[36.717195,137.37601],"斉神新":[36.704988,137.373456],"塩谷":[36.66389,137.383373],"広野":[36.714417,137.376773],"堤谷":[36.692164,137.384405],"大松新":[36.671309,137.377378],"大松":[36.668173,137.387618],"眼目新":[36.694821,137.384362],"大岩":[36.663636,137.394362],"丸山":[36.694318,137.383845],"砂林開":[36.719675,137.386651],"野島":[36.702741,137.378637],"須山":[36.681116,137.395095],"湯神子野":[36.695057,137.386239],"極楽寺":[36.696318,137.39125],"黒川":[36.72038,137.406084],"眼目":[36.694423,137.397158],"片地":[36.70273,137.399209],"釈泉寺":[36.687529,137.409022],"稲村":[36.683905,137.422935],"四葉台":[36.703253,137.349579],"野福":[36.697913,137.34051],"東町":[36.70401,137.370002]}