{"下山新":[36.912192,137.540695],"窪田":[36.928186,137.539026],"金山":[36.926059,137.542851],"舟川新":[36.939034,137.544223],"下野":[36.911575,137.543827],"三枚橋":[36.93258,137.549175],"大家庄":[36.927497,137.557758],"月山":[36.945,137.553146],"草野":[36.950913,137.552666],"高橋":[36.920026,137.549223],"野新":[36.914969,137.546885],"赤川":[36.958328,137.54825],"浜草野":[36.959075,137.556846],"横水":[36.916572,137.553784],"東草野":[36.952488,137.552517],"中草野":[36.957401,137.551839],"藤塚":[36.911962,137.561864],"平柳":[36.951074,137.555234],"不動堂":[36.924733,137.557331],"西町":[36.95307,137.554477],"月山新":[36.943624,137.553756],"桜町":[36.938072,137.560095],"山崎":[36.917323,137.575244],"山崎新":[36.896588,137.562839],"泊":[36.955043,137.558678],"荒川":[36.953535,137.560278],"殿町":[36.918248,137.574485],"大屋新":[36.961792,137.560227],"道下":[36.951479,137.565428],"細野":[36.910622,137.56145],"沼保":[36.953234,137.565175],"南保":[36.909267,137.589627],"山王":[36.913264,137.561882],"泊新":[36.960023,137.564266],"長野":[36.925047,137.572093],"横尾":[36.962439,137.573723],"棚山":[36.886648,137.571826],"笹川":[36.951959,137.598769],"宮崎":[36.974459,137.600131],"蛭谷":[36.905848,137.594862],"境":[36.976763,137.619841],"元屋敷":[36.963144,137.57581]}