{"芦崎":[36.928139,137.433447],"本村":[36.917215,137.443326],"高畠":[36.919925,137.442573],"下飯野":[36.927153,137.448609],"五郎八":[36.91659,137.443735],"蛇沢":[36.919135,137.443417],"板屋":[36.9062,137.457984],"高瀬":[36.928752,137.451354],"五十里":[36.933595,137.45464],"笹原":[36.916537,137.455587],"下飯野新":[36.929104,137.461238],"東狐":[36.924095,137.458961],"神子沢":[36.932444,137.460843],"上飯野":[36.904216,137.482698],"木根":[36.933675,137.468872],"目川":[36.93543,137.476179],"青木":[36.913201,137.483479],"道古":[36.913142,137.48184],"吉原":[36.936852,137.477539],"上飯野新":[36.909273,137.483811],"袖沢":[36.909257,137.483301],"道市":[36.936518,137.478566],"福島":[36.900635,137.494442],"青木新":[36.912148,137.483959],"福島新":[36.906682,137.49351],"上野":[36.927987,137.500828],"吉原東":[36.946416,137.488586],"田中":[36.947637,137.498619],"入膳":[36.927097,137.503033],"若栗新":[36.895974,137.505471],"一宿":[36.901298,137.510977],"東五十里":[36.948803,137.50133],"小摺戸":[36.890186,137.523042],"八幡":[36.955731,137.509672],"君島":[36.948377,137.510032],"神林":[36.918843,137.515314],"椚山":[36.94278,137.517253],"新屋":[36.888594,137.533382],"青島":[36.923388,137.516083],"横山":[36.954656,137.510579],"椚山新":[36.9452,137.519025],"小杉":[36.928658,137.5275],"浦山新":[36.876992,137.534852],"田ノ又":[36.946004,137.51856],"春日":[36.956959,137.529265],"荒又":[36.950956,137.528354],"下山":[36.888195,137.540074],"藤原":[36.950321,137.53075],"古黒部":[36.951046,137.534315],"中沢":[36.905357,137.543601],"墓ノ木":[36.873991,137.5433],"西中":[36.897604,137.536821],"野中":[36.908153,137.548968],"舟見":[36.880441,137.557735],"今江":[36.907791,137.55508],"古林":[36.907394,137.555892]}