{"西三条北1":[43.080717,142.825435],"西四条南1":[43.079204,142.821828],"西三条南5":[43.073996,142.82723],"西二条北3":[43.084129,142.827205],"字新得":[43.070096,142.846319],"西三条南1":[43.080291,142.825284],"西四条南4":[43.075625,142.82419],"西四条南3":[43.077544,142.823875],"西三条南3":[43.078125,142.827007],"西一条北3":[43.086584,142.828034],"西二条北2":[43.082921,142.827511],"西二条北1":[43.081849,142.826729],"西三条南6":[43.073537,142.826272],"西三条南4":[43.077493,142.827002],"西二条南1":[43.080683,142.829208],"西二条南3":[43.079081,142.828198],"西二条南4":[43.078291,142.830813],"西二条南2":[43.079957,142.82723],"西一条北2":[43.083986,142.830646],"西一条北1":[43.083102,142.831584],"西二条南6":[43.074572,142.829699],"西一条南1":[43.082105,142.831942],"西二条南7":[43.073047,142.832913],"西二条南5":[43.075478,142.830488],"西一条南2":[43.080921,142.83256],"西一条南3":[43.0792,142.832019],"本通北3":[43.084813,142.833025],"本通北4":[43.087483,142.831532],"西一条南4":[43.078702,142.832526],"本通北1":[43.083204,142.833518],"西一条南6":[43.07323,142.835443],"元町":[43.084934,142.835089],"西一条南5":[43.076373,142.833425],"本通北2":[43.083819,142.833266],"本通北6":[43.095029,142.833778],"本通南1":[43.082132,142.833959],"栄町":[43.085088,142.839952],"本通南2":[43.080752,142.833841],"一条北2":[43.08408,142.833823],"一条北1":[43.083352,142.83421],"本通南3":[43.07998,142.834856],"本通南4":[43.078137,142.835612],"一条南1":[43.082281,142.834652],"二条北1":[43.083391,142.835642],"本通南5":[43.077102,142.83605],"一条南2":[43.081206,142.835099],"二条南1":[43.082568,142.835996],"一条南3":[43.080137,142.835548],"本通南6":[43.075898,142.836754],"二条南2":[43.081496,142.836437],"一条南4":[43.078296,142.836303],"二条南3":[43.080431,142.836876],"本通南7":[43.074774,142.837457],"三条北1":[43.083523,142.836834],"三条南1":[43.08279,142.837294],"一条南5":[43.077261,142.836758],"二条南4":[43.078806,142.837855],"三条南2":[43.081783,142.83772],"一条南6":[43.075991,142.837259],"二条南5":[43.07763,142.838125],"三条南3":[43.080447,142.838281],"一条南7":[43.074042,142.838443],"二条南6":[43.075897,142.838778],"四条南1":[43.083022,142.838667],"四条南2":[43.082082,142.839075],"二条南7":[43.074519,142.839143],"三条南4":[43.079668,142.838653],"四条南3":[43.080875,142.838825],"拓鉄":[43.07117,142.840155],"四条南4":[43.079927,142.839666],"五条南1":[43.083269,142.839843],"三条南5":[43.077999,142.838646],"三条南6":[43.076756,142.839918],"五条南2":[43.081571,142.840994],"四条南5":[43.078098,142.840496],"五条南3":[43.081174,142.840137],"五条南4":[43.080151,142.840549],"四条南6":[43.076407,142.841182],"四条南7":[43.074913,142.841732],"五条南7":[43.075301,142.843707],"屈足緑町西4":[43.106068,142.897172],"屈足緑町西3":[43.103763,142.89733],"屈足緑町西2":[43.10203,142.89839],"屈足緑町西1":[43.100288,142.899427],"屈足緑町4":[43.105516,142.900749],"屈足緑町3":[43.104387,142.902229],"屈足南町":[43.0938,142.904554],"屈足緑町2":[43.102433,142.902854],"屈足緑町1":[43.101298,142.903199],"屈足幸町1":[43.099899,142.903641],"屈足幸町2":[43.097213,142.904486],"屈足幸町3":[43.096158,142.903268],"屈足柏町5":[43.107738,142.903268],"屈足幸町4":[43.094671,142.903805],"屈足柏町4":[43.10724,142.906147],"屈足柏町3":[43.105326,142.905295],"屈足柏町2":[43.103594,142.905157],"屈足柏町1":[43.101316,142.904142],"屈足旭町1":[43.099819,142.907113],"屈足旭町2":[43.098776,142.906272],"屈足旭町3":[43.096469,142.908471],"屈足旭町4":[43.095222,142.907606],"屈足柏町東3":[43.105146,142.906148],"屈足柏町東2":[43.104781,142.908158],"屈足柏町東1":[43.102319,142.909045],"屈足旭町東1":[43.100385,142.908005],"屈足旭町東2":[43.098971,142.908361],"西三条南2":[43.07969,142.825719],"屈足緑町5":[43.107394,142.899968],"屈足旭町東4":[43.095704,142.909951],"屈足旭町東3":[43.097427,142.90934]}