{"字振別":[42.498406,143.264605],"幸町":[42.487048,143.265691],"字大樹":[42.50158,143.269784],"緑町":[42.494559,143.270221],"字下大樹":[42.50277,143.284686],"西本通":[42.488166,143.269518],"新通4":[42.497516,143.271374],"高校通":[42.493431,143.273887],"鏡町":[42.484735,143.274092],"新通3":[42.498875,143.273846],"字日方":[42.477725,143.277251],"南通2":[42.497289,143.274378],"一条通":[42.490014,143.276054],"新通2":[42.498385,143.275108],"寿通1":[42.489221,143.275547],"二条通":[42.490861,143.276669],"三条通":[42.491743,143.277517],"南通1":[42.496193,143.275691],"柏木町":[42.500275,143.272973],"新通1":[42.497858,143.276434],"東本通":[42.49721,143.280741],"栄通":[42.489004,143.277265],"仲通":[42.495904,143.279053],"暁町":[42.488022,143.281721],"双葉町":[42.497498,143.283635],"松山町":[42.494343,143.282946],"北通":[42.498935,143.27543],"南通3":[42.497329,143.273445],"寿通2":[42.487722,143.276202],"寿通3":[42.485009,143.278991]}