{"紅葉通北3":[42.29004,143.288001],"紅葉通北2":[42.289159,143.292527],"丸山通南8":[42.296357,143.294121],"紅葉通北1":[42.288553,143.296714],"丸山通南7":[42.296423,143.298744],"丸山通南6":[42.294089,143.300085],"丸山通北6":[42.298501,143.300854],"丸山通南5":[42.293853,143.300865],"公園通南4":[42.299523,143.307084],"丸山通北5":[42.297499,143.304187],"丸山通南4":[42.293915,143.303883],"丸山通北4":[42.297068,143.305738],"丸山通北2":[42.295173,143.307899],"丸山通北3":[42.296012,143.308986],"錦通南4":[42.303216,143.30796],"公園通北4":[42.300363,143.307499],"丸山通南2":[42.293779,143.307397],"陣屋":[42.286393,143.301445],"公園通南3":[42.297868,143.309108],"西四条9":[42.287027,143.308811],"公園通北3":[42.29985,143.310128],"字茂寄":[42.279799,143.295586],"字野塚":[42.33029,143.330153],"西三条10":[42.288403,143.311034],"丸山通北1":[42.295138,143.312537],"錦通南2":[42.300445,143.313793],"西四条7":[42.285775,143.311805],"西二条10":[42.28895,143.312287],"西三条8":[42.286602,143.311578],"並木通西1":[42.297453,143.311448],"西一条11":[42.290496,143.312776],"本通13":[42.292921,143.312591],"東一条14":[42.29435,143.313193],"西三条6":[42.285481,143.313283],"西一条10":[42.289495,143.313557],"西二条8":[42.287418,143.313472],"本通12":[42.292026,143.313277],"東一条13":[42.293466,143.313849],"本通11":[42.291029,143.314044],"錦通北2":[42.305255,143.313667],"西二条7":[42.286716,143.314005],"並木通東1":[42.294861,143.317961],"東一条12":[42.29257,143.314535],"西三条5":[42.284788,143.313817],"西二条6":[42.28575,143.313917],"本通10":[42.290036,143.314814],"西一条9":[42.288649,143.314202],"西二条5":[42.285328,143.315077],"西一条7":[42.287258,143.315267],"西一条8":[42.287954,143.314731],"本通9":[42.289193,143.315464],"西二条4":[42.28463,143.315621],"東二条12":[42.293109,143.315795],"本通8":[42.288495,143.315999],"西二条3":[42.283935,143.316162],"並木通西2":[42.298188,143.314058],"西一条6":[42.28656,143.315806],"東二条11":[42.291839,143.315938],"本通7":[42.2878,143.316535],"並木通東2":[42.298128,143.315474],"並木通西3":[42.308237,143.318096],"東一条9":[42.289488,143.3163],"西一条4":[42.284897,143.316247],"東三条12":[42.293739,143.316962],"西一条5":[42.285864,143.316343],"本通6":[42.287097,143.31708],"西二条2":[42.283245,143.316694],"西一条3":[42.284203,143.316792],"本通5":[42.28613,143.316984],"並木通東3":[42.302885,143.320359],"西一条2":[42.28351,143.317329],"本通4":[42.285633,143.318117],"東一条5":[42.28685,143.318244],"本通3":[42.285021,143.318776],"会所前4":[42.297417,143.325413],"会所前3":[42.287367,143.319569],"並木通東4":[42.308336,143.322261],"会所前2":[42.28544,143.320894],"会所前1":[42.282427,143.320227],"会所通":[42.283903,143.319332],"西一条1":[42.283189,143.318212],"西二条1":[42.282069,143.316796],"西三条3":[42.282954,143.314719],"西三条4":[42.283542,143.313175],"西四条5":[42.283821,143.311776],"東一条7":[42.288406,143.317843],"東一条6":[42.287586,143.318015],"東一条8":[42.288907,143.316929],"東一条10":[42.290364,143.316317],"東二条10":[42.290726,143.31689],"東三条11":[42.292045,143.317099],"紅葉通南2":[42.287925,143.279087],"西四条6":[42.284252,143.310486],"紅葉通南1":[42.286376,143.294737],"公園通北2":[42.298434,143.313141],"西二条11":[42.289227,143.309518],"西三条11":[42.288843,143.30995],"丸山通北7":[42.29819,143.2993],"白樺通北1":[42.291098,143.300301],"丸山通南1":[42.291515,143.307339]}