{"字途別":[42.884264,143.241076],"字依田":[42.891534,143.268534],"札内堤町":[42.911671,143.232654],"札内西町":[42.92019,143.239396],"字日新":[42.852892,143.238243],"札内北栄町":[42.916693,143.239904],"札内桜町":[42.920671,143.246131],"札内共栄町":[42.915899,143.246685],"札内北町":[42.921625,143.252868],"札内文京町":[42.90574,143.24817],"札内桂町":[42.911121,143.247484],"札内みずほ町":[42.905242,143.253493],"札内新北町":[42.916944,143.2534],"札内若草町":[42.912725,143.254103],"札内あかしや町":[42.905799,143.255122],"札内稔町":[42.925857,143.25338],"札内中央町":[42.912031,143.260854],"字千住":[42.909087,143.278029],"札内東町":[42.931194,143.263194],"札内豊町":[42.916986,143.260317],"札内泉町":[42.908866,143.259995],"札内暁町":[42.918577,143.269805],"札内青葉町":[42.914894,143.269107],"札内春日町":[42.909512,143.270387],"字相川":[42.913642,143.332705],"字豊岡":[42.897641,143.331921],"字猿別":[42.899716,143.342624],"字軍岡":[42.89185,143.36135],"寿町":[42.905249,143.356197],"錦町":[42.908032,143.359179],"宝町":[42.903495,143.359028],"南町":[42.902196,143.357702],"本町":[42.910209,143.361243],"旭町":[42.91602,143.365713],"幸町":[42.910958,143.359956],"新町":[42.908101,143.367839],"緑町":[42.901396,143.371235],"字明野":[42.898523,143.402874],"字大豊":[42.886717,143.383713]}