{"字千代田":[42.92929,143.412441],"字川合":[42.914827,143.445112],"字利別西町":[42.933156,143.417254],"字利別南町":[42.927024,143.428343],"字豊田":[42.945407,143.421364],"字利別本町":[42.929736,143.437302],"字利別東町":[42.917098,143.44348],"字西二条10":[42.936053,143.443795],"字西三条8":[42.929288,143.445515],"字西一条4":[42.925013,143.449673],"字西三条7":[42.92885,143.445666],"字西三条5":[42.925771,143.445722],"字西三条4":[42.924803,143.445926],"字西二条8":[42.929906,143.447176],"字西三条6":[42.926911,143.446618],"字西二条9":[42.932207,143.446829],"字西二条5":[42.925763,143.447236],"字西二条4":[42.924958,143.448844],"字西一条10":[42.935373,143.447252],"字西二条7":[42.928498,143.448405],"字西二条6":[42.927408,143.448244],"字西一条9":[42.932246,143.447686],"字西一条8":[42.929731,143.449149],"字西一条11":[42.937193,143.447462],"字西一条7":[42.929057,143.448296],"字旭町6":[42.937514,143.448421],"字西二条3":[42.923751,143.447887],"字西一条6":[42.927056,143.449412],"字西二条2":[42.922693,143.448854],"字西一条5":[42.926135,143.44953],"字西一条1":[42.921763,143.449708],"字大通7":[42.928829,143.44938],"字西一条3":[42.923894,143.449814],"字旭町5":[42.936069,143.452168],"字西一条2":[42.922772,143.449959],"字大通6":[42.927785,143.450343],"字旭町3":[42.932005,143.45391],"字大通1":[42.921106,143.451826],"字大通3":[42.923914,143.451031],"字旭町2":[42.928858,143.453727],"字大通5":[42.926206,143.450602],"字大通4":[42.925082,143.450758],"字東一条":[42.923839,143.45168],"字大通2":[42.922853,143.45106],"字東二条":[42.914628,143.457591],"字大通南1":[42.917821,143.451228],"字旭町1":[42.925154,143.454592],"字昭栄":[42.911076,143.455161],"字清見":[42.931606,143.460065],"字清見ケ丘":[42.927851,143.458835],"字西二条11":[42.938125,143.44292],"字旭町4":[42.933275,143.448902],"字西三条9":[42.932601,143.444223]}