{"字材木町":[42.811161,143.649678],"字住吉町":[42.806132,143.652248],"字帯富":[42.822818,143.662217],"字栄町":[42.810038,143.654777],"字本町":[42.811783,143.654792],"字万年":[42.796942,143.652671],"字緑町":[42.808396,143.654533],"字宝町":[42.81542,143.658118],"字新町":[42.807516,143.655186],"字末広町":[42.812819,143.655296],"字桜町":[42.808857,143.658335],"字幸町":[42.811264,143.656611],"字寿町":[42.81254,143.660069],"字南町":[42.80599,143.658493],"字東山町":[42.812712,143.663148],"字北町":[42.813964,143.664042]}