{"桂2":[43.005235,144.399959],"桂3":[43.005952,144.401531],"桂4":[43.006639,144.402528],"桂1":[43.003528,144.399315],"桂5":[43.00869,144.401877],"光和1":[43.002876,144.400576],"光和2":[43.003668,144.401814],"桂木3":[43.011141,144.402326],"光和5":[43.00169,144.402162],"光和3":[43.005179,144.402921],"光和6":[43.003214,144.403684],"桂木2":[43.0107,144.404409],"北見団地1":[42.999194,144.405157],"新開1":[42.999777,144.403525],"光和4":[43.005824,144.405002],"新開2":[43.001371,144.403935],"光和7":[43.003971,144.404416],"桂木1":[43.009103,144.404812],"桂木6":[43.01291,144.405069],"新開3":[43.002519,144.405802],"新開5":[43.001511,144.405763],"光和8":[43.005185,144.405762],"木場1":[43.005548,144.406848],"桂木5":[43.012048,144.406077],"新開4":[43.003869,144.407324],"北見団地2":[42.999338,144.406672],"北見団地3":[43.000464,144.40675],"桂木4":[43.011312,144.408153],"新開6":[43.002114,144.407222],"曙1":[43.012206,144.409254],"北見団地4":[43.001488,144.409095],"北見団地6":[43.000369,144.40882],"木場3":[43.006078,144.414678],"新開7":[43.002873,144.408357],"曙2":[43.012428,144.411241],"木場2":[43.008892,144.409786],"北見団地5":[43.002187,144.409375],"曙3":[43.013175,144.4126],"北見団地7":[43.000516,144.410448],"曙4":[43.013549,144.413189],"睦1":[43.009082,144.412811],"北都2":[43.017885,144.415489],"睦2":[43.010096,144.41384],"睦3":[43.012387,144.415652],"国誉1":[43.00887,144.413983],"北都1":[43.016318,144.417358],"国誉2":[43.007875,144.415126],"睦4":[43.009766,144.414772],"豊美2":[43.019807,144.418607],"富原":[43.012453,144.417211],"国誉4":[43.007802,144.416705],"睦5":[43.011753,144.416407],"国誉5":[43.006452,144.416702],"国誉3":[43.009546,144.417675],"睦6":[43.01072,144.416955],"豊美1":[43.018879,144.420235],"国誉6":[43.009618,144.418311],"若葉1":[43.008797,144.418719],"中央1":[43.001359,144.422937],"若葉2":[43.007164,144.419277],"雪裡":[43.020598,144.420581],"雁来":[43.01641,144.421394],"中央3":[43.00669,144.422617],"若葉3":[43.010116,144.420096],"中央2":[43.003665,144.423775],"若葉6":[43.011277,144.419911],"若葉4":[43.009857,144.421165],"字別保原野":[42.994201,144.456974],"若葉5":[43.009925,144.422091],"字別保原野南二十五線":[42.995205,144.448935],"中央4":[43.008562,144.42886],"東陽大通西2":[42.998933,144.426957],"東陽西2":[43.000943,144.430005],"中央5":[43.011638,144.429689],"東陽大通西1":[42.996927,144.435483],"中央7":[43.009933,144.434526],"字別保原野南二十四線":[43.003222,144.432327],"中央6":[43.012882,144.433086],"字トリトウシ":[43.068076,144.484686],"中央8":[43.01065,144.432821],"東陽西1":[42.999902,144.434336],"中央9":[43.014968,144.442043],"中央10":[43.003891,144.446734],"釧望台2":[43.020244,144.441879],"釧望台1":[43.021516,144.442992],"字イワボッケ":[43.069654,144.454789],"遠矢9":[43.046675,144.454572],"わらび4":[43.03275,144.45347],"字トリトウシ原野":[43.030859,144.448614],"わらび1":[43.028853,144.455397],"河畔1":[43.032916,144.450831],"字鳥通原野":[43.066193,144.486186],"河畔2":[43.034246,144.452351],"字達古武":[43.105827,144.513229],"河畔4":[43.035324,144.453471],"字床丹":[43.022758,144.472628],"河畔10":[43.038972,144.452994],"鳥里4":[43.041785,144.454029],"河畔5":[43.036142,144.453837],"河畔6":[43.036962,144.454197],"わらび2":[43.030622,144.45399],"河畔9":[43.03917,144.454014],"鳥里3":[43.040216,144.454475],"鳥里7":[43.043294,144.454634],"河畔8":[43.037342,144.45463],"わらび3":[43.030367,144.455719],"遠矢南1":[43.037454,144.456995],"鳥里5":[43.040543,144.45654],"鳥里6":[43.04258,144.455768],"遠矢6":[43.046628,144.45634],"鳥里2":[43.039662,144.45611],"河畔7":[43.03838,144.456194],"遠矢5":[43.045369,144.455766],"鳥通西1":[43.05175,144.458027],"遠矢7":[43.04766,144.456825],"遠矢3":[43.045021,144.456856],"遠矢8":[43.048793,144.457343],"鳥通西5":[43.052986,144.459607],"南陽台1":[43.042513,144.457292],"別保1":[42.995186,144.469053],"遠矢4":[43.047829,144.457949],"遠矢南5":[43.035506,144.457981],"よし野1":[43.040922,144.457864],"遠矢南2":[43.03739,144.457603],"遠矢南4":[43.036457,144.458461],"よし野3":[43.039086,144.459159],"よし野2":[43.040786,144.460778],"南陽台2":[43.040208,144.459581],"遠矢南3":[43.03786,144.45848],"遠矢2":[43.050069,144.459615],"遠矢1":[43.046359,144.459751],"遠矢南6":[43.036588,144.460635],"鳥通西6":[43.054836,144.465703],"よし野7":[43.039828,144.461323],"南陽台3":[43.042555,144.461621],"別保5":[42.992618,144.466595],"よし野4":[43.040887,144.463355],"鳥通西10":[43.056675,144.464544],"南陽台9":[43.044238,144.463528],"よし野9":[43.03951,144.463895],"南陽台4":[43.042518,144.462731],"鳥通西7":[43.049446,144.469213],"南陽台6":[43.041774,144.465374],"南陽台8":[43.043494,144.464593],"南陽台7":[43.042793,144.465193],"よし野5":[43.040574,144.46485],"柏西4":[43.035644,144.465861],"南陽台5":[43.041091,144.465265],"よし野10":[43.039033,144.465505],"別保2":[42.994856,144.467258],"柏西3":[43.037657,144.466349],"別保3":[42.995117,144.470983],"よし野6":[43.040668,144.466084],"南陽台10":[43.042384,144.467101],"柏西5":[43.035863,144.468051],"柏西2":[43.039185,144.467352],"鳥通西8":[43.056689,144.467715],"鳥通東1":[43.059271,144.467752],"柏西1":[43.040245,144.467922],"柏西6":[43.037107,144.468642],"柏西7":[43.037902,144.468895],"鳥通東2":[43.060259,144.469366],"別保6":[42.992673,144.471286],"柏東3":[43.035416,144.469928],"緑1":[43.041054,144.471532],"鳥通東8":[43.05748,144.473005],"鳥通東3":[43.060406,144.47092],"柏東2":[43.035417,144.471819],"別保南5":[42.976612,144.478009],"柏東4":[43.035203,144.47081],"別保4":[42.994418,144.47504],"鳥通東4":[43.060893,144.471903],"柏東1":[43.037494,144.47287],"緑2":[43.042536,144.471962],"字遠野":[43.047999,144.519822],"鳥通東5":[43.061608,144.472599],"柏東5":[43.033353,144.47238],"鳥通東6":[43.061958,144.472974],"緑4":[43.04019,144.473747],"鳥通東9":[43.060074,144.477556],"鳥通東7":[43.062855,144.474225],"緑3":[43.041505,144.473892],"別保8":[42.990387,144.481224],"柏東6":[43.033708,144.473528],"柏東7":[43.037685,144.475117],"字オビラシケ":[43.050369,144.504441],"別保7":[42.993301,144.478068],"別保東2":[43.000171,144.477899],"別保10":[42.983419,144.478986],"別保東1":[42.996838,144.476396],"別保9":[42.990101,144.478701],"別保南1":[42.984372,144.480641],"別保南3":[42.980883,144.484353],"別保南4":[42.974959,144.481597],"別保南2":[42.983285,144.480519],"字モセウシナイ":[42.968257,144.484301],"字遠野原野":[43.046273,144.538613],"字上別保原野":[43.013644,144.522119],"字別保原野南二十四線東":[43.00265,144.429228]}