{"門静3":[43.054702,144.782887],"門静2":[43.06094,144.788218],"門静1":[43.057548,144.793887],"太田南":[43.076517,144.815794],"白浜1":[43.060942,144.821735],"宮園3":[43.062662,144.827509],"白浜3":[43.06468,144.816743],"宮園1":[43.060098,144.824823],"湾月1":[43.034289,144.834947],"宮園2":[43.060321,144.825242],"若竹1":[43.039246,144.843143],"湾月2":[43.035938,144.838928],"山の手1":[43.057163,144.841092],"真栄1":[43.056461,144.843041],"湾月3":[43.03581,144.84514],"山の手3":[43.073632,144.839521],"若竹2":[43.03927,144.845784],"山の手2":[43.061972,144.845452],"真栄2":[43.052273,144.844844],"住の江1":[43.058828,144.848389],"梅香1":[43.032751,144.848423],"若竹4":[43.045226,144.849575],"真栄3":[43.05251,144.84838],"松葉2":[43.037774,144.846578],"住の江3":[43.062727,144.848565],"港町1":[43.054752,144.851106],"梅香2":[43.036628,144.850376],"松葉3":[43.040831,144.849294],"有明1":[43.026357,144.850158],"港町2":[43.053533,144.851251],"有明2":[43.024722,144.854048],"港町3":[43.052407,144.853522],"港町5":[43.049443,144.853539],"奔渡1":[43.043701,144.850826],"港町4":[43.050188,144.856146],"奔渡3":[43.038784,144.856101],"奔渡6":[43.027486,144.856621],"奔渡5":[43.033537,144.856648],"奔渡7":[43.02969,144.863012],"住の江4":[43.075934,144.853146],"宮園4":[43.074805,144.821294],"住の江2":[43.060593,144.8453],"奔渡2":[43.041759,144.854455],"奔渡4":[43.037041,144.857248],"松葉4":[43.042334,144.849297],"若竹3":[43.041501,144.845885],"松葉1":[43.037355,144.846039],"御供":[43.037712,144.851816]}