{"開運9":[43.293936,144.585337],"川上10":[43.306251,144.597253],"開運10":[43.294402,144.593861],"開運8":[43.298454,144.593865],"開運1":[43.297769,144.59965],"開運6":[43.29923,144.596712],"川上8":[43.301339,144.598163],"開運5":[43.298265,144.596734],"桜14":[43.295219,144.602102],"開運4":[43.300289,144.598194],"川上9":[43.302547,144.597908],"開運3":[43.29742,144.598261],"川上5":[43.303618,144.599995],"常盤9":[43.305429,144.599417],"桜13":[43.290615,144.597944],"開運2":[43.299762,144.59985],"桜12":[43.291302,144.600329],"川上6":[43.302364,144.598626],"桜8":[43.288478,144.601714],"川上2":[43.300824,144.600336],"桜11":[43.291649,144.601017],"川上3":[43.30227,144.601004],"常盤10":[43.310999,144.601171],"川上4":[43.302537,144.601121],"桜10":[43.29308,144.602596],"川上1":[43.303959,144.603299],"常盤8":[43.304922,144.602177],"桜7":[43.28992,144.604093],"麻生10":[43.287879,144.603068],"桜9":[43.294136,144.604601],"常盤6":[43.308878,144.602493],"桜5":[43.293189,144.604944],"常盤7":[43.307435,144.60258],"麻生9":[43.285933,144.603802],"桜6":[43.292252,144.604857],"常盤1":[43.305897,144.604032],"富士4":[43.298297,144.604822],"富士5":[43.296293,144.60296],"常盤4":[43.31033,144.60484],"麻生8":[43.287877,144.605937],"桜2":[43.295618,144.605377],"桜3":[43.295408,144.605787],"麻生7":[43.289312,144.606345],"富士3":[43.298229,144.605447],"桜4":[43.294439,144.606265],"旭2":[43.299698,144.605745],"常盤3":[43.308492,144.605039],"麻生5":[43.291445,144.607553],"麻生6":[43.286662,144.606402],"富士2":[43.298368,144.606175],"旭4":[43.302864,144.607601],"麻生2":[43.293162,144.606268],"桜1":[43.296139,144.607089],"富士1":[43.297547,144.607632],"麻生4":[43.290926,144.608766],"麻生1":[43.295745,144.60845],"麻生3":[43.294837,144.609746],"平和1":[43.298729,144.608704],"旭6":[43.306926,144.60975],"旭3":[43.302401,144.609391],"平和9":[43.295998,144.611386],"平和2":[43.300626,144.610556],"平和3":[43.301334,144.610883],"平和8":[43.301009,144.612252],"旭5":[43.310269,144.612957],"平和4":[43.306695,144.613072],"平和5":[43.304705,144.616509],"平和7":[43.301746,144.614555],"旭1":[43.298946,144.608238],"開運7":[43.298531,144.59561],"字ルルラン":[43.285321,144.602657]}