{"字鐺別":[43.483973,144.4276],"字鐺別原野":[43.485273,144.430518],"美里3":[43.480733,144.437418],"美里6":[43.489505,144.438231],"字弟子屈原野":[43.501076,144.46069],"美里5":[43.488847,144.443662],"美里2":[43.485002,144.446378],"高栄4":[43.480979,144.445083],"美里4":[43.490371,144.442705],"桜丘3":[43.472565,144.439848],"美里1":[43.48744,144.448524],"摩周3":[43.50557,144.454332],"桜丘2":[43.476415,144.449592],"湯の島3":[43.492262,144.448977],"高栄2":[43.483739,144.452203],"高栄3":[43.483081,144.447561],"湯の島2":[43.487278,144.453316],"摩周1":[43.496945,144.449896],"高栄1":[43.485757,144.451984],"湯の島1":[43.489092,144.455923],"鈴蘭1":[43.490962,144.454587],"摩周2":[43.498618,144.457957],"中央1":[43.486675,144.459272],"鈴蘭4":[43.494121,144.454755],"鈴蘭5":[43.496544,144.464347],"中央2":[43.483978,144.461275],"泉2":[43.475816,144.461373],"泉1":[43.482474,144.461801],"中央3":[43.484903,144.465713],"鈴蘭6":[43.491136,144.465213],"朝日1":[43.487402,144.462434],"朝日2":[43.488971,144.463556],"泉3":[43.479312,144.467218],"泉4":[43.476895,144.466465],"泉5":[43.478508,144.468684],"朝日3":[43.491218,144.473765],"字弟子屈":[43.474732,144.481822],"字札友内":[43.514514,144.42194],"鈴蘭2":[43.491419,144.451912],"桜丘1":[43.478201,144.454778],"朝日4":[43.481456,144.477845],"鈴蘭3":[43.494311,144.453135]}