{"和天別":[42.954883,144.060243],"西五条北2":[42.958309,144.058244],"西五条北1":[42.956439,144.059481],"西四条北2":[42.95976,144.062233],"西四条北1":[42.95693,144.064368],"茶路基線西一線":[42.971085,144.070511],"西二条北8":[42.966862,144.067034],"西二条北7":[42.964454,144.067003],"東一条南4":[42.950635,144.070628],"西二条北6":[42.963721,144.067597],"西二条南3":[42.953514,144.069171],"西一条北8":[42.966506,144.06916],"西一条南2":[42.954991,144.072594],"西一条北7":[42.965964,144.069693],"東一条北8":[42.967792,144.071798],"西一条北6":[42.964405,144.071131],"西一条北3":[42.958724,144.072656],"西一条北2":[42.957719,144.070518],"西一条北5":[42.963034,144.071715],"西一条北4":[42.960502,144.071931],"東一条北7":[42.966099,144.071219],"西一条南4":[42.952587,144.072673],"西一条南3":[42.952981,144.072275],"西一条南1":[42.956267,144.072047],"東一条北6":[42.964372,144.072465],"東一条北5":[42.963396,144.072954],"西一条北1":[42.958012,144.073104],"東一条北4":[42.960938,144.073364],"東二条北8":[42.968438,144.074643],"東一条南2":[42.954954,144.076019],"東一条北1":[42.957559,144.074643],"東一条北3":[42.960717,144.075891],"東二条北7":[42.966976,144.075597],"東一条北2":[42.959081,144.076745],"東二条北6":[42.965481,144.076658],"東一条南3":[42.953529,144.075521],"東一条南1":[42.955505,144.07605],"東二条北4":[42.962941,144.078594],"東三条北8":[42.969344,144.07763],"東二条南3":[42.952966,144.078174],"東二条北3":[42.960704,144.078557],"東二条南2":[42.954045,144.079654],"東三条北7":[42.967674,144.07835],"東二条北5":[42.963309,144.07843],"東二条北1":[42.957197,144.079352],"東三条北6":[42.966172,144.078787],"東二条南1":[42.955265,144.079195],"東三条北5":[42.96438,144.079409],"東三条北4":[42.96261,144.080523],"東二条北2":[42.958298,144.080044],"東三条南2":[42.953757,144.082274],"東三条北3":[42.960519,144.080736],"東三条南1":[42.954625,144.081983],"東三条北1":[42.957806,144.080859],"東三条北2":[42.96013,144.083112],"岬2":[42.952735,144.087945],"岬1":[42.95358,144.085032],"岬3":[42.955775,144.091671],"刺牛3":[42.959829,144.104965],"刺牛2":[42.958106,144.10255],"刺牛1":[42.956857,144.097937],"西庶路西五条南1":[42.967311,144.116397],"庶路":[43.000706,144.222658],"西庶路西五条南2":[42.967026,144.119215],"西庶路西三条南2":[42.969882,144.121367],"西庶路西四条南2":[42.971044,144.120421],"西庶路西一条北5":[42.983712,144.121881],"庶路基線":[42.982931,144.142113],"西庶路西三条南1":[42.973609,144.1225],"西庶路西二条北2":[42.979173,144.122657],"西庶路西四条南3":[42.968463,144.122425],"西庶路西一条北3":[42.981736,144.125232],"西庶路西二条北1":[42.976835,144.124707],"西庶路東一条北5":[42.984919,144.124445],"西庶路西二条南1":[42.976007,144.126137],"西庶路西一条北4":[42.982272,144.123814],"西庶路西三条南3":[42.971022,144.126191],"西庶路西二条南2":[42.974439,144.12738],"西庶路東一条北4":[42.983357,144.125496],"西庶路東一条北3":[42.982454,144.126702],"西庶路西一条北2":[42.979809,144.126051],"西庶路東二条北5":[42.987333,144.128178],"西庶路東一条南1":[42.978255,144.131159],"西庶路西一条北1":[42.97943,144.126392],"西庶路西一条南1":[42.97714,144.128866],"西庶路西二条南3":[42.972417,144.127563],"西庶路東三条北5":[42.988327,144.128902],"西庶路東一条北2":[42.981812,144.129568],"西庶路東二条北4":[42.985154,144.129588],"西庶路西二条南4":[42.971262,144.128828],"西庶路西一条南2":[42.976224,144.129143],"西庶路東一条北1":[42.980482,144.129491],"西庶路西一条南3":[42.974597,144.131291],"西庶路東二条北3":[42.984047,144.129981],"西庶路東二条北2":[42.9825,144.130783],"西庶路西一条南4":[42.973291,144.131094],"西庶路東三条北4":[42.985933,144.130906],"西庶路東二条北1":[42.98102,144.132256],"西庶路東三条北3":[42.985103,144.132513],"西庶路東一条南2":[42.977238,144.13185],"西庶路東二条南1":[42.980209,144.133103],"西庶路東一条南3":[42.974928,144.132499],"西庶路東三条北2":[42.983742,144.133633],"西庶路東一条南4":[42.973978,144.135315],"西庶路東二条南2":[42.979378,144.134013],"西庶路東三条北1":[42.982535,144.134939],"西庶路東二条南3":[42.976734,144.135733],"西庶路東三条南1":[42.981307,144.135454],"西庶路東三条南2":[42.979646,144.13728],"西庶路東二条南4":[42.97623,144.137993],"西庶路東三条南4":[42.97658,144.138345],"コイトイ":[42.985319,144.165985],"大楽毛":[43.025605,144.210445],"庶路東一線":[42.982946,144.144514],"庶路東二線":[42.981732,144.146493]}