{"山本町":[37.381224,136.880424],"長井町":[37.372354,136.878327],"中段町":[37.383057,136.880391],"稲屋町":[37.37438,136.888663],"小伊勢町":[37.381186,136.892473],"水守町":[37.388575,136.894529],"釜屋谷町":[37.392541,136.886904],"堀町":[37.389809,136.896462],"鳳至町":[37.399074,136.900758],"平成町":[37.394279,136.894084],"輪島崎町":[37.399417,136.893555],"気勝平町":[37.381498,136.894348],"二勢町":[37.386586,136.895621],"宅田町":[37.382517,136.90134],"新橋通":[37.393878,136.89887],"海士町":[37.401385,136.898257],"二ツ屋町":[37.388147,136.897571],"河井町":[37.395916,136.903756],"山岸町":[37.377559,136.904041],"マリンタウン":[37.39628,136.905593],"横地町":[37.378846,136.906379],"杉平町":[37.388207,136.91012],"塚田町":[37.392281,136.917358],"久手川町":[37.384023,136.920915],"稲舟町":[37.394261,136.930748],"大野町":[37.39782,136.934759],"光浦町":[37.399059,136.89038],"房田町":[37.371369,136.872493]}