{"滝町":[36.925574,136.759653],"一ノ宮町":[36.925397,136.759813],"寺家町":[36.927889,136.768168],"千里浜町":[36.896906,136.770776],"粟生町":[36.88012,136.778396],"新保町":[36.872115,136.77921],"島出町":[36.899688,136.775528],"羽咋町":[36.904508,136.770843],"西釜屋町":[36.91023,136.775806],"柳田町":[36.918097,136.778139],"大川町":[36.9018,136.773792],"兵庫町":[36.882002,136.778623],"中央町":[36.892545,136.778174],"南中央町":[36.890176,136.781483],"本町":[36.899348,136.776462],"旭町":[36.893379,136.778896],"大川町2":[36.904363,136.777215],"釜屋町":[36.903509,136.781073],"大川町1":[36.903504,136.780408],"的場町":[36.89888,136.78223],"川原町":[36.8942,136.780976],"御坊山町":[36.889378,136.783441],"東釜屋町":[36.90449,136.784989],"東的場町":[36.899454,136.787135],"東川原町":[36.896379,136.784225],"松ケ下町":[36.888869,136.786646],"粟原町":[36.874758,136.786898],"柳橋町":[36.892629,136.787277],"土橋町":[36.881856,136.790144],"鶴多町":[36.894516,136.793748],"吉崎町":[36.905323,136.791728],"立開町":[36.88782,136.795436],"次場町":[36.905209,136.792055],"石野町":[36.893228,136.798242],"若草町":[36.896625,136.799573],"深江町":[36.902692,136.801855],"三ツ屋町":[36.896003,136.806058],"太田町":[36.889094,136.810957]}