{"工業団地2":[36.390112,136.385766],"浜佐美町":[36.370887,136.382023],"日末町":[36.397713,136.392505],"工業団地1":[36.395649,136.39895],"安宅新町":[36.402197,136.410943],"草野町":[36.40962,136.4217],"浮柳町":[36.404983,136.425832],"浜佐美本町":[36.412344,136.416834],"向本折町":[36.391934,136.437451],"義仲町":[36.416611,136.419108],"安宅町":[36.420396,136.428014],"拓栄町":[36.38225,136.434808],"下牧町":[36.407071,136.440386],"鶴ケ島町":[36.406998,136.423337],"長崎町4":[36.421198,136.432444],"長崎町":[36.421419,136.428411],"城南町":[36.406656,136.437485],"小島町":[36.413711,136.427171],"長崎町5":[36.429971,136.438358],"長崎町3":[36.423563,136.434992],"今江町7":[36.380222,136.435392],"長崎町2":[36.426279,136.437578],"今江町1":[36.385656,136.440041],"今江町6":[36.380576,136.438527],"育成町":[36.403365,136.440361],"末広町":[36.401359,136.445285],"今江町2":[36.383942,136.441533],"長崎町1":[36.425957,136.440877],"桜木町":[36.405846,136.440844],"坊丸町":[36.430286,136.438513],"須天町1":[36.391458,136.444484],"今江町3":[36.380371,136.444956],"須天町2":[36.389285,136.444234],"丸内町":[36.41608,136.446598],"大島町":[36.432102,136.442145],"古河町":[36.403409,136.443496],"丸の内町2":[36.410822,136.443922],"浮城町":[36.408451,136.444565],"浜田町":[36.406862,136.444952],"芦田町2":[36.406122,136.443745],"大領中町2":[36.386942,136.445459],"古城町":[36.412172,136.448734],"本町5":[36.404926,136.444862],"芦田町1":[36.405247,136.444323],"大領中町1":[36.390095,136.447849],"丸の内町1":[36.410369,136.446587],"上牧町":[36.417838,136.446147],"本町4":[36.403838,136.445321],"相生町":[36.400044,136.446115],"小馬出町":[36.408455,136.448198],"錦町":[36.397405,136.446406],"本町3":[36.402908,136.445692],"西町":[36.405214,136.450578],"新大工町":[36.406739,136.446632],"本大工町2":[36.401254,136.445978],"大領中町4":[36.384888,136.446827],"日吉町":[36.398685,136.446238],"本町2":[36.402944,136.44624],"上寺町":[36.40102,136.446927],"今江町4":[36.380454,136.446234],"寺町":[36.401828,136.447461],"本大工町1":[36.401109,136.446591],"地子町":[36.406035,136.447585],"上本折町":[36.396086,136.447352],"栄町":[36.398592,136.447561],"大領町":[36.380412,136.453764],"本折町":[36.397022,136.448001],"本町1":[36.402999,136.446683],"西本折町":[36.396955,136.447454],"大領中町3":[36.389687,136.448567],"八日市町地方":[36.398731,136.446739],"丸の内公園町":[36.411349,136.448424],"鷹匠町":[36.406228,136.447216],"本鍛冶町":[36.401085,136.447515],"八幡町":[36.393484,136.449805],"泉町":[36.414263,136.448761],"大文字町":[36.400093,136.448494],"天神町":[36.416099,136.44975],"清水町":[36.399678,136.448566],"殿町2":[36.408974,136.450358],"大川町2":[36.414311,136.451266],"京町":[36.408093,136.449841],"龍助町":[36.399771,136.449636],"梯町":[36.416607,136.451946],"白嶺町2":[36.390079,136.450411],"殿町1":[36.411626,136.450029],"旭町":[36.397026,136.449436],"八日市町":[36.402808,136.449661],"白嶺町1":[36.391215,136.451186],"三日市町":[36.400089,136.449634],"中町":[36.406685,136.449981],"幸町3":[36.39295,136.453016],"大和町":[36.39944,136.450485],"飴屋町":[36.399965,136.450524],"東町":[36.401301,136.450447],"大川町3":[36.412691,136.451609],"松任町":[36.408883,136.451102],"白山町":[36.397278,136.451118],"材木町":[36.406745,136.450676],"土居原町":[36.405061,136.452407],"幸町2":[36.394231,136.453464],"白嶺町3":[36.389604,136.451552],"細工町":[36.406412,136.452598],"大川町1":[36.414885,136.452707],"幸町1":[36.395886,136.454767],"新町":[36.412149,136.453028],"御館町":[36.425444,136.453247],"北浅井町":[36.388326,136.464429],"小寺町":[36.409392,136.454635],"新鍛冶町":[36.408293,136.453279],"日の出町3":[36.398585,136.454249],"犬丸町":[36.427452,136.455583],"茶屋町":[36.416837,136.452288],"福乃宮町2":[36.391867,136.456556],"城北町":[36.43116,136.457357],"日の出町1":[36.39981,136.45585],"園町":[36.406163,136.460559],"蛭川町":[36.428309,136.465993],"福乃宮町1":[36.395836,136.455626],"梅田町":[36.417792,136.45686],"御宮町":[36.405244,136.456922],"こまつの杜":[36.402715,136.455698],"日の出町4":[36.39901,136.456703],"美原町":[36.420511,136.457198],"島田町":[36.422999,136.463036],"有明町":[36.400123,136.458934],"不動島町":[36.393989,136.460646],"扇町":[36.386111,136.456057],"南浅井町":[36.384639,136.458815],"日の出町2":[36.40135,136.458033],"沖町":[36.399138,136.460034],"光町":[36.402869,136.458557],"宝町":[36.402006,136.461915],"上小松町":[36.411695,136.462069],"松梨町":[36.427126,136.464842],"蓮代寺町":[36.380009,136.46388],"清六町":[36.394051,136.463302],"三田町":[36.393802,136.462186],"本江町":[36.380908,136.475234],"平面町":[36.415419,136.469806],"問屋町":[36.421318,136.465389],"長田町":[36.427823,136.465724],"白江町":[36.402505,136.479018],"白松町":[36.403113,136.468704],"千木野町":[36.385914,136.47713],"吉竹町":[36.390445,136.477996],"糸町":[36.403728,136.47059],"打越町":[36.396618,136.475671],"吉竹町4":[36.394834,136.474322],"荒屋町":[36.432788,136.473912],"川辺町":[36.412652,136.477516],"吉竹町3":[36.394974,136.475594],"野田町":[36.431786,136.477148],"吉竹町6":[36.389882,136.473712],"一針町":[36.409005,136.482253],"吉竹町5":[36.393079,136.47633],"あけぼの町":[36.426425,136.477173],"打越町1":[36.397409,136.478347],"吉竹町2":[36.395257,136.476337],"高堂町":[36.435926,136.487325],"吉竹町1":[36.393419,136.479536],"若杉町3":[36.394397,136.480023],"千木野町1":[36.384721,136.480355],"若杉町":[36.39242,136.482981],"若杉町2":[36.398176,136.481166],"千木野町2":[36.383974,136.480431],"金屋町":[36.406419,136.485025],"千木野町3":[36.385031,136.482965],"千木野町4":[36.384426,136.483087],"若杉町1":[36.398364,136.483208],"能美町":[36.407518,136.486108],"八幡":[36.399462,136.492455],"漆町":[36.402456,136.489239],"千代町":[36.423481,136.493036],"佐々木町":[36.402878,136.499027],"軽海町":[36.396094,136.512831],"正蓮寺町":[36.38804,136.496092],"希望丘":[36.399925,136.496726],"花坂町":[36.386472,136.496121],"西軽海町3":[36.396055,136.499472],"光陽町":[36.40354,136.501194],"西軽海町4":[36.393723,136.501619],"古府町":[36.407667,136.505717],"小野町":[36.413032,136.504737],"西軽海町1":[36.398747,136.502284],"中海町":[36.398337,136.52042],"西軽海町2":[36.395837,136.505307],"荒木田町":[36.407045,136.507156],"河田町":[36.420359,136.513262],"埴田町":[36.409487,136.512743],"国府台3":[36.412446,136.519041],"国府台2":[36.416656,136.516971],"下八里町":[36.421067,136.519234],"国府台1":[36.417035,136.51925],"鵜川町":[36.403865,136.532769],"国府台4":[36.414313,136.520532],"遊泉寺町":[36.397831,136.525626],"国府台5":[36.416737,136.530662],"八里台":[36.42604,136.523773],"上八里町":[36.420708,136.524373],"立明寺町":[36.401514,136.526467],"岩渕町":[36.388931,136.526351],"里川町":[36.417619,136.531802],"みどり町":[36.393593,136.525652],"桂町":[36.386872,136.527998],"佐美町":[36.376722,136.402628],"額見町":[36.359019,136.406359],"矢田新町":[36.343036,136.404376],"月津町":[36.35205,136.415847],"那谷町":[36.317472,136.422699],"矢田町":[36.345763,136.410331],"串町":[36.367586,136.427351],"松崎町":[36.375785,136.411252],"月美丘":[36.350833,136.412544],"四丁町":[36.354874,136.41265],"矢田野町":[36.341884,136.414391],"村松町":[36.3762,136.420692],"扇原町":[36.348707,136.416803],"二ツ梨町":[36.336659,136.426194],"符津町":[36.358669,136.426929],"蓑輪町":[36.35403,136.427217],"島町":[36.354133,136.422738],"松生町":[36.357177,136.421967],"上荒屋町":[36.321304,136.439353],"串茶屋町":[36.375634,136.426678],"下粟津町":[36.346126,136.438157],"青路町":[36.366127,136.427162],"馬場町":[36.32155,136.434204],"矢崎町":[36.36682,136.433029],"今江町8":[36.375135,136.434898],"林町":[36.33879,136.436154],"今江町9":[36.373529,136.437454],"戸津町":[36.333329,136.444488],"今江町":[36.377682,136.452884],"今江町5":[36.379963,136.441457],"津波倉町":[36.340677,136.445365],"湯上町":[36.325998,136.439125],"南陽町":[36.329579,136.43917],"粟津町":[36.32807,136.443941],"木場町":[36.3633,136.453579],"木場台":[36.349574,136.448862],"井口町":[36.33706,136.445778],"おびし町":[36.33896,136.448689],"白山田町":[36.335306,136.445995],"西原町":[36.329583,136.449166],"三谷町":[36.365352,136.453927],"牧口町":[36.329487,136.453672],"小山田町":[36.347259,136.455368],"日用町":[36.319994,136.465489],"東山町":[36.368974,136.479791],"野立町":[36.362867,136.418149],"西荒谷町":[36.324003,136.455671],"遊泉寺町甲":[36.397675,136.525603],"中海町十三号":[36.394529,136.52451],"中海町十二号":[36.393507,136.524459],"中海町十号":[36.396423,136.519903]}