{"大聖寺上木町":[36.302463,136.282596],"片野町":[36.316402,136.27389],"大聖寺下福田町":[36.313133,136.301675],"大聖寺三ツ町":[36.302793,136.295942],"黒崎町":[36.338976,136.294718],"豊町":[36.32515,136.310881],"橋立町":[36.35071,136.311513],"大聖寺荻生町":[36.308454,136.299923],"大聖寺錦町":[36.305452,136.30572],"深田町":[36.341059,136.304756],"大聖寺八間道":[36.309042,136.302678],"大聖寺今出町":[36.303436,136.30442],"大聖寺畑町":[36.322226,136.31738],"大聖寺上福田町":[36.320573,136.315477],"大聖寺関町":[36.3046,136.30571],"大聖寺馬場町":[36.305617,136.308707],"大聖寺越前町":[36.304626,136.308243],"大聖寺神明町":[36.302076,136.307249],"大聖寺番場町":[36.310002,136.309657],"大聖寺新組町":[36.310825,136.309372],"大聖寺中町":[36.305534,136.309382],"大聖寺中新道":[36.30253,136.308659],"大聖寺本町":[36.306486,136.312093],"大聖寺大新道":[36.302463,136.309532],"大聖寺殿町":[36.310562,136.310379],"大聖寺新屋敷町":[36.303947,136.310472],"大聖寺観音町":[36.305374,136.309751],"大聖寺魚町":[36.30579,136.309985],"大聖寺五軒町":[36.304952,136.311911],"大聖寺京町":[36.307076,136.312419],"大聖寺東横町":[36.304331,136.311732],"大聖寺片原町":[36.307628,136.311488],"大聖寺仲町":[36.309485,136.312238],"小塩町":[36.346165,136.310377],"宮町":[36.337617,136.310593],"高尾町":[36.325674,136.315762],"大聖寺地方町":[36.301314,136.299424],"大聖寺北片原町":[36.310488,136.312801],"大聖寺福田町":[36.308926,136.312848],"大聖寺十一町":[36.304412,136.312562],"大聖寺南町":[36.302575,136.313905],"大聖寺一本橋町":[36.304919,136.311992],"大聖寺山田町":[36.30623,136.312722],"大聖寺寺町":[36.307029,136.31298],"大聖寺鍛冶町":[36.30544,136.311957],"大聖寺鷹匠町":[36.306331,136.313257],"大聖寺新町":[36.311006,136.313528],"大聖寺荒町":[36.304985,136.314069],"大聖寺鉄砲町":[36.304724,136.313352],"田尻町":[36.34647,136.323247],"大聖寺松ケ根町":[36.310143,136.313946],"大聖寺相生町":[36.310854,136.314248],"大聖寺耳聞山町":[36.307052,136.316534],"大聖寺法華坊町":[36.306136,136.313647],"大聖寺麻畠町":[36.310433,136.315446],"大聖寺岡町":[36.319894,136.319333],"大聖寺田原町":[36.304727,136.316131],"大聖寺東町3":[36.304229,136.31654],"大聖寺亀町":[36.309737,136.317974],"大聖寺弓町":[36.306306,136.318325],"大聖寺耳聞山仲町":[36.310138,136.318112],"大聖寺大名竹町":[36.310651,136.318483],"大聖寺金子町":[36.307042,136.31731],"大聖寺永町":[36.307605,136.322089],"大聖寺木呂場町":[36.306879,136.318245],"大聖寺東町1":[36.30632,136.319542],"大聖寺東町2":[36.305373,136.320986],"大聖寺菅生町":[36.306259,136.320147],"大聖寺敷地":[36.322579,136.318773],"大聖寺藤ノ木町":[36.31217,136.320362],"大聖寺天神下町":[36.312334,136.321325],"大聖寺菅生":[36.302479,136.319355],"美岬町":[36.352105,136.327259],"南郷町":[36.308968,136.328956],"小塩辻町":[36.341585,136.324743],"山田町":[36.330321,136.34884],"塩浜町":[36.34465,136.333036],"下河崎町":[36.307861,136.334034],"松が丘3":[36.321483,136.336629],"大菅波町":[36.318542,136.336571],"松が丘2":[36.325787,136.336405],"大聖寺三ツ屋町":[36.303764,136.308334],"上河崎町":[36.302158,136.3469],"宮地町":[36.346199,136.34129],"松が丘4":[36.321087,136.340084],"冨塚町":[36.327833,136.35574],"松が丘1":[36.323343,136.348002],"篠原町":[36.353713,136.361143],"篠原新町":[36.362429,136.346443],"小菅波町":[36.319757,136.343582],"野田町":[36.349268,136.348334],"白山台":[36.322144,136.348988],"潮津町":[36.351966,136.349349],"小菅波町1":[36.319954,136.348444],"小菅波町2":[36.317497,136.349499],"中代町":[36.301751,136.349687],"保賀町":[36.300198,136.347655],"作見町":[36.323606,136.349832],"尾中町":[36.335476,136.352018],"吸坂町":[36.303597,136.336512],"伊切町":[36.367039,136.355734],"片山津町":[36.339454,136.366011],"手塚町":[36.356752,136.360405],"加茂町":[36.30319,136.358803],"湖城町3":[36.336473,136.361075],"源平町":[36.352691,136.360293],"湖城町2":[36.336289,136.362892],"弓波町":[36.323828,136.359607],"湖城町1":[36.338498,136.364125],"新保町":[36.374659,136.376207],"片山津温泉":[36.345733,136.364943],"西島町":[36.305833,136.368967],"一白町1":[36.361551,136.371734],"八日市町":[36.326315,136.370186],"一白町2":[36.358589,136.372749],"七日市町":[36.308038,136.374084],"庄町":[36.313672,136.374488],"若葉台":[36.302887,136.37766],"津波倉町":[36.311642,136.377753],"柴山町":[36.362753,136.384571],"二子塚町":[36.30352,136.380899],"合河町":[36.344732,136.383734],"動橋町":[36.330456,136.3855],"桑原町":[36.311903,136.384802],"干拓町":[36.358123,136.383351],"河原町":[36.306282,136.383569],"中島町":[36.334417,136.391349],"梶井町":[36.32153,136.390351],"清水町":[36.306392,136.390848],"松山町":[36.313102,136.392706],"勅使町":[36.301966,136.394614],"分校町":[36.327798,136.406552],"栄谷町":[36.306974,136.398587],"宇谷町":[36.302117,136.398644],"高塚町":[36.337274,136.402697],"打越町":[36.334951,136.415897],"箱宮町":[36.32368,136.411289],"上野町":[36.296314,136.375218],"塩屋町":[36.294834,136.246513],"吉崎町":[36.290301,136.25527],"大聖寺瀬越町":[36.293038,136.264446],"永井町":[36.294758,136.275774],"奥谷町":[36.281647,136.280365],"三木町":[36.292429,136.289653],"橘町":[36.28869,136.278025],"熊坂町":[36.277511,136.290497],"細坪町":[36.290637,136.317555],"大聖寺下屋敷町":[36.300981,136.309144],"白鳥町":[36.293806,136.315935],"幸町1":[36.301656,136.316674],"美谷が丘":[36.289862,136.320706],"幸町2":[36.300201,136.319058],"曽宇町":[36.276797,136.317631],"百々町":[36.29879,136.320851],"直下町":[36.275794,136.327269],"日谷町":[36.274647,136.334163],"黒瀬町":[36.288794,136.348595],"荒木町":[36.284644,136.346806],"河南町":[36.279628,136.353129],"山代温泉":[36.295797,136.372095],"山中温泉中田町":[36.273963,136.355515],"別所町":[36.275955,136.355592],"山中温泉長谷田町":[36.269024,136.358376],"山中温泉宮の杜1":[36.264018,136.356919],"山中温泉栢野町":[36.227592,136.360366],"山中温泉二天町":[36.273878,136.356008],"山中温泉宮の杜2":[36.261823,136.358712],"別所町4":[36.266376,136.364184],"別所町1":[36.27337,136.359677],"山中温泉旭町":[36.26367,136.3596],"山中温泉上原町":[36.259092,136.362375],"山中温泉上原町1":[36.25823,136.362902],"別所町2":[36.271429,136.363495],"山中温泉泉町":[36.263944,136.362769],"別所町3":[36.269272,136.363055],"山中温泉菅谷町":[36.231548,136.366913],"山中温泉加美谷台2":[36.255054,136.365273],"山中温泉上原町2":[36.259268,136.364154],"山中温泉加美谷台1":[36.258676,136.366198],"山中温泉塚谷町2":[36.258383,136.367431],"山中温泉塚谷町1":[36.260553,136.366626],"山中温泉上野町1":[36.2553,136.369577],"山中温泉塚谷町3":[36.255708,136.368422],"山中温泉塚谷町":[36.257991,136.372491],"山中温泉上野町":[36.252558,136.367478],"山中温泉下谷町":[36.2382,136.373391],"山中温泉こおろぎ町":[36.239319,136.368619],"山中温泉白山町":[36.250954,136.372033],"山中温泉南町":[36.243382,136.371712],"尾俣町":[36.293265,136.373325],"山中温泉西桂木町":[36.25175,136.37427],"山中温泉薬師町":[36.248565,136.371214],"山中温泉湯の出町":[36.246189,136.372466],"山中温泉冨士見町":[36.25016,136.373952],"山中温泉栄町":[36.245168,136.374212],"山中温泉河鹿町":[36.24507,136.374366],"山中温泉湯の本町":[36.248417,136.374123],"山中温泉東桂木町":[36.254933,136.373625],"山中温泉本町2":[36.248192,136.374422],"山中温泉本町1":[36.248516,136.374408],"山中温泉東町1":[36.250992,136.381278],"山中温泉東町2":[36.247911,136.376112],"森町":[36.30233,136.381582],"須谷町":[36.272756,136.389829],"小坂町":[36.294601,136.386853],"二ツ屋町":[36.293965,136.385901],"水田丸町":[36.282113,136.392561],"柏野町":[36.275459,136.392029],"横北町":[36.290194,136.385088],"塔尾町":[36.268453,136.395567],"桂谷町":[36.27178,136.37286],"大聖寺東町4":[36.30274,136.316999],"山中温泉四十九院町":[36.258299,136.39171],"山中温泉菅生谷町":[36.260185,136.411802],"山中温泉中津原町":[36.263082,136.398194],"山中温泉滝町":[36.251102,136.401353],"丸山町1":[36.295021,136.373452],"丸山町2":[36.293432,136.375797],"丸山町3":[36.292452,136.375535],"山代温泉四十七乙":[36.294885,136.373066],"尾俣町イ":[36.293887,136.373119],"山代温泉丸山":[36.295912,136.372624],"尾俣町大桜":[36.287757,136.375765],"上野町丸山":[36.295038,136.373456],"上野町ケ":[36.290234,136.377463],"上野町カ":[36.29698,136.373805]}