{"西海千ノ浦":[37.140101,136.680115],"西海久喜":[37.146345,136.678505],"赤崎":[37.159726,136.675288],"小窪":[37.173941,136.681932],"鹿頭":[37.183086,136.688296],"笹波":[37.203305,136.692505],"前浜":[37.204528,136.685712],"西海風無":[37.139265,136.690385],"香能":[37.161217,136.691658],"西海風戸":[37.148282,136.699066],"酒見":[37.164841,136.706827],"相神":[37.158871,136.709635],"稲敷":[37.169435,136.70818],"中浜":[37.155181,136.719787],"里本江":[37.156742,136.736167],"栢木":[37.174877,136.715817],"赤住":[37.049256,136.731494],"草江":[37.163323,136.722623],"給分":[37.160064,136.727893],"富来領家町":[37.145846,136.733032],"富来七海":[37.127341,136.731281],"富来地頭町":[37.138536,136.738827],"八幡座主":[37.150304,136.736735],"富来高田":[37.142419,136.735445],"中泉":[37.151898,136.733416],"八幡":[37.150584,136.74188],"百浦":[37.039245,136.737365],"東小室":[37.147308,136.753785],"上野":[37.013215,136.744181],"若葉台":[37.08329,136.762706],"貝田":[37.150895,136.751635],"大津":[37.034958,136.768949],"田中":[37.156034,136.770548],"小浦":[37.040596,136.758208],"安部屋":[37.019491,136.760193],"五里峠":[37.044742,136.772996],"田原":[37.056963,136.773602],"大西":[37.155847,136.760402],"町":[37.026762,136.766423],"江添":[37.153917,136.760254],"長田":[37.075486,136.76905],"和田":[37.159879,136.772607],"広地":[37.148267,136.771026],"矢蔵谷":[37.021299,136.763212],"高浜町":[37.008829,136.772639],"川尻":[37.004033,136.765937],"大坂":[36.992553,136.811924],"神代":[37.012932,136.772918],"直海":[37.07771,136.795111],"大島":[36.981803,136.770702],"甘田":[36.960954,136.784292],"牛ケ首":[37.047025,136.777034],"堀松":[37.023825,136.78969],"長沢":[36.984291,136.785416],"米町":[37.059841,136.784377],"福野":[36.98386,136.790812],"末吉":[37.008741,136.778457],"岩田":[36.970357,136.785474],"松木":[37.067547,136.781595],"大笹":[37.048482,136.787646],"釈迦堂":[37.078363,136.789384],"小室":[37.059309,136.794606],"梨谷小山":[37.034331,136.803371],"坪野":[36.969913,136.791864],"清水今江":[37.020048,136.789006],"北吉田":[37.021788,136.797983],"宿女":[36.976038,136.790734],"西山台2":[37.008563,136.798316],"米浜":[36.998726,136.797889],"福井":[36.988257,136.801766],"西山台1":[37.006771,136.799264],"舘":[36.98771,136.806397],"穴口":[36.995029,136.804035],"富来生神":[37.120147,136.727526],"火打谷":[37.036143,136.803973]}