{"字宇出津山分":[37.317212,137.168088],"字上町":[37.327329,137.119467],"字宇出津":[37.313112,137.142974],"字藤波":[37.302145,137.14252],"字崎山2":[37.303262,137.147799],"字崎山3":[37.300935,137.148324],"字宇出津新港3":[37.298374,137.148222],"字宇出津新港1":[37.299607,137.147644],"字宇出津新港2":[37.298814,137.147174],"字崎山1":[37.302168,137.150179],"字崎山4":[37.300065,137.151933],"字宇出津新":[37.306626,137.150029],"字国重":[37.33068,137.157693],"字真脇":[37.303735,137.210214],"字姫":[37.298633,137.215459],"字姫1":[37.298849,137.210155],"字姫2":[37.298556,137.212684],"字姫3":[37.297592,137.213424],"字市之瀬":[37.312189,137.230352],"字小木":[37.295769,137.227107],"字小木1":[37.301942,137.225741],"字明野":[37.320414,137.233964],"字松波":[37.359525,137.244754],"字小木2":[37.302259,137.229446],"字小木3":[37.302105,137.232226],"字越坂":[37.306811,137.243388],"字上":[37.348055,137.231814],"字河ケ谷":[37.323578,137.238208],"字内浦長尾":[37.324751,137.259959],"字恋路":[37.371345,137.239041],"字布浦":[37.353805,137.265458],"字白丸":[37.32682,137.263723],"字新保":[37.314373,137.249384],"字九里川尻":[37.338717,137.252787],"字立壁":[37.339546,137.26593],"字四方山":[37.336963,137.266887],"字宮犬":[37.34426,137.231903]}