{"角屋":[36.213672,136.172595],"北本堂":[36.213892,136.177008],"中浜":[36.203544,136.17916],"西温泉1":[36.221144,136.186227],"布目":[36.220548,136.186137],"公文":[36.213901,136.181285],"宮前":[36.212757,136.183144],"舟津":[36.222026,136.188257],"西温泉2":[36.222213,136.184779],"河間":[36.210318,136.18707],"城新田":[36.253203,136.187247],"城":[36.255808,136.193731],"堀江十楽":[36.22288,136.190973],"玉木":[36.207304,136.188509],"下番":[36.205396,136.196351],"温泉3":[36.223775,136.191086],"舟津3":[36.22484,136.190551],"田中々":[36.221865,136.197747],"舟津2":[36.226656,136.18984],"舟津1":[36.227731,136.190485],"温泉4":[36.22484,136.190976],"温泉5":[36.226779,136.194005],"温泉1":[36.223648,136.194058],"二面":[36.227722,136.196252],"芦鶴":[36.232931,136.194868],"温泉2":[36.225658,136.19483],"番堂野":[36.25241,136.200921],"波松":[36.26176,136.208888],"二面5":[36.222154,136.19641],"二面1":[36.227409,136.199216],"中番":[36.206059,136.197954],"二面4":[36.225611,136.19688],"東温泉1":[36.221345,136.199328],"番田":[36.221364,136.201652],"二面3":[36.223512,136.199994],"二面2":[36.227125,136.200912],"東温泉2":[36.221399,136.200496],"国影":[36.227621,136.206683],"北潟":[36.260116,136.234493],"牛山":[36.240152,136.207905],"上番":[36.199558,136.221622],"重義":[36.214227,136.209563],"井江葭":[36.229239,136.206919],"谷畠":[36.210833,136.213618],"横垣":[36.230754,136.213606],"轟木":[36.195346,136.216097],"東善寺":[36.211621,136.219316],"北金津":[36.227468,136.226773],"大溝1":[36.212707,136.221432],"花乃杜4":[36.221333,136.218844],"大溝2":[36.209717,136.21982],"花乃杜1":[36.218431,136.225534],"大溝3":[36.207806,136.224719],"花乃杜3":[36.220626,136.221633],"赤尾":[36.247475,136.228844],"花乃杜2":[36.218426,136.223583],"花乃杜5":[36.226129,136.225168],"山十楽":[36.235005,136.233596],"春宮3":[36.218512,136.22826],"市姫3":[36.211353,136.228661],"市姫4":[36.209313,136.235506],"市姫2":[36.214785,136.2273],"市姫5":[36.200096,136.232635],"春宮2":[36.218104,136.23383],"市姫1":[36.210042,136.231825],"清王":[36.234675,136.233102],"高塚":[36.221743,136.238129],"稲越":[36.197963,136.237908],"柿原":[36.236879,136.249421],"春宮1":[36.217673,136.234557],"浜坂":[36.291622,136.247628],"自由ヶ丘1":[36.215681,136.237352],"自由ヶ丘2":[36.219475,136.237614],"池口":[36.192949,136.238328],"青ノ木":[36.23873,136.25474],"河原井手":[36.193079,136.237561],"菅野":[36.21539,136.242871],"坂口":[36.250601,136.239473],"伊井":[36.192412,136.245823],"蓮ケ浦":[36.258477,136.245508],"山室":[36.216615,136.243234],"山西方寺":[36.229552,136.243653],"指中":[36.263211,136.275502],"細呂木":[36.263245,136.249335],"矢地":[36.201306,136.244562],"清間":[36.196028,136.253321],"吉崎1":[36.287855,136.250837],"橋屋":[36.268106,136.258175],"宮谷":[36.232244,136.261215],"吉崎":[36.282551,136.253581],"吉崎2":[36.288522,136.254842],"古屋石塚":[36.184409,136.259519],"樋山":[36.261062,136.257483],"桑原":[36.191208,136.259774],"滝":[36.24401,136.268205],"御簾尾":[36.198435,136.259839],"沢":[36.249075,136.269202],"笹岡":[36.213081,136.283504],"南疋田":[36.181667,136.265896],"東田中":[36.194357,136.270707],"北野":[36.201091,136.2698],"北疋田":[36.18823,136.266604],"次郎丸":[36.188517,136.266662],"北":[36.198098,136.268309],"中川":[36.198739,136.271382],"熊坂":[36.232373,136.287],"前谷":[36.208984,136.282307],"牛ノ谷":[36.251137,136.285168],"瓜生":[36.189607,136.276813],"下金屋":[36.240517,136.278156],"権世":[36.216555,136.29113],"椚":[36.201363,136.285291],"畝市野々":[36.247641,136.290786],"鎌谷":[36.203728,136.287314],"後山":[36.189604,136.290389],"東山":[36.181392,136.295286],"清滝":[36.199534,136.291198],"権世市野々":[36.22165,136.301499]}