{"松岡渡新田":[36.104382,136.278065],"松岡兼定島":[36.107715,136.289438],"松岡領家":[36.116593,136.284652],"松岡小畑":[36.073575,136.290546],"松岡平成":[36.110608,136.283447],"松岡室":[36.08921,136.28807],"松岡観音2":[36.094197,136.283161],"松岡観音3":[36.092237,136.286154],"松岡観音1":[36.094264,136.284692],"松岡末政":[36.105093,136.289098],"松岡松ケ原2":[36.093806,136.288795],"松岡樋爪":[36.112026,136.29646],"松岡松ケ原4":[36.092487,136.288807],"松岡芝原3":[36.090496,136.289548],"松岡御公領":[36.107199,136.292636],"松岡下合月":[36.104458,136.296245],"松岡松ケ原1":[36.09401,136.291679],"松岡学園":[36.11094,136.29412],"松岡松ケ原3":[36.092613,136.292453],"松岡芝原2":[36.089715,136.292522],"松岡西野中":[36.067924,136.294173],"松岡吉野":[36.081331,136.299453],"松岡吉野堺":[36.086149,136.288121],"松岡木ノ下2":[36.094938,136.294836],"松岡木ノ下3":[36.093533,136.294232],"松岡芝原1":[36.090405,136.294136],"松岡湯谷":[36.062147,136.301326],"松岡葵3":[36.093184,136.295294],"松岡木ノ下1":[36.094499,136.296918],"松岡上吉野":[36.067926,136.297104],"松岡春日2":[36.090354,136.297665],"松岡葵2":[36.093614,136.301698],"松岡宮重":[36.068764,136.296932],"松岡葵1":[36.094332,136.29906],"松岡春日3":[36.089752,136.298645],"松岡松ケ丘1":[36.083261,136.299065],"松岡上合月":[36.105093,136.302409],"松岡石舟":[36.08477,136.300213],"松岡清水":[36.088186,136.301301],"松岡越坂2":[36.082969,136.298963],"松岡春日1":[36.092407,136.299468],"松岡神明2":[36.094044,136.300509],"松岡越坂1":[36.081837,136.299644],"松岡神明3":[36.093349,136.302164],"松岡神明1":[36.094827,136.302927],"松岡薬師2":[36.095772,136.304729],"松岡薬師3":[36.095817,136.307078],"松岡薬師1":[36.095974,136.305173],"松岡志比堺":[36.101181,136.318779],"松岡椚":[36.095454,136.296253]}