{"三崎":[35.961266,136.045588],"大王丸":[35.968324,136.054192],"織田":[35.953487,136.054652],"中":[35.961147,136.053014],"平等":[35.951938,136.054444],"下河原":[35.940767,136.057414],"赤井谷":[35.971594,136.055544],"小曽原":[35.92925,136.058339],"江波":[35.943495,136.069723],"樫津":[35.941467,136.084164],"茱原":[35.965442,136.098486],"境野":[35.961838,136.090761],"八田新保":[35.92844,136.101949],"舟場":[35.928174,136.101522],"頭谷":[35.956883,136.101984],"青野":[35.961336,136.112338],"金谷":[35.966257,136.112685],"横山":[35.976695,136.110813],"佐々生":[35.952735,136.121124],"岩開":[35.962845,136.125253],"朝日":[35.973643,136.124754],"内郡":[35.973098,136.129642],"上川去":[35.969006,136.136199],"天王":[35.978633,136.124046],"栃川":[35.984864,136.137021],"天宝":[35.979932,136.124751],"宝泉寺":[35.977639,136.122335],"西田中":[35.976119,136.13207],"気比庄":[35.976858,136.145906],"乙坂":[35.990419,136.14904],"西田中4":[35.974903,136.134312],"朝日1":[35.971748,136.131633],"東内郡1":[35.973069,136.133957],"東内郡4":[35.972056,136.134642],"市":[35.983103,136.138613],"西田中1":[35.976081,136.133542],"西田中2":[35.976095,136.136998],"西田中3":[35.97474,136.13734],"東内郡2":[35.973118,136.137181],"東内郡3":[35.971329,136.137399],"田中":[35.98256,136.139456]}