{"上祖母石":[35.731191,138.42328],"神山町北宮地":[35.710195,138.437592],"神山町武田":[35.711297,138.434883],"下祖母石":[35.725418,138.430135],"神山町鍋山":[35.706885,138.43708],"藤井町駒井":[35.72979,138.450067],"中田町中條":[35.736192,138.435983],"藤井町坂井":[35.729111,138.446298],"一ツ谷":[35.71525,138.439045],"旭町上條北割":[35.688917,138.438722],"藤井町北下條":[35.721713,138.445325],"旭町上條南割":[35.670143,138.436404],"旭町上條中割":[35.684132,138.448097],"藤井町南下條":[35.720221,138.447345],"水神2":[35.712181,138.444459],"大草町若尾":[35.693594,138.454633],"水神1":[35.709853,138.447166],"富士見ケ丘2":[35.713243,138.446226],"大草町上條東割":[35.683913,138.457374],"富士見ケ丘1":[35.710556,138.44878],"本町1":[35.708791,138.449108],"龍岡町若尾新田":[35.693198,138.455397],"若宮1":[35.710726,138.450656],"大草町下條西割":[35.673626,138.454486],"若宮3":[35.715907,138.454166],"中央町":[35.708164,138.452062],"若宮2":[35.713013,138.454704],"本町2":[35.704619,138.454962],"富士見1":[35.710925,138.455228],"富士見2":[35.708417,138.456659],"岩下":[35.70492,138.462577],"本町3":[35.702191,138.457854],"大草町下條中割":[35.679437,138.460477],"富士見3":[35.706298,138.458329],"龍岡町下條南割":[35.675294,138.481703],"穂坂町宮久保":[35.723125,138.455742],"中島1":[35.702853,138.461152],"龍岡町下條東割":[35.684776,138.468781],"上ノ山":[35.715854,138.470271],"本町4":[35.698483,138.464882],"中島2":[35.701562,138.462999],"栄1":[35.696922,138.466838],"栄2":[35.69566,138.467959]}