{"駒場":[35.649461,138.418076],"築山":[35.650832,138.434731],"有野":[35.658762,138.454138],"飯野新田":[35.647635,138.4419],"曲輪田新田":[35.636474,138.447486],"上市之瀬":[35.604619,138.442496],"中野":[35.596452,138.436133],"平岡":[35.606775,138.449387],"曲輪田":[35.635759,138.440037],"上宮地":[35.616216,138.454482],"上野":[35.601306,138.444344],"湯沢":[35.588571,138.450809],"飯野":[35.640596,138.464787],"秋山":[35.582603,138.449659],"下市之瀬":[35.596979,138.457371],"あやめが丘":[35.608566,138.447419],"塚原":[35.596555,138.454833],"桃園":[35.619759,138.469245],"小笠原":[35.609692,138.458371],"山寺":[35.60924,138.452187],"落合":[35.59053,138.453215],"六科":[35.6615,138.455816],"百々":[35.661082,138.455809],"川上":[35.59588,138.460882],"荊沢":[35.580863,138.469098],"下宮地":[35.60487,138.465261],"古市場":[35.595876,138.465402],"在家塚":[35.640183,138.472684],"沢登":[35.623075,138.466873],"鮎沢":[35.591817,138.475761],"大師":[35.586554,138.466765],"十五所":[35.617107,138.479767],"野牛島":[35.663833,138.49016],"宮沢":[35.579804,138.472724],"江原":[35.598108,138.480071],"十日市場":[35.606855,138.471011],"清水":[35.587927,138.478375],"上八田":[35.653637,138.474283],"田島":[35.594061,138.475699],"戸田":[35.590109,138.48088],"東南湖":[35.572838,138.488608],"上今井":[35.629035,138.485966],"西野":[35.642227,138.493797],"吉田":[35.615677,138.482322],"高田新田":[35.566138,138.477406],"和泉":[35.586275,138.484372],"榎原":[35.657007,138.490891],"加賀美":[35.606888,138.487962],"西南湖":[35.588677,138.490137],"寺部":[35.619674,138.494259],"徳永":[35.653165,138.487805],"下今諏訪":[35.629945,138.490625],"下今井":[35.628577,138.489141],"上今諏訪":[35.638326,138.501514],"藤田":[35.594185,138.504329],"上高砂":[35.663155,138.493371],"下高砂":[35.654248,138.499055],"鏡中條":[35.619738,138.494894],"浅原":[35.593639,138.505279]}