{"四方津":[35.61601,139.092332],"コモアしおつ4":[35.615868,139.069326],"コモアしおつ3":[35.620727,139.075656],"コモアしおつ2":[35.615477,139.081648],"コモアしおつ1":[35.620407,139.080038],"大椚":[35.632212,139.090635],"八ツ沢":[35.627492,139.098873],"上野原":[35.652854,139.1182],"松留":[35.618582,139.109175],"鶴島":[35.61037,139.11554],"新田":[35.620061,139.116667],"鶴川":[35.632029,139.093884],"大野":[35.620789,139.069725]}