{"境川町寺尾":[35.587015,138.606645],"石和町東油川":[35.623121,138.603666],"境川町藤垈":[35.582527,138.621994],"石和町今井":[35.631457,138.611565],"石和町河内":[35.628318,138.615404],"石和町井戸":[35.624958,138.609095],"石和町東高橋":[35.634839,138.611117],"石和町砂原":[35.624504,138.616229],"境川町大坪":[35.610982,138.613356],"境川町三椚":[35.602246,138.615723],"石和町唐柏":[35.634357,138.624403],"境川町坊ヶ峯":[35.59393,138.617041],"石和町広瀬":[35.638955,138.631745],"石和町小石和":[35.631438,138.636636],"境川町石橋":[35.606255,138.625314],"八代町増利":[35.618356,138.624192],"八代町大間田":[35.619437,138.62506],"境川町小黒坂":[35.586112,138.637744],"境川町小山":[35.598121,138.629871],"八代町米倉":[35.601466,138.64304],"境川町大窪":[35.574039,138.629794],"八代町永井":[35.611922,138.63731],"石和町松本":[35.662075,138.640474],"石和町四日市場":[35.638118,138.639367],"石和町窪中島":[35.646026,138.63713],"八代町南":[35.612512,138.6481],"境川町前間田":[35.584283,138.639238],"八代町北":[35.618494,138.655645],"石和町市部":[35.64502,138.644964],"石和町駅前":[35.656464,138.638142],"境川町大黒坂":[35.580048,138.644341],"御坂町二之宮":[35.632493,138.656838],"石和町八田":[35.65404,138.64615],"春日居町鎮目":[35.666053,138.649239],"御坂町成田":[35.637832,138.665877],"八代町岡":[35.601947,138.653084],"御坂町井之上":[35.625814,138.68089],"石和町山崎":[35.658846,138.644439],"石和町川中島":[35.654383,138.661616],"御坂町国衙":[35.637407,138.654048],"石和町下平井":[35.651457,138.654752],"春日居町徳条":[35.672351,138.649939],"春日居町国府":[35.663823,138.65679],"春日居町熊野堂":[35.67477,138.656272],"八代町高家":[35.612308,138.662668],"八代町竹居":[35.588601,138.673373],"春日居町下岩下":[35.67561,138.656853],"石和町中川":[35.639586,138.66835],"春日居町寺本":[35.665888,138.656914],"石和町上平井":[35.643011,138.668337],"春日居町別田":[35.675766,138.660634],"春日居町加茂":[35.669699,138.65976],"春日居町小松":[35.665808,138.666306],"御坂町八千蔵":[35.62343,138.66204],"御坂町夏目原":[35.626708,138.675568],"御坂町竹居":[35.605931,138.669284],"春日居町桑戸":[35.674067,138.668504],"御坂町蕎麦塚":[35.618804,138.667776],"一宮町坪井":[35.655822,138.67205],"一宮町田中":[35.660022,138.678791],"御坂町栗合":[35.624599,138.667238],"御坂町大野寺":[35.613125,138.68336],"御坂町金川原":[35.630167,138.682085],"八代町奈良原":[35.591215,138.673837],"御坂町下野原":[35.624154,138.678147],"一宮町竹原田":[35.657416,138.677961],"御坂町尾山":[35.613071,138.683587],"一宮町国分":[35.63748,138.687554],"一宮町東原":[35.644998,138.68491],"一宮町橋立":[35.645937,138.679735],"一宮町金田":[35.653582,138.686497],"一宮町下矢作":[35.660659,138.689564],"御坂町下黒駒":[35.612701,138.6946],"一宮町北都塚":[35.649874,138.693259],"一宮町本都塚":[35.650368,138.689562],"一宮町塩田":[35.638345,138.695252],"一宮町末木":[35.644686,138.694136],"御坂町上黒駒":[35.592322,138.724069],"一宮町小城":[35.656942,138.694671],"一宮町市之蔵":[35.62037,138.697683],"一宮町新巻":[35.631367,138.698095],"一宮町一ノ宮":[35.649956,138.701476],"一宮町上矢作":[35.662588,138.705921],"一宮町土塚":[35.633326,138.705329],"一宮町中尾":[35.650314,138.708138],"一宮町狐新居":[35.628116,138.708714],"一宮町神沢":[35.643039,138.701825],"一宮町金沢":[35.628398,138.704551],"一宮町東新居":[35.635664,138.710381],"一宮町石":[35.640719,138.716046],"一宮町地蔵堂":[35.6483,138.706309],"一宮町北野呂":[35.660499,138.713946],"一宮町千米寺":[35.642652,138.717105],"一宮町南野呂":[35.644858,138.71724]}