{"宇津谷":[35.698216,138.476365],"志田":[35.691589,138.482613],"岩森":[35.691797,138.482688],"下今井":[35.684722,138.48726],"龍地":[35.688476,138.498259],"大垈":[35.692293,138.498908],"竜王":[35.670186,138.500444],"竜王新町":[35.666447,138.513991],"西八幡":[35.644208,138.524734],"大久保":[35.692088,138.511572],"牛句":[35.696617,138.523099],"天狗沢":[35.69008,138.513695],"篠原":[35.644253,138.52542],"玉川":[35.635741,138.523667],"富竹新田":[35.658107,138.534996],"島上条":[35.690574,138.518585],"中下条":[35.678553,138.532754],"境":[35.691473,138.518881],"大下条":[35.673756,138.530816],"名取":[35.6668,138.528389],"万才":[35.641915,138.531317],"長塚":[35.674186,138.536297]}