{"小田船原":[35.36893,138.42678],"身延":[35.375344,138.438066],"下山":[35.420501,138.446849],"相又":[35.349221,138.426649],"梅平":[35.36879,138.448758],"大野":[35.366125,138.45022],"波木井":[35.384658,138.448435],"角打":[35.359418,138.450944],"丸滝":[35.37172,138.462248],"帯金":[35.374613,138.457741]}