{"つき米":[35.574914,138.451166],"小室":[35.564031,138.440668],"最勝寺":[35.552321,138.461015],"鰍沢":[35.548834,138.467659],"大久保":[35.564621,138.442537],"小林":[35.578725,138.454108],"天神中條":[35.568486,138.459775],"青柳町":[35.552769,138.459775],"駅前通2":[35.540218,138.466108],"長澤":[35.567658,138.468471],"大椚":[35.56233,138.472969],"駅前通1":[35.540973,138.470048]}