{"築地新居":[35.623777,138.513619],"築地新田":[35.625468,138.517204],"飯喰":[35.620979,138.525175],"河西":[35.619444,138.524232],"上河東":[35.615901,138.525927],"河東中島":[35.624953,138.527969],"西条新田":[35.641407,138.532012],"押越":[35.630654,138.543422],"西条":[35.631081,138.542912],"紙漉阿原":[35.618425,138.552591],"清水新居":[35.644727,138.549694]}