{"下暮地":[35.537109,138.842116],"小沼":[35.511844,138.835054],"倉見":[35.512854,138.837085]}