{"忍草":[35.466447,138.833698],"内野":[35.445095,138.875541]}