{"西湖西":[35.501503,138.660171],"西湖":[35.495501,138.675499],"西湖南":[35.487125,138.679446],"長浜":[35.50818,138.714591],"大石":[35.51772,138.741244],"大嵐":[35.491685,138.728596],"勝山":[35.494065,138.740771],"小立":[35.491877,138.745536],"船津":[35.48397,138.7564],"河口":[35.536371,138.765411],"浅川":[35.51164,138.775621]}