{"山本":[35.46569,137.757676],"大瀬木":[35.506311,137.771442],"竹佐":[35.465181,137.759989],"箱川":[35.459768,137.779562],"鼎切石":[35.507413,137.807329],"大休":[35.52914,137.797141],"中村":[35.482863,137.778683],"北方":[35.513534,137.788086],"久米":[35.46191,137.777987],"上飯田":[35.528189,137.791123],"三日市場":[35.496012,137.804087],"伊豆木":[35.465698,137.791739],"正永町2":[35.526556,137.804504],"羽場赤坂":[35.517577,137.799327],"育良町1":[35.505429,137.801234],"上川路":[35.461656,137.811226],"羽場上河原":[35.516876,137.798723],"羽場権現":[35.519169,137.802436],"上殿岡":[35.496161,137.804071],"川路":[35.436208,137.805187],"育良町2":[35.501946,137.801983],"砂払町3":[35.521652,137.805375],"羽場町5":[35.515214,137.803584],"育良町3":[35.502796,137.803747],"羽場仲畑":[35.518911,137.802951],"正永町1":[35.525476,137.806063],"滝の沢":[35.5299,137.803128],"砂払町2":[35.52308,137.807496],"下殿岡":[35.496713,137.804522],"羽場町3":[35.517723,137.804617],"松川町":[35.514843,137.805596],"砂払町1":[35.521721,137.808431],"羽場町2":[35.519647,137.809141],"桐林":[35.470678,137.829451],"羽場町1":[35.515599,137.808277],"丸山町2":[35.52355,137.808769],"駄科":[35.473791,137.830548],"鼎一色":[35.501045,137.818615],"白山通り3":[35.516586,137.811268],"丸山町4":[35.529063,137.8166],"鼎上山":[35.505816,137.80966],"白山町三丁目南":[35.518493,137.813607],"羽場坂町":[35.513134,137.811769],"丸山町3":[35.524612,137.815651],"白山通り2":[35.514752,137.813083],"白山町三丁目東":[35.521136,137.813428],"丸山町1":[35.523202,137.816826],"鼎上茶屋":[35.512588,137.815143],"曙町":[35.516857,137.813685],"鼎名古熊":[35.499852,137.83539],"上郷黒田":[35.527291,137.827719],"白山町2":[35.518917,137.816163],"白山通り1":[35.51456,137.813805],"今宮町2":[35.519589,137.818578],"今宮町4":[35.526297,137.819417],"旭町":[35.513712,137.817423],"今宮町3":[35.521373,137.818675],"鼎中平":[35.507206,137.828042],"大通2":[35.514802,137.817994],"嶋":[35.461732,137.825831],"白山町1":[35.518324,137.817767],"大通1":[35.517376,137.819385],"箕瀬町3":[35.512451,137.820295],"今宮町1":[35.518555,137.81792],"箕瀬町2":[35.513895,137.819772],"箕瀬町1":[35.515138,137.821022],"高羽町5":[35.524354,137.819722],"高羽町1":[35.520596,137.820683],"愛宕町":[35.511824,137.828014],"高羽町4":[35.521535,137.820098],"元町":[35.518875,137.820978],"高羽町6":[35.524921,137.820483],"知久町4":[35.517157,137.820352],"大久保町":[35.512701,137.820575],"宮ノ上":[35.528757,137.827407],"本町4":[35.517394,137.820839],"高羽町3":[35.522586,137.823069],"通り町4":[35.517723,137.821647],"高羽町2":[35.521123,137.82333],"松尾町4":[35.517718,137.822256],"中央通り4":[35.518624,137.822979],"知久町四丁目大横":[35.516193,137.821571],"知久町三丁目大横":[35.515921,137.821662],"通り町四丁目大横":[35.517316,137.822396],"本町四丁目大横":[35.516443,137.821792],"知久町3":[35.515755,137.821604],"東和町2":[35.520841,137.823623],"本町三丁目大横":[35.51639,137.822174],"本町3":[35.516264,137.822071],"通り町3":[35.517046,137.822828],"扇町":[35.513822,137.825107],"時又":[35.462715,137.829349],"松尾町3":[35.517025,137.823495],"東和町1":[35.518764,137.824806],"知久町2":[35.514608,137.824138],"中央通り3":[35.517976,137.824264],"本町2":[35.515535,137.824379],"宮の前":[35.523709,137.826419],"通り町2":[35.51603,137.824786],"錦町1":[35.521085,137.824902],"松尾町2":[35.516518,137.825159],"鈴加町1":[35.51977,137.825191],"知久町1":[35.514414,137.825243],"吾妻町":[35.519758,137.827454],"中央通り2":[35.517669,137.826111],"本町1":[35.514889,137.82563],"銀座5":[35.513605,137.825849],"通り町1":[35.515387,137.826047],"松尾代田":[35.489002,137.839876],"錦町2":[35.521664,137.826814],"南常盤町":[35.511982,137.828491],"鈴加町2":[35.520056,137.826435],"松尾町1":[35.51587,137.826447],"鼎下茶屋":[35.50865,137.832127],"常盤町":[35.513269,137.827732],"銀座4":[35.514125,137.825829],"中央通り1":[35.516567,137.827034],"銀座3":[35.514542,137.826688],"追手町1":[35.51367,137.828374],"銀座2":[35.515011,137.827062],"伝馬町1":[35.5172,137.828713],"諏訪町":[35.524825,137.8273],"主税町":[35.513949,137.828545],"銀座1":[35.516063,137.82758],"大門町":[35.527719,137.82774],"毛賀":[35.488459,137.83945],"東新町2":[35.521325,137.828426],"伝馬町2":[35.518516,137.829581],"長姫町":[35.514719,137.829601],"鼎下山":[35.503578,137.841686],"東新町1":[35.519568,137.828823],"追手町2":[35.510619,137.835299],"馬場町1":[35.516094,137.828717],"水の手町":[35.510454,137.834728],"仲ノ町1":[35.516629,137.82931],"桜町2":[35.521271,137.829594],"長野原":[35.474688,137.836435],"江戸町1":[35.517321,137.830555],"桜町1":[35.519328,137.830026],"馬場町2":[35.514917,137.830306],"仲ノ町":[35.515348,137.831869],"小伝馬町1":[35.519256,137.830559],"江戸町2":[35.516511,137.830706],"大王路2":[35.52135,137.832211],"大王路1":[35.520174,137.830282],"江戸町3":[35.516106,137.832719],"東中央通":[35.511687,137.837033],"馬場町3":[35.512955,137.834075],"上郷別府":[35.518645,137.834296],"八幡町":[35.496791,137.841524],"江戸町4":[35.515036,137.832805],"二本松":[35.514446,137.832895],"小伝馬町2":[35.517681,137.833652],"松尾常盤台":[35.502294,137.839265],"座光寺":[35.520639,137.867058],"鼎西鼎":[35.509073,137.839366],"江戸浜町":[35.513872,137.835995],"浜井町":[35.516868,137.834586],"東栄町":[35.512225,137.837455],"東中央通5":[35.51,137.838662],"鼎東鼎":[35.503883,137.844451],"松尾久井":[35.503118,137.84126],"松尾城":[35.488995,137.840031],"上郷飯沼":[35.521467,137.844484],"松尾清水":[35.485651,137.849356],"松尾上溝":[35.502702,137.843473],"松尾水城":[35.498774,137.849277],"松尾明":[35.497033,137.849571],"松尾寺所":[35.495212,137.857627],"松尾新井":[35.486168,137.851521],"通り町三丁目大横":[35.517131,137.822671],"東和町3":[35.520294,137.822773]}