{"鹿教湯温泉":[36.303,138.136915],"西内":[36.301436,138.154938],"上室賀":[36.423145,138.128572],"別所温泉":[36.354865,138.165981],"野倉":[36.337241,138.16779],"越戸":[36.371691,138.164701],"浦野":[36.375116,138.166357],"下室賀":[36.390055,138.182128],"平井":[36.301091,138.19172],"山田":[36.352216,138.176782],"岡":[36.384105,138.179154],"手塚":[36.347413,138.185369],"八木沢":[36.364992,138.177312],"仁古田":[36.370436,138.175178],"小泉":[36.376867,138.193881],"前山":[36.343626,138.197812],"舞田":[36.361259,138.181876],"保野":[36.377653,138.195949],"新町":[36.352511,138.192842],"中野":[36.362517,138.188772],"十人":[36.355422,138.195851],"東内":[36.321603,138.251612],"吉田":[36.384147,138.200559],"下塩尻":[36.422748,138.205064],"本郷":[36.363889,138.202385],"古安曽":[36.355703,138.217528],"築地":[36.39742,138.212261],"下之条":[36.399468,138.210135],"小島":[36.36805,138.203172],"五加":[36.361943,138.202002],"福田":[36.384727,138.20012],"神畑":[36.38827,138.210153],"上塩尻":[36.424222,138.217855],"下之郷":[36.355859,138.218097],"上田原":[36.397663,138.212914],"富士山":[36.347934,138.248544],"中之条":[36.38994,138.232028],"秋和":[36.424504,138.228406],"常磐城":[36.41677,138.247239],"御所":[36.397154,138.239335],"常磐城3":[36.406797,138.236218],"諏訪形":[36.386341,138.236833],"常磐城4":[36.41276,138.238823],"天神3":[36.399652,138.245657],"常磐城6":[36.413237,138.239054],"常磐城2":[36.408139,138.240584],"常磐城5":[36.412152,138.239874],"常磐城1":[36.407903,138.242882],"緑が丘3":[36.416617,138.24468],"二の丸":[36.404436,138.24639],"天神2":[36.401926,138.24322],"中央西1":[36.407568,138.246645],"中央西2":[36.41018,138.250544],"緑が丘1":[36.410919,138.25037],"天神4":[36.394189,138.251154],"緑が丘2":[36.415754,138.246917],"小牧":[36.377215,138.26404],"大手2":[36.402742,138.251296],"上田":[36.406666,138.261024],"天神1":[36.397099,138.248863],"腰越":[36.308488,138.276529],"大手1":[36.401943,138.246557],"生田":[36.357433,138.283917],"中央4":[36.405407,138.253528],"御嶽堂":[36.345507,138.259491],"中央1":[36.398284,138.250073],"中央北2":[36.409271,138.253673],"中央北3":[36.416337,138.255004],"中央2":[36.398553,138.259194],"常田1":[36.393371,138.252402],"中央3":[36.402685,138.25579],"常田2":[36.390988,138.259473],"中央5":[36.405982,138.254189],"中央北1":[36.409349,138.257487],"中央6":[36.401934,138.262279],"踏入1":[36.388313,138.259264],"踏入2":[36.389592,138.260065],"常田3":[36.395724,138.265743],"材木町1":[36.396674,138.265029],"中央東":[36.405991,138.260808],"国分":[36.376401,138.270193],"材木町2":[36.393676,138.270367],"国分1":[36.386024,138.262916],"住吉":[36.40417,138.281843],"上丸子":[36.325835,138.26911],"古里":[36.388627,138.284999],"常入1":[36.393098,138.267321],"中丸子":[36.328991,138.276432],"下丸子":[36.334358,138.289107],"岩下":[36.375904,138.277046],"長瀬":[36.33577,138.295484],"蒼久保":[36.38019,138.279569],"上野":[36.404294,138.281782],"大屋":[36.36883,138.295518],"芳田":[36.382902,138.308242],"林之郷":[36.390627,138.292077],"塩川":[36.363192,138.293544],"藤原田":[36.328595,138.310498],"殿城":[36.405223,138.33232],"漆戸":[36.399569,138.304188],"真田町本原":[36.422413,138.307757],"武石鳥屋":[36.299658,138.246232]}