{"大字福島":[36.640475,138.26208],"大字中島":[36.647236,138.280313],"大字井上":[36.630018,138.280895],"大字村山":[36.661641,138.274523],"大字九反田":[36.64834,138.284726],"大字高梨":[36.658643,138.281523],"大字相之島":[36.686988,138.283941],"大字幸高":[36.636024,138.293599],"大字五閑":[36.65984,138.287604],"大字小山":[36.64981,138.306803],"大字八重森":[36.660771,138.288152],"北相之島":[36.685074,138.288375],"大字沼目":[36.666713,138.294103],"大字米持":[36.639386,138.300514],"大字小島":[36.673538,138.298122],"墨坂南1":[36.649046,138.293617],"大字塩川":[36.653039,138.296269],"大字須坂":[36.660712,138.30258],"大字小河原":[36.667102,138.307815],"大字野辺":[36.638941,138.310675],"豊島":[36.685099,138.297922],"墨坂南2":[36.645003,138.294568],"墨坂1":[36.652041,138.300215],"墨坂2":[36.64826,138.299936],"大字八町":[36.62453,138.310246],"田の神":[36.661008,138.301579],"墨坂4":[36.646946,138.303377],"墨坂3":[36.648112,138.30147],"墨坂南4":[36.643134,138.300571],"墨坂南3":[36.644843,138.301411],"望岳台":[36.638844,138.307714],"墨坂5":[36.645556,138.309636],"墨坂南5":[36.642247,138.305276],"臥竜2":[36.644822,138.312953],"旭ケ丘":[36.675793,138.311629],"大字日滝":[36.679529,138.332936],"臥竜1":[36.64838,138.312306],"臥竜3":[36.641605,138.31381],"臥竜4":[36.644128,138.316453],"臥竜5":[36.646362,138.31743],"臥竜6":[36.639779,138.322105],"明徳":[36.629947,138.318345],"大字坂田":[36.641214,138.326482],"大字豊丘":[36.639706,138.32564],"大字亀倉":[36.622513,138.331222],"大字栃倉":[36.621676,138.330218]}