{"宮川":[35.968055,138.162506],"中沖":[36.001504,138.133738],"ちの":[36.005448,138.136773],"塚原1":[35.996794,138.154815],"金沢":[35.946528,138.186708],"仲町":[35.99368,138.156972],"塚原2":[35.993915,138.157791],"本町西":[35.993825,138.162511],"玉川":[36.000857,138.174669],"米沢":[36.022895,138.160821],"本町東":[36.001141,138.173377],"城山":[36.006907,138.169014],"豊平":[36.005703,138.176992],"中大塩":[36.024441,138.189831],"湖東":[36.032338,138.202084],"北山":[36.104479,138.237619],"泉野":[35.998807,138.238777]}