{"大字桑原":[36.522244,138.087565],"大字八幡":[36.513372,138.094209],"大字稲荷山":[36.540265,138.106281],"大字羽尾":[36.493621,138.121253],"大字野高場":[36.534907,138.108198],"大字中":[36.519062,138.117472],"大字新田":[36.529808,138.11014],"杭瀬下2":[36.531562,138.112282],"大字杭瀬下":[36.535177,138.113919],"杭瀬下4":[36.53258,138.114976],"大字須坂":[36.495623,138.122332],"杭瀬下6":[36.536421,138.116488],"杭瀬下5":[36.534148,138.118266],"杭瀬下3":[36.532459,138.118512],"杭瀬下1":[36.529482,138.118449],"大字粟佐":[36.543595,138.124482],"大字桜堂":[36.524018,138.124457],"大字小船山":[36.515691,138.125653],"大字鋳物師屋":[36.517259,138.122208],"大字若宮":[36.486374,138.128028],"大字千本柳":[36.500107,138.135536],"大字屋代":[36.552532,138.131038],"大字打沢":[36.52976,138.131872],"大字小島":[36.532615,138.129881],"大字上山田":[36.477547,138.136659],"大字寂蒔":[36.511898,138.145251],"大字内川":[36.507787,138.142357],"大字新山":[36.456653,138.144403],"大字森":[36.50923,138.1638],"大字上徳間":[36.497853,138.148965],"大字雨宮":[36.547596,138.152075],"上山田温泉1":[36.482505,138.139747],"上山田温泉2":[36.477651,138.142432],"上山田温泉3":[36.476625,138.142648],"大字戸倉温泉":[36.483119,138.142757],"大字戸倉":[36.503999,138.147744],"上山田温泉4":[36.471475,138.147488],"大字磯部":[36.484731,138.15568],"大字生萱":[36.537515,138.154332],"大字倉科":[36.528515,138.166101],"大字土口":[36.556796,138.163506],"大字力石":[36.458846,138.164576]}