{"赤穂":[35.73817,137.892458],"上穂栄町":[35.734986,137.932074],"上穂北":[35.74142,137.930851],"上穂南":[35.733006,137.932075],"赤須町":[35.730226,137.935155],"中央":[35.737285,137.934656],"北町":[35.74397,137.937259],"下市場":[35.724962,137.939943],"南田":[35.730506,137.936025],"赤須東":[35.732165,137.936946],"東町":[35.736168,137.937998],"経塚":[35.730048,137.94522],"梨の木":[35.733976,137.943375],"飯坂1":[35.73994,137.946601],"下平":[35.731628,137.963048],"飯坂2":[35.737941,137.95398]}