{"春日":[36.194991,138.335081],"協和":[36.248791,138.33103],"茂田井":[36.288678,138.342607],"印内":[36.296073,138.355723],"望月":[36.26244,138.360574],"布施":[36.228044,138.388454],"矢嶋":[36.264218,138.39938],"蓬田":[36.27466,138.398479],"八幡":[36.294928,138.389867],"桑山":[36.280137,138.417116],"甲":[36.27441,138.41051],"根岸":[36.241185,138.405455],"御馬寄":[36.273876,138.418542],"伴野":[36.256994,138.418308],"塩名田":[36.277414,138.422896],"鳴瀬":[36.25325,138.426122],"塚原":[36.277151,138.446859],"小宮山":[36.232811,138.439697],"常田":[36.277365,138.447557],"上小田切":[36.169091,138.449952],"前山":[36.225987,138.453955],"桜井":[36.239295,138.45556],"三河田":[36.254434,138.443101],"横和":[36.252747,138.444654],"今井":[36.246083,138.451187],"平塚":[36.26957,138.45384],"大沢":[36.211659,138.464319],"三塚":[36.226942,138.453416],"湯原":[36.192221,138.474442],"根々井":[36.262096,138.462436],"長土呂":[36.293202,138.473639],"中小田切":[36.175573,138.473307],"野沢":[36.228203,138.466366],"岩村田":[36.264858,138.4833],"跡部":[36.230077,138.464819],"臼田":[36.197836,138.482312],"中込":[36.255426,138.477429],"本新町":[36.213026,138.466941],"佐久平駅南":[36.276046,138.466086],"佐久平駅北":[36.278283,138.464101],"取出町":[36.216066,138.473258],"猿久保":[36.261495,138.479498],"佐久平駅東":[36.278781,138.465613],"原":[36.218705,138.476917],"下小田切":[36.18397,138.480867],"北川":[36.179018,138.482121],"中込2":[36.228817,138.477015],"鍛冶屋":[36.217036,138.473722],"中込1":[36.233306,138.478278],"中込3":[36.22555,138.479309],"小田井":[36.297146,138.497982],"瀬戸":[36.249906,138.480805],"岩村田北1":[36.286991,138.478448],"高柳":[36.216208,138.485027],"勝間":[36.187975,138.4815],"平賀":[36.233979,138.48326],"清川":[36.210723,138.506286],"入澤":[36.181687,138.50869],"下越":[36.198287,138.483897],"太田部":[36.2234,138.47913],"田口":[36.200624,138.484167],"新子田":[36.263076,138.487457],"平林":[36.164081,138.488923],"安原":[36.269706,138.488281],"横根":[36.297041,138.499671],"三分":[36.192487,138.502476],"上平尾":[36.288259,138.504074],"下平尾":[36.270699,138.515733],"志賀":[36.247817,138.53605],"常和":[36.21479,138.514808],"内山":[36.230612,138.530191],"香坂":[36.261527,138.527726]}