{"八重原":[36.325404,138.313268],"和":[36.403563,138.362364],"本海野":[36.360367,138.319819],"塩川":[36.361457,138.308858],"海善寺":[36.377848,138.321716],"羽毛山":[36.335238,138.342704],"県":[36.358002,138.323119],"田中":[36.351769,138.334367],"新屋":[36.36319,138.337879],"常田":[36.358659,138.34859],"下之城":[36.309516,138.341536],"祢津":[36.366448,138.349223],"加沢":[36.34415,138.345908],"大日向":[36.331426,138.349871],"鞍掛":[36.360382,138.350339],"島川原":[36.33953,138.351406],"御牧原":[36.298249,138.384752],"滋野":[36.342796,138.357811],"布下":[36.336173,138.381236],"新張":[36.398781,138.393344]}