{"平":[36.544923,137.841451],"常盤":[36.440724,137.851226],"大町":[36.504134,137.866172],"社":[36.486503,137.863997]}