{"大字立ケ花":[36.732105,138.317465],"大字牛出":[36.735684,138.315964],"大字草間":[36.724914,138.33048],"大字栗林":[36.742762,138.325898],"大字安源寺":[36.746301,138.332206],"大字江部":[36.724469,138.333719],"大字三ツ和":[36.713152,138.36183],"大字片塩":[36.740395,138.337123],"大字七瀬":[36.750484,138.348683],"大字桜沢":[36.706688,138.343316],"大字新保":[36.724705,138.354826],"大字壁田":[36.800651,138.346599],"大字田麦":[36.764633,138.345506],"大字厚貝":[36.775182,138.344877],"大字西条":[36.73805,138.350854],"大字岩船":[36.745153,138.355573],"大字吉田":[36.745407,138.354545],"大字間長瀬":[36.777068,138.358768],"大字篠井":[36.724822,138.356779],"大字笠原":[36.775209,138.365777],"大字新井":[36.755762,138.36822],"大字金井":[36.767967,138.369694],"大字若宮":[36.758891,138.369204],"大字中野":[36.73461,138.36869],"大字新野":[36.723634,138.369711],"西2":[36.747624,138.364024],"西1":[36.74603,138.364167],"三好町1":[36.74091,138.368778],"大字越":[36.775404,138.366267],"中央1":[36.745488,138.371437],"大字小田中":[36.734472,138.369694],"大字一本木":[36.758402,138.370035],"三好町2":[36.740248,138.372979],"中央3":[36.747662,138.369376],"南宮":[36.738367,138.370821],"中央2":[36.743521,138.374188],"中央4":[36.745271,138.375213],"大字竹原":[36.760631,138.38571],"大字間山":[36.722319,138.380637],"大字更科":[36.72704,138.381078],"小舘":[36.74229,138.37656],"諏訪町":[36.744884,138.378124],"東山":[36.741808,138.380073],"大字深沢":[36.772757,138.38389]}