{"大字畑":[36.127929,138.462443],"大字八郡":[36.116157,138.41572],"大字上":[36.144837,138.416565],"大字千代里":[36.129351,138.47104],"大字高野町":[36.159832,138.483854],"大字穂積":[36.135975,138.478366],"大字海瀬":[36.150792,138.522715],"大字宿岩":[36.172442,138.487506],"大字平林":[36.166421,138.48707],"大字余地":[36.157238,138.516507],"大字大日向":[36.142795,138.550637]}