{"大字小海":[36.056365,138.469661],"大字東馬流":[36.096644,138.485607],"大字豊里":[36.049675,138.461558],"大字千代里":[36.114997,138.474841],"大字稲子":[36.049229,138.431082]}