{"大字追分":[36.337382,138.557574],"大字茂沢":[36.31564,138.556062],"大字長倉":[36.330255,138.597741],"大字発地":[36.306359,138.585597],"中軽井沢":[36.350242,138.593608],"大字軽井沢":[36.370494,138.637239],"軽井沢東":[36.347147,138.63334],"軽井沢":[36.354663,138.632964],"大字峠町":[36.365665,138.653747]}