{"東山田":[36.081282,138.073489],"西赤砂":[36.064098,138.075865],"（大字なし）":[36.074322,138.081754],"社東町":[36.075592,138.074676],"東赤砂":[36.061314,138.079545],"清水町":[36.070548,138.078982],"西弥生町":[36.073523,138.079519],"矢木西":[36.076252,138.080554],"矢木町":[36.076778,138.08063],"大門":[36.07885,138.081881],"東弥生町":[36.074593,138.079808],"西鷹野町":[36.070684,138.080241],"星が丘":[36.087693,138.077678],"町屋敷":[36.099599,138.090785],"東鷹野町":[36.071052,138.080248],"栄町":[36.07334,138.080274],"矢木東":[36.074567,138.081572],"曙町":[36.073459,138.081429],"春日町":[36.075111,138.081877],"東町中":[36.08087,138.086214],"中央通":[36.07619,138.085171],"田中町":[36.078912,138.082406],"仲町":[36.079513,138.083939],"魁町":[36.074111,138.081555],"広瀬町":[36.073332,138.085585],"西四王":[36.070277,138.083326],"中汐町":[36.074782,138.08382],"東町上":[36.099435,138.090295],"桜町":[36.07843,138.085079],"緑町":[36.076561,138.085284],"友之町":[36.074735,138.086253],"花咲町":[36.075116,138.084923],"東町下":[36.079385,138.084977],"平沢町":[36.075371,138.085692],"富士見町":[36.072905,138.08655],"塚田町":[36.077115,138.085761],"御田町":[36.077128,138.086743],"新町下":[36.078179,138.088249],"菅野町":[36.073678,138.086957],"新町上":[36.079278,138.087654],"北四王":[36.070409,138.088001],"南四王":[36.066606,138.087785],"湯田仲町":[36.077195,138.087011],"立町":[36.076711,138.088047],"上馬場":[36.073296,138.088644],"東四王":[36.069947,138.087956],"大社通":[36.074882,138.087065],"湯田町":[36.077678,138.08902],"上久保":[36.073764,138.089388],"横町木の下":[36.077475,138.089607],"湖畔町北":[36.069904,138.090403],"久保海道":[36.072827,138.09047],"湖畔町南":[36.065642,138.090644],"小湯の上":[36.077973,138.090307],"西豊":[36.069764,138.090809],"東豊":[36.070701,138.094089],"萩倉":[36.103383,138.1108],"武居北":[36.07545,138.093637],"武居南":[36.075003,138.093499],"本郷":[36.074617,138.09569],"西浜":[36.070542,138.093986],"高浜":[36.068066,138.093348],"五官":[36.070455,138.094181],"富ケ丘":[36.077171,138.113898],"樋橋":[36.137082,138.100692],"西高木":[36.064484,138.106278],"北高木":[36.066611,138.108194],"南高木":[36.061262,138.109409],"東高木":[36.06434,138.106978],"東俣":[36.108255,138.125559]}