{"富士見":[35.903726,138.172126],"落合":[35.886956,138.245287],"立沢":[35.950705,138.290564],"乙事":[35.927426,138.285278],"境":[35.925648,138.307715]}