{"大字中箕輪":[35.896453,137.980807],"大字中曽根":[35.903544,137.942223],"大字三日町":[35.903776,138.008735],"大字東箕輪":[35.919612,138.006272],"大字福与":[35.888993,137.996053]}