{"片桐":[35.629068,137.936759],"葛島":[35.60701,137.961511],"大草":[35.655105,137.955586]}