{"牛牧":[35.54885,137.847593],"大島山":[35.559998,137.861085],"山吹":[35.576159,137.906636],"上市田":[35.555653,137.863264],"下市田":[35.554091,137.874718],"吉田":[35.557859,137.864976],"出原":[35.566951,137.872298]}