{"大島":[35.611715,137.899277],"上片桐":[35.613325,137.898496],"元大島":[35.604785,137.902708],"生田":[35.594297,137.928892]}