{"福島":[35.849468,137.69506],"新開":[35.856905,137.71033]}