{"大字小布施":[36.715534,138.294618],"大字大島":[36.688583,138.307237],"大字飯田":[36.691974,138.30356],"大字山王島":[36.703335,138.306145],"大字北岡":[36.705745,138.312622],"大字福原":[36.694823,138.309663],"大字押羽":[36.707927,138.31309],"大字都住":[36.714528,138.330169],"大字中松":[36.687736,138.322822],"大字雁田":[36.687612,138.320051]}