{"大字野尻":[36.83168,138.221868],"大字柏原":[36.808777,138.177725],"大字大井":[36.759671,138.198819],"大字平岡":[36.780746,138.186785],"大字古間":[36.800965,138.215502],"大字穂波":[36.765706,138.211978],"大字熊坂":[36.866087,138.212949],"大字富濃":[36.816505,138.219417],"大字古海":[36.844177,138.263777],"大字荒瀬原":[36.814086,138.256154]}