{"大字川上":[36.724549,138.177418],"大字高坂":[36.730908,138.194659],"大字柳里":[36.753013,138.196368],"大字坂口":[36.725699,138.20803],"大字地蔵久保":[36.716727,138.208037],"大字古町":[36.745381,138.215666],"大字袖之山":[36.728649,138.224849],"大字黒川":[36.74575,138.218491],"大字小玉":[36.755003,138.229467],"大字牟礼":[36.755771,138.234555],"大字平出":[36.72208,138.251166],"大字豊野":[36.75301,138.247446],"大字普光寺":[36.756759,138.246738],"大字芋川":[36.773345,138.265668],"大字倉井":[36.751576,138.252581],"大字川谷":[36.745749,138.269262],"大字赤塩":[36.771884,138.28799],"大字東柏原":[36.775598,138.28661]}