{"清見町牧ケ洞":[36.153678,137.156983],"八日町":[36.142447,137.203059],"清見町三日町":[36.132568,137.190962],"前原町":[36.146126,137.201243],"新宮町":[36.136698,137.202343],"国府町広瀬町":[36.204564,137.226616],"国府町鶴巣":[36.221335,137.205058],"国府町名張":[36.201519,137.209739],"下之切町":[36.141134,137.217042],"国府町木曽垣内":[36.223896,137.217582],"国府町三日町":[36.215013,137.214231],"下林町":[36.152233,137.213173],"山田町":[36.137862,137.226329],"匠ケ丘町":[36.14123,137.217468],"松倉町":[36.122693,137.232522],"国府町半田":[36.218577,137.220062],"赤保木町":[36.160127,137.234742],"国府町金桶":[36.199726,137.235412],"上切町":[36.163449,137.223265],"上岡本町":[36.135257,137.228341],"上岡本町2":[36.132622,137.22927],"緑ケ丘町1":[36.140334,137.229193],"上岡本町6":[36.136856,137.233711],"中山町":[36.152888,137.237588],"上岡本町8":[36.144022,137.233357],"緑ケ丘町2":[36.141146,137.232612],"上岡本町1":[36.136282,137.234235],"越後町":[36.122527,137.24059],"上岡本町5":[36.137627,137.234445],"国府町上広瀬":[36.199353,137.253021],"中切町":[36.171025,137.241671],"下岡本町":[36.150894,137.236875],"冬頭町":[36.169963,137.242298],"西之一色町3":[36.129322,137.243336],"上岡本町4":[36.138861,137.242238],"上岡本町7":[36.144444,137.239543],"上岡本町3":[36.138382,137.245316],"旭ケ丘町":[36.178577,137.242811],"下切町":[36.179838,137.249929],"問屋町":[36.15771,137.245183],"千島町":[36.121426,137.254418],"岡本町1":[36.141312,137.247819],"岡本町2":[36.1453,137.247502],"岡本町3":[36.148459,137.246347],"本母町":[36.163969,137.249281],"岡本町4":[36.153135,137.248284],"松本町":[36.161823,137.252653],"桐生町8":[36.15925,137.247659],"国府町村山":[36.198329,137.244063],"昭和町3":[36.146821,137.250045],"昭和町2":[36.14577,137.250099],"桐生町4":[36.153603,137.249325],"昭和町1":[36.140452,137.250739],"西之一色町1":[36.133542,137.25022],"花岡町3":[36.149279,137.25156],"西之一色町2":[36.137182,137.248558],"花里町1":[36.133609,137.254012],"桐生町7":[36.159469,137.250545],"桐生町3":[36.15251,137.251184],"石浦町8":[36.114304,137.253335],"花岡町2":[36.146946,137.251856],"桐生町6":[36.159996,137.251624],"花岡町1":[36.144227,137.25236],"初田町3":[36.148431,137.252967],"花里町5":[36.140604,137.251831],"桐生町2":[36.152934,137.254099],"花里町6":[36.142394,137.252862],"花里町3":[36.136732,137.253468],"桐生町5":[36.1571,137.254874],"花里町4":[36.139431,137.252004],"初田町2":[36.147134,137.253526],"花里町2":[36.136544,137.253494],"総和町3":[36.148437,137.253505],"桐生町1":[36.156351,137.254191],"天満町3":[36.137139,137.254573],"神田町2":[36.149369,137.254835],"総和町2":[36.147107,137.253793],"七日町3":[36.149876,137.255658],"総和町1":[36.143357,137.254021],"名田町6":[36.141782,137.254404],"名田町5":[36.140971,137.25691],"末広町":[36.144441,137.255657],"神田町1":[36.147387,137.255502],"名田町3":[36.137073,137.256111],"花川町":[36.142404,137.255906],"八軒町3":[36.139103,137.255365],"名田町2":[36.134426,137.255832],"名田町1":[36.134018,137.255211],"八軒町2":[36.137608,137.256414],"国府町三川":[36.192089,137.258538],"大新町5":[36.157111,137.256253],"朝日町":[36.144283,137.255922],"七日町2":[36.147455,137.255961],"本町4":[36.145596,137.257374],"大新町4":[36.152088,137.258072],"上川原町":[36.136692,137.258126],"石浦町9":[36.121414,137.260094],"七日町1":[36.147182,137.255928],"本町3":[36.143125,137.257283],"森下町2":[36.132023,137.256781],"大新町3":[36.150684,137.259002],"有楽町":[36.141276,137.256877],"西町":[36.137319,137.257836],"八軒町1":[36.139628,137.257691],"丹生川町新張":[36.181911,137.258608],"大新町2":[36.148819,137.258903],"森下町1":[36.131405,137.256771],"片野町6":[36.129282,137.25714],"大新町1":[36.147516,137.258739],"石浦町6":[36.111962,137.254125],"本町1":[36.140416,137.258147],"石浦町7":[36.124803,137.259718],"下三之町":[36.145211,137.258141],"三福寺町":[36.155204,137.267671],"城山":[36.138981,137.264847],"下一之町":[36.14548,137.2605],"片野町4":[36.125434,137.259655],"八幡町":[36.149307,137.261267],"神明町4":[36.139176,137.261144],"桜町":[36.148256,137.260531],"石浦町3":[36.110047,137.258237],"片野町5":[36.129329,137.265006],"鉄砲町":[36.145357,137.262115],"左京町":[36.147868,137.263168],"堀端町":[36.141494,137.264767],"石浦町5":[36.117948,137.265289],"片野町3":[36.126083,137.265776],"馬場町2":[36.143282,137.262579],"石浦町1":[36.1051,137.265568],"若達町2":[36.146348,137.263722],"若達町1":[36.146308,137.264644],"吹屋町":[36.141781,137.264532],"上野町":[36.1668,137.286372],"愛宕町":[36.14542,137.26551],"片野町2":[36.120446,137.268854],"石浦町2":[36.111102,137.265112],"天性寺町":[36.143629,137.266531],"島川原町":[36.14112,137.265054],"宗猷寺町":[36.142052,137.266918],"曙町1":[36.148138,137.265782],"江名子町":[36.133807,137.267082],"曙町2":[36.146621,137.26795],"曙町3":[36.148488,137.267624],"石浦町4":[36.116572,137.266476],"春日町":[36.139009,137.265628],"片野町1":[36.120899,137.267493],"西洞町":[36.142638,137.269023],"曙町4":[36.149038,137.26888],"松之木町":[36.143477,137.272591],"長坂町":[36.146553,137.271046],"日の出町2":[36.148145,137.27336],"日の出町1":[36.145613,137.272725],"日の出町3":[36.146102,137.274896],"山口町":[36.136894,137.29492],"漆垣内町":[36.139334,137.300007],"丹生川町町方":[36.163565,137.309296],"大洞町":[36.15661,137.295854],"塩屋町":[36.129812,137.326127],"丹生川町坊方":[36.167348,137.312187],"丹生川町山口":[36.160562,137.341406],"滝町":[36.1495,137.392683],"岩井町":[36.138444,137.429645],"清見町藤瀬":[36.118883,137.18106],"天満町2":[36.134341,137.255157],"天満町1":[36.133781,137.254638],"天満町4":[36.138969,137.254226],"天満町6":[36.142423,137.253273],"初田町1":[36.143071,137.253664],"天満町5":[36.141029,137.253539],"神明町1":[36.135479,137.25876],"川原町":[36.138401,137.258871],"名田町4":[36.139207,137.254618],"上三之町":[36.142884,137.259219],"片原町":[36.141693,137.258664],"下二之町":[36.144047,137.25956],"上一之町":[36.140964,137.261231],"上二之町":[36.143044,137.259557],"本町2":[36.142641,137.257588],"相生町":[36.142446,137.257149],"大門町":[36.143816,137.263166],"神明町2":[36.137189,137.259351],"神明町3":[36.138315,137.260852],"馬場町1":[36.14127,137.262062],"東山町":[36.146127,137.266842],"丹生川町下保":[36.181304,137.274201],"国府町宇津江":[36.201464,137.202194],"国府町瓜巣":[36.193791,137.225025],"石浦町":[36.102751,137.25135],"大島町":[36.121037,137.326386],"国府町糠塚":[36.197324,137.242724],"丹生川町北方":[36.175788,137.303391]}