{"桑原町西小薮3":[35.254608,136.663167],"桑原町西小薮2":[35.257687,136.662791],"桑原町西小薮1":[35.25911,136.663207],"福寿町平方":[35.322031,136.679244],"堀津町":[35.292457,136.68374],"堀津町横手3":[35.31302,136.670859],"桑原町小藪":[35.249183,136.670955],"堀津町須賀南2":[35.304956,136.671208],"桑原町大須5":[35.259004,136.674316],"桑原町大須4":[35.260995,136.677225],"堀津町横手2":[35.313069,136.673761],"桑原町大須3":[35.262487,136.677785],"堀津町須賀南1":[35.303798,136.67292],"桑原町大須2":[35.26472,136.67958],"桑原町大須1":[35.270011,136.677203],"堀津町横手1":[35.311115,136.676364],"桑原町大須":[35.270357,136.676463],"桑原町午南":[35.255714,136.682659],"桑原町東方":[35.285454,136.683953],"堀津町須賀北2":[35.309157,136.679632],"福寿町平方13":[35.311567,136.679031],"舟橋町出須賀4":[35.310733,136.678637],"福寿町平方11":[35.315427,136.679468],"福寿町平方10":[35.317338,136.6801],"桑原町平太1":[35.267985,136.679859],"桑原町八神":[35.263958,136.686444],"福寿町平方9":[35.319518,136.680459],"福寿町平方12":[35.312817,136.681108],"堀津町須賀北1":[35.308977,136.682107],"舟橋町出須賀3":[35.312557,136.681099],"福寿町平方8":[35.31852,136.681642],"福寿町平方5":[35.315081,136.681842],"福寿町平方7":[35.316404,136.681183],"福寿町本郷":[35.339939,136.691467],"福寿町平方6":[35.316842,136.682575],"上中町午北":[35.291822,136.693801],"舟橋町出須賀2":[35.31005,136.684141],"舟橋町出須賀1":[35.313001,136.682189],"福寿町平方3":[35.313823,136.682091],"福寿町平方4":[35.316804,136.683558],"江吉良町":[35.308075,136.696092],"桑原町前野":[35.255542,136.683359],"福寿町平方2":[35.316109,136.68431],"福寿町平方1":[35.315059,136.685548],"福寿町千代田1":[35.318477,136.68549],"舟橋町本町2":[35.3133,136.683821],"舟橋町本町5":[35.310633,136.686044],"舟橋町本町4":[35.311218,136.685316],"舟橋町2":[35.313818,136.687827],"下中町市之枝6":[35.288497,136.689834],"福寿町浅平1":[35.318793,136.690138],"下中町石田":[35.285219,136.701321],"福寿町浅平2":[35.319262,136.687211],"江吉良町江中7":[35.308113,136.68898],"舟橋町4":[35.310916,136.688967],"舟橋町1":[35.314552,136.686958],"福寿町浅平":[35.322142,136.691718],"舟橋町3":[35.312843,136.689001],"舟橋町8":[35.315406,136.687335],"舟橋町宮北6":[35.316042,136.688855],"福寿町浅平4":[35.321503,136.689665],"舟橋町5":[35.31042,136.691714],"舟橋町宮北7":[35.315134,136.690451],"舟橋町7":[35.312959,136.689146],"舟橋町宮北2":[35.318608,136.691535],"下中町市之枝4":[35.288981,136.691958],"舟橋町宮北4":[35.31757,136.690916],"舟橋町宮北8":[35.313426,136.692217],"舟橋町宮北5":[35.315542,136.692043],"竹鼻町":[35.299514,136.723113],"福寿町間島1":[35.33063,136.692959],"小熊町西小熊":[35.345234,136.691506],"江吉良町江中6":[35.309642,136.691479],"小熊町外粟野":[35.343079,136.690402],"舟橋町6":[35.312425,136.692048],"福寿町浅平3":[35.319393,136.690721],"福寿町間島2":[35.334388,136.694898],"舟橋町宮北3":[35.318182,136.693527],"福寿町浅平5":[35.321588,136.69126],"下中町市之枝3":[35.285743,136.697676],"福寿町間島":[35.33554,136.69256],"小熊町天王1":[35.335997,136.692156],"小熊町内粟野1":[35.339479,136.693399],"下中町市之枝2":[35.28971,136.697105],"江吉良町江西1":[35.315404,136.692698],"小熊町外粟野1":[35.343494,136.693061],"竹鼻町丸の内7":[35.324956,136.694431],"上中町沖":[35.292877,136.707424],"竹鼻町丸の内8":[35.325255,136.694667],"竹鼻町丸の内9":[35.326746,136.696088],"福寿町間島3":[35.335176,136.692748],"竹鼻町丸の内10":[35.328321,136.69309],"小熊町天王2":[35.338313,136.694421],"竹鼻町丸の内11":[35.329503,136.696626],"舟橋町":[35.317922,136.695011],"小熊町内粟野2":[35.339358,136.694575],"上中町長間":[35.309875,136.708027],"福寿町間島4":[35.332223,136.696134],"小熊町外粟野2":[35.341904,136.694953],"小熊町天王3":[35.338489,136.695318],"福寿町間島5":[35.334803,136.696835],"小熊町内粟野3":[35.340509,136.695607],"上中町中":[35.302184,136.701467],"小熊町外粟野3":[35.343183,136.69596],"小熊町3":[35.34362,136.697504],"竹鼻町丸の内1":[35.323824,136.69515],"小熊町天王4":[35.338375,136.696458],"小熊町2":[35.349167,136.708345],"福寿町間島7":[35.330483,136.696822],"小熊町内粟野4":[35.339442,136.696849],"竹鼻町丸の内6":[35.330107,136.700811],"小熊町外粟野4":[35.342072,136.696812],"福寿町間島8":[35.332622,136.697849],"小熊町内粟野":[35.341963,136.698203],"竹鼻町丸の内2":[35.32486,136.698393],"福寿町間島6":[35.334278,136.700254],"竹鼻町丸の内4":[35.327458,136.700187],"小熊町4":[35.341671,136.698641],"福寿町間島9":[35.331006,136.699919],"下中町市之枝1":[35.285763,136.700587],"小熊町川口1":[35.336006,136.699959],"小熊町1":[35.353213,136.697207],"竹鼻町丸の内5":[35.330031,136.701278],"小熊町川口前":[35.33591,136.700011],"下中町城屋敷":[35.290429,136.711313],"小熊町5":[35.334775,136.702044],"小熊町川口":[35.334837,136.702443],"上中町一色":[35.302216,136.710915],"小熊町島":[35.333554,136.701676],"小熊町島2":[35.333878,136.705325],"小熊町東小熊":[35.35115,136.7132],"新生町1":[35.331638,136.70447],"小熊町島3":[35.3348,136.708461],"小熊町島4":[35.336705,136.710804],"小熊町島1":[35.332458,136.70911],"新生町2":[35.329844,136.708322],"小熊町島5":[35.334406,136.709884],"新生町3":[35.329617,136.710402],"足近町5":[35.334405,136.710485],"足近町南之川":[35.32967,136.708854],"足近町4":[35.340273,136.719547],"下中町加賀野井":[35.267844,136.695726],"正木町曲利":[35.328695,136.722212],"足近町3":[35.34679,136.712825],"足近町2":[35.350109,136.716985],"足近町坂井":[35.35006,136.718068],"足近町直道":[35.351134,136.718074],"足近町7":[35.336469,136.718935],"足近町小荒井3":[35.334599,136.719776],"足近町小荒井":[35.336241,136.718724],"正木町須賀":[35.332568,136.721017],"正木町新井":[35.312953,136.724744],"足近町小荒井2":[35.334456,136.720075],"足近町1":[35.351602,136.724492],"正木町三ツ柳":[35.307951,136.728523],"正木町不破一色":[35.33192,136.720953],"足近町小荒井1":[35.337969,136.723967],"正木町大浦":[35.328878,136.723166],"足近町南宿":[35.347255,136.72892],"足近町6":[35.348391,136.731049],"正木町須賀小松":[35.339761,136.733323],"正木町須賀本村":[35.336008,136.730123],"足近町北宿":[35.356169,136.729346],"足近町市場":[35.347499,136.736435],"正木町坂丸2":[35.332196,136.735189],"正木町坂丸3":[35.331454,136.73427],"正木町須賀赤松":[35.343153,136.73945],"足近町北宿1":[35.354823,136.733222],"正木町坂丸4":[35.330954,136.729824],"正木町坂丸1":[35.336126,136.731392],"正木町坂丸6":[35.329279,136.732257],"正木町森9":[35.339062,136.732752],"正木町森16":[35.334023,136.735073],"正木町森14":[35.335111,136.735168],"正木町森13":[35.335749,136.735747],"正木町坂丸5":[35.331208,136.73466],"足近町北宿2":[35.352459,136.733426],"正木町森10":[35.337374,136.736063],"足近町北宿3":[35.350376,136.732819],"正木町森8":[35.33861,136.736462],"正木町森3":[35.340155,136.734521],"正木町大浦新田9":[35.330205,136.735824],"正木町大浦新田8":[35.331885,136.735496],"正木町大浦新田4":[35.332101,136.735994],"正木町森12":[35.334974,136.736801],"正木町大浦新田7":[35.331014,136.737199],"正木町大浦新田10":[35.329652,136.737364],"正木町森7":[35.33757,136.738297],"正木町森5":[35.338536,136.736699],"正木町大浦新田5":[35.332519,136.737904],"正木町上大浦3":[35.339194,136.741519],"正木町森新田3":[35.334865,136.739416],"正木町大浦新田6":[35.330253,136.739559],"正木町大浦新田3":[35.33285,136.738826],"正木町森新田1":[35.33601,136.739959],"正木町上大浦1":[35.342386,136.739885],"正木町須賀池端":[35.343813,136.739913],"正木町上大浦2":[35.341113,136.738192],"正木町森新田5":[35.331613,136.740736],"正木町南及4":[35.342012,136.742333],"正木町上大浦6":[35.336941,136.741821],"正木町南及3":[35.344507,136.743145],"正木町光法寺2":[35.334656,136.74296],"正木町南及9":[35.339102,136.742416],"正木町南及7":[35.341473,136.74532],"正木町光法寺1":[35.336298,136.744705],"正木町南及2":[35.343574,136.744902],"正木町南及6":[35.341874,136.745333],"正木町南及8":[35.338025,136.745984],"正木町南及1":[35.344328,136.745328],"正木町南及5":[35.3454,136.748306],"舟橋町本町1":[35.314712,136.685958],"福寿町千代田":[35.31949,136.684841],"舟橋町宮北1":[35.316813,136.687965],"竹鼻町丸の内3":[35.32508,136.698607],"小熊町天王":[35.33826,136.698932],"小熊町島新道":[35.331763,136.703853],"小熊町江頭":[35.338457,136.706631],"小熊町相田":[35.35093,136.713607],"正木町森15":[35.333296,136.73582],"正木町大浦新田1":[35.333977,136.737466],"正木町森新田4":[35.333793,136.740869],"正木町上大浦7":[35.333778,136.740538],"正木町大浦新田2":[35.333067,136.738165],"正木町森新田2":[35.335133,136.739503],"正木町森4":[35.339225,136.736522],"正木町森2":[35.340771,136.735326],"正木町森1":[35.341403,136.736649],"正木町上大浦4":[35.337697,136.745614],"正木町森6":[35.337617,136.739583],"正木町上大浦5":[35.337263,136.745446],"江吉良町江西3":[35.312949,136.692635],"江吉良町江中1":[35.312323,136.692616],"小熊町島前":[35.33232,136.702642]}