{"大矢田":[35.528409,136.882216],"乙狩":[35.600751,136.864766],"小倉":[35.58165,136.862709],"上野":[35.583747,136.874179],"御手洗":[35.5807,136.878139],"楓台":[35.530281,136.875395],"蕨生":[35.584344,136.89774],"笠神":[35.527525,136.889873],"もみじが丘1":[35.530984,136.879029],"極楽寺":[35.531345,136.893843],"もみじが丘2":[35.529184,136.882227],"もみじが丘3":[35.531324,136.882716],"神洞":[35.57971,136.889799],"片知":[35.59295,136.910453],"横越":[35.541478,136.897618],"藍川":[35.533034,136.894369],"生櫛":[35.529611,136.901547],"志摩":[35.518322,136.897693],"前野":[35.556655,136.911023],"安毛":[35.568676,136.915192],"さくらヶ丘3":[35.519868,136.896406],"さくらヶ丘2":[35.519188,136.899867],"さくらヶ丘1":[35.521191,136.898564],"長瀬":[35.572235,136.912201],"中央1":[35.547178,136.905408],"（大字なし）":[35.550561,136.919788],"中央6":[35.537555,136.906236],"中央3":[35.541721,136.901024],"中央4":[35.53857,136.90559],"中央5":[35.537991,136.905544],"中央10":[35.531114,136.904767],"中央7":[35.53337,136.905586],"中央2":[35.542731,136.905466],"松森":[35.526282,136.926884],"中央8":[35.531958,136.903866],"中央9":[35.530384,136.905865],"松栄町4":[35.530181,136.910821],"松栄町2":[35.531342,136.910839],"松栄町1":[35.533756,136.910972],"曽代":[35.550767,136.920183],"立花":[35.576366,136.944306],"松栄町5":[35.528496,136.912547],"松栄町3":[35.533568,136.911502],"松倉台1":[35.533722,136.91246],"松倉台2":[35.52894,136.913223],"富野":[35.547428,136.945789],"保木脇":[35.580434,136.947899],"須原":[35.596002,136.954163],"下河和":[35.592664,136.951084],"上河和":[35.599145,136.960554],"口野々":[35.551641,136.92604]}