{"日吉町":[35.410483,137.192864],"明世町月吉":[35.375682,137.230384],"和合町2":[35.358707,137.223029],"和合町1":[35.36401,137.223777],"薬師町5":[35.364509,137.226525],"西小田町6":[35.359786,137.228789],"薬師町4":[35.363837,137.228491],"西小田町5":[35.361288,137.229802],"明世町山野内":[35.368759,137.22962],"小田町":[35.366344,137.221713],"西小田町4":[35.35879,137.232661],"薬師町3":[35.364054,137.231122],"西小田町3":[35.360022,137.236259],"薬師町2":[35.364848,137.234683],"薬師町1":[35.362841,137.235757],"西小田町2":[35.354786,137.240317],"松ケ瀬町4":[35.36335,137.236812],"明世町戸狩":[35.366853,137.234082],"西小田町1":[35.359842,137.238179],"北小田町4":[35.362328,137.238937],"下沖町2":[35.362946,137.239545],"松ケ瀬町3":[35.365653,137.238698],"松ケ瀬町2":[35.367575,137.243216],"南小田町3":[35.359629,137.238935],"北小田町3":[35.362642,137.240825],"下沖町1":[35.364139,137.242685],"須野志町2":[35.364742,137.242643],"南小田町4":[35.354601,137.241036],"北小田町1":[35.363873,137.242714],"須野志町1":[35.364691,137.243278],"南小田町2":[35.349675,137.242302],"山田町":[35.346982,137.257645],"南小田町1":[35.35639,137.245006],"北小田町2":[35.358779,137.245988],"高月町2":[35.363435,137.24664],"明賀台3":[35.344624,137.245517],"高月町1":[35.365621,137.244923],"松ケ瀬町1":[35.369177,137.247113],"明賀台2":[35.343782,137.243524],"明賀台1":[35.340472,137.243668],"穂並3":[35.353495,137.248932],"明賀台5":[35.346276,137.245904],"宮前町1":[35.36636,137.245745],"穂並2":[35.355111,137.249029],"穂並1":[35.3554,137.248694],"宮前町2":[35.365655,137.248761],"明賀台4":[35.344821,137.247062],"一色町6":[35.358718,137.246784],"一色町1":[35.361554,137.250153],"上野町2":[35.364038,137.250797],"一色町2":[35.35896,137.24696],"上野町3":[35.363079,137.245711],"寺河戸町":[35.36776,137.245362],"上野町1":[35.364819,137.249649],"一色町3":[35.358632,137.249478],"一色町5":[35.356236,137.253267],"一色町4":[35.358312,137.252871],"土岐町":[35.389932,137.274733],"樽上町1":[35.36104,137.253888],"樽上町2":[35.359653,137.253931],"上平町4":[35.35762,137.254625],"上平町3":[35.358236,137.256599],"上平町1":[35.360825,137.255211],"益見町1":[35.3627,137.256011],"上平町5":[35.357092,137.255147],"上平町2":[35.358859,137.258135],"学園台1":[35.356593,137.259005],"学園台2":[35.353511,137.259806],"益見町3":[35.360855,137.258055],"益見町2":[35.362801,137.261964],"稲津町小里":[35.34761,137.280412],"学園台3":[35.355521,137.26415],"学園台4":[35.358072,137.26339],"稲津町萩原":[35.35282,137.306955],"大湫町":[35.428356,137.3017],"陶町大川":[35.309305,137.297093],"釜戸町":[35.399445,137.281684],"陶町水上":[35.320521,137.319124],"陶町猿爪":[35.310911,137.328544],"学園台5":[35.357911,137.258962]}