{"武芸川町谷口":[35.540992,136.83079],"武芸川町宇多院":[35.533507,136.818182],"武芸川町平":[35.527334,136.8356],"武芸川町小知野":[35.534369,136.835214],"側島":[35.465424,136.837701],"保明":[35.477958,136.847839],"戸田":[35.480153,136.842596],"武芸川町八幡":[35.526275,136.844223],"武芸川町跡部":[35.518055,136.852332],"千疋":[35.485957,136.847437],"武芸川町高野":[35.52125,136.851403],"下白金":[35.475551,136.855972],"植野":[35.496476,136.854615],"上白金":[35.487462,136.858186],"山田":[35.46868,136.853359],"千疋北1":[35.493846,136.854683],"千疋北2":[35.497156,136.856387],"小屋名":[35.491531,136.862065],"大平台":[35.49585,136.860356],"広見":[35.510557,136.859694],"虹ケ丘北":[35.470691,136.865582],"津保川台2":[35.471431,136.868607],"津保川台1":[35.47283,136.868373],"虹ケ丘南":[35.467474,136.866262],"広見北町":[35.515338,136.867453],"池尻":[35.504221,136.890623],"広見東町":[35.514444,136.872173],"小瀬":[35.495092,136.878959],"倉知":[35.476532,136.912566],"星ケ丘":[35.488917,136.882294],"巾3":[35.48369,136.88402],"小瀬南2":[35.493032,136.889449],"巾2":[35.486055,136.886695],"新田":[35.486071,136.891515],"巾1":[35.48509,136.89177],"桐谷台3":[35.456805,136.890823],"桐谷台2":[35.457881,136.893058],"四季ノ台":[35.46052,136.893246],"段下":[35.48353,136.897949],"小瀬南1":[35.491337,136.893312],"桐谷台1":[35.458306,136.893514],"十三塚町":[35.486695,136.894764],"山王通西":[35.486251,136.895811],"小瀬長池町":[35.494273,136.893937],"栄町5":[35.484622,136.898097],"東志摩":[35.518572,136.898835],"十三塚北":[35.48862,136.896902],"下有知":[35.525823,136.911632],"山王通1":[35.488485,136.898154],"池田町":[35.494277,136.899007],"桐ケ丘3":[35.453506,136.898091],"山王通2":[35.489172,136.898716],"栄町4":[35.485416,136.902128],"雄飛ケ丘":[35.483599,136.901539],"北福野町2":[35.489424,136.899828],"緑ケ丘2":[35.492747,136.901382],"西福野町2":[35.486569,136.901017],"馬場出":[35.48323,136.901319],"西福野町1":[35.487953,136.902905],"北福野町1":[35.489255,136.902908],"緑ケ丘1":[35.490976,136.903849],"向山町1":[35.454403,136.901839],"向山町2":[35.455893,136.902116],"向山町3":[35.45231,136.902442],"中福野町":[35.488337,136.905003],"向山町4":[35.452514,136.905709],"栄町3":[35.48555,136.907932],"東福野町":[35.487129,136.906693],"十六所":[35.478317,136.912812],"南仙房":[35.489711,136.906654],"北仙房":[35.495228,136.905884],"力山":[35.48319,136.907795],"緑町2":[35.487374,136.908092],"東仙房":[35.491994,136.907663],"竪切北":[35.493613,136.907874],"居敷町":[35.481028,136.908944],"緑町1":[35.488594,136.909195],"西居敷":[35.48175,136.907061],"竪切南":[35.491382,136.908827],"辻井戸町":[35.487296,136.90892],"西境松町":[35.497236,136.90978],"水ノ輪町":[35.501189,136.909192],"貸上町":[35.495385,136.910234],"西貸上":[35.494925,136.909962],"柳町":[35.483375,136.908849],"川間町":[35.490016,136.909703],"南貸上":[35.490895,136.909777],"倉知南":[35.446457,136.905076],"前山町":[35.472542,136.910691],"平和通8":[35.485312,136.909678],"稲口":[35.473048,136.920624],"桜本町2":[35.489717,136.911821],"宝山町":[35.480093,136.913805],"片倉町":[35.482507,136.911639],"一本木町":[35.482153,136.912947],"栄町1":[35.486775,136.911396],"関ノ上1":[35.52156,136.909961],"東貸上":[35.494356,136.910767],"桜本町1":[35.488766,136.912244],"迫間":[35.438179,136.924556],"平和通7":[35.484106,136.911084],"関ノ上2":[35.52209,136.913368],"貴船町":[35.486007,136.911448],"若宮町":[35.487647,136.912586],"河合町":[35.486536,136.912219],"日ノ出町2":[35.48417,136.913738],"西本郷通1":[35.492982,136.912431],"安桜台":[35.492559,136.912672],"西本郷通2":[35.492452,136.914458],"関ノ上3":[35.52461,136.91658],"坂下町":[35.487616,136.913446],"若草通1":[35.495735,136.913966],"若草通2":[35.494795,136.916085],"赤渕":[35.47949,136.913516],"古屋敷町":[35.482218,136.914091],"西日吉町":[35.488667,136.915558],"平和通4":[35.48302,136.914524],"寺田1":[35.508983,136.916196],"東日吉町":[35.487998,136.916154],"西本郷通3":[35.491981,136.916242],"一ツ山町":[35.479843,136.915403],"桜木町":[35.481292,136.917561],"西本郷通4":[35.491696,136.917855],"寺田2":[35.507439,136.916381],"清水町":[35.478387,136.918027],"本町3":[35.48561,136.917365],"若草通3":[35.494664,136.91737],"梅ケ枝町":[35.479012,136.91881],"本町2":[35.485562,136.918667],"西欠ノ下":[35.477065,136.919348],"西本郷通5":[35.489187,136.919594],"神明町4":[35.475729,136.918984],"月見町":[35.481909,136.919342],"平和通1":[35.482653,136.91952],"西本郷":[35.494311,136.919527],"豊川町":[35.480397,136.921069],"本町1":[35.485445,136.920149],"朝倉町":[35.480728,136.919542],"若草通5":[35.494951,136.921416],"西本郷通6":[35.488818,136.921477],"神明町1":[35.474699,136.921995],"伊勢町":[35.487286,136.919664],"寿町1":[35.478365,136.924315],"美園町":[35.482948,136.921641],"明生町5":[35.472881,136.925027],"大門町2":[35.480582,136.92226],"のぞみケ丘":[35.51722,136.924267],"神明町2":[35.473666,136.92251],"観音前":[35.482126,136.921357],"出来町":[35.486703,136.92317],"西本郷通7":[35.488311,136.925286],"迫間台1":[35.453914,136.92412],"迫間台2":[35.44849,136.925293],"寿町2":[35.476097,136.925405],"黒屋":[35.506319,136.925302],"東本郷":[35.491711,136.925911],"新堀町":[35.478774,136.922474],"神明町3":[35.475746,136.924991],"尾太町":[35.509288,136.92664],"大平町3":[35.48153,136.924247],"長谷寺町":[35.484519,136.92413],"小迫間":[35.463947,136.928343],"宮地町":[35.480945,136.924214],"桜台2":[35.46547,136.927044],"春里町2":[35.47836,136.926553],"明生町1":[35.475306,136.925909],"西旭ケ丘":[35.481934,136.925493],"西町":[35.485255,136.925519],"本郷町":[35.487941,136.926484],"桜台1":[35.468359,136.927806],"春里町3":[35.477348,136.926419],"大平町1":[35.484947,136.925085],"明生町2":[35.474327,136.927297],"春里町1":[35.479864,136.926269],"円保通1":[35.489299,136.927736],"桜ケ丘1":[35.475486,136.927489],"旭ケ丘2":[35.483355,136.929915],"吉本町":[35.486045,136.926954],"明生町3":[35.473357,136.927839],"旭ケ丘1":[35.484355,136.930094],"弥生町4":[35.47628,136.9292],"弥生町3":[35.477532,136.928882],"弥生町2":[35.478334,136.929278],"弥生町1":[35.479732,136.927593],"仲町":[35.486606,136.929808],"桜台3":[35.465003,136.930314],"桜ケ丘3":[35.473815,136.930575],"桜ケ丘2":[35.475002,136.929587],"稲河町":[35.473482,136.928038],"円保通2":[35.488241,136.929211],"関口町1":[35.480511,136.927781],"旭ケ丘3":[35.481255,136.929835],"桜台4":[35.464742,136.930736],"円保通3":[35.48943,136.930814],"関口町2":[35.480623,136.930746],"豊岡町2":[35.476261,136.930826],"豊岡町1":[35.479297,136.931137],"吉野町":[35.486539,136.930674],"豊岡町4":[35.472638,136.932021],"東本郷通1":[35.488509,136.932305],"豊岡町3":[35.475295,136.931566],"天徳町2":[35.476138,136.932817],"天徳町1":[35.477222,136.931893],"西田原":[35.440338,136.952917],"南天神3":[35.477557,136.934004],"南天神1":[35.478399,136.934062],"鋳物師屋6":[35.473423,136.934082],"北天神1":[35.479324,136.932868],"鋳物師屋3":[35.474981,136.934581],"塔ノ洞":[35.507083,136.934023],"東町1":[35.487087,136.933651],"平賀町1":[35.484772,136.932108],"東本郷通2":[35.489309,136.933492],"平成通1":[35.473547,136.937494],"平賀町2":[35.485743,136.932794],"東新町3":[35.480598,136.932882],"鋳物師屋7":[35.472087,136.935087],"市平賀":[35.492767,136.948392],"北天神2":[35.478714,136.93457],"鋳物師屋1":[35.476869,136.934609],"鋳物師屋5":[35.473653,136.936923],"東本郷通3":[35.488698,136.935047],"南天神2":[35.477949,136.935905],"平成通2":[35.471142,136.937001],"東出町":[35.484653,136.937466],"鋳物師屋4":[35.47457,136.937737],"鋳物師屋2":[35.476507,136.936401],"北天神3":[35.479025,136.937864],"平賀町3":[35.486284,136.936496],"肥田瀬":[35.482725,136.960559],"東本郷通4":[35.488911,136.936447],"東新町5":[35.479613,136.93868],"東町2":[35.48797,136.935111],"鋳物師屋":[35.47596,136.939097],"宮河町2":[35.468026,136.935223],"東町3":[35.487966,136.93678],"平賀町4":[35.487447,136.93765],"東本郷通5":[35.489184,136.93777],"東新町4":[35.481631,136.936492],"東町4":[35.488139,136.93815],"東本郷通6":[35.489006,136.939305],"向陽台":[35.462344,136.939535],"東新町6":[35.482352,136.941145],"志津野":[35.50916,136.974951],"平賀町5":[35.487636,136.939233],"東新町7":[35.478935,136.942615],"東野町":[35.490242,136.940644],"平賀町6":[35.487708,136.941274],"東山2":[35.49054,136.942322],"東山1":[35.490681,136.943594],"小野":[35.531946,136.952032],"平賀町7":[35.485901,136.942756],"東山":[35.487985,136.942707],"東山4":[35.491595,136.94646],"平賀町8":[35.486845,136.947316],"大杉":[35.448759,136.957227],"新迫間":[35.449106,136.941508],"西神野":[35.530507,136.957473],"東田原":[35.471934,136.955552],"神野":[35.529583,136.989913],"上大野":[35.517123,136.979796],"平和通3":[35.482922,136.91674],"平和通2":[35.482471,136.918353],"大門町1":[35.480699,136.921472],"長住町":[35.482483,136.923717],"大平町2":[35.482774,136.924565],"大門町3":[35.480166,136.92376],"森西町":[35.486121,136.910518],"栄町2":[35.487119,136.909797],"本町8":[35.487239,136.913298],"吐月町":[35.485887,136.914344],"本町7":[35.486995,136.914061],