{"飯地町":[35.459553,137.293194],"中野方町":[35.533483,137.307794],"武並町藤":[35.475091,137.325468],"笠置町河合":[35.46541,137.304053],"笠置町姫栗":[35.475799,137.357899],"三郷町椋実":[35.393111,137.36963],"武並町竹折":[35.447397,137.372503],"長島町久須見":[35.461405,137.342761],"三郷町佐々良木":[35.410788,137.346364],"武並町新竹折":[35.42698,137.341471],"山岡町久保原":[35.384862,137.365111],"笠置町毛呂窪":[35.501892,137.37957],"三郷町野井":[35.431078,137.390529],"長島町中野":[35.453941,137.396455],"長島町永田":[35.42674,137.40273],"大井町":[35.451357,137.423408],"長島町鍋山":[35.425109,137.410524],"長島町中野1":[35.451061,137.411191],"長島町中野2":[35.449216,137.410568],"長島町正家":[35.451078,137.427978],"長島町中野3":[35.446762,137.410093],"長島町正家1":[35.449293,137.411444],"長島町正家2":[35.446837,137.4117],"長島町正家3":[35.447329,137.415392],"東野":[35.426237,137.432845]}