{"海老":[35.445085,136.640604],"温井":[35.429171,136.63576],"浅木":[35.435091,136.634858],"国領":[35.438477,136.642525],"政田":[35.428065,136.645622],"下福島":[35.425916,136.642257],"七五三":[35.444243,136.651782],"屋井":[35.457336,136.654368],"数屋":[35.462396,136.653965],"軽海":[35.427406,136.665361],"下真桑":[35.443407,136.664538],"上真桑":[35.449219,136.672676],"上高屋":[35.471846,136.663388],"十四条":[35.42564,136.670644],"随原":[35.461264,136.657403],"早野":[35.453291,136.671405],"有里":[35.462165,136.657457],"山口":[35.4999,136.666125],"石神":[35.484088,136.662539],"曽井中島":[35.475373,136.676388],"見延":[35.455724,136.672491],"長屋":[35.470222,136.674803],"宗慶":[35.432166,136.677845],"法林寺":[35.498916,136.673181],"文殊":[35.488833,136.676094],"小柿":[35.42294,136.683022],"三橋":[35.45826,136.681646],"仏生寺":[35.450682,136.69035],"上保":[35.458697,136.68205],"三橋1":[35.45083,136.674899],"三橋鶴舞":[35.446291,136.676425],"三橋5":[35.448751,136.676054],"三橋2":[35.451988,136.676994],"三橋3":[35.446355,136.677892],"三橋4":[35.44575,136.678629],"石原":[35.457278,136.684748],"郡府":[35.457812,136.684096],"春近":[35.456037,136.694949],"北野":[35.456471,136.695371]}