{"呂久":[35.39038,136.638527],"中宮":[35.387687,136.643678],"古橋":[35.396269,136.659282],"横屋":[35.386806,136.66217],"十九条":[35.396285,136.659911],"牛牧":[35.386883,136.672336],"宝江":[35.36991,136.67101],"本田":[35.401496,136.671863],"別府":[35.392311,136.698177],"只越":[35.398176,136.698219],"犀川2":[35.367796,136.671666],"犀川1":[35.371135,136.672244],"野田新田":[35.388248,136.675265],"犀川4":[35.367256,136.675106],"犀川3":[35.369538,136.675184],"犀川6":[35.367204,136.675902],"犀川5":[35.368894,136.677052],"稲里":[35.390992,136.687485],"野白新田":[35.379761,136.681646],"馬場北町":[35.41872,136.680596],"馬場前畑町2":[35.41249,136.681161],"馬場前畑町1":[35.415234,136.680958],"馬場":[35.416975,136.681783],"馬場前畑町3":[35.412743,136.682695],"生津滝坪町1":[35.409266,136.684304],"生津":[35.410537,136.680871],"生津滝坪町2":[35.408838,136.684383],"馬場上光町1":[35.413053,136.686104],"馬場上光町2":[35.410881,136.686693],"祖父江":[35.367709,136.686671],"生津内宮町1":[35.408268,136.686905],"馬場春雨町1":[35.410969,136.688962],"生津内宮町2":[35.406489,136.689013],"馬場上光町3":[35.408046,136.688747],"穂積":[35.387794,136.702019],"馬場小城町1":[35.409788,136.690443],"馬場春雨町2":[35.410923,136.692702],"生津外宮東町2":[35.405709,136.689447],"生津外宮前町1":[35.402192,136.692141],"生津外宮東町1":[35.40678,136.689933],"馬場小城町2":[35.408878,136.692526],"生津外宮前町2":[35.403859,136.69289],"生津天王町2":[35.400705,136.69748],"生津天王町1":[35.405179,136.694464],"生津天王東町2":[35.401074,136.697958],"生津天王東町1":[35.40595,136.698135]}