{"八幡町五町4":[35.758514,136.94021],"八幡町五町3":[35.76163,136.940315],"八幡町五町2":[35.755233,136.943723],"八幡町五町1":[35.755024,136.945481],"八幡町五町":[35.756071,136.947288],"八幡町島谷":[35.749132,136.959062],"八幡町城南町":[35.743666,136.947923],"八幡町稲成":[35.739405,136.95293],"八幡町中坪3":[35.760595,136.950584],"八幡町初音":[35.760794,136.949433],"八幡町中坪":[35.755156,136.956551],"八幡町中坪2":[35.759139,136.952828],"八幡町大正町":[35.74777,136.950273],"八幡町尾崎町":[35.751897,136.955345],"八幡町殿町":[35.754092,136.956332],"八幡町柳町":[35.752627,136.960776],"八幡町小野":[35.753194,136.967276],"八幡町小野3":[35.756962,136.967197],"八幡町小野2":[35.753703,136.966861],"八幡町旭":[35.753185,136.96877],"八幡町小野5":[35.757046,136.967842],"八幡町小野4":[35.75555,136.970073],"八幡町小野6":[35.754729,136.972224],"八幡町小野7":[35.758589,136.972204],"八幡町小野8":[35.7572,136.975685],"八幡町中坪1":[35.757513,136.953413],"八幡町向山":[35.756144,136.953644],"八幡町職人町":[35.753684,136.955778],"八幡町本町":[35.750381,136.956845],"八幡町大手町":[35.751688,136.956818],"八幡町鍛冶屋町":[35.751905,136.955829],"八幡町桜町":[35.750822,136.961841],"八幡町新町":[35.748813,136.95638],"八幡町有坂":[35.743841,136.946707],"八幡町初納":[35.765472,136.982629],"八幡町橋本町":[35.749291,136.957353],"八幡町肴町":[35.750196,136.957247]}