{"加茂野町稲辺":[35.451423,136.972851],"加茂野町市橋":[35.480298,136.966011],"加茂野町鷹之巣":[35.47402,136.968752],"加茂野町今泉":[35.462409,136.973664],"加茂野町加茂野":[35.452416,136.993121],"加茂野町木野":[35.460567,136.984548],"蜂屋町下蜂屋":[35.478762,136.999106],"蜂屋町伊瀬":[35.462186,137.0037],"蜂屋町中蜂屋":[35.461704,137.001969],"伊深町":[35.504113,136.999816],"西町6":[35.450513,136.996431],"西町5":[35.448925,136.997664],"西町4":[35.444798,136.993017],"西町7":[35.450589,136.996853],"西町3":[35.442527,137.000943],"西町2":[35.446815,137.000068],"西町8":[35.449076,137.000145],"草笛町4":[35.441994,137.001177],"前平町3":[35.450927,137.001399],"あじさいヶ丘1":[35.458991,137.004779],"西町1":[35.447166,137.001161],"前平町2":[35.449851,137.002084],"加茂川町3":[35.439435,137.005105],"深田町2":[35.434144,137.006225],"草笛町3":[35.44312,137.002748],"深田町3":[35.437832,137.005112],"草笛町2":[35.445266,137.006248],"太田町":[35.454165,137.021668],"深田町1":[35.436097,137.008063],"前平町1":[35.453388,137.009916],"加茂川町2":[35.441086,137.0096],"加茂川町1":[35.441563,137.010132],"蜂屋町上蜂屋":[35.463913,137.023271],"太田本町5":[35.436752,137.010124],"草笛町1":[35.446097,137.010004],"蜂屋町矢田":[35.457424,137.011532],"山手町3":[35.451132,137.01284],"太田本町4":[35.436949,137.011062],"蜂屋台1":[35.470392,137.018571],"太田本町3":[35.439502,137.014344],"山手町2":[35.452344,137.01652],"太田本町2":[35.437967,137.015814],"中部台6":[35.461724,137.01756],"山手町1":[35.450516,137.019769],"中部台2":[35.461316,137.018025],"太田本町1":[35.43962,137.018348],"山之上町":[35.477701,137.035674],"大手町2":[35.449124,137.020645],"中部台7":[35.463648,137.020364],"中部台1":[35.454831,137.020395],"中部台5":[35.462183,137.018105],"中部台3":[35.461445,137.018468],"中部台9":[35.466856,137.019925],"大手町1":[35.446757,137.018216],"古井町下古井":[35.44414,137.020458],"田島町1":[35.446412,137.021263],"田島町2":[35.44956,137.022979],"中部台8":[35.46345,137.023202],"中部台4":[35.460931,137.023097],"新池町1":[35.452801,137.024234],"中富町1":[35.44479,137.025305],"田島町3":[35.449875,137.026867],"中富町2":[35.446585,137.029829],"田島町4":[35.448302,137.027244],"新池町2":[35.453889,137.024159],"島町2":[35.438201,137.026236],"中富町3":[35.443767,137.029475],"島町1":[35.440916,137.027704],"三和町川浦":[35.531394,137.068891],"御門町1":[35.437691,137.031774],"新池町3":[35.452761,137.031814],"清水町2":[35.44138,137.032303],"本郷町3":[35.450871,137.036792],"清水町1":[35.444758,137.031567],"本郷町4":[35.452465,137.033179],"本郷町2":[35.44775,137.032358],"野笹町1":[35.444975,137.035779],"三和町廿屋":[35.542896,137.036361],"本郷町5":[35.452381,137.037002],"御門町2":[35.439015,137.033877],"野笹町2":[35.445122,137.037919],"本郷町1":[35.448008,137.039374],"本郷町6":[35.457045,137.036808],"本郷町9":[35.451311,137.045216],"本郷町7":[35.461476,137.039949],"川合町1":[35.445586,137.038597],"川合町2":[35.447687,137.042496],"本郷町8":[35.453707,137.045667],"森山町5":[35.460095,137.044225],"森山町2":[35.458359,137.048154],"川合町3":[35.44441,137.047898],"森山町1":[35.454558,137.048515],"森山町3":[35.461986,137.049771],"川合町4":[35.450767,137.0509],"森山町6":[35.463817,137.048982],"森山町4":[35.45908,137.052936],"下米田町小山":[35.45779,137.055046],"下米田町西脇":[35.459899,137.055091],"牧野":[35.456572,137.071957],"下米田町今":[35.45386,137.060652],"下米田町則光":[35.465566,137.07144],"下米田町東栃井":[35.477205,137.066337],"下米田町為岡":[35.478206,137.071579],"下米田町信友":[35.469014,137.081649],"下米田町山本":[35.472223,137.081649],"蜂屋台2":[35.469297,137.012459],"あじさいヶ丘2":[35.461996,137.00661],"山崎町":[35.461728,137.005642]}