{"古川町谷":[36.260626,137.141009],"古川町袈裟丸":[36.260772,137.142429],"古川町下野":[36.257129,137.143988],"古川町中野":[36.245526,137.156759],"古川町杉崎":[36.252416,137.168267],"古川町上野":[36.244021,137.164606],"古川町太江":[36.254721,137.171494],"古川町沼町":[36.252347,137.17183],"古川町宮城町":[36.243557,137.172148],"古川町下気多":[36.241521,137.177716],"古川町高野":[36.234335,137.181986],"古川町栄1":[36.241112,137.178269],"古川町朝開町":[36.233564,137.181287],"古川町栄2":[36.238996,137.183044],"古川町新栄町":[36.242622,137.180394],"古川町弐之町":[36.233652,137.188044],"古川町末広町":[36.237634,137.18482],"古川町三之町":[36.233931,137.186321],"古川町南成町":[36.228992,137.183186],"古川町向町2":[36.230844,137.186684],"古川町向町3":[36.230794,137.183303],"古川町壱之町":[36.233646,137.188677],"古川町本町":[36.238029,137.187295],"古川町幸栄町":[36.229837,137.188833],"古川町若宮2":[36.237436,137.190169],"古川町殿町":[36.234178,137.190182],"古川町金森町":[36.235647,137.191361],"古川町是重2":[36.227389,137.189652],"古川町向町1":[36.233343,137.189843],"古川町上町":[36.223068,137.188527],"古川町向町":[36.225544,137.186166],"古川町増島町":[36.233179,137.191005],"古川町上気多":[36.243569,137.197028],"古川町貴船町":[36.231475,137.192232],"古川町片原町":[36.231931,137.196109],"古川町是重1":[36.226534,137.193848],"古川町東町":[36.231393,137.194191],"古川町是重":[36.224001,137.198943],"古川町大野町":[36.218991,137.200015],"神岡町寺林":[36.320562,137.281752],"神岡町梨ケ根":[36.322422,137.284268],"神岡町船津":[36.331686,137.299447],"神岡町朝浦":[36.327077,137.300237],"神岡町鹿間":[36.348821,137.292941],"神岡町東町":[36.33197,137.300374],"神岡町釜崎":[36.323047,137.30343],"神岡町坂富町":[36.326184,137.303973],"神岡町殿":[36.3175,137.313284],"神岡町緑ケ丘":[36.322507,137.301847],"神岡町桜ケ丘":[36.326739,137.304425],"神岡町城ケ丘":[36.329817,137.302678],"神岡町江馬町":[36.331312,137.302778],"神岡町館野町":[36.317533,137.305706],"神岡町夕陽ケ丘":[36.329752,137.307287],"神岡町東雲":[36.315897,137.310501],"古川町若宮3":[36.24217,137.181665],"古川町若宮1":[36.233084,137.19579]}