{"南濃町津屋":[35.260079,136.557643],"南濃町志津":[35.239932,136.574563],"南濃町志津新田":[35.248792,136.567006],"南濃町庭田":[35.229405,136.591651],"南濃町徳田":[35.234311,136.591727],"南濃町戸田":[35.2364,136.587518],"南濃町駒野":[35.228405,136.592044],"南濃町奥条":[35.21983,136.60055],"南濃町駒野新田":[35.233652,136.595266],"南濃町駒野奥条入会地":[35.221432,136.598859],"南濃町羽沢":[35.22004,136.603748],"南濃町上野河戸":[35.206436,136.609525],"南濃町山崎":[35.201598,136.61259],"海津町福岡":[35.224466,136.625431],"平田町脇野":[35.23651,136.633048],"南濃町安江":[35.185428,136.620908],"南濃町吉田":[35.17521,136.62262],"海津町高須":[35.217753,136.63929],"南濃町太田":[35.175141,136.623439],"平田町土倉":[35.239647,136.634519],"平田町今尾":[35.248219,136.631475],"南濃町松山":[35.158274,136.635294],"海津町平原":[35.236562,136.634254],"海津町西小島":[35.211456,136.628043],"海津町高須町":[35.216841,136.633023],"海津町稲山":[35.197982,136.629423],"海津町東小島":[35.21661,136.63043],"南濃町境":[35.154849,136.637422],"平田町仏師川":[35.257199,136.635196],"海津町本阿弥新田":[35.189456,136.64288],"海津町宮地":[35.196015,136.63],"海津町安田新田":[35.178728,136.637837],"南濃町田鶴":[35.16122,136.64426],"海津町馬目":[35.225532,136.646997],"海津町安田":[35.180578,136.635658],"海津町萱野":[35.216166,136.640281],"海津町沼新田":[35.179405,136.65155],"平田町高田":[35.239354,136.635532],"海津町帆引新田":[35.172061,136.653043],"海津町五町":[35.207844,136.640818],"平田町三郷":[35.26573,136.640049],"海津町江東":[35.185904,136.648108],"海津町内記":[35.217312,136.650305],"平田町蛇池":[35.258479,136.651626],"平田町西島":[35.23851,136.64379],"平田町岡":[35.279291,136.659023],"海津町鹿野":[35.227506,136.66033],"海津町札野":[35.21031,136.650609],"海津町深浜":[35.188733,136.658085],"海津町七右衛門新田":[35.164165,136.655751],"海津町草場":[35.221682,136.663241],"平田町須賀":[35.282115,136.658592],"海津町万寿新田":[35.163885,136.656863],"平田町者結":[35.265333,136.656551],"海津町松木":[35.234831,136.658885],"海津町福江":[35.181488,136.664795],"海津町立野":[35.194327,136.655818],"平田町勝賀":[35.284821,136.670087],"平田町幡長":[35.265727,136.656501],"海津町田中":[35.234239,136.659152],"海津町石亀":[35.185215,136.658979],"海津町瀬古":[35.24939,136.662894],"平田町野寺":[35.276358,136.674718],"海津町神桐":[35.241486,136.666489],"海津町金廻":[35.153117,136.662978],"海津町駒ケ江":[35.216838,136.668686],"海津町長久保":[35.202441,136.663031],"海津町大和田":[35.22453,136.667882],"海津町福一色":[35.235511,136.666359],"海津町外浜":[35.184082,136.668596],"海津町油島":[35.15387,136.669798],"海津町森下":[35.183755,136.663355],"海津町古中島":[35.179209,136.668302],"海津町日原":[35.204077,136.667151],"海津町秋江":[35.224745,136.668209],"海津町成戸":[35.235157,136.666151],"海津町長瀬":[35.205471,136.666947],"南濃町早瀬":[35.23646,136.591994]}