{"徳田":[35.379721,136.765702],"石原瀬2":[35.377195,136.765853],"石原瀬1":[35.378591,136.766636],"徳田西4":[35.381992,136.765989],"徳田西3":[35.384948,136.766821],"徳田9":[35.379651,136.767299],"徳田8":[35.377041,136.773771],"下印食5":[35.389159,136.768951],"徳田西1":[35.387656,136.771268],"下印食4":[35.392882,136.768934],"徳田西2":[35.38461,136.769458],"徳田6":[35.381958,136.76861],"徳田7":[35.37887,136.773644],"下印食3":[35.389695,136.771175],"下印食1":[35.393876,136.771314],"下印食2":[35.391299,136.77111],"徳田4":[35.382268,136.773455],"薬師寺4":[35.376137,136.775606],"薬師寺8":[35.373855,136.773202],"薬師寺5":[35.375745,136.775551],"みやまち1":[35.393997,136.772389],"みやまち2":[35.393642,136.772444],"みやまち3":[35.391555,136.772487],"みやまち4":[35.39115,136.772492],"徳田1":[35.389573,136.773579],"徳田2":[35.387576,136.772524],"薬師寺7":[35.375073,136.774939],"徳田3":[35.384217,136.778588],"徳田5":[35.380788,136.777443],"薬師寺2":[35.37855,136.775678],"薬師寺3":[35.377209,136.776675],"八剣4":[35.393875,136.775129],"薬師寺6":[35.375368,136.776573],"八剣6":[35.392409,136.775734],"薬師寺1":[35.378992,136.777812],"八剣9":[35.390699,136.778522],"八剣北7":[35.395904,136.774806],"八剣3":[35.393746,136.779199],"平成3":[35.387891,136.779656],"八剣8":[35.388851,136.780918],"八剣北3":[35.397993,136.779972],"八剣5":[35.39123,136.781256],"八剣2":[35.39346,136.781375],"平成5":[35.384228,136.779309],"八剣北6":[35.395754,136.780942],"平成2":[35.387879,136.781304],"平成7":[35.382194,136.780065],"八剣北2":[35.3978,136.782483],"八剣北5":[35.394199,136.782865],"八剣1":[35.393117,136.78449],"八剣7":[35.390117,136.78432],"平成1":[35.386558,136.784229],"平成4":[35.384905,136.784199],"平成6":[35.382382,136.784161],"八剣北1":[35.399476,136.784593],"八剣北4":[35.395998,136.784903],"伏屋9":[35.380594,136.787204],"伏屋6":[35.384928,136.786951],"上印食2":[35.3977,136.787264],"上印食3":[35.396122,136.789528],"伏屋2":[35.386127,136.789142],"上印食9":[35.390013,136.78715],"上印食7":[35.391604,136.787121],"上印食5":[35.39382,136.789785],"上印食4":[35.394783,136.790159],"上印食1":[35.398171,136.789854],"上印食6":[35.391521,136.789794],"上印食8":[35.388573,136.789966],"伏屋5":[35.384891,136.78745],"伏屋8":[35.380531,136.791884],"三宅2":[35.392743,136.794938],"伏屋1":[35.38615,136.792064],"伏屋4":[35.384136,136.792648],"三宅1":[35.396588,136.791725],"三宅5":[35.391487,136.790293],"三宅7":[35.388558,136.790892],"伏屋7":[35.377283,136.79295],"伏屋3":[35.38178,136.796089],"三宅9":[35.386285,136.796015],"三宅4":[35.390881,136.801825],"三宅6":[35.39009,136.799721],"三宅3":[35.393955,136.796256],"若宮地3":[35.377513,136.794923],"若宮地1":[35.379936,136.797505],"若宮地2":[35.378331,136.795199],"三宅8":[35.388451,136.802368],"野中2":[35.386417,136.797792],"野中4":[35.383936,136.798815],"野中6":[35.38186,136.799567],"野中8":[35.380805,136.799744],"野中1":[35.387563,136.802979],"野中3":[35.384286,136.803441],"野中5":[35.383063,136.804146],"野中7":[35.381205,136.803442],"平島8":[35.384558,136.804311],"平島9":[35.3831,136.80466],"平島5":[35.386948,136.810686],"平島6":[35.385429,136.809933],"平島7":[35.383008,136.810066],"平島4":[35.384452,136.812201],"平島3":[35.38338,136.816119],"平島2":[35.385262,136.816592],"平島1":[35.383056,136.819285]}