{"門間":[35.359925,136.732971],"北及":[35.345229,136.744796],"田代":[35.364841,136.754168],"長池":[35.359126,136.753446],"桜町":[35.369835,136.752746],"瓢町":[35.369315,136.753931],"友楽町":[35.371704,136.756429],"泉町":[35.364524,136.757887],"美笠通3":[35.369274,136.755465],"大池町":[35.36924,136.756508],"中川町":[35.374594,136.758297],"下柳川町":[35.366359,136.758847],"門前町":[35.367381,136.758621],"清住町":[35.370054,136.75754],"朝日町":[35.365159,136.758068],"天王町":[35.368934,136.757825],"弥生町":[35.371938,136.758136],"緑町":[35.377244,136.758702],"羽衣町":[35.376303,136.758134],"上柳川町":[35.36682,136.759952],"西宮町":[35.367455,136.761058],"上新町":[35.372409,136.762617],"中新町":[35.371317,136.759629],"下新町":[35.368938,136.761483],"新町":[35.367936,136.761633],"西町":[35.365723,136.759943],"月美町":[35.37835,136.760294],"柳原町":[35.363893,136.761263],"東宮町":[35.366481,136.760408],"下本町":[35.36559,136.761473],"宮川町":[35.36921,136.76227],"港町":[35.365269,136.762992],"松栄町":[35.378295,136.762706],"八幡町":[35.368648,136.762206],"奈良町":[35.373198,136.764411],"二見町":[35.371233,136.762226],"東陽町":[35.375802,136.76316],"司町":[35.365549,136.762541],"県町":[35.367942,136.762973],"若葉町":[35.371975,136.76712],"相生町":[35.364213,136.762687],"西金池町":[35.374416,136.764922],"東金池町":[35.375159,136.767954],"円城寺":[35.372571,136.769831],"中野":[35.377148,136.793703],"無動寺":[35.376842,136.79463],"江川":[35.375438,136.801337],"米野":[35.376064,136.80876],"春日町":[35.376016,136.762387],"如月町":[35.372529,136.758644],"常盤町":[35.376046,136.761929],"上本町":[35.367243,136.761764],"美笠通2":[35.371503,136.756892],"美笠通1":[35.375618,136.76015]}