{"大字玉":[35.369725,136.43616],"大字山中":[35.351027,136.45342],"大字関ケ原":[35.365173,136.454689],"大字藤下":[35.362468,136.45281],"大字松尾":[35.360677,136.457491],"大字大高":[35.366245,136.484396],"大字野上":[35.362377,136.487157],"大字今須":[35.361516,136.42892]}