{"伊吹":[35.376853,136.492679],"岩手":[35.375934,136.514486],"大石":[35.389328,136.510243],"宮代":[35.353684,136.523895],"新井":[35.386638,136.520099],"南新井2":[35.386926,136.519249],"府中":[35.374753,136.523027],"南新井1":[35.385313,136.519807],"清水1":[35.375458,136.528058],"清水2":[35.376899,136.525682],"市之尾":[35.390416,136.533605],"清水3":[35.37727,136.52865],"楠田":[35.373818,136.529327],"東神田1":[35.368761,136.534379],"東神田3":[35.367021,136.53463],"東神田2":[35.367215,136.53534],"栗原":[35.339689,136.534221],"地蔵1":[35.375979,136.53666],"平尾":[35.377655,136.540549],"表佐":[35.362909,136.550205],"地蔵2":[35.377302,136.537142],"（大字なし）":[35.374321,136.517766],"綾戸":[35.376485,136.546334]}