{"塩喰":[35.287342,136.618065],"大吉新田":[35.265619,136.625753],"松内":[35.264841,136.62503],"福束新田":[35.283381,136.620379],"福束":[35.300579,136.619003],"藻池新田":[35.278309,136.619584],"海松新田":[35.266059,136.632911],"南波":[35.309923,136.642681],"中郷新田":[35.277032,136.634159],"下大榑新田":[35.268206,136.641022],"里":[35.308884,136.642819],"中郷":[35.303887,136.645722],"四郷":[35.288874,136.654006],"本戸":[35.308848,136.644173],"下大榑":[35.269818,136.645868],"楡俣新田":[35.295369,136.651826],"楡俣":[35.298742,136.655441],"大藪":[35.291027,136.653562]}