{"瑞岩寺":[35.47448,136.527383],"白樫":[35.474468,136.536645],"市場":[35.475461,136.524922],"上野":[35.484098,136.53239],"北方":[35.502848,136.557933],"房島":[35.494067,136.555488],"小島":[35.483624,136.55896],"新宮":[35.476046,136.549501],"黒田":[35.476297,136.550865],"岡":[35.476234,136.557422],"上南方":[35.494365,136.555941],"若松":[35.508405,136.56514],"上東野":[35.482574,136.559553],"和田":[35.475023,136.568174],"三輪":[35.488806,136.572977],"極楽寺":[35.492767,136.570881],"下岡島":[35.477601,136.569424],"桂":[35.49593,136.569101],"脛永":[35.467544,136.56993],"大光寺":[35.497039,136.575382],"上ミ野":[35.48266,136.573308],"小野":[35.490505,136.591088],"小谷":[35.496625,136.585549],"志津山":[35.485725,136.589347],"長良":[35.479022,136.588889],"島":[35.46995,136.590089],"清水":[35.469009,136.604671],"福島":[35.46498,136.598801],"上岡島":[35.480021,136.565319]}