{"舟子":[35.465544,136.542664],"段":[35.465006,136.551884],"般若畑":[35.459466,136.54924],"粕ケ原":[35.461443,136.580062],"願成寺":[35.451193,136.558684],"宮地":[35.452855,136.553493],"小牛":[35.450977,136.554567],"沓井":[35.464254,136.565347],"小寺":[35.441742,136.555206],"草深":[35.442369,136.566204],"藤代":[35.426716,136.56026],"山洞":[35.435143,136.556552],"片山":[35.418009,136.585285],"田中":[35.466952,136.569636],"田畑":[35.434206,136.561475],"本郷":[35.443041,136.571146],"青柳":[35.435354,136.568748],"萩原":[35.446477,136.5748],"池野":[35.435843,136.56904],"六之井":[35.43665,136.587517],"八幡":[35.428514,136.570987],"市橋":[35.410496,136.575436],"上田":[35.445935,136.577951],"下東野":[35.442769,136.577135],"杉野":[35.457236,136.58692],"砂畑":[35.454446,136.59022],"白鳥":[35.446933,136.597198]}