{"大字牛洞":[35.48738,136.610585],"大字松山":[35.476107,136.61241],"大字公郷":[35.45495,136.601115],"大字瀬古":[35.471305,136.619383],"大字中之元":[35.468035,136.619287],"大字加納":[35.440742,136.621975],"大字野":[35.485595,136.614086],"大字五之里":[35.44993,136.620926],"大字本庄":[35.436242,136.616566],"大字領家":[35.461338,136.614835],"大字南方":[35.45377,136.617913],"大字麻生":[35.466017,136.627989],"大字大衣斐":[35.458521,136.620817],"大字大野":[35.476364,136.638489],"大字黒野":[35.464756,136.640265],"大字小衣斐":[35.458511,136.621723],"大字上磯":[35.440628,136.623174],"大字下磯":[35.433729,136.623268],"大字西方":[35.479916,136.625031],"大字桜大門":[35.480728,136.635348],"大字下座倉":[35.413029,136.631586],"大字郡家":[35.444497,136.632303],"大字下方":[35.448086,136.635943],"大字相羽":[35.462324,136.642608],"大字六里":[35.461789,136.634986],"大字寺内":[35.497691,136.639438],"大字古川":[35.496828,136.643098],"大字稲畑":[35.480104,136.642722],"大字上秋":[35.480177,136.643747],"大字稲富":[35.496871,136.648861]}