{"加茂":[35.439935,136.677961],"平成8":[35.432311,136.678637],"北方":[35.436526,136.684815],"平成1":[35.434005,136.680841],"平成7":[35.430698,136.680428],"平成2":[35.433535,136.681705],"長谷川西1":[35.435264,136.680672],"平成3":[35.432288,136.682542],"平成6":[35.4295,136.681779],"長谷川西2":[35.432346,136.682727],"加茂1":[35.440715,136.68188],"高屋":[35.418632,136.687158],"平成5":[35.429587,136.682345],"平成4":[35.43019,136.683563],"長谷川西3":[35.429994,136.685216],"高屋太子3":[35.415679,136.684651],"柱本":[35.429122,136.686168],"高屋太子2":[35.414744,136.686516],"栄町3":[35.441924,136.688565],"栄町2":[35.440613,136.68626],"高屋太子1":[35.418195,136.685894],"栄町1":[35.439725,136.687683],"春来町1":[35.433725,136.688353],"春来町3":[35.430059,136.686587],"柱本南1":[35.424906,136.686239],"柱本1":[35.429845,136.687138],"高屋条里3":[35.413761,136.689045],"高屋条里2":[35.417388,136.689039],"春来町2":[35.432684,136.689665],"高屋条里1":[35.418074,136.687186],"高屋伊勢田2":[35.413288,136.692729],"高屋分木1":[35.42246,136.688707],"高屋勅使1":[35.42311,136.688748],"柱本2":[35.428441,136.690871],"東加茂3":[35.440587,136.68829],"若宮1":[35.441853,136.690816],"清水1":[35.43545,136.688723],"東加茂1":[35.43984,136.688561],"高屋分木2":[35.4197,136.691096],"高屋白木1":[35.418657,136.692593],"高屋白木3":[35.415765,136.692664],"高屋白木2":[35.417206,136.692623],"高屋伊勢田1":[35.414318,136.692709],"柱本南2":[35.427179,136.691956],"小柳1":[35.432941,136.691764],"小柳2":[35.432942,136.692039],"天狗堂1":[35.430243,136.691679],"東加茂2":[35.439462,136.691175],"天狗堂2":[35.430009,136.691741],"若宮2":[35.441491,136.693163],"柱本3":[35.428741,136.694032],"芝原西町1":[35.442045,136.693448],"高屋石末2":[35.421922,136.695509],"芝原西町2":[35.444576,136.693377],"芝原西町4":[35.446991,136.693341],"高屋石末1":[35.42484,136.695033],"柱本南3":[35.426401,136.693732],"芝原西町3":[35.445857,136.693359],"一本松1":[35.435581,136.692736],"曲路1":[35.433213,136.695803],"曲路2":[35.431501,136.695012],"朝日町1":[35.440808,136.694708],"曲路3":[35.430977,136.69501],"芝原中町1":[35.442704,136.694564],"芝原中町6":[35.44782,136.695508],"芝原中町5":[35.446984,136.695866],"芝原中町4":[35.44559,136.695172],"芝原中町3":[35.444313,136.695781],"一本松2":[35.43477,136.69431],"曲路4":[35.429901,136.695025],"柱本白坪2":[35.427054,136.695025],"芝原中町2":[35.442333,136.695637],"朝日町2":[35.440674,136.695043],"芝原東町5":[35.446741,136.698108],"芝原東町4":[35.445865,136.698129],"芝原東町3":[35.444828,136.698141],"芝原東町2":[35.443839,136.69817],"芝原東町1":[35.44277,136.698245],"朝日町3":[35.440606,136.696715],"曲路東1":[35.432592,136.697747],"曲路東4":[35.428562,136.697567],"朝日町4":[35.441445,136.698228],"柱本池之頭1":[35.426402,136.697575],"朝日町5":[35.439847,136.69676],"柱本池之頭2":[35.425948,136.697613],"曲路東2":[35.431795,136.696866],"長谷川1":[35.436245,136.685151]}