{"鹿塩":[35.505341,137.064132],"下川辺":[35.477039,137.058813],"中川辺":[35.484497,137.07227],"上川辺":[35.517336,137.090002],"西栃井":[35.481609,137.071834],"石神":[35.503555,137.075183],"福島":[35.478253,137.07825],"比久見":[35.503377,137.085195],"中野":[35.492577,137.080922],"下飯田":[35.476569,137.0855],"下麻生":[35.522126,137.107437],"下吉田":[35.519028,137.100547]}