{"勝山":[35.422235,136.961083],"深萱":[35.44286,136.963479],"取組":[35.427441,136.970997],"黒岩":[35.441064,136.979135],"加茂山2":[35.44045,136.98752],"加茂山1":[35.440182,136.98762],"大針":[35.448896,136.984969],"酒倉":[35.429388,136.991694],"酒倉深田2":[35.43481,137.002533],"酒倉深田3":[35.436656,137.001448],"酒倉深田1":[35.432703,137.002008]}