{"上牧野":[35.456923,137.078561],"上飯田":[35.47865,137.088761],"和知":[35.469661,137.107716],"伊岐津志":[35.465419,137.106412],"野上":[35.473891,137.1107],"八百津":[35.477522,137.131037],"錦織":[35.473782,137.15194],"久田見":[35.489474,137.18095]}