{"大平賀":[35.497816,136.966422],"高畑":[35.484476,136.964694],"滝田":[35.485933,136.974103],"大山":[35.49924,136.974639],"羽生":[35.47659,136.969447],"加治田":[35.494653,136.99573],"夕田":[35.483694,136.99819]}