{"大字清水森":[40.573758,140.499469],"大字外崎4":[40.596056,140.494673],"大字小比内1":[40.592414,140.49456],"大字小比内4":[40.588405,140.495402],"大字外崎2":[40.598098,140.497365],"大字松木平":[40.556287,140.495421],"大字泉野3":[40.575798,140.495462],"大字小比内5":[40.585666,140.494868],"大字泉野4":[40.578071,140.495485],"大字小栗山":[40.54925,140.492238],"大字外崎5":[40.595466,140.494405],"大字泉野5":[40.573001,140.495365],"大字外崎3":[40.597925,140.498569],"大字門外":[40.590868,140.51289],"大字門外4":[40.575642,140.502663],"大字豊田2":[40.591673,140.504384],"大字門外1":[40.581032,140.497863],"大字小比内3":[40.585616,140.497019],"大字豊田3":[40.594824,140.50074],"大字小比内":[40.584231,140.503376],"大字高田1":[40.598175,140.501621],"大字扇町2":[40.585383,140.501767],"大字門外2":[40.579659,140.503196],"大字大沢":[40.550919,140.499512],"大字高田2":[40.598073,140.504272],"大字扇町1":[40.585559,140.503165],"大字高田3":[40.598442,140.506918],"大字高田5":[40.594521,140.508015],"大字新里":[40.588448,140.517466],"大字高田":[40.59438,140.5105],"大字堀越":[40.575122,140.507322],"大字門外3":[40.578697,140.514753],"大字福田":[40.610614,140.509602],"大字川合":[40.572507,140.526978],"大字石川":[40.541938,140.528177],"大字小金崎":[40.544617,140.552494],"大字小金崎1":[40.544306,140.55341],"大字乳井":[40.555832,140.568397],"大字八幡舘":[40.550557,140.555718],"大字薬師堂":[40.560481,140.575414],"大字高田4":[40.598066,140.508909],"大字豊田1":[40.593931,140.494847],"大字小比内2":[40.592977,140.497838],"大字扇町3":[40.584948,140.49968],"大字大清水2":[40.580054,140.496846],"大字大清水1":[40.582925,140.494533],"大字大清水3":[40.58149,140.492857],"大字如来瀬":[40.591313,140.395536],"大字鳥井野":[40.598052,140.420094],"大字悪戸":[40.565853,140.424334],"大字下湯口":[40.59468,140.423915],"大字龍ノ口":[40.600972,140.436293],"大字坂元":[40.553858,140.432587],"大字小沢":[40.575166,140.443625],"大字青樹町":[40.5824,140.437445],"大字金属町":[40.579344,140.443156],"大字自由ケ丘3":[40.583919,140.441443],"大字清水富田":[40.583463,140.465851],"大字自由ケ丘2":[40.585314,140.446144],"大字常盤坂1":[40.593529,140.447272],"大字常盤坂2":[40.596684,140.446042],"大字大原3":[40.571567,140.446601],"大字自由ケ丘1":[40.584161,140.44729],"大字大開1":[40.577284,140.448537],"大字大開2":[40.574433,140.444984],"大字桜ケ丘2":[40.572818,140.447847],"大字樹木3":[40.588007,140.451334],"大字茂森新町4":[40.593691,140.452469],"大字一野渡":[40.543752,140.455433],"大字桜ケ丘1":[40.575246,140.449034],"大字大原2":[40.576779,140.449547],"大字若葉2":[40.5842,140.451313],"大字桜ケ丘3":[40.573761,140.452446],"大字樹木2":[40.590737,140.45521],"大字桜ケ丘5":[40.575328,140.455558],"大字大原1":[40.578003,140.455376],"大字桜ケ丘4":[40.577985,140.45341],"大字清水3":[40.58004,140.453855],"大字若葉1":[40.587156,140.451156],"大字大和沢":[40.544766,140.465268],"大字西茂森2":[40.597973,140.458867],"大字茂森新町1":[40.595594,140.457971],"大字緑ケ丘3":[40.581576,140.455803],"大字原ケ平":[40.573554,140.459969],"大字樹木1":[40.591987,140.457374],"大字緑ケ丘2":[40.583005,140.457863],"大字緑ケ丘1":[40.584596,140.457566],"大字旭ケ丘2":[40.580887,140.459649],"大字桔梗野3":[40.59021,140.462886],"大字旭ケ丘1":[40.582806,140.461931],"大字桔梗野1":[40.5913,140.466402],"大字山崎3":[40.573993,140.465769],"大字桔梗野5":[40.587162,140.466444],"大字城南4":[40.578778,140.466169],"大字新寺町":[40.595206,140.466714],"大字稔町":[40.582444,140.470467],"大字館野1":[40.576484,140.465926],"大字寒沢町":[40.590388,140.467663],"大字狼森":[40.560376,140.476021],"大字西ケ丘町":[40.588235,140.467384],"大字銅屋町":[40.59742,140.470016],"大字城南2":[40.582337,140.467233],"大字富士見町":[40.590991,140.47177],"大字山崎2":[40.5768,140.469603],"大字中野1":[40.584034,140.474191],"大字文京町":[40.589299,140.471679],"大字山崎1":[40.575278,140.472857],"大字城南1":[40.58186,140.470652],"大字中野2":[40.58193,140.473695],"大字富士見台1":[40.573473,140.473479],"大字富田3":[40.591236,140.473086],"大字中野5":[40.577045,140.475602],"大字原ケ平2":[40.566828,140.475994],"大字富野町":[40.590739,140.475495],"大字富田町":[40.586241,140.476023],"大字御幸町":[40.590697,140.477508],"大字三岳町":[40.578633,140.478487],"大字千年1":[40.567998,140.477986],"大字松原西1":[40.574159,140.47772],"大字土手町":[40.598097,140.476234],"大字大町3":[40.597918,140.480053],"大字松原西2":[40.570328,140.47984],"大字松原東2":[40.575625,140.481868],"大字松森町":[40.593629,140.480532],"大字北園1":[40.580384,140.480463],"大字松原東1":[40.57689,140.479454],"大字千年3":[40.566083,140.481943],"大字大町2":[40.595026,140.482419],"大字大富町":[40.588521,140.478337],"大字品川町":[40.594216,140.47763],"大字松原東3":[40.573197,140.482214],"大字北園2":[40.581756,140.483302],"大字取上2":[40.586271,140.481767],"大字駅前町":[40.599035,140.484622],"大字松原東4":[40.570017,140.484164],"大字大町1":[40.598141,140.484218],"大字楮町":[40.593293,140.481301],"大字南大町2":[40.592049,140.485485],"大字広野2":[40.571493,140.486802],"大字取上3":[40.585077,140.486563],"大字南大町1":[40.593246,140.485542],"大字松原東5":[40.573441,140.483679],"大字広野1":[40.570172,140.491821],"大字安原2":[40.577215,140.486462],"大字清原2":[40.579855,140.485102],"大字取上1":[40.590175,140.485889],"大字清原1":[40.580518,140.485533],"大字安原3":[40.57385,140.48758],"大字城東1":[40.597686,140.487832],"大字城東3":[40.595931,140.487875],"大字安原1":[40.576284,140.489078],"大字取上5":[40.583941,140.488659],"大字清原3":[40.579111,140.488151],"大字城東4":[40.593774,140.487647],"大字清原4":[40.581137,140.491462],"大字泉野1":[40.576881,140.494621],"大字川先4":[40.593067,140.487524],"大字大清水4":[40.578724,140.491501],"大字泉野2":[40.573263,140.493616],"大字川先3":[40.585538,140.493025],"大字城東2":[40.598508,140.491481],"大字城東5":[40.593326,140.488019],"大字川先1":[40.590004,140.49421],"大字川先2":[40.58805,140.494833],"大字紙漉沢":[40.58983,140.386079],"大字五所":[40.590973,140.401896],"大字兼平":[40.604858,140.41709],"大字常盤坂4":[40.591483,140.441941],"大字自由ケ丘5":[40.583466,140.436643],"大字常盤坂3":[40.594746,140.441228],"大字館野2":[40.576763,140.462226],"大字山崎5":[40.57325,140.471943],"大字山崎4":[40.575865,140.46664],"大字城南3":[40.578314,140.467955],"大字城南5":[40.581142,140.464614],"大字大開4":[40.578918,140.444911],"大字大開3":[40.580428,140.450052],"大字樹木4":[40.588065,140.457071],"大字茂森新町3":[40.59668,140.451168],"大字茂森新町2":[40.595728,140.452837],"大字茂森町":[40.597747,140.460083],"大字桜林町":[40.594556,140.469413],"大字原ケ平3":[40.564978,140.475078],"大字原ケ平5":[40.565251,140.470106],"大字千年2":[40.564435,140.475904],"大字原ケ平4":[40.568305,140.471459],"大字千年4":[40.561495,140.475574],"大字松原西3":[40.567892,140.481213],"大字富士見台2":[40.567539,140.473331],"大字原ケ平1":[40.568823,140.475637],"大字自由ケ丘4":[40.586631,140.445548],"大字桔梗野2":[40.593089,140.463515],"大字樹木5":[40.587594,140.460424],"大字清水2":[40.582574,140.454057],"大字清富町":[40.585576,140.466256],"大字桔梗野4":[40.587653,140.461173],"大字在府町":[40.598353,140.463704],"大字新寺町新割町":[40.596416,140.462915],"大字清水1":[40.587343,140.455608],"大字紙漉町":[40.595141,140.469838],"大字南塘町":[40.598283,140.467345],"大字駅前3":[40.599013,140.479881],"大字住吉町":[40.598467,140.473336],"大字富田2":[40.594532,140.473831],"大字吉野町":[40.599039,140.472323],"大字学園町":[40.578622,140.481328],"大字中野4":[40.57672,140.476778],"大字中野3":[40.579412,140.475519],"大字富田1":[40.595572,140.473992],"大字南富田町":[40.586234,140.480503],"大字豊原2":[40.580928,140.476458],"大字取上4":[40.587143,140.488543],"大字豊原1":[40.58338,140.47741],"大字外崎1":[40.598187,140.49359],"大字大久保":[40.630704,140.49789],"大字城東北3":[40.607148,140.49624],"大字城東中央4":[40.600048,140.495443],"大字津賀野":[40.651358,140.485123],"大字境関":[40.612948,140.495895],"大字撫牛子3":[40.624655,140.496027],"大字城東北4":[40.608866,140.497335],"大字城東中央5":[40.601774,140.499138],"大字末広2":[40.601561,140.502135],"大字撫牛子5":[40.622181,140.498553],"大字撫牛子":[40.618629,140.496831],"大字境関1":[40.611952,140.507123],"大字末広5":[40.609265,140.502157],"大字末広4":[40.608548,140.504057],"大字田園1":[40.608406,140.504999],"大字田園2":[40.603497,140.506436],"大字田園5":[40.608917,140.506864],"大字田園4":[40.606815,140.507495],"大字田園3":[40.602896,140.509154],"大字福田1":[40.610913,140.50824],"大字福田2":[40.608078,140.507412],"大字福田3":[40.606897,140.509264],"大字早稲田3":[40.598707,140.512894],"大字早稲田2":[40.602865,140.510381],"大字早稲田1":[40.606273,140.511658],"大字福村":[40.608403,140.514442],"大字早稲田4":[40.604522,140.516317],"大字福村1":[40.607115,140.514467],"大字撫牛子1":[40.617975,140.494101],"大字末広1":[40.609837,140.500804],"大字和泉2":[40.610256,140.494381],"大字末広3":[40.602586,140.503654],"大字撫牛子4":[40.627704,140.494943],"大字高崎2":[40.607325,140.494365],"大字百沢":[40.613209,140.344696],"大字高岡":[40.62134,140.360049],"大字葛原":[40.634637,140.37179],"大字新法師":[40.605815,140.364235],"大字新岡":[40.636037,140.368245],"大字宮地":[40.620716,140.396885],"大字五代":[40.617702,140.41303],"大字折笠":[40.644647,140.394706],"大字細越":[40.639131,140.401022],