{"大字深持":[40.63418,141.149817],"大字三本木":[40.617396,141.234142],"大字洞内":[40.659092,141.166022],"大字赤沼":[40.593113,141.193476],"大字大沢田":[40.689612,141.260762],"大字馬洗場":[40.67179,141.201936],"大字切田":[40.573187,141.194769],"西二十一番町":[40.617299,141.194777],"西二十二番町":[40.611896,141.198664],"西十一番町":[40.615363,141.202885],"西二十三番町":[40.606399,141.197871],"大字米田":[40.541442,141.247089],"元町西6":[40.625183,141.197024],"元町西4":[40.620275,141.201181],"元町西5":[40.624312,141.198004],"元町西3":[40.6266,141.205193],"西十二番町":[40.612212,141.199907],"西一番町":[40.619075,141.207661],"大字相坂":[40.590221,141.205156],"西十三番町":[40.608812,141.203827],"西二番町":[40.614808,141.211084],"西十四番町":[40.603418,141.205776],"西十五番町":[40.598201,141.210925],"西三番町":[40.612218,141.21012],"元町東2":[40.626733,141.211584],"稲生町":[40.617853,141.210439],"元町東4":[40.6307,141.214514],"西四番町":[40.606641,141.217362],"東一番町":[40.62113,141.217397],"西十六番町":[40.595099,141.213326],"東二番町":[40.620142,141.218015],"大字藤島":[40.583901,141.225603],"元町東3":[40.625501,141.214994],"西五番町":[40.602709,141.220974],"東三番町":[40.614127,141.224011],"穂並町":[40.600681,141.225362],"元町東5":[40.628968,141.21506],"大字立崎":[40.678412,141.231829],"西六番町":[40.596965,141.219764],"東十一番町":[40.624741,141.222768],"大字八斗沢":[40.661002,141.250141],"東十二番町":[40.620746,141.224075],"東四番町":[40.608944,141.223847],"ひがしの1":[40.630346,141.217797],"東十三番町":[40.616831,141.229772],"東五番町":[40.605282,141.226709],"東十四番町":[40.613791,141.226812],"ひがしの2":[40.629625,141.224862],"東六番町":[40.603455,141.228136],"東二十二番町":[40.623782,141.231681],"一本木沢2":[40.633466,141.227109],"東二十三番町":[40.622823,141.240821],"一本木沢1":[40.631998,141.228626],"東二十一番町":[40.62778,141.23355],"東十五番町":[40.610523,141.232792],"東十六番町":[40.604634,141.235637],"東二十四番町":[40.617045,141.243281],"大字滝沢":[40.537397,141.239177],"大字伝法寺":[40.573207,141.28634],"大字豊ケ岡":[40.673002,141.264086],"元町西2":[40.624189,141.206356],"元町西1":[40.623587,141.207009],"元町東1":[40.624173,141.210492]}