{"大字三沢":[40.698232,141.413539],"大字犬落瀬":[40.676869,141.344595],"春日台3":[40.665252,141.340366],"古間木2":[40.673046,141.340857],"古間木4":[40.677828,141.339913],"古間木3":[40.676539,141.342501],"古間木1":[40.671994,141.347623],"春日台2":[40.665592,141.343004],"上久保4":[40.681499,141.346524],"上久保3":[40.680148,141.347847],"上久保2":[40.678355,141.348777],"春日台1":[40.665263,141.351737],"上久保1":[40.679229,141.351249],"本町2":[40.677811,141.348152],"越下1":[40.799986,141.359784],"花園町5":[40.682314,141.352089],"本町1":[40.665135,141.35232],"八幡1":[40.80205,141.359233],"新町4":[40.676619,141.353693],"新町3":[40.67636,141.355262],"新町2":[40.67535,141.354648],"字古間木山":[40.671469,141.36017],"花園町4":[40.681816,141.354533],"谷地頭2":[40.780438,141.355066],"谷地頭4":[40.786002,141.365558],"花園町3":[40.683575,141.353731],"大町1":[40.678356,141.357826],"大町2":[40.677885,141.358466],"花園町2":[40.682199,141.358796],"千代田町3":[40.668188,141.360033],"中央町3":[40.681404,141.364237],"栄町1":[40.672796,141.360433],"大町3":[40.674461,141.357452],"千代田町4":[40.667058,141.359178],"千代田町2":[40.669203,141.361382],"富崎1":[40.797981,141.366635],"中央町4":[40.680769,141.365445],"栄町3":[40.673173,141.362781],"朝日2":[40.764834,141.369815],"千代田町1":[40.669005,141.363088],"高野沢2":[40.772603,141.369912],"中央町2":[40.682677,141.363059],"松園町3":[40.676157,141.363058],"栄町2":[40.67393,141.362961],"谷地頭3":[40.789067,141.367985],"松園町2":[40.679578,141.367034],"中央町1":[40.681577,141.365734],"平畑1":[40.692067,141.367981],"南町1":[40.673223,141.369046],"幸町1":[40.68553,141.370063],"桜町2":[40.679509,141.371034],"南町3":[40.670855,141.37229],"谷地頭1":[40.787764,141.374933],"南町4":[40.666687,141.372124],"桜町1":[40.682248,141.371094],"平畑2":[40.689835,141.371534],"岡三沢8":[40.694843,141.369262],"松園町1":[40.678712,141.370744],"幸町3":[40.685778,141.370177],"幸町2":[40.684611,141.373017],"南町2":[40.672387,141.37153],"岡三沢1":[40.690173,141.374128],"桜町3":[40.679619,141.373876],"根井2":[40.759286,141.372217],"根井1":[40.754805,141.37595],"緑町1":[40.685199,141.373319],"岡三沢3":[40.688004,141.376869],"岡三沢2":[40.689586,141.37687],"東町1":[40.679065,141.37367],"岡三沢7":[40.693928,141.376188],"東町2":[40.675064,141.375781],"松原町2":[40.670361,141.375756],"緑町2":[40.684411,141.377301],"美野原2":[40.680709,141.374142],"美野原3":[40.679965,141.373992],"岡三沢6":[40.695728,141.374427],"緑町3":[40.685006,141.375484],"美野原1":[40.683786,141.377796],"東町3":[40.676063,141.3792],"東町4":[40.677397,141.379392],"岡三沢4":[40.693255,141.379156],"下久保3":[40.689955,141.383417],"下久保1":[40.688218,141.379891],"堀口1":[40.685726,141.381864],"岡三沢5":[40.694874,141.381478],"堀口2":[40.683827,141.380208],"泉町1":[40.66567,141.383683],"日の出2":[40.673222,141.382539],"泉町2":[40.666378,141.380187],"日の出1":[40.674489,141.38117],"大字天ケ森":[40.850962,141.386764],"東岡三沢1":[40.692781,141.384467],"下久保2":[40.688213,141.383763],"堀口3":[40.684473,141.383621],"日の出4":[40.674869,141.387072],"東岡三沢2":[40.691625,141.38666],"日の出3":[40.673272,141.384949],"東岡三沢3":[40.68916,141.389292],"深谷3":[40.67626,141.394464],"砂森2":[40.830101,141.395725],"南山4":[40.676574,141.394311],"南山2":[40.681146,141.394969],"深谷1":[40.673641,141.394903],"深谷2":[40.672988,141.390758],"塩釜4":[40.802459,141.396443],"塩釜2":[40.795288,141.398383],"南山3":[40.678006,141.396539],"南山1":[40.68074,141.398034],"塩釜3":[40.803785,141.399907],"六川目8":[40.777473,141.397049],"織笠4":[40.791038,141.399658],"塩釜1":[40.799363,141.399166],"織笠2":[40.786876,141.399203],"さつきケ丘1":[40.673278,141.397854],"織笠1":[40.787837,141.401876],"織笠3":[40.791943,141.400618],"六川目6":[40.773301,141.399899],"六川目4":[40.766005,141.402332],"六川目2":[40.762602,141.403966],"六川目3":[40.770078,141.408246],"細谷4":[40.757275,141.40488],"六川目1":[40.761607,141.40698],"細谷3":[40.75822,141.408623],"大津3":[40.683313,141.416631],"細谷1":[40.754904,141.40887],"淋代6":[40.737992,141.409889],"淋代4":[40.728624,141.411643],"大津1":[40.682103,141.416629],"淋代5":[40.736036,141.416977],"前平2":[40.675506,141.412202],"淋代2":[40.723841,141.414148],"淋代3":[40.729838,141.418314],"五川目4":[40.72119,141.413026],"淋代1":[40.727906,141.416789],"五川目3":[40.715255,141.419642],"大津2":[40.680461,141.422992],"大津4":[40.682433,141.423271],"五川目2":[40.710175,141.416653],"五川目1":[40.707447,141.421522],"鹿中4":[40.690423,141.424418],"四川目2":[40.691949,141.423804],"四川目3":[40.700662,141.425145],"四川目5":[40.704284,141.423216],"三川目2":[40.673925,141.426163],"鹿中2":[40.681437,141.427362],"四川目1":[40.695651,141.424344],"鹿中3":[40.687929,141.428218],"三川目4":[40.676718,141.426831],"鹿中1":[40.682137,141.429858],"三川目3":[40.679188,141.429486],"三川目1":[40.669838,141.432974],"港町1":[40.67938,141.434718],"港町2":[40.680063,141.435652],"富崎2":[40.79986,141.369012],"新森1":[40.783527,141.39201],"新森2":[40.787242,141.389865],"本町4":[40.673533,141.35569],"千代田町5":[40.665874,141.361378],"花園町1":[40.682166,141.361596],"松原町1":[40.673058,141.376299],"六川目7":[40.778187,141.403018],"六川目5":[40.772541,141.404466],"細谷2":[40.755451,141.406674],"八幡2":[40.803759,141.358694],"高野沢1":[40.773439,141.371309],"朝日1":[40.767778,141.37203],"砂森1":[40.826939,141.392686],"四川目4":[40.699461,141.420439]}