{"大字城ヶ沢":[41.209882,141.092409],"大字大湊":[41.238392,141.125122],"桜木町":[41.257004,141.137485],"大湊町":[41.245336,141.134509],"宇田町":[41.258983,141.139521],"大畑町":[41.4035,141.176108],"川守町":[41.26782,141.150405],"大湊上町":[41.27392,141.151908],"並川町":[41.291799,141.16123],"大湊浜町":[41.281878,141.155465],"大字関根":[41.348491,141.244702],"松森町":[41.300485,141.161328],"大湊新町":[41.279682,141.164693],"荒川町":[41.295568,141.161],"大平町":[41.280158,141.169716],"文京町":[41.286875,141.172007],"山田町":[41.294217,141.171677],"大字大平":[41.301021,141.168201],"大字田名部":[41.248683,141.233504],"真砂町":[41.285964,141.184147],"旭町":[41.287392,141.182557],"港町":[41.275212,141.19659],"中央2":[41.287689,141.187919],"美里町":[41.301466,141.184262],"中央1":[41.290766,141.190737],"十二林":[41.296745,141.183435],"金谷2":[41.292714,141.19455],"下北町":[41.282875,141.190441],"緑ヶ丘":[41.300133,141.194059],"緑町":[41.2856,141.200378],"金谷1":[41.29984,141.19549],"松山町":[41.30234,141.201057],"海老川町":[41.291487,141.199973],"仲町":[41.283962,141.199676],"小川町1":[41.294125,141.204635],"若松町":[41.277726,141.205032],"栗山町":[41.304634,141.204461],"昭和町":[41.283993,141.206849],"金曲1":[41.284025,141.207835],"松原町":[41.262569,141.211977],"小川町2":[41.29407,141.211723],"南町":[41.274652,141.203291],"新町":[41.287832,141.2084],"金曲3":[41.270339,141.212775],"柳町2":[41.300488,141.215022],"赤川町":[41.264901,141.216189],"柳町4":[41.306038,141.218391],"柳町3":[41.301094,141.21504],"柳町1":[41.297465,141.21721],"本町":[41.295102,141.212955],"苫生町2":[41.282809,141.212695],"横迎町1":[41.29207,141.223844],"田名部町":[41.296637,141.217079],"大曲1":[41.268135,141.216068],"苫生町1":[41.287191,141.218826],"横迎町2":[41.294719,141.223799],"金曲2":[41.273562,141.218922],"上川町":[41.298324,141.223071],"大曲2":[41.259852,141.224567],"大字奥内":[41.228138,141.250268],"大字中野沢":[41.166149,141.284689],"南赤川町":[41.25338,141.223755],"大曲3":[41.257717,141.227871]}