{"木造中館":[40.81126,140.364709],"木造濁川":[40.818856,140.367963],"木造浦船":[40.813496,140.371405],"木造朝日":[40.819736,140.37763],"木造若緑":[40.808742,140.380262],"木造有楽町":[40.810492,140.382984],"木造千代町":[40.809037,140.384851],"木造浮巣":[40.81356,140.389227],"木造曙":[40.808732,140.388644],"木造日向":[40.8109,140.392538],"柏広須":[40.790994,140.403943],"木造赤根":[40.809522,140.395146],"柏玉水":[40.804189,140.409213],"柏上古川":[40.798402,140.418247],"柏稲盛":[40.81403,140.413951],"柏桑野木田":[40.789925,140.404986],"木造川除":[40.814585,140.417427],"柏下古川":[40.801106,140.420549],"木造森山":[40.816199,140.374487],"木造若竹":[40.80661,140.391566],"木造藤田":[40.817079,140.386367],"木造末広":[40.814214,140.385735],"木造若宮":[40.808606,140.382572]}