{"富沢":[35.021281,138.261857],"富厚里":[35.008617,138.274453],"大原":[35.012164,138.272381],"小瀬戸":[34.986872,138.299596],"谷津":[34.984141,138.308748],"飯間":[34.97716,138.29824],"新間":[34.99169,138.304221],"吉津":[34.97969,138.320311],"産女":[34.975811,138.331817],"羽鳥7":[34.995551,138.324842],"羽鳥本町":[34.982258,138.332362],"足久保奥組":[35.060654,138.340585],"牧ヶ谷":[34.975263,138.342176],"羽鳥6":[34.985867,138.336858],"羽鳥3":[34.97985,138.339661],"羽鳥5":[34.983767,138.339557],"内牧":[35.023708,138.348829],"建穂2":[34.990568,138.341011],"羽鳥4":[34.98325,138.343572],"羽鳥2":[34.978616,138.346348],"建穂1":[34.985858,138.344958],"建穂":[34.989328,138.342471],"足久保口組":[35.044905,138.349572],"羽鳥1":[34.978321,138.34948],"慈悲尾":[34.99954,138.352304],"西ヶ谷":[35.00198,138.353853],"羽鳥大門町":[34.974069,138.352799],"千代1":[34.9828,138.350189],"山崎2":[34.978572,138.351673],"山崎1":[34.977663,138.350102],"千代":[34.988467,138.352509],"幸庵新田":[35.02445,138.347048],"千代2":[34.987206,138.348577],"安倍口新田":[35.024372,138.363716],"油山":[35.073579,138.367021],"与左衛門新田":[35.029404,138.367789],"中ノ郷":[35.036324,138.368354],"遠藤新田":[35.029539,138.367502],"桜町1":[34.995702,138.36047],"堤町":[35.002528,138.363235],"桜町2":[34.998902,138.361042],"俵沢":[35.106575,138.366901],"秋山町":[35.005013,138.364247],"松野":[35.084188,138.371395],"美川町":[34.99058,138.363294],"柳町":[34.98435,138.365059],"田町1":[34.974889,138.366644],"新伝馬1":[34.99841,138.363478],"辰起町":[34.986056,138.364894],"田町2":[34.974417,138.366834],"与一4":[35.010004,138.365389],"伊呂波町":[35.003082,138.364167],"安西5":[34.975716,138.362737],"安倍口団地":[35.015937,138.364205],"田町3":[34.971375,138.368468],"新伝馬3":[35.000528,138.364942],"新伝馬2":[34.99613,138.366286],"平和1":[34.989025,138.366773],"与一1":[35.005142,138.366374],"平和2":[34.994515,138.364455],"田町4":[34.969133,138.367994],"田町5":[34.967505,138.369227],"与一2":[35.006265,138.368315],"若松町":[34.982928,138.365456],"平和3":[34.994362,138.366079],"水道町":[34.987218,138.367745],"与一3":[35.008836,138.370094],"北番町":[34.978172,138.368719],"上伝馬":[35.006412,138.37154],"安西4":[34.977699,138.368768],"昭府2":[35.001388,138.372483],"郷島":[35.100141,138.372047],"田町6":[34.966066,138.368388],"籠上":[34.992672,138.370539],"新富町1":[34.974526,138.367942],"新富町2":[34.9733,138.3699],"三番町":[34.973891,138.37298],"井宮町":[34.98761,138.368766],"昭府1":[35.000589,138.373287],"新富町3":[34.972582,138.370084],"与一5":[35.010135,138.37124],"田町7":[34.965107,138.367582],"神明町":[34.98443,138.368696],"牛妻":[35.067939,138.369627],"新富町4":[34.970276,138.371513],"弥勒2":[34.960566,138.372597],"松富1":[35.007114,138.37271],"南田町":[34.963789,138.370575],"安西3":[34.977914,138.369206],"一番町":[34.975655,138.374228],"新富町6":[34.969141,138.370904],"与一6":[35.01613,138.373102],"津渡野":[35.097905,138.367038],"幸町":[34.966476,138.37053],"新富町5":[34.969677,138.369667],"末広町":[34.980944,138.372526],"弥勒1":[34.962198,138.371755],"二番町":[34.975065,138.372243],"住吉町1":[34.97734,138.370673],"上新富町":[34.971319,138.371113],"本通西町":[34.965473,138.372147],"本通10":[34.965789,138.372356],"四番町":[34.973528,138.373073],"安西2":[34.979019,138.372408],"南安倍2":[34.961287,138.373658],"川越町":[34.965483,138.372729],"駒形通6":[34.962002,138.37386],"本通9":[34.96777,138.373611],"住吉町2":[34.976083,138.374422],"本通8":[34.969233,138.374011],"材木町":[34.983892,138.373458],"新通2":[34.966436,138.373996],"安西1":[34.980226,138.374927],"片羽町":[34.981742,138.374525],"駒形通5":[34.964263,138.375065],"八千代町":[34.978642,138.374731],"松富2":[35.010898,138.373481],"新通1":[34.971208,138.3771],"本通7":[34.970859,138.374018],"松富4":[35.017393,138.375895],"松富3":[35.015358,138.376665],"福田ヶ谷":[35.027297,138.376171],"門屋":[35.041159,138.377042],"南安倍1":[34.96264,138.376572],"駒形通4":[34.966111,138.377433],"屋形町":[34.975203,138.376752],"双葉町":[34.968582,138.376031],"大岩3":[34.998661,138.375684],"大工町":[34.973264,138.375278],"大岩町":[34.992648,138.376382],"宮ヶ崎町":[34.980002,138.375546],"清閑町":[34.963635,138.377674],"駒形通3":[34.967802,138.377464],"丸山町":[34.984856,138.376787],"駒形通2":[34.969259,138.378434],"松富上組":[35.008434,138.377094],"下":[35.041834,138.384231],"本通4":[34.973362,138.377333],"西草深町":[34.983794,138.380521],"大岩本町":[34.99013,138.376788],"駒形通1":[34.970344,138.379157],"桜木町":[34.96742,138.378322],"馬場町":[34.977991,138.379044],"吉野町":[34.966591,138.380164],"川辺町1":[34.968883,138.379301],"大岩4":[35.003283,138.382863],"安東柳町":[34.985678,138.379256],"天王町":[34.967197,138.380654],"追手町":[34.976712,138.379743],"大岩宮下町":[34.98627,138.378701],"常磐町3":[34.9701,138.380476],"川辺町2":[34.968215,138.3815],"両替町1":[34.97452,138.380712],"大岩2":[34.996156,138.382813],"呉服町1":[34.974885,138.38113],"七間町":[34.974181,138.381574],"大岩1":[34.994404,138.381579],"南":[35.016432,138.383019],"駿府城公園":[34.979067,138.383102],"池ヶ谷":[35.007145,138.380558],"長谷町":[34.98582,138.38073],"東草深町":[34.983442,138.382099],"西門町":[34.969316,138.382848],"常磐町2":[34.969893,138.384055],"城内町":[34.98277,138.382047],"呉服町2":[34.974476,138.382209],"安東2":[34.986979,138.387023],"安東1":[34.984189,138.387881],"安東3":[34.99253,138.387762],"両替町2":[34.973998,138.382022],"池ヶ谷東":[35.004722,138.382962],"北安東2":[34.99833,138.387732],"北安東4":[35.005066,138.387873],"北安東3":[35.003691,138.383356],"唐瀬1":[35.010542,138.386898],"昭和町":[34.971963,138.383312],"黒金町":[34.973459,138.39212],"駿府町":[34.979483,138.387335],"唐瀬3":[35.013753,138.386648],"紺屋町":[34.973744,138.38562],"有永":[35.031567,138.389171],"岳美":[35.007325,138.38788],"水落町":[34.981828,138.389045],"唐瀬2":[35.013576,138.389],"鷹匠1":[34.976258,138.389006],"城東町":[34.987803,138.389829],"西千代田町":[34.990734,138.390407],"鷹匠2":[34.976471,138.390797],"北安東5":[35.000426,138.391034],"鷹匠3":[34.981316,138.389414],"北安東1":[34.996504,138.389814],"岳美1":[35.006852,138.388263],"伝馬町":[34.974937,138.390899],"芝原":[35.017291,138.386777],"北":[35.039688,138.390805],"横内町":[34.983498,138.392281],"城北2":[35.005769,138.390905],"上足洗2":[34.992101,138.394076],"東鷹匠町":[34.982051,138.394353],"緑町":[34.987174,138.394318],"相生町":[34.978449,138.393141],"上足洗3":[34.997653,138.394683],"音羽町":[34.979797,138.396784],"太田町":[34.983844,138.393046],"赤松":[35.024607,138.39696],"観山":[35.012151,138.397186],"横田町":[34.977795,138.399228],"上足洗1":[34.988282,138.395571],"城北":[34.99878,138.395195],"栄町":[34.974373,138.39291],"北1":[35.030429,138.393031],"巴町":[34.98462,138.393907],"日出町":[34.975699,138.395947],"平柳":[35.017503,138.394169],"上足洗4":[34.994766,138.396692],"瓦場町":[34.98368,138.393479],"北2":[35.039431,138.393052],"銭座町":[34.988023,138.397191],"漆山":[35.017709,138.39719],"柳原":[35.026799,138.395323],"北3":[35.038941,138.401053],"上沓谷町":[34.985228,138.396607],"前林":[35.021267,138.39566],"立石":[35.007412,138.400704],"東町":[34.977369,138.400239],"春日町":[34.981967,138.394824],"竜南1":[34.995699,138.397961],"東1":[35.0316,138.398585],"北5":[35.035771,138.40169],"東2":[35.034312,138.398302],"東":[35.023037,138.401033],"千代田4":[34.994978,138.398071],"千代田1":[34.9924,138.39753],"春日1":[34.978883,138.398205],"沓谷1":[34.983753,138.398439],"竜南2":[35.002196,138.398212],"春日3":[34.980596,138.403077],"加藤島":[35.006735,138.402095],"天神前":[35.022118,138.400857],"千代田2":[34.992289,138.400809],"春日2":[34.978521,138.402708],"竜南3":[35.00107,138.402932],"沓谷2":[34.988668,138.400729],"千代田3":[34.993419,138.39929],"北4":[35.040071,138.401229],"豊地":[35.014048,138.40136],"沓谷3":[34.990969,138.403336],"千代田5":[34.993301,138.403467],"南沼上":[35.020175,138.40878],"諏訪":[35.020833,138.407639],"流通センター":[35.019564,138.407944],"千代田7":[35.002996,138.405634],"沓谷4":[34.993642,138.40499],"東千代田3":[35.005147,138.407001],"南沼上1":[35.007681,138.406985],"宮前町":[34.983834,138.404532],"千代田6":[34.997786,138.407881],"東千代田2":[35.002461,138.408727],"柚木":[34.979919,138.405421],"上土2":[35.004199,138.410558],"沓谷6":[34.997565,138.413788],"沓谷5":[34.995396,138.407492],"上土1":[35.000966,138.415397],"東千代田1":[35.000818,138.410616],"南沼上2":[35.010513,138.411908],"薬師":[35.024606,138.41155],"長沼":[34.984718,138.410891],"川合3":[35.0097,138.414188],"沓谷":[34.984613,138.401726],"長沼1":[34.99008,138.413804],"北沼上":[35.030814,138.413143],"川合2":[35.006261,138.415795],"長沼2":[34.991617,138.416674],"西瀬名町":[35.01045,138.414483],"古庄4":[34.998398,138.414899],"長沼3":[34.992046,138.417499],"瀬名4":[35.015433,138.415126],