{"宇津ノ谷":[34.93988,138.306199],"丸子":[34.938962,138.352844],"丸子7":[34.949386,138.340183],"小坂":[34.921367,138.349384],"北丸子2":[34.952412,138.336782],"丸子芹が谷町":[34.944439,138.347211],"丸子6":[34.946958,138.347911],"石部":[34.916326,138.355694],"北丸子1":[34.948371,138.354896],"大和田":[34.936067,138.35631],"丸子5":[34.94182,138.353493],"丸子4":[34.945088,138.355004],"小坂3":[34.92873,138.354841],"丸子3":[34.947221,138.354116],"向敷地":[34.958825,138.363407],"小坂1":[34.926631,138.358167],"寺田":[34.939483,138.357607],"丸子2":[34.945078,138.356825],"小坂2":[34.929356,138.355569],"丸子1":[34.946839,138.355338],"手越":[34.958775,138.36457],"用宗巴町":[34.930294,138.362302],"用宗城山町":[34.922161,138.357733],"用宗5":[34.92013,138.358163],"青木":[34.933385,138.35909],"鎌田":[34.939961,138.361096],"手越原":[34.949693,138.364505],"用宗4":[34.923353,138.360855],"用宗小石町":[34.925726,138.362515],"用宗3":[34.924808,138.362242],"用宗2":[34.925744,138.362968],"用宗1":[34.925604,138.368294],"みずほ5":[34.939798,138.365771],"みずほ4":[34.943314,138.364947],"上川原":[34.949149,138.364832],"広野2":[34.932797,138.369308],"丸子新田":[34.954661,138.369061],"広野3":[34.932415,138.371761],"みずほ1":[34.941366,138.370065],"広野1":[34.935871,138.368918],"みずほ2":[34.94082,138.369945],"みずほ3":[34.936348,138.367227],"広野4":[34.929731,138.370817],"広野5":[34.923125,138.369941],"東新田1":[34.949573,138.373164],"東新田3":[34.946085,138.370318],"東新田5":[34.943076,138.37211],"下川原3":[34.939617,138.372009],"広野6":[34.927839,138.37387],"光陽町":[34.940256,138.371958],"東新田2":[34.948073,138.37457],"下川原6":[34.932255,138.377579],"下川原2":[34.939844,138.373544],"東新田4":[34.942853,138.37937],"桃園町":[34.931662,138.379663],"南安倍3":[34.959828,138.378777],"下川原5":[34.934206,138.382577],"下川原1":[34.940133,138.381222],"寿町":[34.961749,138.381582],"西中原2":[34.955514,138.377738],"緑が丘町":[34.954211,138.380318],"西中原1":[34.95973,138.379966],"新川1":[34.962178,138.382289],"下川原4":[34.934933,138.3848],"津島町":[34.961439,138.382538],"下川原南":[34.933058,138.382185],"宮本町":[34.966942,138.381641],"中原":[34.959163,138.386053],"馬渕1":[34.967545,138.384836],"中野新田":[34.952321,138.388319],"新川2":[34.961434,138.387072],"馬渕2":[34.966061,138.389207],"中島":[34.934066,138.396142],"泉町":[34.967963,138.388457],"馬渕3":[34.963311,138.386235],"見瀬":[34.959518,138.386752],"南町":[34.970496,138.389471],"馬渕4":[34.961306,138.393417],"中村町":[34.951447,138.395223],"稲川1":[34.967692,138.392227],"中田1":[34.965783,138.394161],"稲川2":[34.969109,138.394218],"中田本町":[34.958336,138.391733],"森下町":[34.971738,138.393996],"中田2":[34.963134,138.396506],"八幡1":[34.972944,138.395863],"西脇":[34.952349,138.398467],"稲川3":[34.96751,138.395614],"八幡2":[34.971192,138.397605],"大坪町":[34.964298,138.398427],"中田3":[34.960646,138.398677],"八幡3":[34.970231,138.399208],"大和1":[34.974086,138.398043],"八幡4":[34.968748,138.400319],"中田4":[34.95876,138.400334],"大和2":[34.973657,138.399463],"さつき町":[34.97453,138.398686],"石田1":[34.961232,138.399357],"八幡5":[34.968685,138.402633],"石田3":[34.954335,138.400321],"豊原町":[34.976153,138.401757],"小黒1":[34.973872,138.399449],"南八幡町":[34.962157,138.403317],"小黒2":[34.971359,138.400077],"西島":[34.939773,138.40331],"登呂6":[34.951421,138.404809],"有東1":[34.966855,138.404298],"石田2":[34.958497,138.404983],"小黒3":[34.970521,138.405811],"曲金1":[34.979817,138.407071],"曲金2":[34.978612,138.407582],"登呂5":[34.957451,138.406871],"有東2":[34.963799,138.408836],"登呂3":[34.958616,138.407203],"曲金3":[34.974414,138.409408],"有明町":[34.964463,138.409268],"下島":[34.944219,138.409852],"豊田1":[34.971329,138.412419],"登呂4":[34.95744,138.410159],"有東3":[34.962425,138.409537],"曲金4":[34.974543,138.412493],"豊田3":[34.965716,138.410993],"曲金6":[34.983473,138.415327],"敷地1":[34.952167,138.414378],"登呂1":[34.959131,138.41101],"曲金5":[34.978135,138.415442],"豊田2":[34.967558,138.415495],"敷地2":[34.949073,138.417278],"富士見台1":[34.963953,138.413168],"登呂2":[34.958423,138.411658],"高松":[34.950441,138.440112],"小鹿3":[34.973741,138.41301],"宮竹1":[34.953749,138.417399],"富士見台2":[34.964036,138.418714],"曲金7":[34.979593,138.41836],"小鹿1":[34.976209,138.420446],"恩田原":[34.966136,138.420725],"富士見台3":[34.961799,138.417322],"宮竹2":[34.95083,138.419837],"高松1":[34.955929,138.420635],"池田":[34.982039,138.428334],"小鹿2":[34.974073,138.418069],"高松2":[34.951213,138.424233],"宮川":[34.959858,138.426587],"小鹿":[34.980326,138.420321],"片山":[34.963362,138.421823],"水上":[34.958855,138.427105],"聖一色":[34.983334,138.427321],"西大谷":[34.952207,138.428296],"大谷":[34.951909,138.428825],"栗原":[34.992442,138.424259],"国吉田1":[35.000728,138.428227],"大谷1":[34.949815,138.427723],"大谷2":[34.951863,138.429357],"国吉田2":[34.998294,138.43189],"中吉田":[34.995903,138.43656],"国吉田4":[34.991552,138.432259],"国吉田3":[34.995581,138.431817],"国吉田5":[34.992401,138.438462],"弥生町":[35.005195,138.435507],"大谷3":[34.950018,138.436623],"国吉田6":[34.989656,138.440254],"谷田":[34.990089,138.44882],"西平松":[34.968793,138.450508],"国吉田":[34.988557,138.442689],"中平松":[34.955578,138.444963],"平沢":[34.978873,138.447901],"青沢":[34.956512,138.449654],"古宿":[34.974291,138.456401],"安居":[34.963241,138.458984],"根古屋":[34.967528,138.466404],"広野":[34.928464,138.381182],"下川原":[34.946579,138.364199],"東新田":[34.950418,138.369693],"曲金":[34.98474,138.415811],"港":[34.924973,138.368026],"用宗":[34.931846,138.362596],"広野海岸通":[34.931424,138.390158],"八幡山":[34.970102,138.401241]}