{"鳥坂":[35.010736,138.435243],"柏尾":[35.036053,138.446282],"大内":[35.023649,138.435554],"中之郷3":[35.003057,138.439903],"中之郷2":[34.997754,138.437613],"楠":[35.007361,138.440266],"中之郷1":[34.999667,138.442281],"谷田":[34.997261,138.44584],"楠新田":[35.006913,138.440357],"草薙":[34.992829,138.451059],"梅ヶ谷":[35.047534,138.440824],"長崎":[35.018713,138.442073],"押切":[35.032771,138.448589],"草薙1":[35.002466,138.441693],"長崎新田":[35.020506,138.446804],"能島":[35.022571,138.453094],"草薙2":[35.006343,138.447548],"草薙3":[34.999991,138.447165],"長崎南町":[35.006886,138.446895],"草薙一里山":[35.005902,138.449889],"堀込":[35.022323,138.453762],"草薙杉道3":[35.001791,138.450657],"七ツ新屋":[35.013067,138.454309],"七ツ新屋2":[35.010135,138.449758],"七ツ新屋1":[35.008364,138.45073],"草薙杉道2":[35.00179,138.454204],"半左衛門新田":[35.013097,138.454766],"草薙杉道1":[35.004844,138.454092],"有度本町":[35.008288,138.4534],"山原":[35.040512,138.462503],"御門台":[35.004771,138.456984],"吉川":[35.017226,138.459024],"蜂ヶ谷":[35.039863,138.462143],"石川":[35.040773,138.454681],"上原2":[35.00997,138.457282],"石川新町":[35.031167,138.457924],"馬走坂の上":[35.002083,138.457764],"馬走":[34.996004,138.462625],"石川本町":[35.033751,138.459132],"天王西":[35.029227,138.459144],"上原1":[35.009275,138.459017],"蜂ヶ谷南町":[35.036456,138.463751],"北脇新田":[35.017965,138.46061],"平川地":[35.011593,138.461697],"馬走北":[35.006063,138.460994],"北脇":[35.018558,138.460354],"天王東":[35.029268,138.463875],"有東坂":[35.006441,138.462061],"今泉":[35.001268,138.463406],"下野町":[35.033567,138.465947],"天王南":[35.027142,138.462777],"下野西":[35.034541,138.466214],"弥生町":[35.030581,138.465292],"有東坂2":[35.005566,138.466952],"渋川":[35.015238,138.469473],"北矢部":[34.984362,138.469048],"有東坂1":[35.008398,138.468819],"追分4":[35.013991,138.468747],"渋川3":[35.01859,138.468836],"船越1":[35.000449,138.465202],"庵原町":[35.042325,138.470576],"高橋6":[35.024916,138.469933],"高橋5":[35.026695,138.466954],"高橋3":[35.029984,138.470081],"大坪1":[35.011247,138.469912],"下野緑町":[35.03186,138.467588],"下野中":[35.036824,138.469469],"恵比寿町":[35.015654,138.469595],"船越2":[35.000711,138.469758],"大坪2":[35.010066,138.470599],"村松":[34.97721,138.474024],"船原1":[35.006982,138.470259],"渋川2":[35.019317,138.47112],"木の下町":[35.004238,138.467338],"渋川1":[35.022421,138.470963],"船越3":[34.998799,138.472013],"下野北":[35.036841,138.470076],"下野東":[35.035027,138.470888],"追分3":[35.013777,138.469245],"船越南町":[35.002572,138.47258],"高橋町":[35.043255,138.471628],"船原2":[35.006462,138.470148],"追分2":[35.013329,138.469717],"西大曲町":[35.022229,138.471604],"高橋4":[35.026367,138.472312],"高橋2":[35.029878,138.471159],"飯田町":[35.031207,138.470685],"西高町":[35.006369,138.475059],"春日1":[35.012963,138.477128],"鶴舞町":[35.016867,138.473586],"江尻台町":[35.023354,138.478426],"原":[35.045515,138.483457],"春日2":[35.01104,138.474746],"追分1":[35.016253,138.474085],"八坂北2":[35.039995,138.473344],"八坂町":[35.038422,138.479031],"八坂北1":[35.036267,138.476898],"高橋1":[35.030913,138.474392],"東大曲町":[35.020528,138.476011],"船越東町":[35.00483,138.472497],"永楽町":[35.025334,138.472505],"南矢部":[34.995075,138.478487],"青葉町":[35.009389,138.477079],"大沢町":[35.004593,138.474268],"高橋南町":[35.027904,138.477497],"蛇塚":[34.964522,138.479295],"桜橋町":[35.013728,138.477418],"川原町":[34.999345,138.474454],"堂林2":[35.005781,138.47889],"入江3":[35.017334,138.477783],"桜が丘町":[35.010434,138.476079],"八坂西町":[35.034519,138.475756],"元城町":[35.020133,138.478262],"堂林1":[35.00805,138.477948],"西久保":[35.038343,138.481465],"中矢部町":[35.000725,138.48148],"八坂東2":[35.031887,138.478277],"入江南町":[35.016847,138.479685],"神田町":[35.005388,138.48149],"宮加三":[34.975873,138.474679],"淡島町":[35.015133,138.480515],"月見町":[35.001686,138.481514],"庄福町":[34.99937,138.480728],"二の丸町":[35.023447,138.480637],"入江1":[35.019801,138.479336],"入江岡町":[35.011966,138.481142],"入江2":[35.017768,138.479663],"八坂南町":[35.028513,138.478081],"天神2":[35.02429,138.479267],"八坂東1":[35.035282,138.481996],"草ヶ谷":[35.047073,138.48854],"上力町":[34.995832,138.48171],"江尻町":[35.020644,138.483743],"秋吉町":[35.031062,138.479241],"上清水町":[35.010516,138.483689],"大手3":[35.028483,138.482706],"天神1":[35.027461,138.480732],"駒越":[34.974637,138.482874],"下清水町":[35.006659,138.483021],"宝町":[35.021633,138.483754],"小芝町":[35.022967,138.483796],"浜田町":[35.014761,138.481278],"大手1":[35.025903,138.482326],"大手2":[35.027659,138.481276],"増":[34.96976,138.482753],"新富町":[35.015676,138.481843],"西久保1":[35.031956,138.480765],"梅が岡":[35.004627,138.484172],"北矢部町1":[35.00343,138.484443],"北矢部町2":[35.000553,138.486718],"向田町":[34.998498,138.484771],"沼田町":[34.997251,138.485594],"日立町":[34.994395,138.483853],"辻5":[35.030282,138.483742],"宮代町":[35.027644,138.483913],"岡町":[35.008408,138.484388],"矢倉町":[35.030632,138.486783],"山切":[35.051689,138.483463],"南岡町":[35.005736,138.485013],"銀座":[35.018031,138.484609],"千歳町":[35.015846,138.485964],"江尻東3":[35.019815,138.487532],"上1":[35.011463,138.485397],"江尻東2":[35.02157,138.486853],"江尻東1":[35.022838,138.486751],"本郷町":[35.024853,138.487018],"辻4":[35.029116,138.486539],"袖師町":[35.022052,138.493479],"上2":[35.009711,138.487539],"村松原2":[34.997662,138.486533],"宮下町":[35.033229,138.485347],"緑が丘町":[34.992648,138.485003],"辻2":[35.028405,138.488108],"尾羽":[35.041759,138.493978],"三光町":[35.002968,138.487446],"梅田町":[35.005299,138.48835],"巴町":[35.01794,138.486433],"村松原3":[34.995696,138.487884],"本町":[35.008445,138.489292],"辻3":[35.031294,138.488023],"万世町1":[35.01167,138.488121],"田町":[35.033897,138.488129],"新緑町":[34.995201,138.488277],"真砂町":[35.021818,138.488526],"辻1":[35.03099,138.489872],"八千代町":[35.002158,138.489377],"相生町":[35.018602,138.487524],"村松原1":[35.000805,138.489412],"迎山町":[34.977039,138.487566],"島崎町":[35.016424,138.492636],"富士見町":[35.010601,138.488045],"清水町":[35.005894,138.488963],"万世町2":[35.012321,138.489699],"港南町":[34.975125,138.490212],"旭町":[35.014484,138.489992],"村松1":[34.99538,138.492191],"幸町":[34.999733,138.494482],"美濃輪町":[35.004814,138.491518],"殿沢2":[34.978843,138.491982],"松原町":[35.012446,138.491981],"入船町":[35.010294,138.49311],"松井町":[35.0023,138.490616],"愛染町":[35.030901,138.491023],"港町1":[35.008188,138.490572],"殿沢1":[34.97939,138.491869],"港町2":[35.008407,138.494026],"駒越西2":[34.971286,138.492673],"駒越北町":[34.985287,138.50415],"新港町":[35.012514,138.49237],"横砂":[35.050637,138.501046],"築地町":[35.003432,138.493546],"駒越中2":[34.979769,138.49747],"横砂西町":[35.038769,138.497362],"清水村松地先新田":[34.992235,138.496041],"日の出町":[35.009141,138.496015],"清開1":[35.000802,138.496556],"清開3":[34.991845,138.503696],"横砂中町":[35.041264,138.49613],"横砂南町":[35.039815,138.499532],"駒越西1":[34.976502,138.496496],"横砂本町":[35.044684,138.500044],"駒越中1":[34.982071,138.499798],"駒越東町":[34.983199,138.502532],"横砂東町":[35.047174,138.505575],"三保":[35.001503,138.509062],"広瀬":[35.053376,138.50259],"駒越南町":[34.981045,138.507489],"興津清見寺町":[35.052474,138.50243],"折戸1":[34.985819,138.507053],"折戸":[34.995785,138.515183],"折戸2":[34.988479,138.509807],"折戸3":[34.988426,138.517476],"興津本町":[35.055177,138.514526],"谷津町1":[35.075023,138.519195],"折戸4":[34.992047,138.511662],"興津中町":[35.055679,138.517727],"谷津町2":[35.07549,138.518348],"八木間町":[35.061012,138.521313],"折戸5":[34.993586,138.518459],"承元寺町":[35.078528,138.522632],"興津井上町":[35.071668,138.524849],"興津東町":[35.059802,138.531192],"由比西倉澤":[35.082831,138.546267],"由比東倉澤":[35.086656,138.547489],"由比寺尾":[35.091911,138.550033],"由比西山寺":[35.108259,138.548705],"由比阿僧":[35.116339,138.557488],"由比八千代":[35.113037,138.552309],"由比町屋原":[35.107042,138.558506],"由比今宿":[35.09967,138.553017],"由比東山寺":[35.117188,138.559461],"由比北田":[35.107067,138.559237],"由比":[35.113329,138.564034],"蒲原神沢":[35.11333,138.571788],"蒲原堰沢":[35.116271,138.580736],"蒲原中":[35.117874,138.586284],"蒲原小金":[35.119152,138.589782],"蒲原":[35.128704,138.608393],"蒲原新田1":[35.1158,138.598216],"蒲原3":[35.119761,138.601438],"蒲原4":[35.116822,138.60155],"蒲原2":[35.12099,138.609876],"蒲原新栄":[35.126602,138.621853],"蒲原東":[35.127846,138.623357],"船越":[35.001151,138.474255],"上原":[35.011612,138.457124],"伊佐布":[35.064788,138.469765],"大内新田":[35.024371,138.451179],"蒲原1":[35.129354,138.61909],"蒲原新田2":[35.119268,138.598995],"清開2":[34.996137,138.492617],"中之郷":[35.004874,138.439362],"草薙北":[35.003855,138.440801],"下野":[35.039769,138.469211],