{"三ヶ日町本坂":[34.795529,137.508863],"三ヶ日町平山":[34.827017,137.536109],"三ヶ日町上尾奈":[34.792837,137.528629],"三ヶ日町日比沢":[34.806421,137.524058],"三ヶ日町釣":[34.815783,137.520177],"三ヶ日町下尾奈":[34.775428,137.541584],"三ヶ日町福長":[34.820135,137.544631],"三ヶ日町岡本":[34.818816,137.539325],"三ヶ日町鵺代":[34.797508,137.548536],"三ヶ日町三ヶ日":[34.802453,137.549641],"三ヶ日町大崎":[34.767338,137.550812],"三ヶ日町摩訶耶":[34.819811,137.555974],"三ヶ日町宇志":[34.801962,137.554448],"三ヶ日町只木":[34.834555,137.577714],"三ヶ日町津々崎":[34.798335,137.565425],"三ヶ日町都筑":[34.79362,137.572563],"三ヶ日町大谷":[34.802623,137.583761],"三ヶ日町駒場":[34.800595,137.584257],"三ヶ日町佐久米":[34.782066,137.608334],"細江町気賀":[34.807627,137.639049],"細江町小野":[34.816546,137.659796],"引佐町栃窪":[34.84159,137.648344],"引佐町黒渕":[34.83786,137.652779],"引佐町横尾":[34.833384,137.657374],"引佐町井伊谷":[34.825211,137.658671],"引佐町白岩":[34.839729,137.6573],"細江町広岡":[34.809061,137.661529],"細江町中川":[34.821095,137.695644],"細江町三和":[34.821877,137.691187],"引佐町花平":[34.848571,137.664568],"神宮寺町":[34.832838,137.667733],"引佐町金指":[34.823497,137.679521],"根洗町":[34.793613,137.690447],"三方原町":[34.7923,137.690361],"都田町":[34.833078,137.746545],"滝沢町":[34.849648,137.720171],"鷲沢町":[34.84558,137.707694],"初生町":[34.764365,137.719181],"三幸町":[34.805547,137.726805],"豊岡町":[34.788131,137.737306],"東三方町":[34.784228,137.739061],"新都田1":[34.821712,137.730161],"大原町":[34.798884,137.743835],"新都田2":[34.814121,137.739499],"新都田3":[34.817906,137.739386],"新都田5":[34.818016,137.740499],"新都田4":[34.810498,137.747312],"引佐町田畑":[34.839566,137.651811]}