{"大平":[34.843751,137.750066],"染地台6":[34.794513,137.755319],"染地台4":[34.792488,137.74636],"染地台1":[34.77984,137.748829],"堀谷":[34.870764,137.76588],"内野台2":[34.787214,137.747666],"平口":[34.79798,137.774866],"内野台1":[34.781972,137.749073],"内野台3":[34.790744,137.74822],"内野":[34.785123,137.755007],"宮口":[34.809328,137.750392],"新原":[34.807916,137.78074],"染地台5":[34.794752,137.749739],"内野台4":[34.788255,137.753112],"灰木":[34.843565,137.762307],"四大地":[34.841619,137.761888],"小松":[34.782569,137.771264],"尾野":[34.822912,137.786476],"中条":[34.786059,137.786232],"貴布祢":[34.801616,137.791332],"小林":[34.803945,137.788694],"根堅":[34.851971,137.802377],"横須賀":[34.786151,137.787291],"沼":[34.791179,137.784505],"寺島":[34.783902,137.791957],"道本":[34.804377,137.793679],"西美薗":[34.803731,137.794258],"於呂":[34.837694,137.801285],"高畑":[34.792425,137.793658],"本沢合":[34.807582,137.798027],"東美薗":[34.804399,137.800798],"中瀬":[34.826185,137.80963],"豊保":[34.836325,137.803793],"善地":[34.787632,137.811924],"油一色":[34.808523,137.806536],"上善地":[34.799939,137.811719],"永島":[34.806483,137.812843],"上島":[34.845332,137.81009],"竜南":[34.786924,137.81806],"新堀":[34.791244,137.816471],"八幡":[34.80001,137.811887],"高薗":[34.787686,137.81257],"新野":[34.780378,137.816385],"染地台2":[34.790776,137.74174],"染地台3":[34.790144,137.744077]}