{"花川町":[34.777362,137.689225],"西丘町":[34.772054,137.690838],"富塚町":[34.714362,137.695348],"高丘西4":[34.763863,137.696105],"佐鳴台6":[34.708437,137.694214],"佐鳴台2":[34.703153,137.697549],"高丘西3":[34.763247,137.696561],"佐鳴台3":[34.706746,137.700285],"高丘北4":[34.764788,137.69676],"高丘西2":[34.759023,137.701844],"佐鳴台5":[34.713214,137.696896],"高丘北3":[34.767471,137.702019],"佐鳴台4":[34.70591,137.702593],"葵西6":[34.769061,137.702124],"佐鳴台1":[34.702618,137.699261],"高丘西1":[34.756494,137.701143],"和合町":[34.739138,137.701413],"西伊場町":[34.699265,137.704463],"葵西5":[34.776078,137.705962],"高丘北2":[34.763132,137.703322],"山手町":[34.706374,137.703377],"葵西4":[34.77435,137.705662],"蜆塚4":[34.70933,137.70694],"高丘東1":[34.755614,137.708096],"高丘北1":[34.764045,137.708109],"葵西3":[34.770769,137.70972],"蜆塚3":[34.71611,137.707432],"鴨江2":[34.701488,137.713756],"鴨江3":[34.705883,137.709972],"高丘東4":[34.756402,137.709466],"葵西2":[34.766719,137.712119],"蜆塚2":[34.710995,137.708805],"南伊場町":[34.697595,137.706011],"高丘東2":[34.7549,137.716738],"葵西1":[34.764653,137.716945],"布橋3":[34.718673,137.709906],"広沢2":[34.714887,137.714288],"蜆塚1":[34.712939,137.710662],"高丘東5":[34.76254,137.71493],"東伊場1":[34.699871,137.720052],"広沢3":[34.711177,137.720384],"泉4":[34.746697,137.717495],"和合北4":[34.741743,137.716367],"文丘町":[34.724716,137.714425],"和合北3":[34.740475,137.714405],"高丘東3":[34.760795,137.720148],"東伊場2":[34.699106,137.720076],"布橋2":[34.721434,137.714348],"広沢1":[34.717435,137.717777],"神田町":[34.684003,137.722026],"森田町":[34.694094,137.715741],"和地山3":[34.730273,137.716603],"城北3":[34.725682,137.718349],"和合北2":[34.737101,137.717001],"鴨江4":[34.706966,137.71872],"葵東3":[34.762396,137.720128],"鴨江1":[34.700651,137.719689],"三組町":[34.710744,137.719579],"泉1":[34.736839,137.717705],"鹿谷町":[34.716222,137.720385],"布橋1":[34.721362,137.719717],"和地山2":[34.730439,137.720834],"城北2":[34.721896,137.720036],"泉2":[34.744034,137.721483],"泉3":[34.745927,137.721848],"和地山1":[34.727748,137.720585],"葵東1":[34.751743,137.722317],"鴨江町":[34.704857,137.720343],"住吉1":[34.725529,137.727394],"和合北1":[34.736598,137.722699],"葵東2":[34.757159,137.727438],"西浅田1":[34.696861,137.723198],"高町":[34.711538,137.721279],"中山町":[34.707321,137.72327],"城北1":[34.719857,137.724168],"松城町":[34.709186,137.726304],"菅原町":[34.697446,137.722086],"小豆餅1":[34.753059,137.7249],"住吉3":[34.736551,137.724348],"萩丘1":[34.749335,137.724028],"住吉2":[34.732437,137.723562],"春日町":[34.690239,137.723848],"成子町":[34.700493,137.728507],"西浅田2":[34.691327,137.726187],"幸1":[34.737835,137.724065],"幸5":[34.744365,137.725168],"中沢町":[34.720361,137.724467],"元城町":[34.709607,137.726606],"下池川町":[34.714291,137.725453],"栄町":[34.703169,137.725132],"上浅田1":[34.696788,137.72607],"紺屋町":[34.707161,137.725221],"小豆餅2":[34.752559,137.727113],"法枝町":[34.68607,137.730428],"住吉5":[34.736435,137.729204],"利町":[34.705946,137.72529],"幸2":[34.735298,137.732726],"元魚町":[34.702125,137.725941],"幸3":[34.7401,137.731296],"住吉4":[34.729935,137.730619],"幸4":[34.745953,137.732858],"南浅田1":[34.692606,137.727421],"南浅田2":[34.687924,137.729908],"萩丘2":[34.748241,137.730417],"小豆餅3":[34.751702,137.72912],"高林1":[34.726004,137.732389],"神明町":[34.707913,137.72825],"上浅田2":[34.696075,137.729803],"池町":[34.710294,137.728638],"肴町":[34.706237,137.72949],"山下町":[34.714243,137.729804],"海老塚1":[34.697377,137.730225],"平田町":[34.702409,137.728915],"元目町":[34.711549,137.729323],"尾張町":[34.710729,137.728769],"千歳町":[34.704865,137.730912],"瓜内町":[34.685226,137.730575],"田町":[34.707808,137.72937],"海老塚町":[34.699952,137.728435],"小豆餅4":[34.751425,137.73016],"鍛冶町":[34.705305,137.731216],"北田町":[34.712512,137.732389],"海老塚2":[34.697312,137.73041],"元浜町":[34.71409,137.73346],"高林4":[34.728448,137.730665],"常盤町":[34.709642,137.73261],"浅田町":[34.693947,137.734055],"旭町":[34.706179,137.733507],"萩丘3":[34.750126,137.734139],"高林2":[34.724963,137.736047],"萩丘5":[34.751846,137.733236],"砂山町":[34.70378,137.734452],"板屋町":[34.706312,137.732869],"助信町":[34.722799,137.737406],"高林3":[34.726761,137.736785],"八幡町":[34.714042,137.733704],"早馬町":[34.711065,137.732976],"東田町":[34.709474,137.733954],"曳馬6":[34.737607,137.733547],"上島6":[34.744158,137.737653],"中央1":[34.713061,137.737225],"寺島町":[34.701431,137.736404],"高林5":[34.732314,137.734125],"萩丘4":[34.747523,137.735046],"曳馬5":[34.730282,137.739979],"曳馬1":[34.727961,137.737498],"龍禅寺町":[34.693813,137.737053],"野口町":[34.718327,137.741727],"上島1":[34.737787,137.738026],"中央2":[34.710478,137.740826],"中央3":[34.706086,137.741146],"上島7":[34.746284,137.740249],"上島2":[34.741311,137.73929],"新津町":[34.719131,137.741656],"北寺島町":[34.701805,137.744695],"曳馬2":[34.72715,137.740512],"上島5":[34.743035,137.745186],"船越町":[34.712444,137.74157],"曳馬4":[34.7299,137.741962],"十軒町":[34.736314,137.745514],"木戸町":[34.707762,137.743071],"曳馬3":[34.724643,137.744942],"佐藤1":[34.713813,137.744025],"相生町":[34.70916,137.747321],"茄子町":[34.720175,137.745135],"中島1":[34.703451,137.750139],"中島4":[34.696466,137.749062],"中島3":[34.699489,137.749783],"上島3":[34.741818,137.745623],"早出町":[34.740392,137.75041],"中島2":[34.702623,137.750055],"佐藤2":[34.712132,137.749366],"上島4":[34.743442,137.746333],"細島町":[34.724054,137.75178],"向宿2":[34.703403,137.750661],"天神町":[34.709044,137.749456],"向宿1":[34.707082,137.750145],"領家3":[34.693817,137.752067],"佐藤3":[34.710544,137.750496],"領家2":[34.697976,137.754555],"領家1":[34.700194,137.754602],"向宿3":[34.701298,137.75465],"富吉町":[34.709503,137.752885],"名塚町":[34.702756,137.759726],"曳馬町":[34.724355,137.744259],"連尺町":[34.708188,137.727362],"伝馬町":[34.704642,137.728351],"塩町":[34.70065,137.728765],"旅籠町":[34.702162,137.72738],"大工町":[34.704653,137.727733]}