{"高塚町":[34.692419,137.672574],"小沢渡町":[34.681944,137.694026],"江之島町":[34.667641,137.760736],"倉松町":[34.679705,137.6964],"増楽町":[34.692469,137.689579],"新橋町":[34.682502,137.716078],"堤町":[34.677197,137.70513],"若林町":[34.686707,137.708503],"米津町":[34.668501,137.734875],"東若林町":[34.693176,137.710796],"法枝町":[34.678878,137.727423],"田尻町":[34.679526,137.723256],"卸本町":[34.670583,137.727174],"白羽町":[34.675889,137.726664],"瓜内町":[34.683316,137.732968],"中田島町":[34.666412,137.742402],"三島町":[34.694009,137.750817],"寺脇町":[34.684826,137.750513],"楊子町":[34.696311,137.744444],"福塚町":[34.674127,137.754622],"大柳町":[34.682319,137.763118],"都盛町":[34.683111,137.756954],"参野町":[34.691015,137.755468],"頭陀寺町":[34.696572,137.758155],"渡瀬町":[34.706528,137.75897],"恩地町":[34.686571,137.76329],"本郷町":[34.69836,137.767476],"遠州浜1":[34.657844,137.760105],"福島町":[34.66403,137.770654],"三和町":[34.709376,137.770705],"西伝寺町":[34.703231,137.761494],"西島町":[34.658983,137.769848],"芳川町":[34.688854,137.764068],"鼡野町":[34.680194,137.764416],"四本松町":[34.683771,137.76431],"遠州浜2":[34.658578,137.769226],"安松町":[34.698362,137.76826],"下江町":[34.681039,137.764999],"御給町":[34.673672,137.771765],"石原町":[34.69098,137.768263],"飯田町":[34.712402,137.771686],"遠州浜3":[34.658074,137.772877],"古川町":[34.687458,137.771374],"立野町":[34.686811,137.771643],"松島町":[34.654735,137.783516],"富屋町":[34.681704,137.776575],"下飯田町":[34.70518,137.78201],"青屋町":[34.713659,137.774163],"金折町":[34.689107,137.787861],"遠州浜4":[34.654576,137.776517],"長田町":[34.670876,137.77828],"西町":[34.687932,137.778588],"河輪町":[34.680716,137.786795],"東町":[34.683647,137.785811],"三新町":[34.653841,137.785945],"新貝町":[34.701832,137.793423],"鶴見町":[34.712757,137.791415],"大塚町":[34.696505,137.791966],"老間町":[34.688453,137.7879]}