{"二俣町鹿島":[34.851368,137.806869],"二俣町二俣":[34.865605,137.821853],"二俣町大園":[34.879316,137.809175],"二俣町南鹿島":[34.84171,137.806829],"船明":[34.892156,137.81455],"大谷":[34.878361,137.813435],"山東":[34.868712,137.817643],"二俣町阿蔵":[34.863529,137.821691],"次郎八新田":[34.874272,137.820384]}