{"植田":[35.135347,138.763832],"桃里":[35.128941,138.766908],"一本松":[35.130101,138.779176],"石川":[35.149302,138.779773],"原":[35.122047,138.800889],"平沼":[35.144696,138.789184],"西浦江梨":[35.020195,138.813768],"西添町":[35.129198,138.792477],"西野":[35.16132,138.795117],"井出":[35.137268,138.799885],"原町中1":[35.13051,138.797379],"原町中2":[35.130583,138.800712],"根古屋":[35.137071,138.800479],"原町中3":[35.132958,138.802217],"大塚":[35.121658,138.801929],"青野":[35.133891,138.80369],"宮本":[35.14874,138.83965],"柳沢":[35.130761,138.807152],"鳥谷":[35.144766,138.825377],"今沢":[35.122014,138.818301],"北今沢":[35.122122,138.821867],"東原":[35.136722,138.827907],"松長":[35.114135,138.826852],"西椎路":[35.121806,138.821688],"大諏訪":[35.109337,138.835995],"東椎路":[35.123957,138.843527],"西浦久料":[35.019754,138.831715],"小諏訪":[35.102522,138.838823],"足高":[35.141646,138.872025],"西浦足保":[35.017132,138.838603],"西浦河内":[35.012704,138.874688],"西浦古宇":[35.013078,138.846228],"西間門":[35.101776,138.843342],"西沢田":[35.124417,138.850024],"東間門":[35.098295,138.845887],"西間門3":[35.101104,138.844306],"西間門2":[35.10158,138.843751],"本":[35.093486,138.857304],"東間門3":[35.100443,138.84454],"東間門1":[35.101108,138.846495],"東間門2":[35.100929,138.844847],"中沢田":[35.123684,138.85513],"西浦立保":[35.014313,138.854968],"松下町":[35.098782,138.847403],"真砂町":[35.098012,138.852856],"市道町":[35.096626,138.852604],"双葉町":[35.105436,138.853398],"本田町":[35.10911,138.85601],"沼北町2":[35.116113,138.853403],"丸子町":[35.100818,138.849473],"錦町":[35.100584,138.851303],"新沢田町":[35.119325,138.854249],"千本緑町1":[35.091849,138.852931],"白銀町":[35.101328,138.85366],"千本常盤町":[35.090596,138.852296],"千本緑町2":[35.092637,138.853136],"常盤町2":[35.089504,138.854577],"常盤町1":[35.090036,138.853153],"千本緑町3":[35.091876,138.8541],"末広町":[35.096157,138.855417],"東沢田":[35.125378,138.85782],"常盤町3":[35.088082,138.855649],"高沢町":[35.108435,138.855637],"沼北町1":[35.115901,138.855681],"千本西町":[35.085697,138.854963],"西浦平沢":[35.020106,138.864707],"幸町":[35.09527,138.854607],"西条町":[35.101504,138.85519],"旭町":[35.092249,138.855237],"若葉町":[35.120837,138.857518],"下河原町":[35.088265,138.858727],"西熊堂":[35.1313,138.862986],"千本中町":[35.086047,138.856197],"八幡町":[35.09918,138.856543],"添地町":[35.101859,138.857065],"高島町":[35.105358,138.861243],"北高島町":[35.112765,138.861292],"寿町":[35.117368,138.858251],"千本東町":[35.086134,138.857766],"高島本町":[35.110056,138.861005],"町方町":[35.097157,138.857191],"高砂町":[35.131706,138.858627],"大手町4":[35.098886,138.860152],"大手町5":[35.101485,138.858829],"我入道":[35.079356,138.866127],"上土町":[35.096927,138.858413],"千本港町":[35.084048,138.85804],"駿河台":[35.126398,138.860899],"沢田町":[35.120349,138.858791],"東熊堂":[35.118878,138.867627],"蛇松町":[35.086859,138.859374],"新宿町":[35.10856,138.860778],"春日町":[35.084165,138.859356],"大手町3":[35.10126,138.860645],"江原町":[35.118588,138.86235],"市場町":[35.094805,138.862628],"吉田町":[35.089314,138.864692],"豊町":[35.12941,138.862699],"蓼原町":[35.084003,138.86062],"高尾台":[35.132759,138.861778],"西浦久連":[35.017258,138.871562],"大手町2":[35.101798,138.862561],"五月町":[35.114537,138.866382],"庄栄町":[35.108236,138.862077],"柳町":[35.118371,138.864444],"大手町1":[35.102812,138.863363],"西島町":[35.084272,138.865168],"米山町":[35.109699,138.864165],"松沢町":[35.125682,138.86413],"泉町":[35.11153,138.865833],"御幸町":[35.096111,138.867252],"三枚橋町":[35.101832,138.864582],"筒井町":[35.120517,138.865351],"岡宮":[35.128053,138.875375],"下香貫":[35.082724,138.886009],"杉崎町":[35.107773,138.868904],"上香貫":[35.09436,138.878699],"三園町":[35.088817,138.867416],"神田町":[35.118645,138.866707],"三芳町":[35.101965,138.866027],"平町":[35.099644,138.869591],"日の出町":[35.108641,138.869791],"住吉町":[35.093594,138.867912],"山王台":[35.104815,138.86891],"南本郷町":[35.091444,138.870754],"大岡":[35.129507,138.891606],"富士見町":[35.107435,138.870154],"玉江町":[35.088316,138.869804],"共栄町":[35.120412,138.871673],"本郷町":[35.095067,138.873334],"花園町":[35.123139,138.871941],"三枚橋":[35.109933,138.871691],"黒瀬町":[35.098004,138.873572],"緑ケ丘":[35.120201,138.875594],"宮前町":[35.122152,138.875896],"岡一色":[35.12436,138.882515],"西浦木負":[35.019766,138.882268],"中原町":[35.098404,138.876559],"北園町":[35.123663,138.875917],"志下":[35.064072,138.886622],"内浦重須":[35.015506,138.88776],"中瀬町":[35.101109,138.881225],"馬込":[35.058353,138.883017],"香貫が丘":[35.085519,138.881144],"獅子浜":[35.049007,138.888716],"山ケ下町":[35.095811,138.884386],"小林台":[35.134245,138.886408],"大平":[35.073591,138.921862],"内浦重寺":[35.035899,138.897105],"江浦":[35.051568,138.897447],"内浦長浜":[35.019081,138.896316],"内浦小海":[35.026149,138.897173],"内浦三津":[35.025287,138.9115],"多比":[35.050226,138.906783],"口野":[35.041317,138.911055],"東宮後町":[35.09601,138.856012],"本町":[35.095937,138.856413],"通横町":[35.096533,138.857619],"大門町":[35.096685,138.856602]}