{"大字土屋":[40.903773,140.860875],"大字中野":[40.918865,140.887982],"大字小豆沢":[40.920336,140.90671],"大字山口":[40.919054,140.926651],"大字藤沢":[40.916182,140.938866],"大字盛田":[40.927228,140.943125],"大字小湊":[40.913383,140.956989],"大字福島":[40.939262,140.954711],"大字福館":[40.939723,140.957988],"大字沼館":[40.928258,140.982274],"大字浅所":[40.944351,140.972581],"大字東滝":[40.958106,140.981782],"大字浜子":[40.930282,140.986206],"大字清水川":[40.91968,141.02785],"大字薬師野":[40.918711,141.011847],"大字口広":[40.913911,141.04597],"大字浪打":[40.917571,140.869469]}