{"横井1":[35.151091,136.836583],"横井2":[35.147705,136.835281],"稲西町":[35.166343,136.838884],"岩塚町":[35.159665,136.836859],"稲葉地町6":[35.167897,136.837959],"横前町":[35.147896,136.842258],"八社2":[35.150002,136.84249],"八社1":[35.153505,136.842507],"稲葉地本通3":[35.168322,136.840734],"岩上町":[35.163125,136.83981],"城屋敷町4":[35.169201,136.840525],"稲葉地町5":[35.167706,136.84046],"荒輪井町2":[35.16348,136.83984],"城屋敷町2":[35.170414,136.84207],"川前町":[35.146762,136.84146],"城屋敷町1":[35.172832,136.842461],"稲葉地町4":[35.16628,136.841843],"荒輪井町1":[35.165078,136.841917],"西栄町":[35.162356,136.84112],"宮塚町":[35.159887,136.841391],"城屋敷町3":[35.169168,136.842605],"岩塚本通6":[35.157931,136.842229],"稲葉地本通2":[35.168737,136.844168],"本陣通6":[35.17755,136.851206],"稲葉地町3":[35.16682,136.842998],"野上町":[35.147319,136.843936],"稲葉地町7":[35.163688,136.846933],"鴨付町1":[35.161608,136.844077],"小鴨町":[35.159115,136.844494],"稲葉地町2":[35.165515,136.843922],"岩塚本通5":[35.158225,136.843713],"稲上町1":[35.173122,136.844833],"稲上町2":[35.171817,136.845917],"稲上町3":[35.170709,136.845938],"稲上町4":[35.170213,136.845935],"稲上町5":[35.169427,136.845922],"鴨付町2":[35.160986,136.845983],"岩塚町5":[35.157449,136.844754],"野田町":[35.148783,136.847521],"宿跡町3":[35.173574,136.84607],"稲葉地町1":[35.168039,136.845915],"稲葉地本通1":[35.168577,136.845919],"岩塚本通4":[35.157707,136.846723],"宿跡町2":[35.174872,136.848223],"剣町":[35.16107,136.848145],"稲葉地町8":[35.162102,136.847196],"岩塚町4":[35.155781,136.846709],"草薙町3":[35.172582,136.847083],"東宿町3":[35.174447,136.849504],"長筬町7":[35.164941,136.852125],"長筬町4":[35.165903,136.852141],"長筬町3":[35.166288,136.852131],"長筬町6":[35.165318,136.852139],"長筬町2":[35.166861,136.852132],"長筬町5":[35.165714,136.85214],"長筬町1":[35.167238,136.852141],"宿跡町1":[35.176943,136.851014],"香取町2":[35.168012,136.849608],"鳥居西通2":[35.168574,136.849615],"靖国町3":[35.169985,136.84705],"日比津町":[35.184769,136.854744],"長草町":[35.148447,136.848972],"岩塚町3":[35.155407,136.849908],"岩塚本通3":[35.158071,136.849194],"向島町4":[35.163086,136.850025],"向島町3":[35.163598,136.850862],"向島町2":[35.164169,136.850874],"向島町1":[35.164545,136.850892],"靖国町2":[35.170279,136.849634],"草薙町2":[35.171524,136.849641],"橋下町":[35.185201,136.859647],"菊水町2":[35.178814,136.849396],"並木2":[35.151538,136.853249],"二瀬町":[35.159762,136.851627],"東宿町1":[35.175941,136.852831],"並木1":[35.15341,136.85348],"菊水町1":[35.179898,136.852085],"東宿町2":[35.173538,136.852504],"岩塚町2":[35.157277,136.851484],"岩塚本通2":[35.158007,136.851507],"向島町5":[35.163401,136.85088],"香取町1":[35.167975,136.854383],"鳥居西通1":[35.168535,136.854624],"靖国町1":[35.170263,136.852174],"草薙町1":[35.172564,136.852238],"八田町":[35.148463,136.851184],"上石川町5":[35.161501,136.854047],"上石川町4":[35.162283,136.854053],"上石川町3":[35.16295,136.854086],"上石川町2":[35.163571,136.854121],"上石川町1":[35.164338,136.854157],"砂田町3":[35.165104,136.854195],"本陣通5":[35.177873,136.860339],"諏訪町3":[35.180342,136.852896],"岩塚町1":[35.157239,136.853819],"岩塚本通1":[35.157977,136.854062],"五反城町8":[35.158263,136.854257],"五反城町7":[35.15848,136.854265],"五反城町6":[35.158866,136.85428],"五反城町5":[35.159097,136.854286],"五反城町4":[35.15937,136.854293],"五反城町2":[35.160578,136.854189],"五反城町1":[35.161032,136.854202],"五反城町3":[35.16014,136.85416],"砂田町1":[35.167226,136.854319],"砂田町2":[35.165879,136.854251],"中村町9":[35.16869,136.854524],"中村町7":[35.170831,136.8556],"中村町6":[35.172059,136.855582],"中村町":[35.168801,136.858187],"諏訪町2":[35.17925,136.853873],"豊幡町":[35.177286,136.855964],"烏森町6":[35.153413,136.856335],"豊国通6":[35.157226,136.854501],"諏訪町1":[35.178365,136.85549],"豊国通4":[35.16076,136.854714],"豊国通3":[35.164431,136.85492],"豊国通2":[35.165984,136.855004],"畑江通9":[35.157905,136.85689],"烏森町5":[35.155055,136.855723],"沖田町":[35.159397,136.863028],"豊国通1":[35.167932,136.855113],"鈍池町3":[35.160558,136.858222],"太閤通9":[35.16855,136.856776],"中村町8":[35.169848,136.856347],"日比津町3":[35.180812,136.85788],"鳥居通5":[35.17004,136.858449],"鈍池町2":[35.161449,136.858217],"鈍池町1":[35.162324,136.857102],"千成通6":[35.162877,136.855912],"烏森町7":[35.153808,136.858789],"押木田町2":[35.163589,136.858285],"押木田町1":[35.163793,136.85826],"乾出町4":[35.165266,136.856031],"乾出町3":[35.166043,136.856052],"乾出町2":[35.167062,136.85605],"乾出町1":[35.167888,136.856159],"日比津町4":[35.180105,136.858236],"中村町5":[35.170521,136.858214],"中村町4":[35.172417,136.857769],"烏森町4":[35.155066,136.857937],"森末町4":[35.175717,136.858298],"千成通5":[35.16274,136.858275],"中村中町1":[35.167157,136.858037],"中村中町2":[35.166278,136.858485],"中村中町3":[35.16564,136.858718],"日比津町1":[35.183104,136.861696],"中村町1":[35.174846,136.858335],"太閤通8":[35.16805,136.859938],"烏森町8":[35.152825,136.862212],"畑江通8":[35.157391,136.859872],"日ノ宮町1":[35.162066,136.864235],"中村町2":[35.173029,136.859949],"中村本町1":[35.167804,136.861383],"烏森町3":[35.155441,136.860193],"元中村町2":[35.169703,136.859058],"日比津町2":[35.180954,136.861149],"下中村町1":[35.165033,136.86375],"中村町3":[35.171553,136.860083],"中村本町2":[35.166754,136.86176],"中村中町4":[35.164837,136.860382],"下中村町2":[35.163955,136.863434],"森田町3":[35.179612,136.860467],"森末町3":[35.177014,136.86033],"藤江町3":[35.175521,136.860316],"下中村町3":[35.163574,136.863625],"下中村町4":[35.163202,136.863832],"日ノ宮町2":[35.161306,136.864372],"日ノ宮町4":[35.160036,136.864163],"日ノ宮町3":[35.161093,136.864323],"千成通4":[35.162503,136.860926],"鳥居通4":[35.17292,136.862538],"元中村町1":[35.170543,136.861414],"中村本町3":[35.166347,136.862651],"枇杷島町":[35.189201,136.86223],"日ノ宮町5":[35.159357,136.862215],"猪之越町3":[35.184156,136.862281],"烏森町2":[35.153414,136.861803],"新富町5":[35.186328,136.861458],"太閤通7":[35.167891,136.862072],"藤江町4":[35.172987,136.861507],"畑江通7":[35.15736,136.862153],"中村本町4":[35.165431,136.862761],"道下町3":[35.172356,136.864235],"藤江町2":[35.173237,136.862539],"森末町2":[35.177262,136.86217],"森田町2":[35.179247,136.86183],"本陣通4":[35.177418,136.86433],"千成通3":[35.162687,136.863241],"高道町6":[35.181512,136.863078],"新富町4":[35.187143,136.862895],"高道町3":[35.183744,136.863101],"元中村町3":[35.170518,136.862148],"中村本町5":[35.165063,136.863072],"大宮町3":[35.165301,136.863765],"烏森町1":[35.153221,136.863154],"藤江町1":[35.17429,136.862955],"猪之越町2":[35.186043,136.863115],"森末町1":[35.176322,136.862793],"高須賀町":[35.154923,136.864133],"畑江通6":[35.157755,136.863119],"鳥居通3":[35.174584,136.864542],"森田町1":[35.179246,136.864341],"太閤通6":[35.168119,136.86558],"道下町2":[35.172628,136.864617],"名楽町3":[35.168488,136.863565],"名楽町4":[35.169761,136.864249],"北浦町":[35.158081,136.864156],"新富町3":[35.186706,136.864912],"名楽町5":[35.170323,136.864269],"上ノ宮町2":[35.175609,136.864661],"上ノ宮町1":[35.176334,136.865528],"千成通2":[35.16325,136.86628],"道下町5":[35.170929,136.864295],"道下町4":[35.171585,136.864331],"牛田通4":[35.153816,136.864601],"新富町2":[35.187177,136.866068],"高道町5":[35.181076,136.864358],"高道町2":[35.18337,136.864372],"猪之越町1":[35.186549,136.864089],"畑江通5":[35.157286,136.864381],"名西通1":[35.164087,136.864755],"大宮町2":[35.165568,136.864418],"道下町1":[35.173274,136.864671],"名楽町2":[35.168696,136.865617],"牛田通3":[35.155413,136.864936],"名西通3":[35.160445,136.865105],"角割町5":[35.156114,136.869683],"城主町1":[35.165714,136.867099],"城主町2":[35.165279,136.866697],"賑町":[35.169404,136.867616],"羽衣町":[35.170045,136.867643],"大門町":[35.170649,136.867675],"牛田通1":[35.158104,136.865059],"名西通2":[35.161308,136.864963],"寿町":[35.171234,136.867697],"牛田通2":[35.156487,136.865092],"日吉町":[35.171625,136.867737],"城主町3":[35.164841,136.866344],"鳥居通2":[35.176476,136.866741],"城主町4":[35.164438,136.866317],"塩池町2":[35.184316,136.869644],"城主町5":[35.164056,136.866294],"新富町1":[35.188151,136.866799],"城主町6":[35.163582,136.867401],"大宮町1":[35.167559,136.865489],"畑江通4":[35.157262,136.865493],"角割町4":[35.156334,136.865686],"京田町3":[35.159956,136.86664],"十王町":[35.180289,136.869337],"高道町4":[35.180693,136.866662],"本陣通3":[35.177388,136.868734],"高道町1":[35.182599,136.86661],"白子町1":[35.162855,136.868323],"塩池町3":[35.183704,136.867067],"白子町2":[35.16248,136.867437],"白子町3":[35.16292,136.868734],"大秋町2":[35.175198,136.869336],"北畑町4":[35.158116,136.865686],"白子町4":[35.162662,136.868891],"大秋町3":[35.174156,136.868774],"大秋町4":[35.173041,136.868647],"塩池町1":[35.185537,136.870059],"西米野町4":[35.167487,136.866895],"北畑町3":[35.159726,136.866944],"大秋町1":[35.175553,136.868713],"角割町3":[35.156872,136.866728],