{"野南町":[35.229265,136.860232],"浮野町":[35.225952,136.860391],"中沼町":[35.222774,136.860581],"長先町":[35.21968,136.861826],"十方町":[35.217761,136.862712],"新木町":[35.217052,136.863309],"城西町":[35.227964,136.863791],"西原町":[35.225791,136.863889],"こも原町":[35.207076,136.865512],"上橋町":[35.222792,136.864314],"見寄町":[35.221756,136.864341],"丸野1":[35.21554,136.865058],"あし原町":[35.211919,136.867644],"丸野2":[35.219769,136.868247],"城町":[35.227729,136.868089],"平中町":[35.224518,136.869224],"木前町":[35.223201,136.867744],"中小田井3":[35.215487,136.871092],"枇杷島2":[35.190241,136.870375],"山木1":[35.222513,136.871124],"平出町":[35.22725,136.872599],"栄生3":[35.187654,136.875178],"山木2":[35.225249,136.87352],"中小田井4":[35.221652,136.875236],"枇杷島1":[35.18951,136.87502],"枇杷島3":[35.191542,136.877176],"中小田井2":[35.213365,136.875689],"栄生2":[35.186149,136.874566],"円明町":[35.227106,136.874096],"枇杷島4":[35.193282,136.878342],"枇杷島5":[35.195287,136.880419],"中小田井5":[35.215208,136.876739],"南堀越2":[35.197698,136.876353],"貴生町":[35.22378,136.878347],"則武新町4":[35.182563,136.876651],"栄生1":[35.185644,136.878744],"中小田井1":[35.211638,136.878065],"則武新町3":[35.180663,136.882046],"名西1":[35.186019,136.882707],"上小田井2":[35.218545,136.880855],"堀越1":[35.199132,136.878877],"八筋町":[35.222516,136.885886],"堀越3":[35.202962,136.878952],"名西2":[35.191691,136.883576],"堀越町":[35.207965,136.884624],"南堀越1":[35.197388,136.88199],"上小田井1":[35.216367,136.885012],"上堀越町3":[35.204956,136.880188],"二方町":[35.225537,136.885776],"児玉3":[35.192382,136.883243],"則武新町2":[35.182119,136.882381],"上堀越町4":[35.20439,136.878942],"則武新町1":[35.184912,136.882988],"牛島町":[35.176797,136.878907],"堀越2":[35.202953,136.880912],"名駅2":[35.176954,136.885801],"南川町":[35.221114,136.885509],"名駅1":[35.172691,136.88114],"上堀越町2":[35.205539,136.881429],"上堀越町1":[35.206618,136.882916],"菊井2":[35.180246,136.885517],"笹塚町2":[35.202951,136.88269],"東岸町2":[35.198805,136.883427],"新福寺町2":[35.20613,136.883904],"菊井1":[35.184438,136.885893],"康生通2":[35.197238,136.886996],"万代町2":[35.198115,136.887112],"笹塚町1":[35.202942,136.883871],"押切2":[35.187844,136.886211],"押切1":[35.18522,136.885926],"天神山町":[35.191798,136.886784],"児玉2":[35.196749,136.886918],"市場木町":[35.217321,136.891272],"山田町大字上小田井":[35.215016,136.886613],"浄心2":[35.193124,136.888638],"笠取町1":[35.19879,136.889534],"笠取町2":[35.199519,136.890015],"笠取町4":[35.2012,136.889908],"鳥見町1":[35.201683,136.889964],"名塚町2":[35.206966,136.890796],"鳥見町4":[35.203238,136.890139],"新福寺町1":[35.206704,136.886685],"名塚町3":[35.208367,136.888153],"五才美町":[35.220208,136.891238],"笠取町3":[35.200273,136.890397],"大金町2":[35.20417,136.890094],"大金町1":[35.203739,136.890087],"鳥見町2":[35.201973,136.890437],"大金町3":[35.204614,136.890134],"名駅3":[35.174415,136.88793],"鳥見町3":[35.202477,136.890367],"玉池町":[35.225331,136.890239],"那古野2":[35.176643,136.88953],"新道2":[35.178069,136.889258],"新道1":[35.182158,136.889922],"浅間2":[35.184393,136.890239],"赤城町":[35.222102,136.889478],"花の木1":[35.186973,136.890424],"大金町4":[35.205125,136.890234],"大金町5":[35.205225,136.8908],"名塚町1":[35.206482,136.890513],"花の木2":[35.189498,136.890789],"花の木3":[35.191623,136.890443],"児玉1":[35.193959,136.889236],"名塚町5":[35.2091,136.890892],"康生通1":[35.197259,136.889273],"万代町1":[35.197558,136.889262],"名塚町4":[35.207827,136.890757],"坂井戸町":[35.21505,136.891734],"浄心1":[35.194642,136.890583],"花原町":[35.225637,136.896089],"庄内通1":[35.199082,136.891786],"浄心本通3":[35.197781,136.891025],"那古野1":[35.176813,136.893334],"幅下2":[35.178492,136.893596],"幅下1":[35.180815,136.894159],"宝地町":[35.224509,136.895966],"清里町":[35.232709,136.897289],"歌里町":[35.221831,136.895663],"砂原町":[35.228707,136.896523],"浅間1":[35.184706,136.891469],"庄内通2":[35.201925,136.891328],"庄内通4":[35.207616,136.891473],"城西2":[35.18435,136.894857],"上名古屋3":[35.194678,136.895694],"庄内通3":[35.205422,136.891287],"上名古屋2":[35.193709,136.89539],"城西3":[35.18745,136.895389],"城西4":[35.191271,136.895146],"庄内通5":[35.208766,136.891687],"大野木1":[35.216644,136.895153],"西志賀町":[35.198886,136.891357],"香呑町6":[35.204039,136.892485],"城西1":[35.183234,136.895107],"秩父通2":[35.197329,136.89524],"城北町3":[35.197612,136.893992],"又穂町6":[35.20465,136.893153],"江向町6":[35.207341,136.892916],"天塚町4":[35.199528,136.89296],"稲生町7":[35.208605,136.892264],"稲生町6":[35.208256,136.893062],"大野木2":[35.217675,136.899217],"稲生町5":[35.209075,136.894141],"江向町5":[35.206197,136.893834],"又穂町5":[35.204483,136.893865],"香呑町5":[35.202599,136.89388],"天塚町3":[35.201501,136.894459],"稲生町4":[35.209608,136.895691],"江向町4":[35.206932,136.89504],"大野木3":[35.221063,136.90201],"又穂町4":[35.204488,136.895064],"香呑町4":[35.201618,136.895161],"天塚町2":[35.19893,136.895168],"城北町2":[35.197646,136.896417],"稲生町":[35.20956,136.899594],"樋の口町":[35.186385,136.89576],"大野木4":[35.222171,136.902959],"城西5":[35.192459,136.900039],"数寄屋町":[35.189525,136.898416],"江向町3":[35.2062,136.896394],"稲生町3":[35.208697,136.896813],"又穂町3":[35.204206,136.896387],"香呑町3":[35.201893,136.896404],"天塚町1":[35.199988,136.897262],"秩父通1":[35.197374,136.899186],"上名古屋4":[35.194751,136.899258],"堀端町":[35.187833,136.898797],"上名古屋1":[35.194265,136.899433],"大野木5":[35.224237,136.901856],"比良1":[35.225908,136.902242],"比良2":[35.227573,136.903145],"比良3":[35.229383,136.902781],"城北町1":[35.198813,136.89966],"江向町2":[35.206517,136.898051],"又穂町2":[35.205982,136.898054],"稲生町2":[35.209001,136.898434],"香呑町2":[35.201893,136.898786],"比良4":[35.231649,136.903367],"貝田町2":[35.199621,136.898153],"貝田町1":[35.201922,136.899806],"江向町1":[35.206224,136.899599],"稲生町1":[35.208958,136.900132],"又穂町1":[35.205986,136.900337],"香呑町1":[35.20403,136.899864],"田幡町":[35.197968,136.899823],"桝形町1":[35.20914,136.901102],"山田町大字比良":[35.223561,136.905436],"山田町大字大野木":[35.223896,136.903283]}