{"福徳町1":[35.211276,136.896862],"福徳町":[35.211262,136.90185],"福徳町2":[35.210799,136.898556],"福徳町3":[35.211641,136.899508],"福徳町4":[35.211351,136.900769],"名城1":[35.187302,136.904217],"楠町大字喜惣治新田":[35.237906,136.902093],"金城1":[35.19285,136.903719],"金城2":[35.196914,136.902665],"光音寺町":[35.211488,136.910643],"城見通1":[35.197386,136.902672],"駒止町1":[35.19768,136.902665],"西志賀町1":[35.199363,136.901556],"福徳町5":[35.212025,136.902367],"平手町1":[35.203715,136.90227],"中丸町1":[35.205994,136.901427],"野方通1":[35.21031,136.902593],"光音寺町1":[35.206768,136.903995],"光音寺町2":[35.208348,136.904122],"桝形町1":[35.209847,136.901904],"中丸町2":[35.206324,136.903788],"西志賀町2":[35.19939,136.902637],"福徳町6":[35.212584,136.903772],"喜惣治2":[35.235998,136.90661],"福徳町7":[35.213009,136.904829],"平手町2":[35.202379,136.906636],"喜惣治1":[35.233677,136.907343],"西志賀町3":[35.199413,136.903891],"金城3":[35.196916,136.906285],"駒止町2":[35.198407,136.906171],"城見通2":[35.197429,136.9068],"金城4":[35.19328,136.906407],"名城2":[35.190411,136.906355],"光音寺町4":[35.210327,136.904994],"野方通2":[35.211001,136.904709],"名城3":[35.187163,136.906418],"中丸町3":[35.20678,136.905603],"金城町3":[35.203956,136.907263],"会所町":[35.236492,136.909087],"光音寺町3":[35.207857,136.905367],"西志賀町4":[35.19943,136.905068],"中切町":[35.212627,136.909523],"玄馬町":[35.226474,136.9088],"中切町6":[35.216259,136.907182],"金城町4":[35.207799,136.906594],"中切町1":[35.212669,136.906181],"大我麻町":[35.228416,136.909422],"西志賀町5":[35.199956,136.906626],"野方通3":[35.211196,136.907148],"落合町":[35.22523,136.909618],"柳原2":[35.190238,136.908268],"金城町2":[35.202638,136.907166],"柳原1":[35.18885,136.908347],"中切町2":[35.213487,136.90774],"水草町2":[35.20779,136.907811],"田幡1":[35.195204,136.910759],"田幡2":[35.195584,136.911722],"城見通3":[35.197356,136.909641],"元志賀町1":[35.199381,136.908499],"水草町1":[35.206296,136.908658],"敷島町":[35.199022,136.910469],"八代町1":[35.202644,136.908183],"柳原3":[35.189927,136.909979],"中切町5":[35.216523,136.909548],"中切町3":[35.212796,136.908732],"野方通4":[35.21128,136.910009],"浪打町2":[35.207921,136.909177],"柳原4":[35.188229,136.9099],"清水1":[35.186776,136.912868],"浪打町1":[35.205304,136.910378],"中切町4":[35.212875,136.909956],"元志賀町2":[35.201225,136.911326],"八代町2":[35.202276,136.911235],"新沼町":[35.236317,136.912991],"清水4":[35.193405,136.912312],"丸新町":[35.231876,136.913028],"西味鋺1":[35.222045,136.914419],"萩野通2":[35.20819,136.910785],"五反田町":[35.228851,136.916733],"清水3":[35.190753,136.912343],"西味鋺2":[35.223581,136.914674],"黒川本通2":[35.197657,136.912888],"志賀南通1":[35.197373,136.911164],"成願寺1":[35.213741,136.913306],"萩野通1":[35.203916,136.911864],"黒川本通3":[35.199014,136.91298],"川中町":[35.213373,136.91387],"黒川本通4":[35.200136,136.912136],"鳩岡2":[35.209871,136.914377],"黒川本通5":[35.202287,136.911899],"鳩岡町1":[35.204539,136.913724],"志賀町4":[35.203706,136.91497],"志賀南通2":[35.197176,136.915692],"黒川本通1":[35.196713,136.914203],"志賀町2":[35.199761,136.915048],"清水5":[35.196216,136.9155],"楠1":[35.225288,136.919481],"清水2":[35.190045,136.915346],"如来町":[35.235867,136.916037],"志賀町1":[35.199169,136.915909],"苗田町":[35.237344,136.919952],"若鶴町":[35.232055,136.918728],"天道町1":[35.205588,136.914642],"金田町1":[35.207101,136.914425],"大野町1":[35.204065,136.914754],"成願寺2":[35.213657,136.918968],"安井2":[35.212097,136.917948],"大杉1":[35.187564,136.919288],"安井1":[35.211338,136.918123],"大杉2":[35.188436,136.919255],"西味鋺3":[35.223739,136.919515],"金田町2":[35.207203,136.915719],"西味鋺4":[35.220481,136.919744],"大杉3":[35.189143,136.919462],"稚児宮通1":[35.197819,136.91702],"天道町2":[35.205666,136.915874],"西味鋺5":[35.218526,136.919654],"大野町2":[35.204338,136.915887],"長喜町1":[35.202971,136.915902],"城東町1":[35.194969,136.916656],"神明町":[35.195951,136.918536],"水切町1":[35.192944,136.916578],"中杉町1":[35.191685,136.916666],"生駒町1":[35.193465,136.916759],"志賀町5":[35.201769,136.918581],"志賀本通1":[35.196677,136.918585],"大杉町1":[35.190903,136.916508],"志賀町3":[35.200967,136.918564],"如意1":[35.233428,136.921089],"如意2":[35.235078,136.920407],"長喜町2":[35.203838,136.917175],"金田町3":[35.207305,136.916996],"大野町3":[35.205371,136.917123],"天道町3":[35.206171,136.91713],"稚児宮通2":[35.200165,136.918584],"猿投町":[35.197426,136.920622],"中杉町2":[35.192333,136.917646],"大杉町2":[35.190902,136.917263],"水切町2":[35.193038,136.917667],"生駒町2":[35.193892,136.917702],"城東町2":[35.195165,136.917759],"金田町4":[35.207406,136.918254],"天道町4":[35.205865,136.918429],"池花町":[35.230704,136.922217],"大杉町3":[35.190841,136.918235],"中杉町3":[35.192101,136.918548],"大野町4":[35.204355,136.918607],"生駒町3":[35.193855,136.918645],"水切町3":[35.192366,136.918724],"城東町3":[35.194817,136.918688],"長喜町3":[35.202798,136.918781],"辻本通1":[35.201317,136.921562],"安井4":[35.208856,136.921636],"安井3":[35.212396,136.920059],"木津根町":[35.199463,136.920143],"長田町1":[35.191912,136.919593],"大杉町4":[35.190942,136.919526],"金田町5":[35.207507,136.919515],"水切町4":[35.192849,136.919658],"生駒町4":[35.193827,136.919727],"大蔵町":[35.195371,136.921744],"城東町4":[35.194745,136.919791],"天道町5":[35.206464,136.920834],"志賀本通2":[35.195919,136.921836],"成願寺町":[35.21268,136.923982],"大野町5":[35.204908,136.920724],"長喜町4":[35.202997,136.92083],"楠2":[35.224892,136.921911],"芳野2":[35.188113,136.923871],"杉村1":[35.190207,136.924146],"大杉町5":[35.190922,136.920521],"長田町2":[35.19186,136.921029],"中味鋺3":[35.220722,136.923357],"水切町5":[35.192798,136.921076],"生駒町5":[35.193791,136.921122],"中味鋺2":[35.219714,136.924617],"城東町5":[35.194665,136.921166],"金田町6":[35.207604,136.920695],"中味鋺1":[35.216632,136.924833],"如意3":[35.237244,136.926505],"龍ノ口町1":[35.20033,136.92123],"憧旛町1":[35.1981,136.920922],"如意4":[35.236439,136.926531],"辻町1":[35.205661,136.92198],"垣戸町1":[35.197065,136.921229],"北久手町":[35.242551,136.925953],"如意5":[35.236043,136.927137],"辻本通2":[35.202737,136.92347],"若葉通1":[35.195952,136.923269],"大杉町6":[35.190809,136.922352],"長田町3":[35.191288,136.922374],"水切町6":[35.19275,136.92245],"生駒町6":[35.193279,136.922474],"城東町6":[35.194597,136.922325],"垣戸町2":[35.197764,136.922125],"憧旛町2":[35.198792,136.92213],"龍ノ口町2":[35.199823,136.922125],"真畔町":[35.200509,136.923272],"三軒町":[35.232137,136.926192],"紅雲町":[35.194715,136.924646],"辻町9":[35.208962,136.923993],"楠3":[35.225431,136.924528],"辻町2":[35.205853,136.923173],"大杉町7":[35.190794,136.923701],"長田町4":[35.191794,136.923727],"水切町7":[35.19274,136.923775],"生駒町7":[35.193702,136.92381],"城東町7":[35.194326,136.923849],"憧旛町3":[35.198793,136.923273],"垣戸町3":[35.197407,136.923271],"龍ノ口町3":[35.199134,136.923273],"楠4":[35.229045,136.929297],"辻本通3":[35.203808,136.924939],"辻町":[35.20722,136.930791],"辻町3":[35.206093,136.924494],"杉栄町5":[35.193734,136.925006],"瑠璃光町2":[35.198084,136.924635],"瑠璃光町3":[35.19909,136.924593],"瑠璃光町4":[35.200179,136.924591],"瑠璃光町5":[35.201486,136.924587],"瑠璃光町1":[35.197119,136.924642],"若葉通2":[35.1959,136.924665],"杉栄町2":[35.190877,136.924963],"杉栄町3":[35.191967,136.924971],"杉栄町4":[35.192972,136.924991],"芳野3":[35.187971,136.926791],"楠味鋺3":[35.225012,136.930158],"大曽根1":[35.191785,136.929949],"楠5":[35.226204,136.927379],"辻町4":[35.207978,136.925501],"米が瀬町":[35.212994,136.928658],"辻町8":[35.209691,136.925815],"芦辺町1":[35.194351,136.925574],"尾上町":[35.20085,136.926083],"下飯田町1":[35.198252,136.926105],"楠味鋺2":[35.218177,136.928761],"辻本通4":[35.204873,136.926384],"石園町1":[35.195407,136.925632],"若葉通3":[35.196398,136.925822],"楠味鋺1":[35.217262,136.930586],"東大杉町1":[35.190855,136.925155],"東長田町1":[35.191703,136.92553],"東水切町1":[35.192937,136.92559],"桐畑町":[35.235509,136.928987],"東大杉町2":[35.190929,136.926505],"東長田町2":[35.191674,136.926535],"東水切町2":[35.192871,136.926598],"六が池町":[35.240513,136.929523],"辻町5":[35.20734,136.927397],"下飯田町2":[35.197878,136.927186],"辻町7":[35.208551,136.927751],"上飯田西町2":[35.203827,136.928974],"上飯田西町3":[35.204921,136.928996],"芦辺町2":[35.19388,136.927411],"石園町2":[35.195358,136.927129],"若葉通4":[35.196347,136.927186],"新堀町":[35.207104,136.929024],"上飯田西町1":[35.202827,136.928978],"東大杉町3":[35.190656,136.927231],"東長田町3":[35.191148,136.927552],"東水切町3":[35.192947,136.927132],"下飯田町3":[35.199203,136.928383],"織部町":[35.200846,136.928358],"東大杉町4":[35.190611,136.928427],"東長田町4":[35.191643,136.928817],"東水切町4":[35.19261,136.928986],"辻町6":[35.208127,136.930096],"芦辺町3":[35.193232,136.928694],"下飯田町4":[35.198837,136.929029],