{"花田町1":[35.159203,136.922164],"吹上1":[35.159553,136.926105],"千種2":[35.161783,136.929592],"千種1":[35.164425,136.931356],"花田町3":[35.158653,136.926265],"吹上2":[35.158544,136.931428],"今池2":[35.16749,136.932142],"新栄3":[35.168157,136.92813],"千種3":[35.162088,136.935475],"内山3":[35.171193,136.93684],"今池1":[35.168155,136.936535],"今池3":[35.16693,136.935967],"内山1":[35.172616,136.937652],"千種通7":[35.159384,136.935582],"大久手町7":[35.159124,136.936487],"千種通6":[35.160855,136.935862],"豊年町":[35.17744,136.939291],"千種通5":[35.162453,136.936308],"大久手町6":[35.160717,136.93686],"今池南":[35.164655,136.940582],"小松町7":[35.158537,136.937462],"大久手町5":[35.1623,136.937244],"今池5":[35.165994,136.940953],"小松町6":[35.160712,136.938045],"青柳町7":[35.158173,136.938493],"今池4":[35.170379,136.940616],"松軒1":[35.178208,136.939328],"小松町5":[35.16214,136.938306],"内山2":[35.173249,136.940954],"青柳町6":[35.158506,136.938969],"春岡通7":[35.154851,136.939555],"青柳町5":[35.16199,136.939386],"神田町":[35.177434,136.941801],"春岡通6":[35.15881,136.940234],"春岡通5":[35.160914,136.940751],"松軒2":[35.17804,136.941786],"春岡2":[35.164198,136.945107],"城木町3":[35.158625,136.942221],"城木町2":[35.159964,136.942596],"仲田2":[35.171229,136.943028],"古出来3":[35.181249,136.941769],"城木町1":[35.16107,136.943344],"春岡1":[35.166849,136.945743],"仲田1":[35.173171,136.942629],"日進通1":[35.161506,136.94342],"萱場1":[35.182097,136.944318],"北千種1":[35.181602,136.945389],"若水1":[35.176083,136.944278],"南明町3":[35.158732,136.944499],"池下1":[35.168866,136.945138],"高見1":[35.172589,136.948822],"高見2":[35.17068,136.946459],"南明町2":[35.159345,136.945855],"南明町1":[35.160662,136.946919],"日進通2":[35.161487,136.94528],"丸山町3":[35.161182,136.948833],"北千種3":[35.178727,136.949248],"萱場2":[35.182471,136.947782],"若水2":[35.174256,136.94636],"丸山町2":[35.162525,136.948584],"丸山町1":[35.163016,136.948544],"覚王山通7":[35.167783,136.94599],"北千種2":[35.18174,136.94971],"日進通3":[35.160958,136.947758],"桐林町2":[35.164322,136.948114],"池下2":[35.168756,136.946001],"向陽1":[35.171937,136.948815],"覚王山通8":[35.166689,136.948437],"桐林町1":[35.165998,136.947365],"日岡町2":[35.159559,136.949325],"池下町2":[35.168283,136.949311],"日岡町3":[35.158773,136.949122],"若水3":[35.177152,136.949399],"向陽町3":[35.169533,136.94897],"日岡町1":[35.160519,136.95028],"日進通4":[35.161201,136.949693],"菊坂町1":[35.165931,136.949175],"堀割町1":[35.16701,136.950367],"御棚町1":[35.16347,136.950785],"清明山1":[35.1841,136.949979],"菊坂町2":[35.165794,136.950131],"振甫町4":[35.173097,136.951953],"御棚町3":[35.161671,136.949937],"御棚町2":[35.162779,136.95079],"振甫町3":[35.175513,136.954043],"覚王山通9":[35.166627,136.951642],"西山元町3":[35.168637,136.950849],"田代町":[35.167923,136.986772],"向陽町2":[35.170703,136.950772],"振甫町2":[35.175183,136.951979],"上野3":[35.178572,136.952459],"振甫町1":[35.175519,136.953788],"堀割町2":[35.16757,136.951507],"大島町3":[35.158046,136.952331],"菊坂町3":[35.164111,136.951321],"大島町4":[35.157453,136.951964],"上野2":[35.179577,136.9529],"大島町2":[35.158923,136.952818],"大島町1":[35.160382,136.953663],"清明山2":[35.1832,136.952157],"西山元町2":[35.16935,136.953153],"日進通5":[35.161343,136.951186],"上野1":[35.181062,136.953005],"丘上町1":[35.165203,136.952958],"山添町2":[35.161872,136.954502],"向陽町1":[35.171273,136.952355],"丘上町2":[35.164401,136.953502],"山門町2":[35.167064,136.954016],"谷口町":[35.18333,136.95413],"末盛通1":[35.166504,136.954383],"日進通6":[35.160676,136.953901],"西山元町1":[35.170022,136.953653],"観月町1":[35.166178,136.955302],"山門町1":[35.168434,136.954639],"田代本通5":[35.158812,136.953541],"山添町1":[35.162672,136.954938],"下方町6":[35.17715,136.95558],"下方町5":[35.177403,136.955557],"下方町4":[35.178208,136.955521],"下方町3":[35.179198,136.955459],"鍋屋上野町":[35.181139,136.966645],"田代本通4":[35.16027,136.954362],"下方町1":[35.181349,136.954992],"茶屋坂通1":[35.182734,136.954545],"法王町1":[35.171091,136.956594],"田代本通3":[35.1617,136.955225],"月見坂町2":[35.166782,136.956885],"観月町2":[35.165397,136.956504],"月見坂町1":[35.167928,136.956869],"川崎町1":[35.1598,136.956586],"宮の腰町":[35.185331,136.959677],"下方町7":[35.175203,136.956144],"法王町2":[35.169562,136.956252],"天満通1":[35.181722,136.956074],"鏡池通1":[35.160232,136.956852],"田代本通2":[35.163072,136.956015],"末盛通2":[35.166405,136.956973],"茶屋坂通2":[35.183366,136.96248],"西崎町3":[35.160317,136.958613],"西崎町2":[35.16068,136.958785],"天満通2":[35.176678,136.956358],"西崎町1":[35.161845,136.959041],"田代本通1":[35.165104,136.957256],"赤坂町1":[35.182882,136.962762],"茶屋が坂1":[35.185602,136.962085],"赤坂町2":[35.181395,136.961853],"赤坂町3":[35.180921,136.961808],"月ケ丘1":[35.174617,136.959317],"赤坂町4":[35.180574,136.961662],"城山新町1":[35.172268,136.958902],"赤坂町5":[35.179984,136.959604],"穂波町3":[35.162719,136.959158],"赤坂町6":[35.179201,136.958446],"月ケ丘2":[35.175531,136.959002],"赤坂町7":[35.177569,136.956881],"月ケ丘3":[35.175677,136.961829],"穂波町2":[35.163631,136.959299],"姫池通1":[35.172091,136.958851],"川崎町2":[35.159388,136.958882],"姫池通2":[35.169571,136.957561],"南ケ丘1":[35.178687,136.960843],"姫池通3":[35.16659,136.957611],"穂波町1":[35.164838,136.959322],"末盛通3":[35.165393,136.959557],"鏡池通2":[35.159946,136.95857],"城山町1":[35.169965,136.960537],"城山町2":[35.169364,136.960498],"城山町3":[35.166925,136.960526],"稲舟通2":[35.161683,136.960213],"鏡池通3":[35.158931,136.961181],"幸川町1":[35.159104,136.959842],"城山新町2":[35.173168,136.960736],"見附町3":[35.160115,136.960726],"松竹町2":[35.163715,136.962468],"松竹町1":[35.164446,136.960464],"末盛通4":[35.164832,136.961299],"楠元町2":[35.166431,136.962135],"見附町2":[35.160882,136.962295],"稲舟通1":[35.163277,136.96296],"霞ケ丘1":[35.179375,136.963427],"幸川町2":[35.158462,136.962011],"自由ケ丘1":[35.173608,136.963481],"楠元町1":[35.167456,136.963077],"春里町1":[35.172217,136.961479],"宮東町":[35.153635,136.96463],"南ケ丘2":[35.177238,136.963891],"末盛通5":[35.164216,136.963163],"見附町1":[35.161363,136.963599],"春里町2":[35.171493,136.964428],"池園町1":[35.160651,136.963902],"鏡池通4":[35.158217,136.964984],"本山町4":[35.165466,136.963413],"池園町2":[35.159386,136.96451],"茶屋が坂2":[35.185367,136.9645],"本山町3":[35.165894,136.963302],"幸川町3":[35.157226,136.964304],"揚羽町1":[35.183365,136.965288],"春里町3":[35.170747,136.963935],"不老町":[35.154378,136.965458],"春里町4":[35.17059,136.964481],"日和町3":[35.167728,136.964802],"自由ケ丘2":[35.173907,136.966858],"東山通1":[35.162949,136.965711],"四谷通1":[35.162179,136.964161],"霞ケ丘2":[35.177699,136.9664],"本山町2":[35.165481,136.965027],"猫洞通5":[35.165125,136.965449],"四谷通2":[35.160453,136.964803],"日和町2":[35.168745,136.964714],"日和町1":[35.169709,136.965701],"朝岡町1":[35.162719,136.965688],"橋本町1":[35.165924,136.967651],"御影町1":[35.183599,136.966434],"八雲町":[35.153088,136.964918],"本山町1":[35.166757,136.96671],"四谷通3":[35.15838,136.965936],"徳川山町2":[35.170996,136.966559],"揚羽町2":[35.181499,136.96638],"朝岡町2":[35.162388,136.966414],"千代田橋1":[35.188907,136.96824],"山手通1":[35.153317,136.966205],"橋本町3":[35.164055,136.967969],"朝岡町3":[35.161432,136.967863],"徳川山町1":[35.171376,136.96772],"汁谷町":[35.184892,136.972833],"橋本町2":[35.164534,136.967895],"日和町4":[35.168632,136.967677],"猫洞通4":[35.166703,136.96756],"園山町3":[35.155808,136.97051],"東山通2":[35.162546,136.967698],"園山町1":[35.156999,136.968679],"仁座町":[35.153947,136.970529],"猪高町大字猪子石":[35.185614,136.969373],"希望ケ丘2":[35.178163,136.969609],"日和町5":[35.16788,136.968193],"高峯町":[35.152764,136.967414],"自由ケ丘3":[35.177028,136.970869],"富士見台1":[35.181535,136.968893],"徳川山町5":[35.174284,136.969799],"希望ケ丘1":[35.180157,136.97023],"徳川山町3":[35.171099,136.969448],"唐山町1":[35.16106,136.969676],"鹿子町4":[35.166474,136.971538],"清住町1":[35.16407,136.969534],"猫洞通3":[35.168968,136.970249],"徳川山町4":[35.172563,136.969234],"鹿子町5":[35.165971,136.971754],"鹿子町6":[35.165122,136.971492],"東山通3":[35.161355,136.969823],"鹿子町7":[35.164333,136.971379],"鹿子町3":[35.166797,136.971548],"御影町2":[35.184262,136.973128],"池上町1":[35.170573,136.97098],"千代田橋2":[35.187616,136.972272],"園山町2":[35.157044,136.97081],"富士見台2":[35.181635,136.970929],"唐山町2":[35.157621,136.97087],"萩岡町":[35.150942,136.973255],"清住町3":[35.16189,136.972232],"富士見台3":[35.183131,136.973037],"鹿子町2":[35.167038,136.971954],"清住町2":[35.164145,136.972987],"徳川山町6":[35.17312,136.970902],"東山通4":[35.160987,136.971941],"東山元町6":[35.149425,136.973468],"希望ケ丘4":[35.179102,136.973545],"希望ケ丘3":[35.179304,136.972341],"鹿子殿":[35.176614,136.975987],"池上町2":[35.16932,136.973423],