{"六軒家":[35.116333,136.799034],"畑中2":[35.117193,136.79494],"福前1":[35.111769,136.798837],"福前2":[35.107714,136.797459],"南陽町大字福田前新田":[35.106212,136.797401],"畑中1":[35.118211,136.795188],"協和1":[35.121396,136.798184],"協和2":[35.117135,136.798161],"新茶屋4":[35.099776,136.806339],"新茶屋5":[35.109467,136.805341],"福屋1":[35.118456,136.801854],"福屋2":[35.116912,136.802838],"天目町":[35.098724,136.803551],"寺前町":[35.113861,136.801286],"西福田4":[35.113445,136.804932],"西福田5":[35.120418,136.805518],"小川4":[35.097982,136.808275],"新茶屋2":[35.10275,136.814547],"新茶屋1":[35.107088,136.811285],"西福田3":[35.113062,136.809172],"西福田2":[35.116816,136.808958],"西福田1":[35.124012,136.816374],"新茶屋3":[35.099464,136.816994],"小川3":[35.099524,136.815446],"春田野1":[35.118766,136.817401],"春田野2":[35.115174,136.816964],"大西2":[35.1088,136.813678],"春田野3":[35.110964,136.815647],"大西3":[35.105635,136.815774],"西蟹田":[35.124259,136.818514],"小川2":[35.095802,136.81853],"大西1":[35.1098,136.816167],"小川1":[35.097424,136.818065],"南陽町大字福田":[35.126356,136.816644],"南陽町大字茶屋新田":[35.10933,136.817034],"川園2":[35.101424,136.82134],"川園1":[35.103234,136.8217],"川園3":[35.098261,136.821968],"秋葉3":[35.105069,136.82206],"秋葉1":[35.109472,136.823684],"秋葉2":[35.107052,136.822473],"七反野2":[35.111177,136.821783],"七反野1":[35.115072,136.822541],"八百島2":[35.118897,136.821338],"藤前5":[35.089514,136.821442],"東蟹田":[35.12122,136.821865],"藤高5":[35.097033,136.822454],"八百島1":[35.117221,136.822741],"知多2":[35.110763,136.825969],"西茶屋4":[35.099021,136.826955],"西茶屋3":[35.101008,136.827054],"西茶屋2":[35.102372,136.827115],"知多1":[35.114437,136.825538],"藤高4":[35.096529,136.826629],"福田2":[35.115749,136.825608],"福田1":[35.11677,136.825183],"西茶屋1":[35.106469,136.826031],"小賀須4":[35.114448,136.82904],"小賀須3":[35.113103,136.830613],"船頭場5":[35.116299,136.82896],"船頭場1":[35.119194,136.830119],"知多3":[35.111769,136.827312],"東茶屋1":[35.108299,136.834197],"東茶屋2":[35.105598,136.833361],"東茶屋3":[35.103919,136.832165],"東茶屋4":[35.100943,136.831182],"藤高3":[35.097403,136.831825],"藤前3":[35.086192,136.832045],"藤前4":[35.088001,136.831252],"藤前2":[35.083828,136.834413],"船頭場2":[35.117731,136.832509],"小賀須1":[35.114971,136.832926],"船頭場4":[35.115097,136.831559],"七島2":[35.099715,136.835263],"小賀須2":[35.11262,136.83354],"船頭場3":[35.117174,136.83271],"藤高1":[35.096139,136.836344],"七島1":[35.102022,136.835044],"藤前1":[35.087889,136.837644],"藤高2":[35.092947,136.836908],"南陽町大字七島新田":[35.088785,136.840204],"当知町":[35.106471,136.852012],"当知町7":[35.111286,136.8391],"当知町6":[35.113881,136.838759],"明正2":[35.116448,136.841878],"小碓町":[35.115909,136.838171],"当知町8":[35.109911,136.839869],"当知4":[35.111577,136.841917],"多加良浦町1":[35.107809,136.84028],"多加良浦町3":[35.102329,136.841508],"多加良浦町2":[35.104806,136.840805],"西川町1":[35.107853,136.842017],"多加良浦町4":[35.100875,136.842793],"西川町2":[35.107076,136.842191],"宝神町":[35.09723,136.848945],"西川町3":[35.104347,136.842251],"金城ふ頭2":[35.050579,136.849383],"惟信町2":[35.106531,136.845604],"西川町4":[35.102516,136.842416],"当知3":[35.107414,136.846339],"明正1":[35.114498,136.845973],"惟信町5":[35.101168,136.844484],"多加良浦町5":[35.098785,136.844292],"惟信町1":[35.106854,136.845646],"空見町":[35.068018,136.858904],"惟信町3":[35.10524,136.845393],"惟信町4":[35.103882,136.844671],"惟信町6":[35.099857,136.844594],"宝神5":[35.089071,136.850571],"神宮寺2":[35.094255,136.846455],"金城ふ頭1":[35.054616,136.852695],"甚兵衛通5":[35.098902,136.84671],"甚兵衛通4":[35.100447,136.84674],"甚兵衛通3":[35.10202,136.846771],"稲永5":[35.088158,136.857295],"甚兵衛通2":[35.104377,136.84682],"宝神4":[35.086244,136.852931],"甚兵衛通1":[35.106623,136.846921],"小碓4":[35.116975,136.851374],"金城ふ頭3":[35.051914,136.852761],"小碓3":[35.114893,136.8516],"神宮寺1":[35.096168,136.851491],"当知1":[35.11317,136.851427],"当知2":[35.107931,136.850934],"野跡5":[35.08173,136.854289],"高木町5":[35.098999,136.848619],"高木町4":[35.100543,136.84875],"宝神1":[35.09303,136.85463],"高木町3":[35.102497,136.848906],"高木町2":[35.104481,136.849084],"高木町1":[35.10614,136.849214],"野跡4":[35.076536,136.853592],"汐止町":[35.071611,136.854381],"宝神2":[35.090319,136.855229],"善進町8":[35.097961,136.849897],"油屋町4":[35.100426,136.851],"油屋町3":[35.102414,136.851347],"油屋町2":[35.104358,136.851652],"油屋町1":[35.106024,136.851904],"宝神3":[35.089657,136.856486],"小碓1":[35.11809,136.855847],"善南町":[35.097917,136.853],"善進町6":[35.100829,136.851413],"入場2":[35.109142,136.855765],"善進本町":[35.101203,136.859963],"善進町5":[35.103523,136.853134],"野跡3":[35.074604,136.85338],"入場1":[35.112945,136.85694],"小碓2":[35.11675,136.85581],"善北町":[35.105016,136.856382],"善進町4":[35.104011,136.854815],"善進町3":[35.105692,136.85331],"善進町2":[35.106212,136.855027],"十一屋3":[35.089596,136.857529],"野跡2":[35.075543,136.855019],"野跡1":[35.080234,136.855305],"善進町1":[35.104769,136.854716],"十一屋2":[35.091476,136.861389],"稲永4":[35.086087,136.859343],"正徳町6":[35.119496,136.857858],"寛政町9":[35.105456,136.856656],"港北町4":[35.106972,136.857817],"港北町3":[35.109633,136.85745],"稲永3":[35.083918,136.860202],"潮凪町":[35.082717,136.866842],"正保町8":[35.116069,136.859238],"土古町4":[35.111967,136.859064],"寛政町8":[35.105721,136.857238],"寛政町7":[35.104577,136.858313],"入場町1":[35.113209,136.857569],"正徳町5":[35.119539,136.858289],"土古町3":[35.113378,136.859276],"稲永1":[35.090042,136.863699],"川西通6":[35.11362,136.859272],"港北町2":[35.107407,136.86079],"正保町4":[35.117229,136.859251],"寛政町6":[35.104704,136.860048],"正徳町4":[35.120006,136.859076],"錦町":[35.084898,136.862596],"十一屋1":[35.09458,136.86524],"品川町2":[35.101451,136.864631],"寛政町5":[35.104789,136.861011],"正徳町3":[35.119554,136.860141],"土古町2":[35.111696,136.861767],"正保町3":[35.116672,136.860668],"正保町7":[35.114131,136.860687],"川西通5":[35.113544,136.863687],"土古町1":[35.113122,136.861923],"港北町1":[35.108834,136.861792],"正徳町2":[35.12064,136.861648],"寛政町4":[35.107082,136.861775],"稲永2":[35.084814,136.865163],"泰明町3":[35.10951,136.863791],"正徳町1":[35.122269,136.86331],"正保町1":[35.117929,136.863116],"正保町2":[35.116948,136.861965],"寛政町3":[35.105406,136.863206],"正保町6":[35.115209,136.862109],"泰明町2":[35.1133,136.863723],"遠若町2":[35.097777,136.864918],"寛政町2":[35.10565,136.864076],"正保町5":[35.115241,136.863367],"品川町1":[35.101477,136.865835],"寛政町1":[35.105896,136.864928],"川間町3":[35.114461,136.864993],"川西通4":[35.113807,136.867962],"泰明町1":[35.109492,136.867297],"一州町":[35.087033,136.867493],"大手町6":[35.09405,136.868829],"本宮町6":[35.108719,136.86641],"稲永新田":[35.085288,136.866551],"本宮町7":[35.109443,136.869603],"遠若町1":[35.0984,136.866802],"本宮新町":[35.108697,136.869541],"遠若町3":[35.097454,136.868038],"潮見町":[35.062696,136.878251],"砂美町":[35.102145,136.870114],"川間町2":[35.114929,136.867011],"名四町":[35.09909,136.870505],"本宮町5":[35.109207,136.868565],"川間町1":[35.114917,136.868491],"大手町3":[35.096861,136.870511],"大手町2":[35.097315,136.870422],"大手町4":[35.09618,136.870552],"大手町5":[35.095509,136.870822],"築三町3":[35.094664,136.870162],"大手町1":[35.098131,136.87038],"小割通1":[35.117112,136.869023],"小割通2":[35.11593,136.869781],"川西通3":[35.113456,136.870747],"小割通3":[35.114306,136.869816],"本宮町4":[35.109837,136.870141],"丸池町1":[35.117201,136.872135],"東土古町1":[35.112858,136.873595],"築地町":[35.091691,136.8753],"東土古町2":[35.111885,136.873004],"本宮町8":[35.109589,136.871535],"築盛町":[35.101451,136.871831],"丸池町2":[35.115548,136.871027],"丸池町3":[35.114272,136.871073],"本宮町3":[35.10983,136.871985],"中之島通1":[35.098681,136.871059],"中之島通2":[35.097933,136.871119],"中之島通3":[35.096951,136.871201],"中之島通4":[35.096155,136.871286],"いろは町5":[35.099884,136.872546],"幸町2":[35.098882,136.874437],"幸町3":[35.098548,136.874439],"佐野町1":[35.098218,136.874461],"佐野町2":[35.097893,136.874466],"佐野町3":[35.097545,136.874447],"佐野町4":[35.097228,136.874469],"魁町1":[35.096904,136.874434],"魁町2":[35.096754,136.874508],"魁町3":[35.096162,136.873141],"魁町4":[35.096085,136.873415],"本宮町2":[35.110299,136.874393],"築三町2":[35.09455,136.873934],"いろは町1":[35.105966,136.872848],"須成町2":[35.116091,136.874808],"須成町3":[35.114864,136.87466],"川西通2":[35.113395,136.873905],"いろは町2":[35.104459,136.874499],"いろは町3":[35.101914,136.875013],"いろは町4":[35.100183,136.874433],"幸町1":[35.099219,136.874428],"須成町1":[35.117644,136.874947],"本宮町1":[35.113286,136.874742],"川西通1":[35.113821,136.874912],"築三町1":[35.095154,136.875406],