{"大高町":[35.072268,136.935101],"定納山1":[35.053766,136.937296],"定納山2":[35.050222,136.932189],"大高台1":[35.059574,136.93545],"大高台2":[35.055379,136.937493],"鳴海町":[35.089434,136.960718],"森の里2":[35.062111,136.939216],"森の里1":[35.059865,136.943354],"茨谷山":[35.051213,136.941713],"浦里5":[35.080435,136.941788],"浦里4":[35.089177,136.943719],"別所山":[35.045425,136.952455],"浦里1":[35.097377,136.948137],"南大高1":[35.05786,136.946506],"高根山1":[35.044632,136.947964],"南大高3":[35.053124,136.945464],"浦里3":[35.083951,136.94901],"青山1":[35.070264,136.94705],"浦里2":[35.090063,136.949547],"倉坂":[35.064716,136.948062],"青山2":[35.068786,136.949401],"忠治山":[35.049033,136.950114],"青山4":[35.067884,136.950695],"青山3":[35.068661,136.950351],"松が根台":[35.093987,136.954896],"清水山2":[35.045715,136.952761],"漆山":[35.071026,136.956185],"古鳴海1":[35.098871,136.956262],"六田1":[35.07825,136.955113],"大根山1":[35.052381,136.957239],"曽根1":[35.077257,136.955983],"古鳴海2":[35.098299,136.956384],"曽根2":[35.07629,136.959521],"桶狭間切戸":[35.044372,136.964075],"作の山町":[35.085829,136.957364],"桶狭間清水山":[35.048113,136.962708],"文久山":[35.053186,136.959123],"清水山1":[35.052979,136.95771],"左京山":[35.066589,136.960967],"鹿山1":[35.091127,136.962837],"潮見が丘1":[35.083357,136.959099],"平子が丘":[35.071617,136.967249],"緑花台":[35.060225,136.963053],"野末町":[35.043268,136.960213],"六田2":[35.079915,136.961821],"長根町":[35.09519,136.963622],"四本木":[35.06984,136.965842],"潮見が丘2":[35.08573,136.963061],"曽根3":[35.072139,136.965352],"鳴子町1":[35.095114,136.965345],"桶狭間神明":[35.051443,136.969372],"池上台1":[35.0922,136.96159],"鳴子町2":[35.100992,136.965266],"若田1":[35.077271,136.963564],"有松南":[35.062129,136.962867],"鹿山3":[35.089391,136.968731],"桶狭間森前":[35.049915,136.9668],"鹿山2":[35.090894,136.963045],"有松愛宕":[35.059428,136.963945],"旭出1":[35.084955,136.96607],"潮見が丘3":[35.08251,136.966199],"池上台2":[35.09191,136.9636],"有松三丁山":[35.066452,136.967568],"相原郷1":[35.081963,136.967867],"相原郷2":[35.080395,136.966113],"池上台3":[35.089515,136.968311],"有松":[35.068412,136.965936],"若田2":[35.078505,136.970902],"若田3":[35.076813,136.970406],"桶狭間南":[35.043137,136.966177],"旭出2":[35.08774,136.969291],"鳴子町3":[35.100905,136.965782],"有松町大字桶狭間":[35.061548,136.966498],"大形山":[35.084862,136.968765],"南陵":[35.050179,136.968821],"相川1":[35.101572,136.969562],"桶狭間上の山":[35.048748,136.969359],"鳴子町4":[35.096236,136.971486],"万場山1":[35.092818,136.97217],"桶狭間":[35.052271,136.969977],"武路町":[35.060494,136.969742],"旭出3":[35.089556,136.969393],"万場山2":[35.09223,136.971565],"滝ノ水4":[35.081347,136.974864],"桶狭間北2":[35.055617,136.970097],"滝ノ水5":[35.087733,136.970936],"鳥澄3":[35.07538,136.969418],"相川2":[35.101593,136.970215],"桶狭間北3":[35.055362,136.969968],"鳥澄2":[35.078885,136.975388],"鳴子町5":[35.098712,136.974499],"上旭2":[35.091088,136.974141],"高根台":[35.094422,136.973026],"上旭1":[35.092638,136.972378],"相川3":[35.102296,136.977881],"鳥澄1":[35.0792,136.973337],"篠の風1":[35.094491,136.973856],"小坂2":[35.08483,136.979193],"滝ノ水3":[35.086904,136.974157],"太子1":[35.067269,136.97791],"滝ノ水1":[35.090967,136.974855],"篠の風2":[35.097617,136.976874],"太子3":[35.062686,136.978813],"尾崎山1":[35.078032,136.975802],"篠の風3":[35.09183,136.97768],"尾崎山2":[35.075245,136.978336],"ほら貝1":[35.102102,136.977723],"境松1":[35.061586,136.979771],"鴻仏目1":[35.080142,136.978192],"砂田1":[35.080058,136.979812],"太子2":[35.065769,136.978087],"滝ノ水2":[35.091154,136.985316],"大将ケ根2":[35.063154,136.979254],"姥子山3":[35.070822,136.979557],"姥子山1":[35.072501,136.979393],"ほら貝3":[35.098925,136.97985],"姥子山2":[35.071671,136.980024],"大将ケ根1":[35.063374,136.983951],"姥子山4":[35.067336,136.984217],"鎌倉台1":[35.075255,136.982503],"小坂1":[35.084556,136.98216],"ほら貝2":[35.102512,136.984638],"八つ松1":[35.078047,136.982646],"神沢3":[35.094875,136.982013],"久方3":[35.103125,136.982928],"篭山1":[35.084018,136.982283],"鳴丘3":[35.089635,136.984101],"篭山2":[35.082155,136.982933],"砂田2":[35.081274,136.986153],"神沢2":[35.096173,136.989876],"八つ松2":[35.075432,136.985809],"鎌倉台2":[35.072405,136.987518],"姥子山5":[35.068946,136.986127],"細口1":[35.086356,136.987894],"境松2":[35.062265,136.984097],"篭山3":[35.081585,136.983126],"桃山4":[35.103094,136.985716],"神沢1":[35.100204,136.987159],"桃山1":[35.105969,136.989116],"平手北1":[35.084125,136.989568],"大清水4":[35.074761,136.988223],"大清水1":[35.081153,136.988995],"鳴丘2":[35.092215,136.986601],"平手南1":[35.083738,136.989754],"大清水西":[35.078838,136.987026],"細口2":[35.088154,136.989851],"鳴丘1":[35.09106,136.992382],"桃山3":[35.098831,136.99097],"細口3":[35.089349,136.991143],"梅里1":[35.106361,136.989445],"桃山2":[35.10333,136.993102],"大清水3":[35.076218,136.994343],"大清水5":[35.074993,136.989728],"平手北2":[35.086893,136.993526],"大清水2":[35.08078,136.992601],"梅里2":[35.106045,136.989869],"乗鞍1":[35.09469,136.991026],"黒沢台4":[35.098764,136.994323],"水広1":[35.082869,136.991401],"横吹町":[35.086696,136.997202],"大清水東":[35.074801,136.994814],"黒沢台3":[35.102266,136.99342],"乗鞍3":[35.089743,136.993239],"水広3":[35.077725,136.997081],"徳重5":[35.088989,136.997162],"平手南2":[35.086691,136.993861],"黒沢台1":[35.104852,136.994473],"乗鞍2":[35.092428,136.997664],"黒沢台5":[35.097741,136.997329],"水広2":[35.079467,136.997593],"黒沢台2":[35.100081,136.998577],"徳重1":[35.089354,136.998764],"徳重4":[35.086567,136.998466],"徳重2":[35.089055,136.998561],"諸の木3":[35.078486,137.000057],"鶴が沢1":[35.093856,137.003279],"諸の木1":[35.079965,137.001654],"徳重3":[35.088804,137.005026],"西神の倉1":[35.100189,137.005326],"亀が洞1":[35.096853,137.006022],"西神の倉2":[35.101734,137.006499],"鶴が沢2":[35.092258,137.006482],"亀が洞2":[35.09226,137.00669],"神の倉1":[35.105225,137.010731],"神の倉4":[35.098826,137.010975],"兵庫1":[35.098699,137.011013],"鶴が沢3":[35.091114,137.009712],"亀が洞3":[35.095865,137.011018],"鏡田":[35.09422,137.015745],"東神の倉1":[35.105926,137.011658],"神の倉2":[35.105098,137.012162],"兵庫2":[35.095297,137.015264],"東神の倉2":[35.106803,137.016923],"藤塚1":[35.098749,137.013493],"神の倉3":[35.101545,137.012754],"赤松":[35.100799,137.017101],"藤塚2":[35.099214,137.014776],"藤塚3":[35.094814,137.017483],"東神の倉3":[35.106656,137.021699],"白土":[35.102913,137.022905],"大高台3":[35.061841,136.936734],"鴻仏目2":[35.080449,136.980064],"南大高2":[35.052808,136.94742],"高根山2":[35.045228,136.952523],"有松町大字有松":[35.062735,136.966905],"大根山2":[35.051004,136.953444],"久方2":[35.104127,136.984157],"南大高4":[35.056981,136.941072],"桶狭間西":[35.056111,136.967645],"桶狭間巻山":[35.055101,136.967677],"有松幕山":[35.059304,136.968472],"有松町大字桶狭間牛毛廻間":[35.056337,136.967264],"有松町大字桶狭間幕山":[35.059693,136.96799],"有松町大字桶狭間巻山":[35.055048,136.967607]}