{"平和が丘1":[35.177215,136.984412],"平和が丘2":[35.173231,136.985972],"平和が丘3":[35.169828,136.989279],"八前2":[35.180165,136.990273],"八前3":[35.176804,136.986553],"平和が丘5":[35.174178,136.988861],"八前1":[35.182187,136.988634],"藤巻町1":[35.148601,136.987073],"植園町3":[35.154585,136.991576],"天神下":[35.196122,136.992176],"猪子石原2":[35.195361,136.994894],"猪子石原1":[35.192137,136.991856],"よもぎ台1":[35.178994,136.991189],"藤巻町2":[35.150097,136.989254],"平和が丘4":[35.170372,136.992269],"香坂":[35.189536,136.991831],"山の手1":[35.183513,136.99002],"香流1":[35.188118,136.991765],"よもぎ台2":[35.177865,136.992494],"藤巻町3":[35.150166,136.991394],"植園町1":[35.157039,136.989483],"にじが丘1":[35.159949,136.988725],"つつじが丘":[35.180801,136.99359],"名東本町":[35.163756,136.991049],"にじが丘2":[35.160273,136.990467],"桜が丘":[35.169227,136.989895],"よもぎ台3":[35.175391,136.994728],"名東本通2":[35.160571,136.990685],"にじが丘3":[35.158782,136.991688],"植園町2":[35.155721,136.990333],"山の手2":[35.184627,136.992472],"高針荒田":[35.150335,136.993504],"高社1":[35.16837,136.994992],"社台1":[35.173459,136.995686],"神月町":[35.190333,136.995034],"若葉台":[35.180837,136.996669],"猪子石原3":[35.192343,136.995623],"西山本通1":[35.157946,136.992891],"亀の井1":[35.161887,136.995573],"名東本通3":[35.160811,136.995386],"扇町2":[35.153677,136.992395],"山香町":[35.152505,136.991464],"一社1":[35.166773,136.995505],"扇町1":[35.155363,136.99409],"代万町1":[35.15796,136.993533],"山の手3":[35.18444,136.996036],"香流2":[35.187168,136.995857],"高針原1":[35.148784,136.996815],"西山本通2":[35.155602,136.994821],"赤松台":[35.181737,136.996326],"高間町":[35.161088,137.005629],"上菅1":[35.17786,136.997562],"高針原2":[35.146737,136.99926],"扇町3":[35.152771,136.995817],"代万町2":[35.159013,136.995407],"西山本通3":[35.152978,136.997025],"高社2":[35.169218,136.999328],"西里町1":[35.156843,136.996278],"社台2":[35.172305,136.999785],"引山1":[35.189613,136.998877],"代万町3":[35.159712,136.996751],"牧の原3":[35.150404,136.998529],"引山4":[35.192996,136.996812],"西里町2":[35.154516,136.997348],"上菅2":[35.179045,137.001393],"亀の井2":[35.164253,137.000976],"社口1":[35.175783,136.999383],"一社2":[35.167895,137.000103],"名東本通4":[35.159898,136.998617],"西里町3":[35.154143,136.998539],"猪子石1":[35.185086,137.00106],"文教台1":[35.182598,137.001171],"西里町4":[35.155739,136.99825],"香流3":[35.187189,137.000225],"牧の原2":[35.149591,137.00048],"引山3":[35.192187,137.000436],"神丘町3":[35.157192,136.998247],"西山台":[35.152981,137.000629],"神丘町1":[35.157927,136.999397],"文教台2":[35.180154,137.001297],"牧の原1":[35.156346,137.00387],"引山2":[35.190843,137.002286],"西里町5":[35.153703,137.00113],"社口2":[35.175873,137.002263],"名東本通5":[35.159012,137.002336],"神丘町2":[35.157875,137.001985],"一社4":[35.165712,137.006102],"猪高町大字高針":[35.160125,137.02369],"社台3":[35.171171,137.00382],"一社3":[35.168262,137.005547],"香南1":[35.188055,137.003493],"神里2":[35.156886,137.003379],"牧の里3":[35.150559,137.006813],"猪子石2":[35.188553,137.007689],"亀の井3":[35.16347,137.005874],"猪子石3":[35.185583,137.006472],"猪高台1":[35.181748,137.007751],"猪高台2":[35.180048,137.005463],"牧の里2":[35.153305,137.008259],"丁田町":[35.177431,137.006313],"神里1":[35.159809,137.005161],"延珠町":[35.190428,137.007186],"牧の里1":[35.154303,137.00693],"香南2":[35.189329,137.008483],"上社1":[35.174387,137.007334],"高針1":[35.158358,137.007685],"上社4":[35.170668,137.009829],"野間町":[35.159541,137.008026],"藤森1":[35.177736,137.009499],"藤森西町":[35.183888,137.012254],"上社2":[35.177296,137.011835],"陸前町":[35.162457,137.0107],"貴船1":[35.168174,137.010197],"高針2":[35.156954,137.010116],"猪高町大字猪子石":[35.186929,137.008225],"上社3":[35.172551,137.012019],"新宿2":[35.150956,137.009566],"猪高町大字藤森":[35.183751,137.009783],"梅森坂西1":[35.139261,137.012284],"高針3":[35.159273,137.010791],"高針5":[35.15645,137.01099],"新宿1":[35.150983,137.015021],"石が根町":[35.182553,137.013006],"藤森2":[35.181304,137.012794],"梅森坂西2":[35.139923,137.014662],"天白町大字植田":[35.144105,137.010866],"勢子坊1":[35.161974,137.014658],"上社5":[35.169261,137.01398],"貴船2":[35.167421,137.014867],"高針4":[35.15646,137.013918],"勢子坊4":[35.160087,137.015421],"貴船3":[35.165416,137.016947],"豊が丘":[35.18622,137.017163],"高針台1":[35.15814,137.015621],"藤里町":[35.190685,137.018349],"松井町":[35.152685,137.016869],"本郷2":[35.17674,137.015401],"社が丘1":[35.172826,137.016786],"本郷1":[35.17878,137.017207],"高柳町":[35.184695,137.017362],"梅森坂1":[35.14723,137.017424],"極楽5":[35.153647,137.017818],"社が丘2":[35.171588,137.017497],"社が丘3":[35.168226,137.017954],"勢子坊2":[35.163302,137.018188],"大針3":[35.14958,137.020666],"高針台3":[35.157291,137.018554],"梅森坂2":[35.141847,137.017231],"梅森坂5":[35.13949,137.017848],"小池町":[35.181121,137.019277],"勢子坊3":[35.160482,137.019202],"本郷3":[35.175791,137.019675],"大針2":[35.152091,137.021968],"高針台2":[35.158141,137.019393],"極楽4":[35.156623,137.019002],"明が丘":[35.182356,137.019915],"梅森坂3":[35.145483,137.021184],"姫若町":[35.173169,137.020981],"猪高町大字上社":[35.168936,137.026847],"社が丘4":[35.170715,137.020221],"富が丘":[35.186145,137.022601],"藤が丘":[35.182381,137.022713],"大針1":[35.154609,137.024375],"藤香町":[35.190408,137.019317],"望が丘":[35.175972,137.02179],"極楽3":[35.155716,137.026272],"藤見が丘":[35.180508,137.023189],"極楽1":[35.160059,137.021025],"宝が丘":[35.178097,137.024051],"極楽2":[35.158135,137.023302],"梅森坂4":[35.140856,137.022304],"小井堀町":[35.170505,137.025099],"朝日が丘":[35.180344,137.026296],"照が丘":[35.178733,137.026443]}