{"井戸金町":[35.197266,137.057168],"小坂町":[35.203246,137.053664],"鹿乗町":[35.260656,137.063919],"坂上町":[35.202945,137.054174],"山の田町":[35.197058,137.056999],"十軒町":[35.251044,137.061125],"西本地町2":[35.206837,137.06241],"西本地町1":[35.204978,137.06352],"坊金町":[35.200054,137.060738],"西山町1":[35.221222,137.060582],"西山町2":[35.225629,137.061468],"川北町2":[35.219158,137.061867],"川西町2":[35.214235,137.062141],"北みずの坂3":[35.251064,137.060678],"南山町3":[35.22304,137.062666],"東山町1":[35.231345,137.062517],"川北町1":[35.217503,137.062912],"南山町2":[35.222632,137.063483],"駒前町":[35.200708,137.065458],"みずの坂5":[35.245385,137.06074],"南山町1":[35.224739,137.064698],"田端町2":[35.221696,137.064149],"みずの坂3":[35.242325,137.062307],"北みずの坂2":[35.246925,137.060818],"西原町2":[35.210439,137.067107],"川西町1":[35.215038,137.063609],"田端町1":[35.219433,137.064956],"本郷町":[35.238578,137.066856],"北みずの坂1":[35.24868,137.062351],"みずの坂1":[35.24087,137.064908],"東山町":[35.23099,137.064331],"高根町3":[35.20776,137.068366],"東本地町2":[35.205612,137.067894],"平町3":[35.222645,137.067578],"みずの坂2":[35.243074,137.067557],"平町2":[35.22195,137.067901],"西原町1":[35.213389,137.068718],"平町1":[35.219792,137.067452],"やまて坂3":[35.235519,137.065488],"内田町1":[35.254698,137.065113],"高根町2":[35.209111,137.067219],"東山町2":[35.227354,137.067771],"みずの坂4":[35.24579,137.068183],"共栄通7":[35.215992,137.067767],"ひまわり台4":[35.236454,137.065798],"松原町1":[35.225858,137.067292],"西寺山町":[35.213617,137.068988],"東本地町3":[35.202044,137.066516],"山手町":[35.233381,137.066343],"内田町2":[35.249871,137.068946],"ひまわり台3":[35.236593,137.067932],"效範町2":[35.223888,137.069384],"松原町2":[35.227327,137.067956],"高根町1":[35.209743,137.070644],"ききょう台2":[35.241322,137.069494],"はぎの台4":[35.23988,137.069495],"はぎの台2":[35.23833,137.067485],"東本地町1":[35.203465,137.070918],"ききょう台3":[35.242692,137.069366],"效範町1":[35.222002,137.070178],"やまて坂2":[35.235136,137.070209],"ふじの台1":[35.242763,137.071622],"松原町3":[35.225972,137.068927],"ひまわり台5":[35.232904,137.072528],"ひまわり台2":[35.23766,137.069771],"やまて坂1":[35.232747,137.071688],"美濃池町":[35.209396,137.070521],"ふじの台3":[35.245339,137.070613],"共栄通6":[35.219058,137.069953],"ふじの台2":[35.244767,137.071223],"はぎの台1":[35.238457,137.071716],"ききょう台1":[35.241319,137.071646],"はぎの台3":[35.239869,137.071677],"川端町3":[35.220377,137.070778],"東寺山町":[35.216485,137.072333],"北山町":[35.225338,137.071526],"北脇町":[35.224685,137.071648],"ひまわり台1":[35.237046,137.071962],"小田妻町1":[35.242789,137.074124],"幡西町":[35.20224,137.07062],"川端町2":[35.221053,137.073767],"南ケ丘町":[35.190575,137.076301],"三沢町2":[35.251679,137.074342],"西長根町":[35.212976,137.075577],"神川町":[35.2101,137.077716],"共栄通5":[35.219985,137.074118],"すみれ台3":[35.240882,137.073749],"南菱野町":[35.201373,137.070218],"すみれ台2":[35.240113,137.074239],"すみれ台1":[35.238146,137.074365],"さつき台1":[35.236718,137.073482],"中水野町2":[35.24598,137.077649],"西脇町":[35.203574,137.076273],"城屋敷町":[35.217604,137.07432],"さつき台4":[35.235128,137.075345],"すみれ台4":[35.241604,137.075618],"苗場町":[35.231245,137.076109],"ゆりの台":[35.244433,137.073677],"東長根町":[35.214403,137.079009],"城ケ根町":[35.213922,137.078002],"水南町":[35.225952,137.074523],"さつき台2":[35.236962,137.075979],"西松山町3":[35.232604,137.075516],"川端町1":[35.221972,137.077543],"市場町":[35.21759,137.075495],"西松山町4":[35.234248,137.073972],"共栄通4":[35.220631,137.076821],"さつき台5":[35.23618,137.076199],"羽根町":[35.201043,137.077215],"孫田町":[35.224561,137.079405],"東横山町":[35.22745,137.079213],"すみれ台5":[35.238931,137.07635],"北松山町2":[35.235478,137.077002],"菱野町":[35.205907,137.075906],"三沢町1":[35.251145,137.08038],"さつき台3":[35.237937,137.077286],"西松山町2":[35.232275,137.077068],"西松山町1":[35.228942,137.07749],"川平町":[35.272692,137.079194],"福元町":[35.20736,137.080074],"見付町":[35.218334,137.081829],"新田町":[35.20079,137.077941],"北松山町1":[35.23122,137.079999],"共栄通3":[35.22098,137.07832],"赤重町":[35.21049,137.081175],"幡中町":[35.195947,137.079279],"日の出町":[35.241323,137.078895],"台六町":[35.192688,137.081682],"幡山町":[35.204091,137.079971],"瘤木町":[35.213617,137.079189],"中水野町1":[35.244633,137.078882],"汗干町":[35.222872,137.082965],"東赤重町2":[35.206919,137.082726],"東松山町":[35.229117,137.082683],"西追分町":[35.224709,137.082727],"瀬戸口町":[35.204803,137.08418],"上松山町1":[35.233974,137.080888],"水無瀬町":[35.217283,137.082969],"共栄通2":[35.220845,137.082784],"今池町":[35.223889,137.083743],"上本町":[35.242072,137.083408],"東菱野町":[35.202566,137.082709],"上松山町2":[35.235282,137.081625],"弁天町":[35.198092,137.085134],"東赤重町1":[35.209717,137.086291],"新郷町":[35.2121,137.080555],"水北町":[35.251069,137.082354],"共栄通1":[35.221103,137.083462],"西米泉町":[35.202164,137.08654],"西吉田町":[35.220078,137.085235],"白山町1":[35.20601,137.083804],"幡野町":[35.210546,137.088176],"追分町":[35.223837,137.084442],"緑町1":[35.208391,137.089051],"南山口町":[35.182435,137.098284],"陶原町6":[35.223448,137.086829],"東吉田町":[35.219697,137.087313],"進陶町":[35.226323,137.08499],"小金町":[35.226758,137.084602],"上水野町":[35.239492,137.095933],"西十三塚町":[35.2244,137.086244],"東米泉町":[35.201202,137.086832],"原山町":[35.215932,137.095813],"白山町2":[35.202179,137.087508],"陶原町5":[35.221952,137.08688],"曽野町":[35.253132,137.100516],"京町2":[35.223937,137.086266],"陶原町4":[35.22216,137.087996],"緑町2":[35.20525,137.090063],"下陣屋町":[35.229474,137.088968],"東十三塚町":[35.225841,137.087696],"定光寺町":[35.284281,137.087699],"石田町":[35.199558,137.093579],"熊野町":[35.219452,137.094167],"原山台3":[35.208807,137.090349],"陶原町3":[35.221829,137.089458],"原山台2":[35.210745,137.090742],"今林町":[35.200768,137.092824],"穴田町":[35.236389,137.095276],"安戸町":[35.22782,137.091447],"京町1":[35.224881,137.090165],"原山台4":[35.211012,137.092218],"滝之湯町":[35.225157,137.090414],"陶原町2":[35.221765,137.090612],"八幡台1":[35.20796,137.093793],"原山台5":[35.21151,137.09308],"上陣屋町":[35.23097,137.093933],"八幡台2":[35.206806,137.094597],"八幡台9":[35.203896,137.093428],"菱野台4":[35.208398,137.093048],"池田町":[35.198821,137.096399],"陶原町1":[35.222508,137.094199],"原山台6":[35.214155,137.092922],"原山台1":[35.210259,137.095574],"大坂町":[35.199593,137.096284],"元町2":[35.224927,137.094128],"八幡台3":[35.20712,137.095758],"掛下町1":[35.19346,137.095106],"原山台7":[35.213897,137.093541],"八幡台8":[35.20308,137.097084],"道泉町":[35.227834,137.095069],"西権現町":[35.22099,137.09416],"八幡台4":[35.203671,137.096823],"原山台8":[35.213403,137.09792],"西谷町":[35.228216,137.095907],"幸町":[35.222168,137.096985],"萩山台9":[35.206517,137.099973],"菱野台3":[35.20713,137.096637],"掛下町2":[35.194642,137.100227],"柳ケ坪町":[35.198034,137.100305],"東権現町":[35.214707,137.096612],"萩山台8":[35.20998,137.0992],"萩山台1":[35.211279,137.097414],"暁町":[35.243959,137.099838],"下半田川町":[35.289474,137.128056],"八幡台5":[35.205143,137.099104],"窯神町":[35.227931,137.09848],"西茨町":[35.218006,137.099894],"八幡台7":[35.202828,137.100119],"矢形町":[35.19953,137.096893],"陶本町1":[35.226003,137.098935],"萩山台2":[35.212628,137.098638],"銀杏木町":[35.223426,137.097269],"八幡台6":[35.205026,137.102217],"西蔵所町":[35.224541,137.098035],"田中町":[35.195932,137.104891],"蔵所町":[35.225581,137.099496],"萩山台7":[35.211123,137.101322],"仲切町":[35.228132,137.101119],"余床町":[35.268387,137.115924],"背戸側町":[35.23045,137.099714],"陶栄町":[35.222867,137.102326],"萩山台6":[35.209248,137.102584],"上之山町1":[35.188576,137.100596],"萩山台3":[35.213696,137.101063],"大坪町":[35.192976,137.107471],"上之山町3":[35.185068,137.101717],"東茨町":[35.221329,137.10115],"八幡町":[35.202635,137.102876],"南仲之切町":[35.224433,137.100957],"末広町1":[35.225873,137.100903],"山口町":[35.200345,137.105921],"深川町":[35.227877,137.102621],"宝ケ丘町":[35.21137,137.107485],"宮里町":[35.228878,137.101391],"東本町1":[35.223609,137.102476],"萩山台4":[35.211121,137.103337],"萩殿町3":[35.216074,137.10184],"上之山町2":[35.187862,137.107785],"末広町2":[35.225874,137.103139],"萩山台5":[35.211171,137.105525],"萩殿町2":[35.218922,137.105286],"新道町":[35.227315,137.106292],"薬師町":[35.225855,137.104453],"湯之根町":[35.230615,137.102098],"東本町2":[35.223454,137.103338],"宮脇町":[35.228411,137.104881],"末広町3":[35.225597,137.104339],"泉町":[35.231396,137.102848],"蛭子町":[35.224014,137.104113],"西印所町":[35.233917,137.104704],"若宮町3":[35.19643,137.105157],"杉塚町":[35.226601,137.105599],"東印所町":[35.235407,137.108024],"宮地町":[35.18999,137.107958],"西郷町":[35.224726,137.105427],"春雨町":[35.215179,137.107756],"祖母懐町":[35.222995,137.105338],"上ノ切町":[35.22149,137.105934],