{"長沢町":[34.877598,137.286208],"御津町金野":[34.840376,137.28801],"赤坂町":[34.865609,137.311159],"御津町赤根":[34.819805,137.305696],"御津町豊沢":[34.822439,137.309568],"御油町":[34.850916,137.325322],"御津町大草":[34.810241,137.303584],"御津町御幸浜":[34.806954,137.300397],"御津町佐脇浜":[34.790063,137.306794],"御津町泙野":[34.816004,137.312561],"赤坂台":[34.871069,137.310074],"御津町西方":[34.811906,137.318431],"御津町広石":[34.815877,137.311894],"御津町御馬":[34.811575,137.321739],"萩町":[34.876575,137.351111],"国府町":[34.839595,137.321602],"為当町":[34.813089,137.321986],"御津町新田":[34.795615,137.321434],"御津町下佐脇":[34.808975,137.326558],"八幡町":[34.840611,137.338234],"新栄町2":[34.836114,137.32572],"久保町":[34.836126,137.330342],"新栄町3":[34.835254,137.326369],"新栄町1":[34.836648,137.327589],"森1":[34.827533,137.326892],"森3":[34.824504,137.328292],"森2":[34.826314,137.327461],"平尾町":[34.850387,137.355324],"森5":[34.822191,137.330059],"伊奈町":[34.800702,137.357145],"森6":[34.820675,137.332363],"御津町上佐脇":[34.812455,137.336211],"白鳥町":[34.827327,137.354556],"国府南3":[34.826094,137.331872],"白鳥2":[34.833188,137.332267],"森4":[34.826723,137.334141],"小田渕町7":[34.822332,137.334319],"白鳥3":[34.830828,137.336275],"小田渕町5":[34.827292,137.336956],"小田渕町4":[34.822932,137.341172],"美園1":[34.805863,137.342327],"小田渕町3":[34.818511,137.343217],"小田渕町2":[34.815591,137.344908],"小田渕町":[34.814034,137.348585],"美園3":[34.805737,137.349854],"美園2":[34.808319,137.349798],"野口町":[34.841148,137.3526],"平井町":[34.794407,137.358445],"桜町1":[34.814826,137.350702],"桜町3":[34.818957,137.350814],"桜町2":[34.816589,137.352006],"蔵子3":[34.82086,137.354694],"蔵子2":[34.82056,137.353981],"財賀町":[34.87095,137.353184],"蔵子1":[34.816421,137.352533],"市田町":[34.846956,137.360022],"蔵子5":[34.823492,137.359454],"蔵子6":[34.822048,137.360535],"宿町":[34.802189,137.365948],"小坂井町":[34.794422,137.359237],"蔵子4":[34.825937,137.358463],"代田町2":[34.826506,137.358768],"蔵子7":[34.820793,137.361705],"諏訪西町1":[34.827616,137.363402],"代田町1":[34.822579,137.360957],"諏訪西町2":[34.832013,137.361836],"堺町2":[34.815943,137.361206],"堺町1":[34.814226,137.36368],"新道町1":[34.825044,137.365445],"新道町2":[34.821307,137.362576],"下野川町2":[34.82009,137.365371],"諏訪4":[34.828356,137.367956],"下野川町1":[34.818012,137.36306],"大崎町":[34.845712,137.36814],"川花町3":[34.817271,137.366424],"川花町2":[34.815738,137.366136],"千両町":[34.863446,137.375227],"穂ノ原2":[34.830919,137.372823],"穂ノ原3":[34.838272,137.376494],"篠束町":[34.792982,137.37634],"川花町1":[34.813961,137.366164],"萩山町2":[34.820689,137.366607],"萩山町3":[34.824304,137.367577],"中部町2":[34.820266,137.368921],"四ツ谷町3":[34.816959,137.369918],"諏訪3":[34.82351,137.370924],"西塚町2":[34.813579,137.368484],"西塚町3":[34.815859,137.36906],"萩山町1":[34.823198,137.370211],"西香ノ木町2":[34.812519,137.370133],"中部町1":[34.822519,137.370442],"四ツ谷町2":[34.817866,137.370946],"西塚町1":[34.814204,137.371548],"西香ノ木町1":[34.810153,137.369248],"西口町2":[34.809261,137.371526],"四ツ谷町1":[34.819819,137.372238],"南千両2":[34.850342,137.371767],"光明町2":[34.816795,137.373856],"諏訪1":[34.825768,137.376287],"諏訪2":[34.825374,137.375776],"西口町1":[34.807354,137.370728],"高見町6":[34.813139,137.371766],"下長山町":[34.804802,137.38436],"光明町1":[34.815089,137.374771],"高見町5":[34.812689,137.373373],"南大通6":[34.821181,137.372289],"高見町4":[34.8112,137.372314],"佐奈川町":[34.821378,137.372805],"弥生町2":[34.810467,137.374245],"高見町3":[34.814024,137.375337],"中野川町2":[34.820172,137.373125],"高見町2":[34.81344,137.375675],"中野川町1":[34.819094,137.375866],"高見町1":[34.812699,137.37604],"明野町4":[34.817673,137.37445],"明野町3":[34.817039,137.374788],"明野町1":[34.816946,137.377425],"穂ノ原1":[34.833611,137.380574],"金屋橋町":[34.824354,137.378913],"明野町2":[34.817957,137.376753],"光輝町2":[34.814091,137.378681],"金屋西町3":[34.826606,137.377514],"中央通5":[34.824557,137.379345],"光輝町1":[34.813046,137.377649],"南大通2":[34.811764,137.377386],"松久町2":[34.818714,137.37758],"赤代町2":[34.821686,137.379431],"松久町1":[34.820227,137.377063],"六角町":[34.848434,137.378298],"本野町":[34.833863,137.3813],"金屋西町2":[34.825817,137.379937],"赤代町3":[34.821361,137.379319],"牛久保町":[34.812052,137.379329],"赤代町1":[34.823481,137.380596],"山道町2":[34.81658,137.378995],"山道町1":[34.81931,137.383125],"金屋本町4":[34.821055,137.3812],"塔ノ木町2":[34.81676,137.382],"金屋西町1":[34.827625,137.381632],"長草町":[34.845604,137.381672],"金屋本町3":[34.823474,137.382437],"塔ノ木町1":[34.815035,137.382316],"三蔵子町":[34.838879,137.392293],"金屋本町2":[34.820563,137.383786],"金屋元町2":[34.82683,137.38288],"金屋本町1":[34.822731,137.385148],"金塚町2":[34.818719,137.385229],"大木町":[34.858545,137.394259],"金塚町1":[34.817115,137.386085],"金屋元町1":[34.823665,137.384922],"正岡町":[34.800493,137.388431],"金屋町":[34.820263,137.384878],"西桜木町2":[34.831702,137.387419],"中条町":[34.81318,137.385724],"西桜木町1":[34.830857,137.38827],"桜ケ丘町":[34.827285,137.387747],"桜木通5":[34.832207,137.387965],"駅前通3":[34.819568,137.387595],"末広通1":[34.823331,137.385993],"美幸町2":[34.833608,137.387975],"松風町":[34.817108,137.388363],"佐土町":[34.837928,137.394327],"幸町":[34.823739,137.393752],"二見町":[34.819504,137.388017],"末広通2":[34.828634,137.390593],"新宿町2":[34.820348,137.388811],"緑町":[34.828463,137.390713],"小桜町":[34.829998,137.390964],"美幸町1":[34.836131,137.39219],"樽井町":[34.8395,137.392337],"駅前通2":[34.822417,137.391051],"古宿町":[34.817072,137.391893],"行明町":[34.801213,137.402145],"新宿町1":[34.820173,137.393526],"花井町":[34.816134,137.391207],"西島町":[34.813503,137.396575],"東桜木町":[34.829763,137.39252],"桜木通2":[34.827977,137.393026],"白雲町3":[34.835875,137.393219],"曙町4":[34.832412,137.393813],"白雲町2":[34.835003,137.394668],"東光町1":[34.83048,137.393465],"桜木通1":[34.826663,137.395085],"柑子町":[34.802964,137.396295],"東光町2":[34.829893,137.396552],"旭町":[34.823248,137.393855],"白雲町1":[34.835724,137.395378],"曙町3":[34.833648,137.395403],"東新町":[34.828865,137.396141],"東光町3":[34.830561,137.396623],"豊川町":[34.82167,137.400319],"東曙町":[34.834517,137.398047],"曙町2":[34.833153,137.396268],"篠田町":[34.842038,137.405196],"豊川西町":[34.828771,137.396496],"曙町1":[34.834109,137.396635],"豊川元町":[34.82286,137.395523],"東光町4":[34.831281,137.396687],"豊栄町":[34.831244,137.397779],"西原町":[34.856035,137.399545],"豊川仲町":[34.825138,137.399408],"足山田町":[34.866015,137.404836],"本野ケ原1":[34.838621,137.403719],"大堀町":[34.833935,137.398494],"西豊町2":[34.828767,137.397608],"馬場町":[34.821411,137.400124],"西豊町3":[34.830551,137.402096],"西豊町1":[34.828004,137.400835],"瀬木町":[34.812058,137.40174],"本野ケ原5":[34.839554,137.401592],"住吉町1":[34.818477,137.40513],"本野ケ原2":[34.838521,137.405974],"東豊町2":[34.827635,137.40222],"新豊町1":[34.83113,137.402119],"東豊町3":[34.826906,137.405261],"住吉町2":[34.817354,137.405814],"新豊町2":[34.828193,137.403118],"本野ケ原3":[34.836849,137.407035],"東豊町4":[34.829527,137.404153],"光陽町":[34.825199,137.406057],"天神町":[34.824003,137.405725],"牧野町1":[34.821247,137.406316],"院之子町":[34.811782,137.408169],"本野ケ原4":[34.841876,137.40581],"東名町1":[34.832,137.408058],"東名町2":[34.833455,137.408405],"三谷原町":[34.823952,137.415039],"牧野町":[34.82005,137.406334],"東豊町5":[34.827207,137.406552],"豊が丘町":[34.839639,137.410656],"牧野町2":[34.826843,137.407389],"土筒町":[34.814,137.413228],"谷川町":[34.832579,137.409216],"当古町":[34.814419,137.425189],"大橋町2":[34.833968,137.412855],"上野1":[34.841899,137.411838],"大橋町1":[34.833615,137.409585],"麻生田町":[34.837666,137.412386],"大橋町3":[34.836128,137.412881],"上野2":[34.841268,137.412978],"一宮町":[34.847269,137.416487],"上長山町":[34.871685,137.43533],"上野3":[34.843027,137.418101],"上野4":[34.840833,137.417213],"三上町":[34.826308,137.421938],"橋尾町":[34.844814,137.435388],"二葉町":[34.826562,137.422422],"向河原町":[34.836334,137.42274],"豊津町":[34.844969,137.431208],"東上町":[34.86605,137.438034],"松原町":[34.857561,137.437505],"金沢町":[34.852673,137.45105],"江島町":[34.863552,137.443459],"新青馬町7":[34.832918,137.322943],"新青馬町8":[34.832784,137.324047],"新青馬町6":[34.833395,137.323867],"新青馬町4":[34.833974,137.323653],"新青馬町5":[34.833539,137.323816],"新青馬町3":[34.834254,137.323532],"新青馬町1":[34.834654,137.322726],"新青馬町2":[34.834397,137.322843],"小田渕町6":[34.826679,137.336665],"南大通5":[34.820097,137.372828],"南大通4":[34.815123,137.375107],"新桜町通1":[34.814661,137.375007],"南大通3":[34.812352,137.377037],"寿通1":[34.810302,137.373082],"弥生町1":[34.811437,137.376726],"寿通2":[34.809589,137.37136],"新桜町通3":[34.81422,137.361326],