{"中野町1":[35.229487,136.928477],"中野町2":[35.233529,136.93071],"宗法町":[35.243901,136.937193],"中新町1":[35.223581,136.932755],"中新町2":[35.229814,136.928145],"春日井上ノ町":[35.252232,136.932054],"西本町2":[35.235713,136.933732],"西本町3":[35.23715,136.934435],"上ノ町1":[35.238844,136.934436],"牛山町":[35.266684,136.939158],"味美白山町2":[35.232603,136.933903],"味美上ノ町":[35.241248,136.931874],"春日井町":[35.248824,136.932682],"西屋町":[35.2643,136.94033],"中町":[35.25127,136.931633],"二子町2":[35.228331,136.936932],"二子町1":[35.225185,136.936502],"味美白山町1":[35.2327,136.936685],"西本町1":[35.23478,136.937039],"味美西本町":[35.236172,136.936764],"下屋敷町":[35.249061,136.940117],"黒鉾町":[35.253406,136.935474],"美濃町1":[35.243012,136.939545],"南花長町":[35.22409,136.937178],"味美町1":[35.235889,136.939719],"花長町2":[35.23518,136.93732],"花長町1":[35.232075,136.94093],"下屋敷町2":[35.24609,136.937596],"宮町":[35.250513,136.943508],"味美町2":[35.238367,136.942623],"下屋敷町1":[35.243909,136.940015],"御幸町1":[35.218175,136.94417],"御幸町2":[35.220725,136.944585],"四ツ家町":[35.26124,136.945117],"美濃町2":[35.241824,136.943203],"如意申町1":[35.245752,136.943718],"追進町2":[35.224162,136.943845],"追進町3":[35.227447,136.943526],"追進町1":[35.223445,136.943816],"新開町":[35.2653,136.942261],"御幸町3":[35.221497,136.944195],"稲口町1":[35.244392,136.943607],"如意申町2":[35.250233,136.944214],"知多町1":[35.230102,136.945523],"知多町2":[35.231356,136.945738],"上田楽町":[35.28119,136.947703],"知多町3":[35.233502,136.946122],"味美町3":[35.237765,136.946381],"前並町1":[35.259203,136.945258],"知多町4":[35.236484,136.946035],"美濃町3":[35.240488,136.947283],"勝川町西1":[35.221997,136.944755],"宮町3":[35.255227,136.943896],"宮町2":[35.2525,136.943118],"稲口町2":[35.243654,136.947689],"如意申町3":[35.246309,136.948596],"勝川町西3":[35.223535,136.945188],"勝川町西4":[35.226496,136.945919],"如意申町4":[35.250816,136.949036],"西高山町2":[35.257203,136.950974],"前並町":[35.263662,136.947785],"勝川町西2":[35.223231,136.945494],"宮町1":[35.251522,136.948973],"勝川町2":[35.223146,136.951331],"勝川町1":[35.21907,136.948988],"前並町3":[35.260812,136.946216],"西高山町1":[35.254093,136.948006],"惣中町1":[35.228469,136.947414],"惣中町2":[35.230132,136.948198],"惣中町3":[35.231656,136.94765],"勝川新町1":[35.233922,136.94933],"勝川新町2":[35.235301,136.950249],"勝川町3":[35.224278,136.950219],"勝川新町3":[35.237305,136.947268],"勝川町4":[35.227081,136.948012],"松河戸町":[35.219798,136.964881],"稲口町3":[35.242002,136.952197],"田楽町":[35.271732,136.948187],"前並町2":[35.260751,136.95104],"勝川町5":[35.227493,136.952638],"稲口町4":[35.244813,136.953887],"大手町":[35.263987,136.948612],"西高山町3":[35.254466,136.951853],"如意申町7":[35.245574,136.953903],"天神町":[35.233483,136.950357],"長塚町1":[35.218753,136.951899],"妙慶町2":[35.237282,136.951353],"大和通1":[35.22908,136.951778],"高山町1":[35.251451,136.954014],"如意申町6":[35.24797,136.954166],"如意申町5":[35.249012,136.954135],"神明町":[35.235378,136.953018],"妙慶町3":[35.239155,136.95241],"大和通2":[35.23414,136.952675],"高山町4":[35.260658,136.952322],"角崎町":[35.233199,136.953709],"高山町3":[35.257153,136.956322],"高山町":[35.260798,136.952886],"高山町2":[35.254431,136.957625],"勝川町10":[35.224656,136.953029],"妙慶町":[35.237447,136.952789],"勝川町6":[35.228307,136.954138],"森山田町":[35.224546,136.954254],"旭町4":[35.240945,136.953625],"勝川町9":[35.226449,136.954597],"長塚町2":[35.220075,136.953745],"旭町3":[35.237524,136.953657],"勝川町8":[35.228761,136.956718],"大手町4":[35.260978,136.953592],"八光町5":[35.243002,136.955019],"大手町2":[35.269622,136.954475],"八光町4":[35.240378,136.956315],"如意申町8":[35.247454,136.95699],"勝川町7":[35.231268,136.955809],"朝宮町3":[35.251969,136.958045],"旭町2":[35.236562,136.953689],"町田町1":[35.226521,136.956315],"旭町1":[35.233358,136.954351],"大手町3":[35.264971,136.958734],"若草通1":[35.234342,136.956855],"朝宮町2":[35.249505,136.958543],"町屋町1":[35.269535,136.956235],"八光町3":[35.237454,136.955747],"細木町1":[35.223605,136.956059],"松新町1":[35.230428,136.956994],"町屋町":[35.269486,136.953687],"八光町2":[35.235466,136.955981],"八光町1":[35.232965,136.955629],"大手田酉町1":[35.259889,136.959084],"柏原町1":[35.241313,136.958002],"大手町1":[35.268669,136.957621],"八幡町":[35.240994,136.957908],"柏井町1":[35.233149,136.958246],"若草通2":[35.23654,136.958808],"町田町2":[35.225084,136.959514],"松新町6":[35.228338,136.957036],"細木町2":[35.222809,136.959874],"松新町5":[35.229807,136.957418],"松新町2":[35.233716,136.961124],"岩野町1":[35.267433,136.959946],"柏原町3":[35.24661,136.961702],"朝宮町4":[35.255948,136.959702],"柏井町2":[35.235755,136.959383],"柏原町2":[35.24482,136.960051],"小野町2":[35.228841,136.963452],"朝宮町1":[35.250034,136.962399],"大手田酉町2":[35.260549,136.961365],"松新町4":[35.229581,136.960418],"若草通3":[35.237725,136.958548],"鷹来町":[35.278096,136.965532],"岩野町2":[35.26452,136.963114],"小野町1":[35.225231,136.960957],"八田町5":[35.259389,136.963486],"松新町3":[35.232547,136.960212],"柏井町3":[35.234686,136.963521],"柏原町4":[35.246479,136.963654],"若草通4":[35.240158,136.961918],"若草通5":[35.241793,136.963674],"桃山町":[35.281596,136.960784],"大手田酉町3":[35.26332,136.964668],"柏井町4":[35.234688,136.964076],"八田町4":[35.256793,136.963457],"小野町3":[35.231912,136.964189],"瑞穂通1":[35.243235,136.96554],"柏井町6":[35.234374,136.964461],"柏井町5":[35.236724,136.966909],"柏原町5":[35.248715,136.968685],"八田町3":[35.254744,136.964029],"南下原町":[35.271446,136.97217],"桃山町2":[35.282444,136.963985],"瑞穂通2":[35.244665,136.966766],"八田町6":[35.256875,136.963885],"小野町6":[35.225737,136.966089],"小野町5":[35.22822,136.966048],"小野町4":[35.229528,136.965045],"鳥居松町1":[35.241231,136.966706],"篠田町":[35.23171,136.965654],"瑞穂通3":[35.246159,136.96836],"柏井町7":[35.235244,136.965019],"六軒屋町西3":[35.261212,136.96964],"八田町2":[35.253608,136.969392],"鳥居松町2":[35.241058,136.971334],"桃山町3":[35.287455,136.970058],"杁ケ島町":[35.237728,136.971575],"桃山町1":[35.278779,136.966576],"下条町1":[35.230118,136.971461],"王子町":[35.230484,136.975145],"六軒屋町西2":[35.259732,136.970351],"八田町1":[35.252039,136.970982],"鳥居松町3":[35.242406,136.973617],"瑞穂通4":[35.247562,136.96987],"八田町7":[35.255637,136.972628],"下条町2":[35.227145,136.971331],"中切町1":[35.224799,136.971421],"南下原町1":[35.262482,136.969354],"鳥居松町4":[35.243678,136.974021],"瑞穂通5":[35.250349,136.971841],"西山町1":[35.273948,136.969931],"六軒屋町":[35.259625,136.984851],"鷹来町1":[35.271759,136.969575],"六軒屋町2":[35.259222,136.973763],"月見町":[35.243725,136.97651],"鳥居松町5":[35.244413,136.974817],"八田町8":[35.253546,136.97341],"西山町":[35.274872,136.982521],"西山町2":[35.272898,136.975694],"下条町3":[35.227393,136.974962],"六軒屋町西1":[35.256262,136.973285],"瑞穂通6":[35.250208,136.973727],"中切町2":[35.226562,136.975421],"六軒屋町1":[35.254883,136.977035],"弥生町1":[35.239901,136.97591],"瑞穂通7":[35.251678,136.975414],"春見町":[35.250236,136.977644],"西山町3":[35.271923,136.972594],"六軒屋町3":[35.261777,136.978619],"中切町":[35.225233,136.976517],"六軒屋町4":[35.260073,136.977315],"東野町西1":[35.265295,136.978301],"瑞穂通8":[35.253825,136.9779],"鳥居松町6":[35.24623,136.976831],"六軒屋町5":[35.257479,136.978144],"東野町西2":[35.267497,136.98039],"弥生町2":[35.241399,136.980048],"下条町":[35.226322,136.975961],"八事町1":[35.244411,136.976123],"ことぶき町":[35.252118,136.979263],"東野町1":[35.263504,136.98102],"鳥居松町7":[35.247772,136.97848],"西山町4":[35.273242,136.980205],"八事町2":[35.243269,136.978917],"弥生町":[35.238501,136.974261],"六軒屋町6":[35.260733,136.98138],"西山町5":[35.276289,136.977716],"梅ケ坪町":[35.252877,136.98142],"東野町西3":[35.27042,136.978862],"下津町":[35.226371,136.979686],"鳥居松町8":[35.249119,136.980709],"下原町":[35.272024,136.986685],"乙輪町3":[35.248017,136.981317],"八事町3":[35.243202,136.979107],"東野町2":[35.26624,136.982948],"東野町10":[35.261766,136.983624],"乙輪町2":[35.246561,136.982161],"篠木町1":[35.24985,136.983045],"六軒屋町7":[35.258154,136.978863],"浅山町":[35.256971,136.98101],"上条町8":[35.234228,136.978605],"上条町1":[35.242627,136.984242],"浅山町2":[35.254495,136.981862],"東野町4":[35.268914,136.98769],"乙輪町1":[35.245074,136.982676],"中央通2":[35.247472,136.983166],"上条町10":[35.229806,136.984624],"浅山町1":[35.254481,136.986007],"上条町2":[35.239386,136.985716],"上条町6":[35.236891,136.985542],"篠木町2":[35.251313,136.984606],"東野町3":[35.266982,136.988357],"浅山町3":[35.258134,136.984329],"上条町4":[35.238032,136.98196],"関田町1":[35.248752,136.984605],"東野町8":[35.264475,136.985848],"中央通1":[35.244001,136.985463],"東野町9":[35.260311,136.985563],"貴船町":[35.248133,136.987784],"割塚町":[35.244026,136.986583],