{"大縄町4":[35.178713,136.708994],"大縄町3":[35.181346,136.709196],"大縄町5":[35.175318,136.709319],"大縄町2":[35.183482,136.709468],"大縄町6":[35.17322,136.710378],"大縄町7":[35.169911,136.711672],"大縄町9":[35.165913,136.713273],"下新田町1":[35.182092,136.711058],"下新田町2":[35.179338,136.710074],"大縄町8":[35.16858,136.712319],"下新田町3":[35.176737,136.710282],"河田町1":[35.186536,136.710345],"下新田町4":[35.173042,136.713506],"江西町2":[35.177032,136.714637],"河田町2":[35.184141,136.709991],"下新田町5":[35.172162,136.71363],"江西町3":[35.173094,136.71388],"江西町1":[35.177583,136.714333],"上新田町3":[35.18463,136.715479],"上新田町2":[35.187003,136.714359],"松ケ下町":[35.181795,136.71529],"江西町4":[35.170002,136.715449],"老松町":[35.1694,136.715287],"宮川町3":[35.167638,136.71568],"一本木町":[35.179761,136.715366],"江東町2":[35.175149,136.716408],"江東町1":[35.176057,136.716329],"江東町3":[35.172304,136.718713],"江川町2":[35.182161,136.716062],"河原町":[35.186887,136.717654],"大和町2":[35.179144,136.717004],"申塚町2":[35.185375,136.717777],"宮川町2":[35.168264,136.716987],"南門前町3":[35.174892,136.719053],"瑠璃小路町2":[35.174179,136.719087],"大和町1":[35.178034,136.716338],"宮川町1":[35.175511,136.722564],"江川町1":[35.181629,136.719667],"観音町":[35.18611,136.718314],"神明町":[35.178244,136.718634],"上之町1":[35.180495,136.718839],"中地町4":[35.168022,136.721206],"中之町":[35.179311,136.719103],"申塚町1":[35.183654,136.719111],"瑠璃小路町1":[35.175473,136.7205],"中地町3":[35.169717,136.721544],"城山町2":[35.185042,136.720339],"中地町2":[35.171519,136.721905],"城山町3":[35.184923,136.722252],"城山町1":[35.181535,136.720249],"橋詰町2":[35.176995,136.722369],"中地町1":[35.173538,136.722809],"橋詰町3":[35.177521,136.721102],"又吉町1":[35.182489,136.722585],"東中地町3":[35.16778,136.722991],"東中地町2":[35.16948,136.723328],"東中地町1":[35.172205,136.723297],"上河原町":[35.179798,136.722204],"城之越町":[35.181746,136.722604],"片町2":[35.175428,136.723459],"又吉町3":[35.186657,136.724621],"又吉町2":[35.18433,136.722846],"大慶寺町":[35.17361,136.723798],"米町":[35.179837,136.72415],"松原町":[35.18248,136.723049],"永楽町3":[35.170636,136.724901],"永楽町2":[35.172412,136.725647],"西御堂町":[35.175283,136.724371],"南本町7":[35.168416,136.724693],"米之座町1":[35.180688,136.725332],"天王通り3":[35.178091,136.724222],"永楽町1":[35.173435,136.725775],"舟戸町":[35.175656,136.725342],"南本町5":[35.170379,136.725492],"薬師町":[35.174139,136.724687],"南本町6":[35.169143,136.726806],"兼平町1":[35.184699,136.727169],"米之座町2":[35.179599,136.724852],"北町":[35.182946,136.725376],"皆戸町":[35.174651,136.726234],"南本町4":[35.171606,136.725757],"本町4":[35.17574,136.72642],"良王町1":[35.179638,136.726953],"良王町2":[35.180883,136.726301],"兼平町2":[35.187398,136.730132],"昭和町1":[35.17962,136.72752],"昭和町2":[35.180829,136.727952],"昭和町4":[35.185641,136.72816],"常盤町2":[35.16978,136.728902],"昭和町3":[35.184138,136.728182],"喜楽町":[35.188656,136.728296],"東洋町2":[35.17191,136.728934],"大政町2":[35.173319,136.727987],"藤浪町4":[35.184133,136.729123],"大政町1":[35.174851,136.728541],"藤浪町5":[35.1856,136.729224],"藤浪町1":[35.178692,136.730651],"藤浪町2":[35.179894,136.730588],"今市場町3":[35.17668,136.729692],"藤浪町3":[35.180814,136.728419],"明天町2":[35.174059,136.729472],"明天町1":[35.175062,136.729528],"常盤町3":[35.168245,136.729697],"天王通り6":[35.177976,136.728269],"瑞穂町3":[35.172467,136.729646],"瑞穂町2":[35.174089,136.73051],"常盤町1":[35.169695,136.729436],"錦町":[35.177472,136.730613],"瑞穂町1":[35.174922,136.730544],"東洋町1":[35.172437,136.72898],"西愛宕町2":[35.170404,136.731427],"橘町1":[35.174157,136.731888],"西愛宕町1":[35.171992,136.731642],"橘町4":[35.173837,136.73188],"今市場町4":[35.176509,136.731321],"藤里町1":[35.177448,136.731387],"藤里町3":[35.184072,136.730685],"藤里町2":[35.180674,136.731266],"愛宕町8":[35.165729,136.734665],"西柳原町1":[35.178129,136.732958],"西柳原町2":[35.178455,136.732986],"西柳原町3":[35.180216,136.733136],"愛宕町5":[35.166055,136.734782],"橘町5":[35.17368,136.734542],"寺前町1":[35.183675,136.734968],"愛宕町3":[35.169584,136.735235],"高畑町":[35.188,136.737394],"柳原町2":[35.178022,136.734931],"愛宕町1":[35.171954,136.734009],"愛宕町7":[35.165711,136.738439],"寺前町3":[35.185991,136.73866],"愛宕町6":[35.167737,136.735943],"寺前町2":[35.183566,136.737328],"愛宕町9":[35.165001,136.738608],"愛宕町4":[35.169553,136.73612],"愛宕町2":[35.171256,136.736234],"橘町6":[35.173066,136.737664],"橘町3":[35.173342,136.738326],"東柳原町1":[35.175664,136.736625],"東柳原町2":[35.176643,136.736715],"東柳原町4":[35.179993,136.73701],"東柳原町5":[35.181732,136.737157],"埋田町1":[35.175276,136.740397],"立込町3":[35.180779,136.738874],"埋田町2":[35.174952,136.740623],"埋田町4":[35.172298,136.738828],"立込町1":[35.177947,136.739547],"東愛宕町1":[35.16927,136.741698],"東愛宕町2":[35.165264,136.739785],"東愛宕町3":[35.165122,136.739795],"元寺町1":[35.161906,136.741881],"立込町2":[35.1784,136.742639],"立込町4":[35.18072,136.741239],"深坪町1":[35.170994,136.741614],"元寺町2":[35.160143,136.744754],"埋田町3":[35.174529,136.743608],"埋田町5":[35.173096,136.745495],"深坪町2":[35.171174,136.746049],"杁前町1":[35.169323,136.743228],"杁前町2":[35.165569,136.743811],"古川町3":[35.180184,136.746442],"杁前町3":[35.165128,136.743851],"杁前町4":[35.159397,136.747578],"古川町1":[35.176831,136.745792],"古川町2":[35.178438,136.743313],"大字津島":[35.175731,136.745221],"元寺町3":[35.156755,136.747768],"大字古川":[35.178393,136.746507],"南新開町1":[35.168562,136.749685],"杁前町5":[35.162355,136.746546],"新開町1":[35.172659,136.746678],"新開町5":[35.169774,136.747729],"唐臼町":[35.157966,136.752782],"新開町4":[35.169909,136.748736],"新開町2":[35.173694,136.750334],"南新開町2":[35.16521,136.752802],"新開町3":[35.168688,136.75152],"大字日光":[35.178016,136.75305],"中一色町":[35.146562,136.768665],"宇治町":[35.185228,136.754167],"下切町":[35.177528,136.758105],"越津町":[35.178165,136.759461],"葉苅町":[35.194999,136.762387],"百町":[35.166297,136.759532],"半頭町":[35.147898,136.764212],"鹿伏兎町":[35.147764,136.764365],"牛田町":[35.169915,136.766223],"椿市町":[35.179387,136.765667],"青塚町5":[35.19683,136.767385],"青塚町3":[35.198648,136.765361],"青塚町6":[35.195203,136.765385],"蛭間町":[35.18922,136.772327],"青塚町1":[35.199142,136.765606],"百島町":[35.172415,136.772022],"神守町":[35.178773,136.773196],"光正寺町":[35.18493,136.768726],"白浜町":[35.16371,136.767325],"寺野町":[35.18957,136.772854],"大木町":[35.184994,136.770908],"牧野町":[35.195057,136.768421],"青塚町4":[35.198292,136.768934],"高台寺町":[35.161992,136.772511],"莪原町":[35.172339,136.773972],"神尾町":[35.154773,136.777328],"大坪町":[35.160227,136.774482],"金柳町":[35.154386,136.778174],"大縄町1":[35.188113,136.710348],"南門前町2":[35.176106,136.717708],"南門前町1":[35.176309,136.717783],"祢宜町":[35.177385,136.720146],"上新田町1":[35.187503,136.712674],"橘町2":[35.173994,136.734575],"明天町3":[35.172819,136.729014],"南本町3":[35.172344,136.726946],"藤川町":[35.173373,136.727739],"永楽町4":[35.169329,136.724461],"常盤町4":[35.16875,136.728711],"南本町2":[35.172741,136.727031],"南本町1":[35.173775,136.727306],"中野町":[35.174789,136.728026],"本町5":[35.174988,136.727487],"筏場町":[35.176367,136.724872],"今市場町1":[35.176756,136.726643],"今市場町2":[35.176669,136.72818],"本町3":[35.176776,136.724992],"天王通り5":[35.178058,136.727775],"天王通り4":[35.178923,136.72528],"池麸町":[35.177276,136.725683],"古川町4":[35.178536,136.746905],"東柳原町3":[35.178209,136.737905],"柳原町5":[35.182693,136.735394],"柳原町4":[35.180108,136.735181],"柳原町3":[35.179076,136.735007],"柳原町1":[35.17634,136.734433],"西柳原町4":[35.181937,136.733282],"片岡町":[35.183422,136.725907],"又吉町4":[35.187089,136.725819],"宝町":[35.178811,136.726415],"弥生町":[35.177399,136.728004],"横町":[35.176702,136.724488],"片町1":[35.176572,136.722691],"金町":[35.177782,136.722966],"天王通り2":[35.178182,136.723737],"本町1":[35.179001,136.724172],"天王通り1":[35.178059,136.720997],"高屋敷町":[35.180206,136.72224],"寿町":[35.179694,136.721711],"上之町2":[35.180554,136.719859],"馬場町":[35.17894,136.720631],"池須町":[35.179027,136.721734],"浦方町":[35.177429,136.720697],"本町2":[35.177727,136.724119],"橋詰町1":[35.177206,136.723344],"青塚町2":[35.19848,136.769311]}