{"司町9":[34.985985,136.980716],"司町7":[34.98477,136.982413],"司町8":[34.986606,136.983228],"港町4":[34.978889,136.98209],"港町5":[34.979562,136.983169],"浜町3":[34.976492,136.983303],"三田町1":[34.998671,136.983991],"衣崎町2":[34.967555,136.986497],"司町6":[34.985465,136.983925],"城町1":[34.987693,136.987375],"逢妻町2":[34.995874,136.984538],"浜町4":[34.973366,136.985075],"逢妻町4":[34.991064,136.985012],"司町4":[34.985851,136.9861],"港町8":[34.977646,136.984131],"港町1":[34.982991,136.983249],"小垣江町":[34.961667,137.005456],"港町6":[34.980538,136.985787],"浜町2":[34.975706,136.984389],"司町5":[34.985139,136.986422],"元町2":[34.982645,136.986013],"司町3":[34.98677,136.986994],"港町7":[34.978087,136.987709],"元町1":[34.982976,136.987586],"熊野町6":[34.99429,136.988403],"熊野町5":[34.995484,136.988522],"八幡町4":[34.992122,136.986455],"八幡町1":[34.992739,136.988373],"元町3":[34.981329,136.986961],"浜町1":[34.977229,136.987775],"熊野町4":[34.996908,136.989023],"高津波町6":[35.004737,136.988749],"高津波町5":[35.001216,136.988562],"八幡町5":[34.989743,136.986654],"元町6":[34.981223,136.987835],"熊野町1":[34.998745,136.987193],"天王町2":[34.978672,136.988089],"中手町5":[35.004861,136.987906],"司町1":[34.985325,136.98791],"八幡町6":[34.989053,136.988168],"八幡町3":[34.991501,136.989034],"衣崎町1":[34.969525,136.987762],"浜町5":[34.974466,136.989981],"高津波町2":[34.999338,136.987296],"元町4":[34.982285,136.989444],"熊野町2":[34.997142,136.991183],"銀座6":[34.988101,136.987922],"泉田町":[35.01213,136.990372],"中川町3":[34.97257,136.990318],"天王町1":[34.979696,136.990845],"高津波町1":[34.999095,136.991483],"八幡町7":[34.991035,136.989518],"元町5":[34.98144,136.989378],"中手町3":[35.005696,136.991916],"広小路7":[34.984921,136.98993],"熊野町7":[34.993537,136.989054],"高津波町3":[35.000231,136.991635],"中手町4":[35.005125,136.989029],"寺横町4":[34.989798,136.990915],"御幸町2":[34.983008,136.990012],"高津波町4":[35.001878,136.991806],"天王町4":[34.977446,136.990578],"高津波町7":[35.003515,136.991937],"熊野町3":[34.996013,136.991031],"八幡町2":[34.992018,136.990109],"中手町6":[35.006704,136.99257],"天王町7":[34.975526,136.991408],"御幸町3":[34.982743,136.99033],"銀座4":[34.988027,136.990873],"広小路5":[34.986239,136.992222],"寺横町5":[34.988855,136.99078],"広小路4":[34.985341,136.991953],"御幸町6":[34.981058,136.992492],"中手町1":[35.004716,136.992016],"天王町6":[34.976967,136.990575],"中川町2":[34.974735,136.994218],"宝町7":[34.993419,136.992978],"宝町4":[34.994091,136.993089],"中川町4":[34.971243,136.991886],"銀座3":[34.987765,136.992074],"一番町6":[35.009021,136.991909],"宝町3":[34.996079,136.992762],"松坂町2":[34.978605,136.991548],"宝町1":[34.997021,136.992791],"寺横町3":[34.990162,136.992881],"寺横町2":[34.989497,136.99303],"山池町4":[34.999143,136.993188],"日高町5":[35.008947,136.993356],"御幸町7":[34.980908,136.994199],"山池町5":[35.000541,136.993309],"御幸町4":[34.983171,136.991997],"中川町5":[34.972308,136.994243],"高倉町5":[35.001858,136.99341],"高倉町6":[35.003737,136.993537],"中手町2":[35.00558,136.994122],"銀座2":[34.987941,136.99245],"広小路3":[34.984593,136.993057],"御幸町5":[34.981458,136.992936],"松坂町3":[34.977955,136.992258],"日高町4":[35.006553,136.995037],"松坂町1":[34.979294,136.99484],"広小路2":[34.987173,136.994237],"宝町6":[34.993496,136.993307],"松坂町5":[34.97664,136.993151],"宝町5":[34.994517,136.994327],"宝町2":[34.996165,136.994914],"大正町4":[34.982129,136.994594],"広小路1":[34.986879,136.995205],"大正町3":[34.983885,136.995791],"荒井町1":[34.956117,136.994765],"大正町1":[34.985365,136.996424],"松坂町4":[34.978268,136.994348],"山池町1":[34.998531,136.996608],"小山町8":[35.00961,136.995319],"荒井町2":[34.958165,136.997525],"山池町3":[35.000306,136.994768],"高倉町4":[35.001393,136.996237],"高倉町3":[35.001932,136.997155],"大正町6":[34.983231,136.996334],"日高町1":[35.003982,136.997117],"中島町5":[34.976676,136.996917],"大正町5":[34.981757,136.996768],"日高町2":[35.005592,136.996575],"日高町3":[35.007986,136.996766],"富士見町5":[34.980115,136.996579],"新栄町5":[34.989385,136.994725],"富士見町6":[34.979664,136.99664],"寿町3":[34.986357,136.99784],"大正町2":[34.984549,136.99768],"山池町2":[34.999539,136.997776],"新栄町4":[34.9891,136.996422],"富士見町4":[34.980827,136.998294],"小山町7":[35.008633,136.998559],"新栄町6":[34.98804,136.996855],"矢場町3":[34.996287,136.998005],"矢場町4":[34.99828,136.997558],"大正町7":[34.982435,136.998949],"小山町6":[35.010094,136.996434],"寿町4":[34.984746,137.00088],"高倉町1":[35.000991,136.998557],"富士見町3":[34.980056,136.998755],"新栄町3":[34.988504,136.997879],"稲場町5":[35.006113,136.998472],"矢場町2":[34.997502,136.999076],"寿町5":[34.983754,136.99917],"稲場町4":[35.005132,136.999524],"稲場町1":[35.00381,136.999481],"高倉町2":[35.001995,136.999358],"寿町1":[34.987238,136.99981],"矢場町5":[34.999325,136.999975],"中島町3":[34.977353,137.001962],"寿町2":[34.985921,137.000592],"原崎町2":[35.000273,137.00159],"矢場町1":[34.996046,136.999537],"新栄町1":[34.990102,136.997778],"富士見町1":[34.981287,136.999852],"新栄町2":[34.989036,136.998714],"小山町2":[35.009962,137.001071],"稲場町6":[35.007074,137.000266],"小山町5":[35.010983,137.000965],"富士見町2":[34.980402,137.00226],"小山町1":[35.008434,137.001658],"東陽町3":[34.99017,137.000189],"原崎町7":[35.002856,137.000825],"東陽町4":[34.987911,137.001275],"稲場町2":[35.004234,137.00206],"高松町3":[34.983399,137.002324],"神明町4":[34.99422,137.002005],"稲場町3":[35.004689,137.002419],"高松町5":[34.981163,137.00313],"新富町4":[35.006146,137.00216],"神明町5":[34.997064,137.00248],"神明町9":[34.999157,137.001376],"大手町2":[34.987579,137.003123],"大手町3":[34.985939,137.003008],"原崎町3":[35.000857,137.00326],"高松町2":[34.985427,137.002997],"小山町4":[35.010692,137.002256],"原崎町6":[35.001875,137.002876],"東陽町2":[34.990726,137.001706],"小山町3":[35.010551,137.002275],"東陽町1":[34.988939,137.003456],"神明町8":[34.998985,137.002768],"原崎町1":[35.000511,137.004665],"新富町5":[35.008672,137.005584],"高松町4":[34.981739,137.004346],"原崎町5":[35.002835,137.004243],"新富町1":[35.003599,137.004168],"中島町1":[34.979272,137.002795],"新富町3":[35.007003,137.004858],"神明町1":[34.994024,137.002681],"高松町1":[34.984912,137.004112],"神明町3":[34.99608,137.004814],"神明町6":[34.997062,137.006294],"大手町1":[34.988413,137.005652],"原崎町4":[35.001744,137.004296],"神明町7":[34.998527,137.006288],"大手町5":[34.986237,137.00587],"神明町2":[34.994269,137.005111],"大手町4":[34.987148,137.005591],"南桜町2":[34.990603,137.004259],"南桜町1":[34.991015,137.00796],"田町6":[34.979631,137.00581],"新田町6":[35.014042,137.005513],"新富町2":[35.005054,137.006503],"住吉町4":[34.984382,137.006218],"桜町5":[34.992439,137.006333],"新田町5":[35.017061,137.006344],"住吉町5":[34.982604,137.005961],"丸田町4":[35.000857,137.006185],"池田町3":[35.007889,137.005549],"新田町1":[35.010992,137.005828],"築地町":[35.017901,137.009593],"桜町4":[34.994597,137.008332],"若松町2":[34.99033,137.007924],"桜町3":[34.993737,137.008626],"若松町3":[34.987448,137.008044],"田町5":[34.980914,137.007892],"池田町2":[35.005749,137.00614],"若松町6":[34.986522,137.008148],"桜町2":[34.99318,137.008888],"青山町2":[35.009645,137.008894],"住吉町3":[34.984232,137.009307],"丸田町6":[35.001876,137.006762],"池田町1":[35.004227,137.007105],"池田町6":[35.010174,137.005036],"桜町1":[34.99087,137.009923],"今川町":[35.022041,137.014546],"田町4":[34.981719,137.009408],"池田町5":[35.008798,137.009504],"池田町4":[35.00735,137.009688],"高須町":[34.976765,137.00919],"築地町5":[35.013915,137.013181],"若松町1":[34.990289,137.009762],"築地町3":[35.016672,137.010166],"若松町4":[34.988565,137.010542],"若松町5":[34.987398,137.010445],"田町3":[34.982804,137.011983],"相生町3":[34.994204,137.010547],"高須町2":[34.973198,137.011535],"朝日町1":[35.002891,137.011627],"相生町2":[34.993632,137.010798],"住吉町2":[34.984857,137.011462],"東新町3":[35.006648,137.012775],"相生町1":[34.990747,137.011322],"高須町1":[34.974165,137.017003],"東新町2":[35.005258,137.012529],"東新町1":[35.003631,137.011645],"中山町5":[34.99401,137.01176],"青山町1":[35.009558,137.013414],"半城土西町2":[34.980385,137.012432],"中山町4":[34.993892,137.013776],"中山町3":[34.993006,137.013938],"住吉町1":[34.986186,137.013535],"中山町2":[34.991741,137.014025],"東新町4":[35.006286,137.01405],"中山町1":[34.98944,137.013677],"築地町1":[35.009365,137.014802],"半城土西町3":[34.976836,137.013797],"半城土町":[34.972473,137.026196],"昭和町2":[34.996901,137.01191],"一ツ木町7":[35.019589,137.015371],"下重原町3":[34.985929,137.016604],"幸町3":[34.994808,137.016449],"幸町1":[34.990077,137.017539],"東新町5":[35.004207,137.013535],"下重原町2":[34.987153,137.017043],"幸町2":[34.992733,137.016913],"半城土西町1":[34.981108,137.015306],