{"高棚町":[34.958174,137.034511],"東端町":[34.901526,137.028558],"根崎町":[34.896664,137.033989],"榎前町":[34.931185,137.03952],"福釜町":[34.938943,137.039792],"和泉町":[34.931266,137.0533],"二本木町":[34.966325,137.053749],"城ヶ入町":[34.899439,137.045471],"美園町":[34.979173,137.047462],"緑町2":[34.970147,137.050143],"箕輪町":[34.961845,137.067698],"美園町1":[34.977959,137.045212],"緑町1":[34.972374,137.05275],"二本木新町1":[34.979048,137.057175],"美園町2":[34.97243,137.056714],"赤松町":[34.933418,137.063364],"三河安城本町1":[34.972475,137.056002],"三河安城本町2":[34.968446,137.05931],"二本木新町2":[34.977655,137.055377],"二本木新町":[34.979302,137.057843],"三河安城南町1":[34.965307,137.058374],"井杭山町":[34.977353,137.064923],"二本木新町3":[34.97064,137.060998],"三河安城南町2":[34.965069,137.063865],"石井町":[34.91487,137.062627],"三河安城町1":[34.968873,137.060961],"三河安城町2":[34.971705,137.06359],"藤井町":[34.895059,137.065007],"篠目町":[34.976512,137.075731],"横山町":[34.963521,137.070474],"三河安城東町1":[34.965181,137.06404],"小川町":[34.910917,137.094827],"百石町2":[34.948855,137.070131],"三河安城東町2":[34.966915,137.066429],"池浦町":[34.973785,137.087736],"桜井町":[34.916232,137.08832],"篠目町1":[34.976679,137.072911],"篠目町2":[34.980061,137.072356],"篠目町3":[34.983313,137.075815],"住吉町":[34.980252,137.081814],"住吉町5":[34.99097,137.077158],"篠目町4":[34.978773,137.074884],"今本町":[34.994242,137.073724],"住吉町7":[34.986112,137.076847],"安城町":[34.943455,137.094623],"百石町1":[34.951929,137.07634],"桜町":[34.963268,137.077521],"姫小川町":[34.91478,137.081465],"里町":[34.993484,137.092773],"住吉町6":[34.987913,137.07831],"城南町2":[34.949167,137.076318],"今本町5":[34.993268,137.076791],"今本町4":[34.993866,137.077066],"堀内町":[34.933784,137.073827],"住吉町1":[34.988497,137.079775],"城南町1":[34.950881,137.078654],"野寺町":[34.902416,137.079993],"小堤町":[34.954697,137.083559],"住吉町2":[34.98817,137.078879],"今本町3":[34.990558,137.081582],"今池町3":[34.97946,137.086758],"住吉町3":[34.981717,137.084186],"大山町2":[34.948097,137.084131],"大東町":[34.965683,137.07785],"今本町2":[34.992935,137.083173],"花ノ木町":[34.957756,137.084776],"今池町1":[34.987177,137.084284],"古井町":[34.934829,137.095105],"今本町7":[34.994278,137.084141],"大山町1":[34.950231,137.087602],"錦町":[34.952793,137.087477],"東栄町1":[34.98712,137.085402],"御幸本町":[34.960268,137.085877],"末広町":[34.957276,137.084963],"今本町1":[34.993131,137.086723],"新田町":[34.97186,137.086609],"今本町8":[34.993935,137.087019],"相生町":[34.954473,137.089527],"東栄町2":[34.990566,137.088505],"今池町2":[34.981079,137.086693],"昭和町":[34.964656,137.089155],"寺領町":[34.898686,137.089325],"朝日町":[34.958952,137.089554],"東栄町3":[34.988371,137.089301],"南町":[34.950168,137.089042],"里町1":[34.996428,137.091068],"里町4":[34.993551,137.088334],"日の出町":[34.952177,137.091391],"今池町4":[34.982982,137.092875],"明治本町":[34.960508,137.09212],"東栄町4":[34.989143,137.089973],"弁天町":[34.966881,137.088193],"木戸町":[34.899182,137.0948],"今池町":[34.981223,137.095885],"里町2":[34.993605,137.093584],"東町":[34.920702,137.095923],"東栄町5":[34.98813,137.097839],"東明町":[34.950836,137.095425],"法連町":[34.957073,137.094035],"新明町":[34.96021,137.092973],"東新町":[34.957077,137.095737],"里町3":[34.992831,137.097593],"浜富町":[34.95535,137.097299],"東栄町6":[34.986769,137.100408],"浜屋町":[34.987747,137.101171],"上条町":[34.950568,137.099349],"北山崎町":[34.970679,137.11052],"尾崎町":[34.978699,137.115423],"大岡町":[34.959664,137.107461],"川島町":[34.927807,137.108224],"山崎町":[34.951852,137.109053],"宇頭茶屋町":[34.98286,137.108458],"高木町":[34.95959,137.108144],"河野町":[34.932476,137.110941],"村高町":[34.926865,137.115111],"西別所町":[34.964932,137.113751],"橋目町":[34.98264,137.111417],"別郷町":[34.962616,137.113213],"東別所町":[34.966534,137.117214],"柿さき町":[34.977378,137.1228],"東栄町":[34.984138,137.101552],"南町5":[34.949652,137.08929],"南町4":[34.948725,137.091968],"浜屋町南裏1":[34.98493,137.100421],"東栄町7":[34.982713,137.100309]}