{"藤島町居屋敷":[35.26797,136.88625],"藤島町出口":[35.264548,136.885369],"藤島2":[35.27015,136.887011],"大字三ツ渕":[35.290487,136.895813],"藤島1":[35.270874,136.887909],"新小木1":[35.283386,136.888107],"小木西3":[35.271919,136.888449],"大字三ツ渕原新田":[35.305703,136.894536],"新小木4":[35.278871,136.887091],"藤島町五才田":[35.266282,136.889242],"藤島町梵天":[35.269172,136.892675],"新小木3":[35.28043,136.891069],"新小木2":[35.282303,136.893103],"小木南3":[35.27067,136.89351],"大字小木":[35.284857,136.899993],"大字舟津":[35.291527,136.904305],"小木西2":[35.276689,136.892702],"藤島町中島":[35.268993,136.89353],"藤島町鏡池":[35.267143,136.893516],"藤島町徳願寺":[35.263895,136.893157],"小木5":[35.274562,136.894865],"小木西1":[35.28331,136.897088],"小木4":[35.276607,136.89722],"大字西之島":[35.302991,136.90431],"小木南2":[35.270439,136.896536],"藤島町向江":[35.267435,136.895474],"小木南1":[35.272124,136.898288],"小木3":[35.278992,136.899316],"下小針中島3":[35.271646,136.903138],"多気西町":[35.262329,136.900838],"小木2":[35.281564,136.901384],"小木東3":[35.274212,136.900671],"多気北町":[35.266325,136.904038],"大字入鹿出新田":[35.312031,136.912961],"西島町":[35.296024,136.90207],"多気南町":[35.258342,136.904526],"小木東2":[35.278923,136.904004],"小木1":[35.282529,136.905844],"弥生町":[35.293849,136.906046],"下小針中島1":[35.27107,136.906891],"小木東1":[35.281457,136.905964],"大字村中":[35.309894,136.916352],"元町4":[35.285012,136.905209],"多気中町":[35.262522,136.907628],"元町3":[35.286268,136.905305],"下小針中島2":[35.266605,136.907528],"外堀4":[35.277913,136.905631],"村中新町":[35.29724,136.907185],"元町2":[35.28748,136.905738],"元町1":[35.292097,136.905622],"堀の内2":[35.291023,136.909038],"堀の内5":[35.28824,136.908878],"大字河内屋新田":[35.325252,136.914206],"川西1":[35.284272,136.909061],"曙町":[35.293707,136.908875],"川西3":[35.281407,136.908686],"間々本町":[35.2961,136.913522],"外堀2":[35.279171,136.913932],"外堀3":[35.278015,136.91018],"下小針天神1":[35.272343,136.911395],"下小針天神3":[35.267001,136.911128],"大字間々":[35.298995,136.915445],"堀の内4":[35.286805,136.912068],"多気東町":[35.26446,136.911996],"川西2":[35.284071,136.911066],"堀の内1":[35.294263,136.913426],"小針2":[35.272983,136.917347],"外堀1":[35.281786,136.914577],"堀の内3":[35.289317,136.913822],"大字間々原新田":[35.302114,136.92274],"大字横内":[35.318915,136.920357],"小針1":[35.274881,136.916673],"下小針天神2":[35.264937,136.913563],"常普請1":[35.286127,136.920073],"小針3":[35.26709,136.916558],"山北町":[35.295295,136.916505],"小牧1":[35.291689,136.921862],"市之久田2":[35.269464,136.92205],"郷中2":[35.276109,136.921797],"常普請3":[35.282094,136.920899],"小牧5":[35.289701,136.920748],"安田町":[35.297822,136.918116],"常普請2":[35.282812,136.920711],"郷中1":[35.278538,136.921634],"大字小牧":[35.285303,136.925673],"市之久田1":[35.274289,136.92271],"大字岩崎原新田":[35.316053,136.929407],"新町1":[35.297303,136.923026],"大字小牧原新田":[35.305503,136.938666],"大字岩崎":[35.310098,136.941048],"大字南外山":[35.270302,136.930411],"岩崎原1":[35.317857,136.922519],"小牧4":[35.288435,136.924944],"桜井":[35.283684,136.921761],"桜井本町":[35.282631,136.923416],"若草町":[35.278799,136.924982],"小牧3":[35.290993,136.926458],"岩崎原2":[35.32008,136.924438],"大字北外山":[35.275964,136.939637],"小牧2":[35.292778,136.928548],"小牧原1":[35.306701,136.927869],"掛割町":[35.275396,136.92489],"新町2":[35.297398,136.927274],"春日寺1":[35.256107,136.931193],"中央1":[35.292526,136.929049],"岩崎5":[35.311109,136.929515],"大字北外山入鹿新田":[35.285985,136.925787],"岩崎原3":[35.314647,136.928003],"大字久保一色":[35.317871,136.947784],"岩崎1":[35.31336,136.930114],"東新町":[35.28488,136.930667],"小牧原4":[35.302261,136.933117],"新町3":[35.296614,136.930834],"緑町":[35.285166,136.927899],"小牧原2":[35.304111,136.934789],"中央2":[35.291803,136.931376],"寺西":[35.321004,136.929253],"応時4":[35.281778,136.931908],"大字大山":[35.320538,137.010129],"春日寺2":[35.258655,136.93234],"中央6":[35.284156,136.93657],"中央5":[35.284129,136.937654],"応時1":[35.283291,136.934722],"中央3":[35.291158,136.934341],"春日寺3":[35.261233,136.934566],"応時3":[35.281208,136.935052],"大字二重堀":[35.2909,136.944751],"久保一色南1":[35.318969,136.936075],"中央4":[35.287855,136.936937],"小牧原3":[35.305637,136.938092],"応時2":[35.28178,136.937346],"久保一色南2":[35.316391,136.938267],"東4":[35.283089,136.940401],"大字東田中":[35.301252,136.952556],"久保新町":[35.311029,136.941334],"久保本町":[35.313724,136.94148],"東1":[35.282882,136.944102],"大字小松寺":[35.312679,136.951942],"田県町":[35.317163,136.943231],"東3":[35.281932,136.942714],"東2":[35.277671,136.945559],"久保一色東1":[35.322238,136.945802],"大字文津":[35.303003,136.951993],"大字下末":[35.289247,136.966959],"大字上末":[35.305798,136.971294],"久保一色東2":[35.320593,136.948888],"葭原":[35.316438,136.948217],"大字本庄":[35.306209,136.965195],"長治町":[35.292379,136.953418],"郷西町":[35.295964,136.957709],"大字池之内":[35.303971,136.98127],"大字林":[35.318184,136.9846],"大字大草":[35.300237,137.007348],"高根2":[35.291111,136.980513],"高根1":[35.294541,136.978156],"古雅4":[35.305921,136.977135],"桃ケ丘3":[35.295207,136.97882],"高根3":[35.290275,136.980905],"林西":[35.319007,136.973263],"古雅3":[35.304494,136.97948],"池之内赤堀":[35.316861,136.977249],"桃ケ丘2":[35.297065,136.979495],"古雅2":[35.301274,136.980818],"林南":[35.311525,136.97828],"桃ケ丘1":[35.299548,136.983673],"林中":[35.313694,136.980914],"古雅1":[35.301967,136.981324],"城山5":[35.293701,136.984393],"林北":[35.318848,136.984369],"林新外":[35.311455,136.980633],"篠岡2":[35.304047,136.983712],"城山1":[35.29761,136.985453],"林野原":[35.314216,136.983479],"城山4":[35.291656,136.988149],"篠岡1":[35.303551,136.987495],"篠岡3":[35.305083,136.989652],"大字野口":[35.329956,137.024062],"野口違井那":[35.308198,136.986728],"城山2":[35.296671,136.987376],"光ケ丘1":[35.300423,136.990934],"野口島ノ田":[35.31089,136.985836],"大草中":[35.291409,136.994641],"城山3":[35.29353,136.990857],"大草西":[35.282824,136.987853],"野口柿花":[35.313324,136.990751],"光ケ丘2":[35.304302,136.99193],"野口定道":[35.317498,136.991253],"光ケ丘6":[35.299212,136.991979],"光ケ丘5":[35.298756,136.995429],"野口中田":[35.314714,136.992779],"野口友ケ根":[35.313187,136.994933],"光ケ丘3":[35.303311,136.995269],"大草南":[35.286374,136.998092],"大草北":[35.304062,137.001204],"光ケ丘4":[35.299046,136.998219],"野口惣門":[35.316218,136.995933],"野口高畑":[35.312127,137.000269],"大草七重":[35.305057,136.99664],"大草東":[35.28507,137.005408],"大山南":[35.314136,137.002869],"大草太良下":[35.299711,137.002043],"大草藤助":[35.296565,137.008181],"大山中":[35.314379,137.011234],"大草一色":[35.289557,137.004306]}