{"河野町一色":[35.348909,136.836408],"河野町管竹":[35.349803,136.83693],"宮田町藤ノ森":[35.355453,136.841146],"宮田町本田島":[35.356705,136.840069],"河野町川西":[35.348345,136.837052],"宮田町南野":[35.352585,136.840226],"河野町河野":[35.349815,136.841783],"河野町小脇":[35.34765,136.841146],"河野町五十間":[35.345983,136.841407],"宮田町南野東":[35.351258,136.842484],"島宮町四日市場":[35.327658,136.845672],"松竹町八幡":[35.33902,136.846754],"松竹町西瀬古":[35.340144,136.846175],"松竹町西松竹":[35.342979,136.845827],"宮田町泉":[35.355752,136.843082],"宮田町平和":[35.353358,136.84412],"後飛保町西町":[35.348953,136.84393],"松竹町向島":[35.344403,136.84523],"後飛保町高瀬":[35.346444,136.844872],"松竹町元屋敷":[35.338174,136.847374],"後飛保町新開":[35.351348,136.847589],"宮田町本郷":[35.355597,136.846891],"宮田町久保見":[35.354759,136.848081],"後飛保町中町":[35.349847,136.845631],"宮田町四ツ谷":[35.357436,136.847023],"島宮町郷内":[35.335715,136.847705],"後飛保町平野":[35.347673,136.848093],"島宮町西之宮":[35.332514,136.846896],"後飛保町本郷":[35.351631,136.847693],"後飛保町東高瀬":[35.345175,136.84857],"島宮町城":[35.327404,136.847545],"後飛保町宮前":[35.350729,136.848441],"松竹町郷浦":[35.345166,136.84962],"宮田町河沼":[35.357615,136.851224],"島宮町巡見":[35.332657,136.849654],"松竹町東瀬古":[35.343199,136.850894],"島宮町水堀":[35.332952,136.848153],"島宮町桐野":[35.327637,136.85016],"松竹町高山":[35.341901,136.849395],"宮田町宮東":[35.357345,136.850727],"後飛保町両家":[35.351124,136.848827],"東野町河戸":[35.336413,136.849733],"東野町西出":[35.334995,136.849836],"宮田町菖蒲池":[35.35656,136.852692],"島宮町吉原":[35.33002,136.851994],"後飛保町前川":[35.351218,136.850936],"後飛保町神明野":[35.348551,136.851151],"後飛保町出島":[35.35471,136.852557],"後飛保町薬師":[35.353659,136.853165],"東野町西神田":[35.339523,136.852932],"東野町郷前西":[35.331378,136.853039],"東野町河原":[35.337715,136.85131],"松竹町切野":[35.340454,136.852394],"松竹町米野":[35.344878,136.854248],"東野町郷前":[35.334905,136.853887],"前飛保町河原":[35.348328,136.853547],"上奈良町久保":[35.32781,136.85342],"宮田町新田":[35.360022,136.853261],"東野町新田":[35.337458,136.853755],"藤ケ丘2":[35.352629,136.853432],"東野町七社宮":[35.335738,136.854745],"宮田町中島":[35.359446,136.854799],"前飛保町西町":[35.34738,136.855762],"上奈良町瑞穂":[35.329263,136.854603],"東野町神上":[35.333595,136.856356],"藤ケ丘1":[35.351277,136.853825],"上奈良町観音寺":[35.325557,136.856868],"松竹町上野":[35.341601,136.855543],"宮田神明町春日":[35.361303,136.857563],"藤ケ丘4":[35.356663,136.853949],"宮田町生原":[35.358204,136.857418],"東野町神田":[35.339285,136.855414],"上奈良町郷":[35.327164,136.856948],"東野町新田東":[35.336747,136.85579],"藤ケ丘3":[35.352946,136.854233],"前飛保町寺町":[35.349749,136.859171],"上奈良町栄":[35.332997,136.857886],"中奈良町西浦":[35.323419,136.858312],"藤ケ丘5":[35.356184,136.855641],"前飛保町栄":[35.34474,136.859641],"東野町岩見":[35.34078,136.857681],"五明町福森":[35.31723,136.857977],"村久野町藤里":[35.357083,136.859784],"東野町米野":[35.336438,136.85938],"藤ケ丘6":[35.35222,136.856782],"上奈良町天王":[35.33072,136.859743],"東野町東神田":[35.339326,136.859023],"五明町大膳":[35.314342,136.862433],"宮田神明町栄":[35.359745,136.859356],"前飛保町寺前":[35.348082,136.860876],"村久野町河戸":[35.356118,136.859579],"上奈良町神明":[35.327535,136.859171],"上奈良町緑":[35.332899,136.860318],"上奈良町錦":[35.334366,136.859052],"東野町烏森":[35.337943,136.860229],"宮田神明町緑":[35.361789,136.858833],"藤ケ丘7":[35.353696,136.85954],"中奈良町本郷":[35.322202,136.86006],"村久野町南大門":[35.352287,136.861858],"五明町太子堂":[35.319338,136.861419],"大間町新町":[35.33326,136.862965],"前飛保町緑ケ丘":[35.344954,136.86364],"中奈良町一ツ目":[35.326837,136.861265],"上奈良町豊里":[35.327123,136.860863],"宮田神明町天王":[35.361492,136.863879],"前飛保町藤町":[35.346884,136.862909],"東野町鐘鋳山":[35.340696,136.862628],"飛高町泉":[35.341175,136.864212],"宮田神明町旭":[35.359415,136.864858],"上奈良町旭":[35.331587,136.861334],"村久野町大門":[35.355423,136.863429],"古知野町牧森":[35.338723,136.863008],"中奈良町本郷東":[35.321188,136.86215],"村久野町宮出":[35.358726,136.862661],"東野町長幡寺":[35.33987,136.863047],"飛高町門野":[35.343445,136.865982],"五明町天王":[35.32132,136.864699],"大間町南大間":[35.331866,136.863232],"赤童子町大間":[35.33516,136.864737],"小杁町一色":[35.36353,136.866116],"五明町高砂":[35.312394,136.86383],"五明町当光地":[35.318493,136.86417],"村久野町門弟山":[35.349497,136.865434],"村久野町冨士塚":[35.354239,136.864662],"古知野町福寿":[35.336577,136.86514],"赤童子町栄":[35.332388,136.863962],"古知野町宮裏":[35.339845,136.866754],"古知野町宮前":[35.337912,136.865679],"小郷町楽ノ山":[35.312344,136.866272],"五明町石橋":[35.313513,136.865345],"村久野町寺東":[35.359667,136.8686],"中奈良町熊野":[35.323095,136.866497],"村久野町寺町":[35.357584,136.867774],"赤童子町白山":[35.329034,136.866483],"飛高町栄":[35.349419,136.866694],"木賀町杉":[35.328673,136.867532],"村久野町仲原":[35.355717,136.867509],"小郷町西ノ山":[35.315939,136.867213],"村久野町鈴道":[35.354122,136.867143],"赤童子町桜道":[35.331844,136.867635],"五明町根場":[35.31769,136.866464],"小杁町本郷":[35.36075,136.869487],"古知野町花霞":[35.342651,136.867733],"赤童子町良原":[35.333348,136.868087],"飛高町夫見添":[35.345552,136.868012],"五明町青木":[35.318684,136.867715],"古知野町高瀬":[35.345048,136.868476],"鹿子島町尾崎":[35.36719,136.869159],"古知野町大塔":[35.335494,136.867711],"古知野町塔塚":[35.336177,136.867865],"古知野町久保見":[35.338075,136.869013],"布袋下山町西":[35.317161,136.868195],"鹿子島町船付":[35.369935,136.873621],"小杁町寺ノ内":[35.362139,136.868149],"小郷町伍大力":[35.31294,136.868603],"木賀町新開":[35.323281,136.870005],"木賀町定和":[35.322962,136.870724],"古知野町桃源":[35.342063,136.868866],"飛高町本町":[35.349095,136.869229],"木賀本郷町西":[35.328434,136.869394],"飛高町宮町":[35.350113,136.871519],"飛高町中町":[35.347946,136.87099],"赤童子町御宿":[35.330889,136.869517],"鹿子島町中":[35.365703,136.870713],"村久野町鳥附":[35.352618,136.869814],"小杁町八幡":[35.364408,136.87101],"村久野町平野":[35.353856,136.872171],"布袋下山町南":[35.314664,136.871997],"布袋町西":[35.322223,136.869664],"古知野町日の出":[35.335282,136.870221],"村久野町中郷":[35.357413,136.872119],"古知野町古渡":[35.336147,136.870399],"古知野町北屋敷":[35.341094,136.870668],"小郷町手保ノ木":[35.314889,136.87018],"木賀本郷町南":[35.324964,136.870386],"古知野町熱田":[35.342199,136.871443],"布袋町南":[35.31854,136.87108],"村久野町九郷":[35.361293,136.873765],"赤童子町大堀":[35.332954,136.87127],"小郷町粟田木":[35.311805,136.872425],"田代町西ノ丸":[35.309404,136.871847],"野白町葭場":[35.346431,136.871652],"布袋下山町北":[35.316795,136.870908],"古知野町本郷":[35.339361,136.871667],"布袋町中":[35.321201,136.870936],"木賀本郷町東":[35.327892,136.871463],"赤童子町藤宮":[35.329236,136.871836],"布袋町北":[35.322581,136.872193],"野白町野白":[35.34487,136.873147],"鹿子島町生島":[35.369031,136.873318],"古知野町朝日":[35.33616,136.872474],"小折町八竜西":[35.311095,136.871978],"小杁町長者毛西":[35.363598,136.87363],"木賀町大門":[35.324436,136.87295],"木賀本郷町緑":[35.326704,136.872328],"布袋町東":[35.323926,136.873077],"布袋下山町東":[35.315106,136.872717],"古知野町千丸":[35.34255,136.872916],"村久野町瀬頭":[35.353551,136.873659],"布袋町西布":[35.319733,136.872744],"高屋町西町":[35.348877,136.874645],"古知野町広見":[35.338977,136.873513],"小杁町明土":[35.365041,136.875578],"村久野町上原":[35.360604,136.875942],"古知野町瑞穂":[35.336423,136.873469],"赤童子町南山":[35.332081,136.875826],"高屋町清水":[35.350147,136.877009],"赤童子町福住":[35.330691,136.875443],"田代町南出":[35.307054,136.875437],"高屋町西里":[35.353176,136.876215],"古知野町小金":[35.340776,136.875484],"田代町郷中":[35.309259,136.875561],"野白町東千丸":[35.341657,136.875347],"小脇町小脇":[35.368291,136.876133],"高屋町旭":[35.349266,136.876508],"小折町八竜":[35.311307,136.875289],"木賀東町新塚":[35.329923,136.877053],"赤童子町南野":[35.332985,136.873998],"小折町桜雲":[35.313827,136.877466],"村久野町金森":[35.359453,136.875458],"南山町西":[35.316138,136.875522],"野白町西千丸":[35.342051,136.875886],"木賀東町新宮":[35.329679,136.877762],"北野町天神":[35.334956,136.875048],"北山町西":[35.317902,136.87724],"草井町中":[35.371664,136.882992],"古知野町杉山":[35.338088,136.875044],"寄木町秋葉":[35.322115,136.878147],"寄木町白山":[35.322778,136.878197],"北野町旭":[35.336598,136.875669],"高屋町十六田":[35.346471,136.877854],"大海道町神明":[35.324543,136.878344],"小杁町林":[35.367955,136.879539],"北野町小松":[35.332223,136.876015],"小杁町鴨ケ池":[35.370228,136.878824],"小杁町長者毛東":[35.362895,136.878517],"村久野町平河":[35.358939,136.879973],"北野町郷浦":[35.336867,136.875716],"小折東町旭":[35.307263,136.876967],"宮後町砂場西":[35.337251,136.877455],"北野町川石":[35.335003,136.87761],"宮後町王塚":[35.340069,136.87982],"高屋町大松原":[35.35799,136.880629],"高屋町花戸":[35.344428,136.878303],"高屋町遠場":[35.343259,136.880047],"大海道町中里":[35.326032,136.878648],"南山町中":[35.316268,136.879155],"小折町八反畑":[35.312201,136.882242],"小折本町栄":[35.310205,136.878887],"村久野町平松":[35.359329,136.880736],"高屋町御日塚":[35.353495,136.878463],"尾崎町桐野":[35.332368,136.877643],"宮後町砂場東":[35.33662,136.883219],"小折本町白山":[35.304971,136.879657],"高屋町神戸":[35.347722,136.878956],