{"上野新町":[35.370063,136.92245],"大字上野":[35.372232,136.933966],"大字木津":[35.380702,136.931116],"楽田大円2":[35.321021,136.923933],"楽田大円1":[35.325294,136.926259],"字西大円":[35.321417,136.924764],"楽田青塚2":[35.32246,136.926942],"字東大円":[35.322639,136.925789],"字青塚":[35.326219,136.929401],"青塚新町":[35.323961,136.927567],"楽田青塚1":[35.32443,136.929126],"上坂町5":[35.374206,136.930153],"字安師":[35.327827,136.930925],"字中唐曽":[35.324458,136.933642],"楽田安師":[35.326846,136.932651],"上坂町2":[35.378293,136.933114],"字西唐曽":[35.32631,136.932697],"上坂町4":[35.375373,136.933349],"上坂町3":[35.376351,136.934611],"大字犬山":[35.388526,136.964073],"字巾廻り":[35.329583,136.933823],"楽田巾1":[35.33086,136.933996],"大字羽黒新田":[35.346719,136.953792],"字東唐曽":[35.322647,136.934759],"字的場":[35.326427,136.937697],"字巾前":[35.328463,136.936671],"上坂町1":[35.377535,136.93437],"楽田一色浦":[35.323349,136.935138],"大字橋爪":[35.366442,136.954571],"字太吉屋敷":[35.329415,136.93573],"字平塚":[35.33115,136.938349],"楽田巾2":[35.328998,136.935759],"字北平塚":[35.332011,136.93699],"字西野":[35.322587,136.936009],"字一色浦":[35.324493,136.93678],"楽田西野1":[35.32239,136.936437],"楽田大橋1":[35.323159,136.937358],"字南大橋":[35.322434,136.938296],"楽田西野2":[35.322284,136.937526],"字八反田":[35.334892,136.938603],"楽田巾3":[35.328699,136.93822],"字七ツ屋":[35.327526,136.938785],"大字五郎丸":[35.364646,136.956653],"字北大橋":[35.326042,136.938931],"字二タ俣":[35.33281,136.93855],"羽黒高橋1":[35.344997,136.938414],"字新川":[35.333706,136.937435],"大字羽黒":[35.356636,136.979496],"羽黒高橋3":[35.343391,136.938839],"字土取":[35.327168,136.939713],"字鶴池":[35.331328,136.940364],"楽田鶴池":[35.330317,136.939181],"楽田大橋2":[35.325073,136.940641],"字落添":[35.332799,136.941053],"字角池":[35.335902,136.94212],"楽田大橋3":[35.323709,136.93921],"字大上戸":[35.338375,136.942843],"字上榎島":[35.329499,136.940558],"羽黒成海西":[35.347404,136.940455],"字下舞台":[35.333565,136.94566],"字味加田":[35.330195,136.942329],"字下榎島":[35.327866,136.942902],"羽黒高橋4":[35.342029,136.942192],"字中道":[35.330958,136.944844],"字五反田":[35.332461,136.9422],"羽黒高橋2":[35.34589,136.942493],"字下沼":[35.326341,136.943033],"楽田上沼1":[35.326441,136.944782],"字地蔵池西":[35.337124,136.944033],"楽田西浦2":[35.328035,136.94538],"字鳥屋越":[35.323573,136.945849],"字舟田":[35.330397,136.943981],"字二タ田":[35.329078,136.9437],"羽黒稲葉西1":[35.358267,136.942969],"字元散前":[35.331474,136.945785],"字上舞台":[35.334339,136.945397],"羽黒稲葉西2":[35.359332,136.946892],"字柿畑":[35.337549,136.945881],"羽黒菊川":[35.344323,136.947363],"楽田勝部前1":[35.331034,136.945529],"内田東町":[35.387678,136.946164],"字観音浦":[35.328985,136.946302],"字勝部前":[35.332302,136.94884],"楽田西浦1":[35.330322,136.946568],"中山町1":[35.375321,136.947565],"楽田地蔵池":[35.335917,136.947668],"字本町":[35.326542,136.948187],"天神町5":[35.376857,136.947719],"天神町4":[35.377509,136.947769],"天神町3":[35.378564,136.947293],"橋爪東3":[35.37054,136.946931],"羽黒摺墨":[35.353027,136.951123],"字焼野":[35.334674,136.947418],"字横町":[35.329721,136.949001],"天神町2":[35.378891,136.947849],"橋爪東1":[35.372071,136.950365],"字北之門":[35.331151,136.947878],"松本町1":[35.381816,136.951148],"天神町1":[35.381451,136.946992],"丸山天白町":[35.383517,136.952343],"字山神":[35.336219,136.950852],"字西北野":[35.335434,136.951114],"羽黒稲葉東":[35.358151,136.949957],"字前田面":[35.315014,136.95392],"字追分":[35.338488,136.951942],"中山町2":[35.375593,136.949104],"字外屋敷":[35.328969,136.948504],"松本町4":[35.379335,136.950652],"五郎丸東1":[35.366478,136.950431],"字若宮":[35.330863,136.950636],"松本町2":[35.380269,136.952668],"字烏杜":[35.327211,136.949763],"楽田天神1":[35.326269,136.948859],"楽田内久保1":[35.320324,136.950264],"楽田内久保2":[35.317003,136.951296],"字小洞":[35.320441,136.951709],"梅坪1":[35.37628,136.950234],"字裏之門":[35.333401,136.953615],"五郎丸東3":[35.362634,136.953823],"羽黒恩田島":[35.359396,136.950569],"字城山":[35.326845,136.952399],"字寺西":[35.335101,136.953057],"松本町3":[35.379127,136.953375],"梅坪3":[35.37441,136.955591],"橋爪東6":[35.36937,136.956283],"五郎丸東2":[35.364356,136.953826],"字追分東":[35.336453,136.951678],"字栗林":[35.337662,136.952528],"羽黒起":[35.345,136.951485],"字内久保":[35.32008,136.954944],"字藪畔":[35.33033,136.953509],"字前並":[35.340533,136.953724],"字池田":[35.338992,136.953136],"梅坪2":[35.373822,136.952621],"富岡新町1":[35.380256,136.956349],"楽田原西":[35.343107,136.954424],"楽田山ノ田1":[35.324688,136.954657],"羽黒栄1":[35.358376,136.953329],"字宮浦":[35.343015,136.955162],"羽黒栄2":[35.356212,136.955735],"字東北野":[35.335222,136.955986],"橋爪東2":[35.372359,136.953771],"字三ツ塚":[35.339466,136.954034],"字蓮池":[35.321107,136.968029],"楽田長塚西":[35.345578,136.956443],"富岡新町4":[35.379338,136.957225],"字九左エ門廻り":[35.344236,136.954961],"字郷西":[35.347412,136.958004],"字中小針":[35.327114,136.956318],"大字富岡":[35.385309,136.970302],"字岩田":[35.341009,136.955047],"富岡新町2":[35.381748,136.957024],"富岡新町5":[35.378635,136.955684],"楽田小針":[35.326718,136.956276],"字惣作":[35.330733,136.959454],"字天王前":[35.343273,136.955949],"楽田山ノ田4":[35.321575,136.955545],"字番前":[35.334265,136.958491],"字林吾塚":[35.338718,136.956171],"字北浦":[35.344577,136.95698],"五郎丸東4":[35.363366,136.956288],"橋爪東4":[35.370557,136.95621],"塔野地北4":[35.3757,136.958664],"字野田":[35.336821,136.958597],"羽黒栄4":[35.358208,136.956886],"字石塚":[35.344444,136.957658],"羽黒朝日1":[35.353993,136.958868],"字下小針":[35.325386,136.956652],"字高坪":[35.324741,136.956876],"字打越":[35.326195,136.960375],"大字塔野地":[35.377662,136.991779],"大字前原":[35.35713,136.988534],"前原西4":[35.363459,136.95751],"富岡新町3":[35.382023,136.958411],"塔野地西4":[35.36938,136.958605],"大字継鹿尾":[35.399094,136.971063],"字郷東":[35.347807,136.958981],"字山ノ鼻":[35.330097,136.960553],"塔野地西1":[35.371451,136.958067],"字鷺山":[35.325002,136.95892],"字荒井":[35.329016,136.960635],"富岡南1":[35.379177,136.958597],"楽田打越1":[35.326217,136.959078],"字山崎西":[35.336275,136.959047],"羽黒安戸西1":[35.361533,136.964343],"字高根洞":[35.342822,136.960631],"羽黒鉾添2":[35.358537,136.960179],"桃山台1":[35.327531,136.962832],"前原西3":[35.363359,136.960208],"羽黒朝日5":[35.350805,136.960325],"字山ノ田腰":[35.343397,136.960254],"字薬師浦":[35.332939,136.959864],"字常福寺洞":[35.334285,136.960443],"楽田長塚東":[35.347372,136.959757],"字薬師前":[35.330748,136.959955],"塔野地西3":[35.370342,136.960314],"前原西5":[35.360978,136.964534],"羽黒朝日2":[35.354377,136.96078],"字常福寺浦":[35.333321,136.961172],"字笛田":[35.326189,136.965802],"羽黒鉾添1":[35.358103,136.963759],"塔野地杉2":[35.369858,136.962629],"字堂屋敷":[35.329276,136.963572],"富岡南2":[35.378272,136.961957],"楽田打越2":[35.325904,136.962528],"字北大門":[35.331777,136.962232],"字小路":[35.330645,136.961719],"字倉曽洞":[35.330701,136.982034],"大字栗栖":[35.420765,136.968171],"塔野地北3":[35.377508,136.962598],"羽黒鉾添3":[35.357188,136.962063],"羽黒新外山":[35.352779,136.963938],"桃山台2":[35.327121,136.963792],"富岡東2":[35.378642,136.962858],"字中切":[35.331422,136.963966],"羽黒朝日6":[35.350899,136.963092],"羽黒桜海道1":[35.348757,136.963437],"前原1":[35.36672,136.966381],"字北洞":[35.331751,136.994036],"塔野地北2":[35.378948,136.964534],"字向山":[35.329538,136.965029],"字宮西":[35.330486,136.965586],"前原2":[35.364138,136.966613],"字洞田":[35.331704,136.968164],"大字善師野":[35.390906,136.996241],"塔野地杉1":[35.367855,136.966356],"字西片草":[35.342742,136.970924],"羽黒安戸南1":[35.356533,136.967856],"字宮山":[35.330223,136.973154],"羽黒新赤坂":[35.353591,136.969387],"長者町7":[35.346742,136.970546],"長者町1":[35.348201,136.970312],"字西桑原":[35.343459,136.970726],"長者町6":[35.344168,136.971248],"長者町2":[35.347259,136.971923],"池野安楽寺3":[35.342404,136.971967],"長者町3":[35.345306,136.973869],"長者町5":[35.344024,136.974424],"字二本木":[35.349246,136.973016],"善師野1":[35.386261,136.973369],"字稲干場":[35.347389,136.975262],"字東桑原":[35.342323,136.973794],"字屋敷裏":[35.341807,136.976719],"字向エ":[35.341624,136.9743],"前原味鹿1":[35.357526,136.974166],"字下屋敷":[35.346221,136.975113],"字上ノ田":[35.344557,136.975105],"字仲畑":[35.34096,136.976145],"字下林":[35.337202,136.977918],"長者町4":[35.343834,136.976456],"字牛岩":[35.344638,136.977257],"字早稲田":[35.347288,136.975592],"字大門":[35.347821,136.981546],"字石畑":[35.347081,136.977322],"字仲屋敷":[35.346619,136.977806],"字井ノ元":[35.340498,136.977277],"字裏山":[35.341699,136.979679],"字富士山":[35.34614,136.979713],"字大洞":[35.339705,136.981384],"字西洞":[35.332662,136.983921],"善師野2":[35.394674,136.985307],"字佐ケ瀬":[35.340142,136.986341],"字内山":[35.342594,136.991276],"四季の丘3":[35.393918,136.987639],"字内屋敷":[35.333932,136.989923],"四季の丘4":[35.396761,136.989257],"四季の丘2":[35.393102,136.989026],