{"霞ケ丘町南":[35.210715,137.006337],"霞ケ丘町中":[35.211198,137.007578],"霞ケ丘町北":[35.214128,137.008117],"東名西町1":[35.208105,137.008907],"印場元町北山":[35.210857,137.013262],"東名西町2":[35.20391,137.01036],"桜ケ丘町西":[35.215419,137.011813],"印場元町1":[35.212553,137.011932],"印場元町3":[35.208172,137.012133],"印場元町2":[35.210925,137.012451],"庄中町1":[35.205796,137.015504],"庄中町2":[35.204302,137.014254],"桜ケ丘町1":[35.218411,137.013836],"桜ケ丘町2":[35.214654,137.014835],"西山町1":[35.197641,137.015876],"印場元町4":[35.208533,137.014347],"西山町2":[35.198939,137.015586],"白鳳町1":[35.213139,137.016529],"平子町北":[35.223756,137.016914],"平子ケ丘町1":[35.221381,137.014024],"東山町2":[35.201311,137.017046],"白鳳町2":[35.212618,137.0172],"印場元町5":[35.210904,137.018027],"庄南町2":[35.195451,137.01694],"平子ケ丘町2":[35.223039,137.016279],"桜ケ丘町3":[35.217385,137.016784],"庄中町3":[35.203748,137.01607],"旭前町北":[35.218941,137.021738],"東印場町3":[35.210689,137.022755],"渋川町2":[35.206899,137.01805],"東山町1":[35.199222,137.017956],"平子町東":[35.227291,137.030099],"平子町西":[35.220744,137.021626],"渋川町3":[35.205829,137.021474],"旭前町6":[35.216952,137.018099],"旭前町3":[35.214034,137.018537],"大塚町2":[35.200743,137.02001],"庄南町3":[35.196615,137.01954],"庄南町1":[35.194957,137.019745],"旭前町4":[35.213481,137.019138],"渋川町1":[35.208865,137.022708],"東印場町2":[35.212775,137.022866],"旭前町新田洞":[35.217755,137.021037],"平子町長池上":[35.226197,137.027613],"旭前町2":[35.214851,137.019938],"大塚町1":[35.200996,137.022135],"旭前町5":[35.214402,137.023026],"庄南町4":[35.196271,137.023114],"大塚町3":[35.203791,137.022546],"旭前町1":[35.215878,137.022696],"平子町中通":[35.221565,137.024348],"吉岡町1":[35.202031,137.024829],"東印場町二反田":[35.208405,137.028976],"城前町茅池":[35.219559,137.025781],"緑町緑ケ丘":[35.201654,137.02975],"城前町2":[35.216645,137.02644],"城前町1":[35.218011,137.025987],"城前町3":[35.215786,137.026827],"東印場町4":[35.210894,137.025813],"東印場町1":[35.211996,137.0264],"城前町4":[35.214109,137.027182],"吉岡町2":[35.202849,137.026988],"南栄町1":[35.194437,137.029288],"城山町城山":[35.224119,137.029264],"城山町長池下":[35.219228,137.030666],"城前町城前":[35.216934,137.027457],"西大道町下大道":[35.212255,137.027757],"城山町三ツ池":[35.224648,137.03039],"長坂町南山":[35.201992,137.03725],"向町4":[35.215942,137.029607],"吉岡町3":[35.203804,137.029764],"城前町上大道":[35.213415,137.027884],"向町3":[35.214989,137.030336],"南栄町黒石":[35.193315,137.033707],"西の野町2":[35.209653,137.031743],"稲葉町1":[35.204855,137.033213],"西の野町豆塚":[35.20906,137.028368],"西大道町八瀬の木前":[35.213424,137.030389],"西大道町六兵衛前":[35.21255,137.030786],"新居町山の田":[35.221437,137.03029],"西の野町1":[35.207072,137.032159],"南新町中畑":[35.198848,137.033824],"大字新居":[35.233123,137.063597],"新居町木の本":[35.218583,137.032265],"北本地ケ原町1":[35.19765,137.033781],"向町1":[35.216787,137.033922],"城山町向ケ丘":[35.22421,137.035834],"向町2":[35.215044,137.034338],"西大道町五輪塚":[35.213544,137.031985],"西大道町前田":[35.211496,137.034953],"西の野町3":[35.211634,137.034066],"南本地ケ原町2":[35.19605,137.03408],"新居町西浦":[35.222503,137.031476],"新居町五反田":[35.217571,137.033672],"南本地ケ原町1":[35.194831,137.034732],"新居町今池下":[35.224031,137.040621],"稲葉町2":[35.203218,137.036321],"新居町寺田":[35.222503,137.03884],"南新町白山":[35.201068,137.037532],"旭ケ丘町山の手":[35.228118,137.04051],"北本地ケ原町2":[35.197983,137.037108],"新居町明才切":[35.220566,137.036918],"東大道町原田":[35.216472,137.04075],"西の野町4":[35.210969,137.034981],"南栄町旭ケ丘":[35.193178,137.041911],"南本地ケ原町3":[35.197357,137.039248],"東大道町山の内":[35.214239,137.03685],"西の野町5":[35.209384,137.036991],"稲葉町3":[35.204319,137.039175],"北本地ケ原町3":[35.200105,137.039853],"東大道町曽我廻間":[35.213771,137.040329],"新居町上の田":[35.220821,137.040093],"上の山町山畑":[35.201311,137.04061],"上の山町間口":[35.201551,137.045456],"稲葉町4":[35.207216,137.040354],"北山町六反田":[35.208199,137.043946],"北山町北山":[35.210807,137.042845],"北原山町六田池":[35.215645,137.044581],"稲葉町5":[35.205537,137.042639],"東本地ケ原町1":[35.197342,137.041443],"新居町諏訪南":[35.220239,137.042132],"北山町北新田":[35.213501,137.044652],"旭ケ丘町濁池":[35.226955,137.042875],"北本地ケ原町4":[35.199677,137.042731],"新居町下切戸":[35.223243,137.04294],"晴丘町池上":[35.193817,137.04657],"北原山町平池浦":[35.217546,137.043899],"下井町刎内":[35.204677,137.047331],"東本地ケ原町2":[35.197729,137.044667],"旭ケ丘町長洞":[35.228125,137.042055],"北原山町陀摩屋敷":[35.221068,137.045331],"南原山町南原山":[35.211016,137.047657],"大久手町上切戸":[35.224815,137.047458],"下井町下井":[35.205402,137.048641],"晴丘町東":[35.198624,137.0495],"下井町前の上":[35.208153,137.048651],"南原山町赤土":[35.215016,137.051424],"旭ケ丘町旭ケ丘":[35.226476,137.04423],"北原山町鳴湫":[35.219394,137.048854],"大久手町中松原":[35.225399,137.049458],"北原山町大久保見":[35.216458,137.048553],"東本地ケ原町3":[35.199622,137.047165],"南原山町石原":[35.21251,137.051089],"大久手町一の曽":[35.221665,137.049546],"井田町2":[35.211084,137.050745],"東本地ケ原町4":[35.199096,137.049911],"柏井町公園通":[35.231566,137.052567],"旭ケ丘町森":[35.230166,137.050376],"井田町4":[35.206173,137.051286],"東栄町1":[35.216759,137.051343],"東大久手町1":[35.223765,137.050826],"井田町3":[35.20938,137.05421],"柏井町弥栄":[35.230274,137.056503],"東大久手町3":[35.22243,137.054372],"井田町1":[35.212698,137.054808],"三郷町栄":[35.21592,137.054337],"三郷町中井田":[35.213251,137.055014],"東大久手町2":[35.221204,137.055088],"東栄町3":[35.219801,137.053668],"東栄町2":[35.218587,137.055191],"旭台1":[35.224919,137.057464],"東大久手町4":[35.223221,137.054926],"瀬戸川町1":[35.212491,137.058678],"旭台2":[35.226816,137.058578],"東栄町4":[35.218654,137.05802],"瀬戸川町2":[35.210554,137.057944],"三郷町陶栄":[35.216175,137.058075],"旭台3":[35.228447,137.05999],"根の鼻町2":[35.222689,137.057763],"狩宿町4":[35.211241,137.064689],"三郷町富丘":[35.214446,137.057459],"根の鼻町1":[35.219953,137.057942],"三郷町角田":[35.216326,137.059276],"東三郷町":[35.213891,137.060771],"狩宿新町2":[35.210598,137.060396],"狩宿新町1":[35.212492,137.059843],"狩宿町1":[35.214398,137.067927],"狩宿町3":[35.21336,137.06631],"狩宿町2":[35.213645,137.065975],"庄中町渋川":[35.206011,137.01225]}