{"南浜町":[34.985638,136.840019],"緑浜町":[34.954768,136.822529],"大草":[34.94504,136.833417],"新舞子":[34.955875,136.862954],"日長":[34.960424,136.858294],"旭南5":[34.943059,136.833886],"新舞子東町1":[34.953884,136.837105],"新舞子東町2":[34.952879,136.836605],"旭南2":[34.947138,136.835408],"南粕谷新海4":[34.938598,136.837143],"旭南1":[34.949671,136.835162],"旭南3":[34.945566,136.836321],"長浦1":[34.977353,136.850439],"金沢":[34.945602,136.853975],"南粕谷新海3":[34.937398,136.839327],"南粕谷新海1":[34.939061,136.841633],"旭4":[34.953716,136.841068],"旭5":[34.952506,136.841103],"南粕谷本町1":[34.939853,136.844027],"神田1":[34.945224,136.843272],"南粕谷新海2":[34.938072,136.844374],"旭1":[34.956119,136.843703],"旭3":[34.952952,136.845166],"旭6":[34.951489,136.845043],"南粕谷本町2":[34.939382,136.846917],"南粕谷本町4":[34.937789,136.847115],"旭2":[34.953981,136.848252],"長浦3":[34.975252,136.849059],"神田3":[34.941259,136.849438],"神田4":[34.939575,136.849586],"八幡":[34.965755,136.916346],"南粕谷本町3":[34.93734,136.849361],"日長東田2":[34.968529,136.850214],"南粕谷1":[34.936163,136.852527],"北浜町":[35.002167,136.863237],"長浦2":[34.976453,136.852481],"南粕谷2":[34.935036,136.855121],"南粕谷3":[34.939952,136.853857],"新知":[34.966429,136.88261],"大興寺":[34.947431,136.880071],"日長台":[34.954494,136.854051],"新広見":[34.949681,136.858363],"岡田美里町":[34.967858,136.855709],"岡田":[34.955978,136.883789],"南粕谷4":[34.938327,136.855601],"旭桃台":[34.951799,136.859093],"南粕谷東坂1":[34.93871,136.857004],"南粕谷東坂2":[34.93879,136.860015],"緑町":[35.001424,136.871036],"南谷1":[34.96287,136.863877],"中原4":[34.947511,136.862594],"中原1":[34.949472,136.861362],"南谷3":[34.958416,136.861912],"南谷4":[34.957671,136.863449],"大僧4":[34.943034,136.862117],"新知西町":[34.983953,136.863707],"新長根3":[34.954023,136.864257],"新知台1":[34.984187,136.864927],"新知東町2":[34.980044,136.869236],"新知東町1":[34.981351,136.866826],"中原3":[34.946021,136.866073],"中原2":[34.949804,136.863783],"吹込5":[34.95583,136.867019],"つつじが丘4":[34.985121,136.871332],"吹込1":[34.958863,136.868274],"新知台2":[34.982339,136.869007],"つつじが丘1":[34.987377,136.873224],"朝倉町":[34.991209,136.869912],"八幡新町1":[34.994742,136.869906],"新長根2":[34.955137,136.867257],"新知東町3":[34.976492,136.87198],"吹込4":[34.956181,136.87336],"にしの台4":[34.979952,136.873168],"八幡新町3":[34.989883,136.874017],"吹込2":[34.959763,136.869848],"新刀池2":[34.950706,136.872795],"八幡新町2":[34.991479,136.874458],"つつじが丘3":[34.982985,136.875291],"にしの台3":[34.974673,136.873934],"山屋敷2":[34.954726,136.872701],"吹込3":[34.957953,136.876579],"清水が丘2":[34.987925,136.877119],"つつじが丘2":[34.987635,136.876608],"梅が丘1":[34.970917,136.878521],"にしの台2":[34.978114,136.877731],"山屋敷3":[34.953421,136.874932],"にしの台1":[34.982424,136.879326],"東大僧1":[34.950232,136.878369],"上り戸1":[34.956964,136.875646],"清水が丘1":[34.990569,136.877148],"上り戸2":[34.955751,136.879933],"寺本新町1":[34.99774,136.877753],"東大僧2":[34.946021,136.878482],"佐布里":[34.954391,136.910092],"梅が丘2":[34.968261,136.881077],"寺本新町2":[35.001757,136.881895],"平野1":[34.999051,136.881815],"阿原1":[34.982706,136.8814],"平野2":[34.999581,136.884213],"阿原2":[34.982269,136.882796],"寺本台3":[34.990398,136.885184],"寺本台2":[34.990558,136.886512],"馬背口1":[34.981731,136.886671],"寺本台1":[34.994447,136.885669],"馬背口3":[34.975867,136.887757],"寺本台4":[34.987506,136.886519],"平野3":[34.997439,136.886849],"佐布里台1":[34.971196,136.888141],"伊賀坂1":[34.985562,136.886618],"佐布里台3":[34.96747,136.889465],"柳花2":[34.994379,136.88869],"伊賀坂2":[34.988852,136.889181],"伊賀坂3":[34.983093,136.891461],"佐布里台2":[34.968766,136.892475],"社山1":[34.995209,136.892805],"こうの巣1":[34.975908,136.892349],"三反田2":[34.980027,136.893726],"こうの巣2":[34.972602,136.897147],"笠松1":[34.987783,136.893034],"笠松3":[34.983646,136.89583],"笠松2":[34.987474,136.894779],"三反田3":[34.974891,136.900419],"鎌が谷1":[34.982072,136.897237],"東七曲":[34.969143,136.902425],"西巽が丘2":[34.962453,136.908218],"西巽が丘1":[34.963232,136.908433],"原1":[34.975746,136.909994],"原2":[34.973792,136.911454],"南巽が丘3":[34.959428,136.910538],"南巽が丘4":[34.958341,136.911475],"南巽が丘1":[34.961701,136.910124],"巽が丘1":[34.964636,136.912353],"南巽が丘2":[34.96051,136.912664],"巽が丘4":[34.962517,136.914938],"巽が丘2":[34.964698,136.915207],"巽が丘3":[34.962886,136.917268]}