{"東海町5":[35.040722,136.879859],"元浜町":[35.014034,136.881866],"養父町":[34.98956,136.900498],"横須賀町":[35.011637,136.886092],"新宝町":[35.057805,136.901232],"高横須賀町":[35.004585,136.901902],"大田町":[35.015757,136.906224],"養父町1":[35.00987,136.885831],"養父町2":[35.008732,136.886631],"養父町3":[35.007675,136.887748],"高横須賀町1":[35.009152,136.887921],"高横須賀町2":[35.008125,136.889311],"高横須賀町3":[35.013598,136.891934],"高横須賀町4":[35.014413,136.891837],"東海町6":[35.04135,136.900287],"高横須賀町5":[35.012216,136.896343],"中ノ池6":[35.002241,136.895999],"高横須賀町6":[35.008836,136.89607],"中ノ池5":[34.998934,136.897548],"東海町4":[35.038152,136.896317],"加木屋町":[34.979908,136.915252],"東海町3":[35.033501,136.89738],"中ノ池4":[34.996893,136.89915],"中ノ池1":[35.002787,136.899169],"東海町2":[35.035883,136.899369],"中ノ池2":[35.000378,136.900375],"荒尾町":[35.023391,136.932687],"東海町1":[35.038077,136.900308],"中ノ池3":[34.998317,136.898642],"東海町7":[35.040958,136.902417],"富貴ノ台1":[35.031309,136.902952],"南柴田町":[35.066985,136.908078],"名和町":[35.058313,136.919769],"中央町7":[35.020031,136.906501],"富貴ノ台2":[35.035058,136.90495],"中央町2":[35.02631,136.901695],"中央町1":[35.022717,136.903778],"中央町3":[35.026165,136.908458],"浅山1":[35.048408,136.906354],"富貴ノ台6":[35.030517,136.905455],"浅山2":[35.051334,136.907942],"中央町6":[35.018817,136.908801],"中央町4":[35.020717,136.907147],"富貴ノ台3":[35.034136,136.907238],"富木島町":[35.014534,136.939747],"浅山3":[35.054482,136.909672],"富貴ノ台5":[35.030741,136.908826],"富貴ノ台4":[35.030723,136.91017],"加木屋町1":[34.986886,136.909821],"中央町5":[35.020345,136.908836],"富木島町伏見4":[35.013491,136.912468],"富木島町伏見3":[35.014269,136.913965],"加木屋町2":[34.98104,136.911112],"富木島町伏見2":[35.018327,136.913369],"富木島町伏見1":[35.023036,136.915765],"名和町1":[35.060165,136.912984],"名和町2":[35.059832,136.914523],"名和町3":[35.061687,136.915737]}