{"蜂須賀":[35.202345,136.763957],"丹波":[35.197356,136.772231],"北苅":[35.190879,136.775586],"森山":[35.200327,136.781554],"篠田4":[35.18401,136.779728],"篠田3":[35.185821,136.779545],"篠田2":[35.189186,136.779385],"篠田1":[35.190126,136.779714],"乙之子":[35.183544,136.779652],"中橋":[35.201633,136.781424],"木田":[35.197808,136.782333],"篠田":[35.189935,136.796557],"東溝口1":[35.208144,136.781409],"東溝口3":[35.208539,136.786547],"七宝町川部":[35.165913,136.787336],"小橋方":[35.18438,136.783685],"花正":[35.200403,136.784951],"東溝口2":[35.20978,136.786405],"七宝町鷹居7":[35.15702,136.785963],"七宝町下田":[35.174793,136.785185],"七宝町鷹居":[35.15521,136.786825],"七宝町鷹居5":[35.158667,136.788798],"七宝町鷹居6":[35.156087,136.788558],"東溝口4":[35.210931,136.790626],"七宝町鯰橋2":[35.153328,136.787168],"七宝町鯰橋4":[35.15112,136.787198],"七宝町鯰橋1":[35.15458,136.78965],"東溝口5":[35.207648,136.789123],"七宝町鯰橋5":[35.150675,136.788943],"七宝町安松5":[35.175994,136.789933],"七宝町鷹居3":[35.156874,136.792049],"七宝町鯰橋6":[35.150686,136.79014],"七宝町鷹居4":[35.160049,136.792706],"金岩":[35.191024,136.795049],"七宝町鯰橋7":[35.151692,136.791137],"七宝町安松6":[35.180003,136.792045],"七宝町安松4":[35.177023,136.791519],"七宝町安松2":[35.175015,136.794284],"七宝町下之森":[35.154079,136.799273],"二ツ寺":[35.204719,136.794866],"七宝町鷹居1":[35.156492,136.792771],"七宝町鯰橋8":[35.153133,136.792387],"七宝町安松1":[35.174184,136.79407],"七宝町安松7":[35.179952,136.794445],"七宝町伊福":[35.148681,136.803719],"七宝町安松3":[35.176993,136.794392],"七宝町徳実":[35.150505,136.79298],"花長":[35.196421,136.798033],"七宝町安松":[35.175377,136.797508],"七宝町安松14":[35.172475,136.796333],"木折":[35.195767,136.797325],"七宝町遠島":[35.175629,136.800555],"七宝町安松8":[35.177503,136.795624],"七宝町桂":[35.166131,136.799989],"七宝町安松13":[35.173886,136.797481],"七宝町安松12":[35.175478,136.797699],"七宝町沖之島":[35.186593,136.804652],"七宝町秋竹":[35.173925,136.806532],"古道":[35.209667,136.803493],"森7":[35.216741,136.808573],"森8":[35.210355,136.803784],"富塚":[35.19916,136.804998],"森3":[35.208321,136.809277],"森4":[35.210686,136.812802],"森5":[35.212662,136.813436],"新居屋":[35.193613,136.812265],"小路3":[35.204434,136.810766],"小路2":[35.208067,136.80933],"森6":[35.216989,136.810988],"小路1":[35.204671,136.814423],"森2":[35.209994,136.814073],"森1":[35.213557,136.815498],"甚目寺":[35.195567,136.816718],"石作":[35.205645,136.817463],"方領":[35.209074,136.818189],"森":[35.214892,136.817649],"本郷":[35.187549,136.823801],"坂牧":[35.181039,136.823831],"西今宿":[35.200151,136.835195],"上萱津":[35.194389,136.83253],"中萱津":[35.187099,136.830902],"下萱津":[35.180806,136.842607],"栄":[35.203975,136.836716],"七宝町鷹居2":[35.154736,136.792474],"七宝町鯰橋3":[35.152174,136.786472]}