{"五之三川平3":[35.125188,136.708899],"五之三町":[35.130676,136.716995],"川平1":[35.121442,136.707199],"五明3":[35.120077,136.709172],"五之三川平2":[35.122024,136.710865],"五明4":[35.120588,136.711568],"五明2":[35.116956,136.711585],"五明1":[35.118118,136.713784],"小島町":[35.109064,136.718407],"海老江1":[35.118618,136.714366],"五明町":[35.111696,136.720437],"鯏浦町":[35.11334,136.740923],"荷之上町":[35.122259,136.732429],"中山町":[35.102841,136.737239],"前ケ須町":[35.10678,136.727364],"西中地町":[35.12206,136.736764],"大藤町":[35.086427,136.742125],"平島町":[35.104167,136.746962],"川原欠1":[35.100389,136.731279],"鎌倉町":[35.120112,136.742211],"川原欠4":[35.099464,136.729493],"川原欠2":[35.098723,136.732771],"川原欠3":[35.100254,136.73534],"川原欠5":[35.098112,136.73178],"東中地1":[35.121342,136.740235],"森津14":[35.093636,136.735205],"森津13":[35.095611,136.735044],"森津11":[35.096936,136.735687],"平島中4":[35.106548,136.740131],"平島中3":[35.108928,136.740136],"森津15":[35.09175,136.736955],"森津1":[35.10249,136.73738],"平島西1":[35.109972,136.735886],"森津7":[35.095834,136.737762],"森津6":[35.097311,136.740878],"森津9":[35.09368,136.737989],"平島中2":[35.108899,136.739238],"森津5":[35.097997,136.737851],"森津3":[35.100355,136.73936],"森津4":[35.099339,136.73989],"森津2":[35.101522,136.739145],"前ケ平1":[35.12437,136.744742],"芝井15":[35.088477,136.74049],"森津10":[35.091897,136.739196],"三百島1":[35.117909,136.748287],"又八3":[35.12103,136.749633],"東中地2":[35.121905,136.743488],"芝井1":[35.088416,136.74159],"芝井13":[35.091446,136.73971],"鎌島1":[35.101632,136.742911],"平島東1":[35.109069,136.744814],"鍋平2":[35.114911,136.747624],"鎌島7":[35.093549,136.750784],"芝井2":[35.090947,136.741677],"前ケ平2":[35.129746,136.747717],"平島東2":[35.108209,136.744955],"芝井4":[35.089,136.744273],"鍋平1":[35.117304,136.746512],"芝井3":[35.087059,136.742685],"芝井5":[35.087065,136.745196],"鍋平3":[35.113724,136.748569],"鎌島2":[35.098635,136.747345],"芝井6":[35.085421,136.745474],"平島東3":[35.104059,136.747123],"鍋平4":[35.113233,136.749799],"鎌島6":[35.096158,136.749758],"鎌島3":[35.098034,136.750018],"鎌島4":[35.095501,136.753251],"六條町":[35.101827,136.757521],"又八4":[35.124275,136.74659],"芝井7":[35.084477,136.748466],"又八1":[35.123842,136.751372],"前ケ平3":[35.128414,136.748895],"五斗山1":[35.115061,136.750837],"鎌島8":[35.092509,136.750804],"寛延1":[35.082183,136.750351],"鍋平5":[35.110655,136.750857],"鎌島9":[35.091328,136.748751],"芝井11":[35.089302,136.752205],"芝井10":[35.086684,136.751749],"佐古木4":[35.116659,136.754406],"又八2":[35.124967,136.753722],"芝井14":[35.08463,136.749813],"佐古木5":[35.118421,136.750427],"鳥ケ地3":[35.092759,136.758176],"坂中地1":[35.112886,136.754401],"鎌島5":[35.096443,136.751176],"芝井12":[35.092226,136.751754],"松名2":[35.093687,136.753781],"鳥ケ地1":[35.100544,136.763602],"佐古木6":[35.121562,136.754805],"間崎1":[35.079764,136.753031],"寛延2":[35.081018,136.753452],"五斗山2":[35.109408,136.753594],"佐古木3":[35.117434,136.754347],"楽平2":[35.126779,136.753183],"間崎町":[35.079542,136.751519],"加稲2":[35.077357,136.755171],"加稲4":[35.077817,136.75476],"加稲3":[35.074637,136.753084],"松名5":[35.085837,136.751975],"鮫ケ地1":[35.11541,136.756763],"中原町":[35.065964,136.752166],"松名4":[35.089352,136.75796],"松名3":[35.091628,136.755689],"加稲山町":[35.064927,136.752458],"稲荷崎1":[35.06324,136.752676],"栄南町":[35.057285,136.754137],"坂中地2":[35.111571,136.756344],"寛延3":[35.080454,136.755104],"富島1":[35.07234,136.754018],"楽平1":[35.128685,136.756074],"富島2":[35.068793,136.757714],"中原1":[35.067728,136.755726],"佐古木7":[35.126143,136.755896],"佐古木2":[35.120818,136.754955],"松名1":[35.095071,136.75309],"松名7":[35.090564,136.757371],"五斗山3":[35.10743,136.756998],"松名6":[35.08732,136.759664],"境町":[35.057178,136.76456],"稲吉1":[35.079542,136.75545],"稲荷崎2":[35.059519,136.754979],"間崎2":[35.080366,136.759151],"鳥ケ地2":[35.099927,136.765618],"富島3":[35.069538,136.755527],"稲荷崎3":[35.063751,136.756234],"佐古木1":[35.116665,136.757413],"坂中地3":[35.10984,136.758893],"寛延4":[35.08048,136.757533],"鮫ケ地4":[35.114314,136.772825],"五斗山4":[35.103937,136.76014],"鮫ケ地2":[35.112869,136.761359],"稲荷崎6":[35.061944,136.758968],"加稲1":[35.076629,136.757847],"富島4":[35.070583,136.757259],"稲吉2":[35.079881,136.75868],"鍋田町":[35.04046,136.77768],"坂中地5":[35.107498,136.759478],"三好3":[35.076024,136.75937],"三好5":[35.069482,136.75977],"寛延5":[35.081062,136.759973],"稲荷崎7":[35.059675,136.761516],"桴場2":[35.092459,136.767077],"坂中地4":[35.109023,136.761373],"寛延7":[35.082298,136.764489],"間崎3":[35.080614,136.760159],"稲元1":[35.080957,136.761703],"稲元2":[35.076739,136.762747],"大縄場町":[35.075986,136.760703],"三好1":[35.070692,136.762579],"三好2":[35.072793,136.761451],"寛延6":[35.081708,136.76338],"子宝1":[35.106463,136.766084],"三好4":[35.07231,136.761642],"鮫ケ地3":[35.11037,136.764006],"稲荷崎5":[35.067649,136.76218],"稲荷崎8":[35.064253,136.763959],"稲荷崎9":[35.070225,136.762486],"狐地1":[35.075956,136.766211],"稲元3":[35.08211,136.765072],"馬ケ地2":[35.114919,136.766469],"狐地2":[35.067618,136.766328],"稲狐町":[35.06542,136.769503],"稲元6":[35.076887,136.769164],"馬ケ地3":[35.11314,136.771627],"子宝町":[35.10256,136.765831],"子宝3":[35.103539,136.768498],"子宝6":[35.102483,136.769884],"三稲7":[35.058186,136.769508],"子宝2":[35.106698,136.769967],"三稲5":[35.060692,136.773669],"狐地3":[35.072946,136.771006],"稲元7":[35.081061,136.766439],"稲元10":[35.081297,136.771172],"桴場3":[35.098077,136.770042],"稲元9":[35.078207,136.77257],"三稲6":[35.058716,136.7705],"馬ケ地1":[35.113955,136.770556],"子宝4":[35.103755,136.770114],"神戸2":[35.101847,136.76981],"三稲2":[35.067452,136.772329],"三稲3":[35.066984,136.770182],"西蜆1":[35.107858,136.774],"三稲4":[35.063929,136.771301],"子宝5":[35.103328,136.770261],"稲元11":[35.080937,136.770272],"稲元13":[35.076232,136.772623],"四郎兵衛1":[35.102343,136.777373],"神戸1":[35.099389,136.783849],"三稲1":[35.069302,136.773275],"西蜆2":[35.103633,136.775404],"稲荷3":[35.07218,136.775111],"稲元12":[35.079613,136.772464],"神戸3":[35.099797,136.776221],"稲元15":[35.076015,136.772892],"稲荷2":[35.075117,136.776867],"竹田1":[35.111213,136.776727],"富浜1":[35.027162,136.775869],"操出7":[35.066918,136.773178],"稲元14":[35.079223,136.772829],"操出12":[35.060693,136.77539],"稲荷1":[35.077202,136.777362],"上押萩1":[35.11255,136.777936],"操出3":[35.069221,136.776218],"操出6":[35.068157,136.776289],"東蜆1":[35.104147,136.778451],"操出10":[35.063815,136.774776],"竹田6":[35.106418,136.779335],"操出11":[35.061978,136.778796],"西末広1":[35.063147,136.78529],"竹田2":[35.11081,136.781091],"駒野町":[35.054071,136.779372],"西末広3":[35.06022,136.781415],"神戸4":[35.098631,136.781217],"操出1":[35.072679,136.780026],"操出2":[35.068893,136.782796],"操出5":[35.066163,136.779112],"操出9":[35.064033,136.779256],"上押萩2":[35.111323,136.782519],"上野町":[35.041941,136.785588],"四郎兵衛2":[35.101155,136.784569],"東蜆2":[35.102927,136.78358],"稲荷4":[35.074943,136.782045],"竹田5":[35.105749,136.78195],"竹田3":[35.108046,136.785328],"操出4":[35.067558,136.782954],"神戸10":[35.097027,136.792083],"神戸5":[35.097811,136.784008],"大谷2":[35.073345,136.781483],"大谷1":[35.066552,136.784965],"西末広2":[35.062324,136.78496],"神戸9":[35.093298,136.785258],"四郎兵衛4":[35.100272,136.782969],"竹田4":[35.105422,136.786707],"楠3":[35.031873,136.798184],"東末広1":[35.06801,136.789718],"下押萩1":[35.110502,136.783401],"亀ケ地2":[35.102752,136.786262],"大谷3":[35.067576,136.78338],"大谷4":[35.066749,136.783514],"四郎兵衛3":[35.099238,136.786944],"亀ケ地1":[35.104589,136.78617],"神戸6":[35.097581,136.786209],"神戸7":[35.098702,136.787649],"東末広2":[35.066149,136.789914],"東末広3":[35.06357,136.790447],"神戸8":[35.09747,136.791434],"海屋1":[35.100874,136.788809],"海屋2":[35.100817,136.792711],"東末広7":[35.065601,136.79438],"東末広6":[35.061362,136.795055],"海屋3":[35.099246,136.792994],"楠1":[35.052652,136.802134],"東末広9":[35.061326,136.803376],"東末広8":[35.061621,136.798103],"楠2":[35.046216,136.792615]}