{"福田町":[35.070231,137.062369],"三好町":[35.071813,137.064224],"西一色町":[35.092805,137.061616],"明知町":[35.072405,137.091433],"園原4":[35.079971,137.066724],"園原3":[35.082068,137.068539],"園原5":[35.083864,137.074641],"園原2":[35.085075,137.071193],"園原1":[35.084143,137.074334],"西陣取山":[35.08862,137.078877],"東陣取山":[35.086631,137.082051],"東蜂ヶ池":[35.084538,137.081828],"東山台":[35.086876,137.090111],"天王台":[35.08827,137.090429],"福谷町":[35.117565,137.089856],"黒笹町":[35.133005,137.101392],"打越町":[35.095875,137.112758],"みなよし台":[35.078091,137.089457],"莇生町":[35.105273,137.115789],"根浦町2":[35.110895,137.08968],"根浦町1":[35.114663,137.090352],"黒笹いずみ1":[35.130287,137.092991],"黒笹1":[35.12698,137.096763],"根浦町4":[35.113483,137.09293],"根浦町3":[35.109285,137.097412],"根浦町5":[35.115736,137.092914],"黒笹いずみ2":[35.132252,137.098767],"黒笹いずみ3":[35.130856,137.096565],"根浦町6":[35.111103,137.094894],"南台":[35.085347,137.098468],"根浦町7":[35.112441,137.096403],"黒笹2":[35.127617,137.098355],"黒笹3":[35.128129,137.100938],"三好丘あおば1":[35.129342,137.108849],"三好丘あおば2":[35.12801,137.108705],"三好丘桜2":[35.111596,137.108334],"三好丘桜1":[35.113143,137.110324],"三好丘1":[35.126774,137.112955],"三好丘6":[35.116667,137.110798],"三好丘5":[35.119865,137.110273],"三好丘緑2":[35.110721,137.112779],"三好丘2":[35.126619,137.118062],"三好丘3":[35.123071,137.112383],"三好丘桜3":[35.114133,137.114706],"ひばりヶ丘2":[35.115181,137.115286],"三好丘4":[35.122392,137.115424],"三好丘7":[35.120244,137.115675],"三好丘緑1":[35.111344,137.116604],"三好丘緑3":[35.108593,137.115646],"三好丘旭1":[35.123696,137.120648],"三好丘桜4":[35.11498,137.118549],"ひばりヶ丘1":[35.118954,137.121657],"三好丘8":[35.120777,137.118074],"三好丘緑4":[35.110734,137.118707],"三好丘桜5":[35.114377,137.118616],"三好丘旭3":[35.12033,137.121451],"三好丘緑5":[35.115019,137.120498],"三好丘旭2":[35.122426,137.122667],"三好丘旭4":[35.120141,137.126757],"三好丘旭5":[35.12047,137.126493]}