{"立田町":[35.1447,136.67479],"葛木町":[35.183066,136.689488],"後江町":[35.171103,136.684366],"福原新田町":[35.127264,136.685456],"早尾町":[35.193871,136.708814],"給父町":[35.225861,136.6882],"三和町":[35.160557,136.688387],"塩田町":[35.197342,136.686244],"石田町":[35.168177,136.70107],"藤ケ瀬町":[35.225285,136.698485],"高畑町":[35.217321,136.690119],"下大牧町":[35.2063,136.690535],"江西町":[35.221464,136.699359],"川北町":[35.230421,136.697621],"小茂井町":[35.153358,136.697373],"立石町":[35.206831,136.693643],"戸倉町":[35.184607,136.693531],"山路町":[35.156945,136.710331],"赤目町":[35.199999,136.706664],"元赤目町":[35.217336,136.698734],"四会町":[35.175883,136.706864],"森川町":[35.132218,136.69559],"新右エ門新田町":[35.183473,136.698929],"鵜多須町":[35.224488,136.710951],"二子町":[35.211098,136.713331],"雀ケ森町":[35.162755,136.711102],"下一色町":[35.184091,136.706586],"宮地町":[35.167672,136.709861],"西保町":[35.129567,136.73004],"西川端町":[35.220822,136.72447],"鷹場町":[35.20752,136.713174],"草平町":[35.199193,136.722699],"佐屋町":[35.155887,136.717889],"下東川町":[35.22435,136.717711],"町方町":[35.193916,136.735551],"内佐屋町":[35.160563,136.720686],"東保町":[35.14075,136.72136],"須依町":[35.157003,136.727239],"上東川町":[35.226518,136.719067],"大野山町":[35.207647,136.730238],"柚木町":[35.162155,136.728944],"北一色町":[35.143164,136.733207],"西條町":[35.130406,136.734258],"渕高町":[35.22007,136.732012],"日置町":[35.154255,136.746246],"東條町":[35.129107,136.739138],"稲葉町":[35.156316,136.737617],"落合町":[35.141797,136.744444],"見越町":[35.183922,136.733678],"甘村井町":[35.150637,136.740258],"根高町":[35.190768,136.737593],"六輪町":[35.194062,136.735643],"本部田町":[35.128816,136.75302],"諏訪町":[35.193494,136.7422],"金棒町":[35.153869,136.748492],"持中町":[35.181244,136.742323],"大井町":[35.131414,136.76369],"諸桑町":[35.181058,136.752753],"北河田町":[35.189618,136.747386],"小津町":[35.192157,136.750036],"南河田町":[35.185023,136.74987],"勝幡町":[35.201113,136.763772],"古瀬町":[35.187028,136.754861],"善太新田町":[35.119709,136.770528],"千引町":[35.191296,136.758132],"佐折町":[35.200091,136.762946],"鰯江町":[35.124502,136.764515],"大野町":[35.129052,136.772364]}