{"櫨木":[35.188904,137.021717],"下川原":[35.188049,137.024056],"下山":[35.18714,137.024026],"熊田":[35.172657,137.026447],"根嶽":[35.16365,137.027805],"中川原":[35.19098,137.024634],"西原山":[35.187958,137.025262],"原山":[35.186704,137.02514],"市が洞3":[35.16038,137.028765],"南原山":[35.186631,137.026045],"平池":[35.183706,137.02883],"東原山":[35.188143,137.027144],"上川原":[35.188767,137.030569],"丁子田":[35.15748,137.029022],"井堀":[35.173002,137.028756],"作田1":[35.17581,137.027553],"塚田":[35.180267,137.02967],"卯塚1":[35.161255,137.037748],"市が洞1":[35.164824,137.030774],"作田2":[35.177446,137.030252],"荒田":[35.184938,137.029071],"蟹原":[35.166394,137.034329],"市が洞2":[35.162919,137.031889],"西原":[35.189512,137.031345],"片平2":[35.159518,137.035102],"五合池":[35.181306,137.033253],"鴨田":[35.182166,137.034326],"段の上":[35.186302,137.032978],"打越":[35.176491,137.032987],"片平":[35.159903,137.034323],"卯塚2":[35.164366,137.033693],"池田":[35.188104,137.035343],"桜作":[35.178002,137.036739],"根の神":[35.17098,137.033969],"草掛":[35.190109,137.034968],"片平1":[35.161485,137.036956],"久保山":[35.177228,137.035916],"岩作浮江":[35.190403,137.038811],"山桶":[35.183802,137.035328],"原邸":[35.185444,137.035824],"杁ケ池":[35.170343,137.038768],"仲田":[35.180691,137.037944],"菖蒲池":[35.162749,137.03982],"岩作落合":[35.18699,137.037721],"戸田谷":[35.174165,137.039303],"野田農":[35.182927,137.03898],"東原":[35.189392,137.037993],"長配3":[35.166149,137.038619],"氏神前":[35.175943,137.039359],"岩作西浦":[35.189545,137.039022],"長配1":[35.167548,137.039899],"岩作長筬":[35.184033,137.038787],"西浦":[35.178475,137.039452],"岩作下島":[35.186627,137.040228],"坊の後":[35.180627,137.041169],"長配2":[35.165765,137.042303],"岩作高山":[35.191151,137.045414],"岩作下田":[35.187919,137.040591],"岩作石田":[35.18456,137.040681],"喜婦嶽":[35.169786,137.043087],"岩作隅田":[35.188752,137.044182],"東狭間":[35.172916,137.04158],"岩作西島":[35.182741,137.042649],"岩作北山":[35.189844,137.044751],"城屋敷":[35.17367,137.044473],"宮脇":[35.177845,137.042392],"岩作欠花":[35.185489,137.041901],"富士浦":[35.178464,137.04515],"岩作藪田":[35.182822,137.043179],"岩作八瀬ノ木":[35.185121,137.043042],"岩作寺山":[35.181102,137.044014],"東浦":[35.177082,137.045392],"山野田":[35.165975,137.046147],"岩作五反田":[35.186293,137.045198],"砂子":[35.167159,137.04717],"岩作平地":[35.182879,137.043953],"岩作塚本":[35.183397,137.046599],"武蔵塚":[35.17342,137.048576],"岩作白針":[35.187208,137.047972],"岩作長池":[35.182269,137.046224],"岩作中島":[35.180485,137.048282],"仏が根":[35.175863,137.049171],"岩作泥亀首":[35.187824,137.049031],"香桶":[35.177019,137.048937],"先達":[35.178086,137.048939],"岩作雁又":[35.193552,137.051655],"山越":[35.169017,137.049309],"岩作中繩手":[35.182491,137.047639],"岩作酉立花":[35.189329,137.048494],"岩作城の内":[35.183391,137.049598],"岩作平子":[35.178175,137.052063],"岩作溝添":[35.183173,137.047493],"岩作丸根":[35.19097,137.051026],"岩作中脇":[35.181054,137.049665],"勝入塚":[35.172155,137.050026],"よし池":[35.169626,137.050179],"岩作宮後":[35.188562,137.05104],"岩作宮前":[35.184282,137.051221],"岩作東中":[35.182544,137.051177],"菅池":[35.169421,137.052849],"岩作早稲田":[35.183199,137.051671],"大久手":[35.17457,137.051393],"下権田":[35.178482,137.049992],"岩作南島":[35.181603,137.051735],"中池":[35.177957,137.051872],"横道":[35.172927,137.059272],"岩作中立花":[35.189192,137.052312],"岩作向畑":[35.179437,137.051463],"丸根":[35.174246,137.054185],"岩作向田":[35.181424,137.052325],"岩作井戸ケ根":[35.19237,137.052395],"岩作東島":[35.182718,137.054411],"深田":[35.172716,137.056084],"岩作権代":[35.176268,137.056786],"岩作色金":[35.185522,137.055971],"岩作元門":[35.18417,137.054116],"岩作申立花":[35.189846,137.053148],"岩作寅山":[35.191837,137.054899],"立花":[35.189694,137.059184],"棒振":[35.175766,137.057726],"岩作蛇洞":[35.17985,137.055417],"岩作壁ノ本":[35.183883,137.057436],"岩作中権代":[35.176466,137.057032],"岩作高根前":[35.182062,137.056748],"真行田":[35.186632,137.059433],"岩作狐洞":[35.179666,137.058546],"岩作桃ノ木洞":[35.177822,137.058313],"岩廻間":[35.188396,137.060691],"岩作高根":[35.181342,137.059132],"前熊下田":[35.183818,137.060692],"岩作権田":[35.175348,137.059521],"岩作福井":[35.170879,137.061415],"岩作三ケ峯":[35.158034,137.093278],"岩作内万場":[35.181255,137.06037],"前熊西脇":[35.182338,137.060821],"岩作琵琶ケ池":[35.175534,137.061221],"岩作折戸ケ平":[35.176993,137.060775],"郷前":[35.186378,137.065815],"中井":[35.185162,137.063925],"岩作床寒":[35.172232,137.062942],"前熊溝下":[35.182428,137.063275],"前熊根ノ原":[35.181834,137.063977],"岩作大根":[35.180032,137.06237],"北浦":[35.192852,137.070556],"溝之杁":[35.189217,137.065364],"岩作中根原":[35.173766,137.064811],"岩作中根":[35.174249,137.064696],"平地":[35.184294,137.071105],"岩作下堀越":[35.174554,137.066361],"前熊根ノ上":[35.180832,137.065433],"前熊堀越":[35.175703,137.067831],"前熊広面":[35.181784,137.067213],"岩作長鶴":[35.17205,137.06725],"前熊前山":[35.177454,137.06863],"杁ノ洞":[35.191108,137.072551],"東田":[35.186024,137.067217],"前熊橋ノ本":[35.181229,137.068893],"岩作寺田":[35.172059,137.068836],"前熊志水":[35.182908,137.068256],"松杁":[35.186281,137.070994],"前熊原山":[35.175169,137.071133],"北熊":[35.181691,137.071787],"前熊中井":[35.175678,137.073547],"下田":[35.179718,137.070154],"中屋":[35.180321,137.07171],"前熊寺田":[35.175969,137.071873],"東平地":[35.183348,137.07093],"馬堤":[35.182722,137.073985],"前熊一ノ井":[35.169419,137.083255],"早稲田":[35.181745,137.074772],"大日":[35.178357,137.074697],"東山":[35.183785,137.074872],"観音堂":[35.180713,137.074298],"神門前":[35.176414,137.077533],"杁ケ根":[35.180124,137.075223],"助六":[35.178349,137.07621],"小深":[35.182319,137.07728],"福井":[35.184161,137.078914],"申平":[35.179667,137.076623],"丸山":[35.173904,137.078362],"石場":[35.17151,137.083343],"雨堤":[35.177884,137.077985],"段留":[35.180278,137.077663],"阿畑":[35.180398,137.078938],"茨ケ廻間":[35.180925,137.088239],"鯉ケ廻間":[35.176455,137.079553],"神明":[35.18297,137.082709],"汐見坂":[35.180951,137.081453]}