{"上条":[35.206319,136.831797],"土田":[35.212517,136.83482],"廻間3":[35.215826,136.829938],"西市場6":[35.221028,136.828626],"西市場5":[35.219139,136.830192],"土田3":[35.213704,136.832804],"土田2":[35.210834,136.830439],"廻間2":[35.218278,136.83133],"上条2":[35.206029,136.833097],"西市場4":[35.220253,136.831682],"春日上丑":[35.24425,136.830572],"春日西須ケ畑":[35.242437,136.831135],"春日長畑":[35.240196,136.83263],"廻間1":[35.215813,136.834146],"春日堀田":[35.241894,136.83248],"春日上川畑":[35.244569,136.831608],"春日上中割":[35.239215,136.833106],"春日小松生":[35.242643,136.832478],"花水木2":[35.214793,136.832503],"春日下中割":[35.238448,136.833461],"春日稲荷":[35.235258,136.831545],"春日上高畑":[35.245801,136.832793],"春日二番割":[35.237965,136.833705],"西市場3":[35.219483,136.834571],"上条1":[35.207727,136.833235],"土田1":[35.212176,136.833752],"春日三番割":[35.236024,136.834665],"春日高畑":[35.244965,136.833598],"春日四番割":[35.234269,136.8358],"花水木1":[35.213538,136.835823],"春日上須ケ田":[35.241444,136.836895],"春日寺廻り":[35.24055,136.834394],"西市場1":[35.219065,136.837051],"新清洲6":[35.2059,136.835658],"春日午":[35.238091,136.834773],"清洲1":[35.216003,136.837699],"新清洲5":[35.206632,136.835839],"新清洲1":[35.210916,136.835452],"新清洲2":[35.210559,136.836294],"春日野方":[35.237447,136.83695],"春日須ケ田":[35.242119,136.835574],"大嶋1":[35.22873,136.836485],"清洲":[35.217045,136.848031],"春日落合":[35.243239,136.840462],"春日壱屋敷":[35.240048,136.836137],"春日小塚西":[35.23333,136.835784],"西市場2":[35.220531,136.83658],"清洲4":[35.220169,136.83822],"春日酉":[35.235794,136.83792],"春日宮重町":[35.249619,136.843733],"春日宮重":[35.232913,136.836896],"春日小塚南":[35.230144,136.83756],"春日西余部":[35.233706,136.836176],"一場":[35.222463,136.84507],"新清洲3":[35.209774,136.837188],"春日新堀北":[35.239058,136.836338],"大嶋2":[35.2276,136.836884],"新清洲4":[35.207668,136.837075],"春日弐屋敷":[35.239357,136.838187],"春日蓮花寺前":[35.23856,136.837999],"春日宮越":[35.233932,136.837321],"春日新堀":[35.237119,136.839175],"春日定ノ割":[35.231431,136.8368],"春日郷前":[35.238807,136.837129],"春日西牧前":[35.231558,136.839419],"春日桑":[35.232281,136.837406],"清洲3":[35.216415,136.841155],"清洲2":[35.216497,136.838618],"春日屋敷":[35.232153,136.841294],"春日東出":[35.239786,136.840853],"春日郷裏":[35.23444,136.838665],"春日向河原":[35.229962,136.838123],"春日大河戸":[35.229827,136.838736],"西須ケ口":[35.199864,136.841576],"春日樋":[35.229631,136.841226],"桃栄2":[35.196977,136.843734],"桃栄1":[35.199386,136.841459],"一場福島":[35.226471,136.842878],"春日夢の森":[35.234835,136.84187],"春日新田畑":[35.235929,136.840844],"春日二ツ池":[35.240183,136.841752],"一場弓町":[35.221392,136.844827],"春日振形":[35.237351,136.843331],"須ケ口":[35.201025,136.85386],"春日西牧南":[35.230653,136.842906],"春日東須ケ畑":[35.232453,136.841525],"桃栄3":[35.194657,136.845552],"春日東小塚":[35.231561,136.840278],"春日河原":[35.23039,136.844022],"春日中河原":[35.22941,136.841613],"春日八幡":[35.233399,136.842791],"春日八幡裏":[35.23458,136.842072],"西堀江":[35.191133,136.848081],"春日社子地":[35.235334,136.845124],"春日八幡南":[35.232681,136.84179],"東外町":[35.201327,136.844808],"鍋片1":[35.207441,136.844458],"春日上河原":[35.230941,136.844072],"須ケ口駅前2":[35.198033,136.845631],"鍋片2":[35.205175,136.847321],"朝日城屋敷":[35.217439,136.845442],"春日県":[35.233762,136.846904],"寺野":[35.20995,136.855347],"須ケ口駅前1":[35.198478,136.846512],"桃栄4":[35.193183,136.847652],"鍋片3":[35.203668,136.84855],"春日富士塚":[35.23219,136.847586],"朝日天王":[35.220445,136.847441],"東須ケ口":[35.202169,136.851243],"春日焼田":[35.236504,136.848291],"下河原":[35.190647,136.856055],"萩野":[35.194659,136.847161],"朝日五条":[35.224227,136.847688],"春日神明":[35.230116,136.847486],"春日天神":[35.22904,136.849457],"朝日弥生":[35.21817,136.850547],"春日野田町":[35.225587,136.849017],"西田中":[35.212998,136.854985],"春日川中":[35.234021,136.849317],"土器野":[35.191857,136.85564],"朝日愛宕":[35.222053,136.852995],"春日高札":[35.230711,136.850617],"春日砂賀東":[35.231127,136.850511],"中河原":[35.191045,136.851853],"春日流":[35.237976,136.850636],"助七2":[35.203158,136.851686],"春日白弓":[35.235439,136.853229],"春日舟付":[35.223011,136.850997],"春日長久寺":[35.225751,136.852558],"西枇杷島町北枇杷池":[35.191354,136.861813],"春日新町":[35.226154,136.852719],"春日鳥出":[35.233917,136.852613],"朝日貝塚":[35.219854,136.855458],"春日五反地":[35.231093,136.852256],"助七1":[35.202494,136.854599],"春日中沼":[35.229853,136.855333],"西枇杷島町芳野3":[35.19538,136.855021],"春日立作":[35.22666,136.855269],"春日郷ケ島":[35.232942,136.854083],"助七":[35.206045,136.857167],"阿原":[35.215166,136.863269],"上河原":[35.195386,136.853529],"西枇杷島町六拾軒":[35.197948,136.854696],"春日江先":[35.225546,136.855464],"西枇杷島町子新田":[35.19907,136.85675],"西枇杷島町替地":[35.199492,136.858365],"春日新田":[35.231083,136.857984],"西枇杷島町亥新田":[35.196617,136.856652],"西枇杷島町西枇杷池":[35.191721,136.857661],"西枇杷島町芝野新田":[35.197201,136.859306],"西枇杷島町北二ツ杁":[35.194387,136.858666],"西枇杷島町南二ツ杁":[35.192593,136.857957],"西枇杷島町芳野2":[35.194538,136.860503],"朝日検見":[35.220583,136.856351],"西枇杷島町南枇杷池":[35.190764,136.859519],"西枇杷島町小場塚":[35.201539,136.858518],"西枇杷島町七畝割":[35.199705,136.860814],"西枇杷島町新田":[35.200476,136.858164],"西枇杷島町宮前2":[35.204287,136.860263],"西枇杷島町高葭":[35.196325,136.859702],"西枇杷島町地領":[35.20742,136.860792],"西枇杷島町芝場":[35.199042,136.859658],"西枇杷島町南松原":[35.192568,136.861249],"西枇杷島町辰新田":[35.193181,136.860988],"西枇杷島町五畝割":[35.201157,136.859266],"西枇杷島町地領2":[35.206869,136.862244],"西枇杷島町宮前1":[35.202486,136.860815],"西枇杷島町大野":[35.193829,136.860958],"西枇杷島町旭3":[35.198316,136.861306],"枇杷島駅前東1":[35.199954,136.862918],"西枇杷島町旭2":[35.195866,136.862242],"西枇杷島町西笹子原":[35.19435,136.8605],"西枇杷島町一反二畝割":[35.203567,136.860696],"西枇杷島町養和":[35.201897,136.862278],"西枇杷島町地領1":[35.206731,136.864911],"西枇杷島町芳野1":[35.195197,136.863485],"西枇杷島町一反五畝割":[35.202883,136.862529],"西枇杷島町東笹子原":[35.193824,136.861367],"西枇杷島町南六軒":[35.192396,136.864854],"西枇杷島町西六軒":[35.193686,136.86324],"西枇杷島町旭1":[35.195773,136.863265],"西枇杷島町二見":[35.198305,136.86382],"西枇杷島町小野田":[35.194086,136.863138],"西枇杷島町弁天":[35.203997,136.86495],"西枇杷島町日の出":[35.19531,136.864678],"西枇杷島町恵比須":[35.199275,136.864886],"西枇杷島町東六軒":[35.194685,136.865534],"西枇杷島町川口":[35.194969,136.865229],"西枇杷島町末広":[35.201775,136.866752],"西枇杷島町古城1":[35.20525,136.86829],"西枇杷島町住吉":[35.196028,136.865931],"西枇杷島町大黒":[35.201396,136.866786],"西枇杷島町花咲":[35.204218,136.868093],"西枇杷島町日之出1":[35.195408,136.865209],"西枇杷島町南問屋":[35.19326,136.867296],"西枇杷島町問屋":[35.194326,136.865977],"西枇杷島町泉":[35.198998,136.868615],"西枇杷島町下砂入":[35.196715,136.868233],"西枇杷島町古城2":[35.21103,136.869373],"西枇杷島町橋詰":[35.194639,136.868468],"西枇杷島町砂入":[35.197458,136.868103],"西枇杷島町押花":[35.200675,136.869525],"西枇杷島町小田井1":[35.203677,136.875017],"西枇杷島町南大和":[35.201403,136.869882],"西枇杷島町十軒裏":[35.19583,136.86975],"西枇杷島町北大和":[35.20244,136.870347],"西枇杷島町片町":[35.198413,136.870101],"西枇杷島町城並1":[35.204969,136.871532],"西枇杷島町城並2":[35.207878,136.872917],"西枇杷島町下新":[35.20001,136.871211],"西枇杷島町城並3":[35.209565,136.873721],"西枇杷島町上新":[35.201611,136.873746],"西枇杷島町小田井2":[35.206404,136.875818],"西枇杷島町小田井3":[35.208413,136.877104]}