{"赤池町":[35.114804,137.030098],"梅森台4":[35.134672,137.01133],"梅森台5":[35.132395,137.01114],"梅森台3":[35.136698,137.015304],"梅森町":[35.130746,137.009994],"赤池5":[35.121621,137.014072],"梅森台1":[35.13348,137.01588],"梅森台2":[35.135155,137.015818],"赤池4":[35.117818,137.016002],"赤池1":[35.12092,137.019126],"赤池3":[35.119059,137.019537],"浅田町":[35.121302,137.034368],"赤池南1":[35.116852,137.018036],"赤池南2":[35.114803,137.020596],"岩崎台1":[35.147526,137.025837],"赤池2":[35.120511,137.022228],"野方町":[35.130004,137.036914],"香久山3":[35.143644,137.025846],"岩崎台2":[35.150836,137.027141],"岩崎台3":[35.153569,137.027866],"香久山2":[35.137075,137.026683],"浅田平子1":[35.121318,137.031596],"香久山4":[35.143641,137.030314],"岩崎町":[35.154644,137.05384],"竹の山4":[35.150055,137.034902],"香久山5":[35.140887,137.031966],"香久山1":[35.138473,137.034583],"岩崎台4":[35.15163,137.029881],"浅田平子2":[35.11924,137.032899],"浅田平子3":[35.11598,137.03405],"竹の山2":[35.158156,137.038674],"折戸町":[35.122875,137.058549],"藤塚3":[35.120899,137.036636],"藤塚1":[35.123736,137.039614],"藤塚6":[35.113058,137.038199],"竹の山3":[35.150733,137.039087],"本郷町":[35.135358,137.049743],"藤塚4":[35.117964,137.038091],"藤塚5":[35.114045,137.038679],"藤塚2":[35.119479,137.038414],"竹の山5":[35.146584,137.04337],"竹の山1":[35.162487,137.042013],"藤塚7":[35.111044,137.039268],"蟹甲町":[35.131853,137.047097],"南ケ丘3":[35.111616,137.041795],"南ケ丘2":[35.115894,137.046646],"南ケ丘1":[35.115752,137.047271],"東山1":[35.131045,137.045539],"藤枝町":[35.123671,137.062595],"東山2":[35.126868,137.049848],"北新町":[35.149964,137.064468],"東山3":[35.125055,137.04901],"栄1":[35.115013,137.05018],"栄2":[35.120115,137.051805],"藤島町":[35.153013,137.084436],"栄3":[35.122067,137.054811],"東山4":[35.126686,137.051174],"岩藤町":[35.151253,137.077778],"栄5":[35.118627,137.055114],"東山5":[35.124428,137.05386],"栄4":[35.119865,137.056024],"東山7":[35.129055,137.056088],"東山6":[35.124859,137.057662],"米野木町":[35.13002,137.069956],"五色園4":[35.157883,137.062287],"五色園3":[35.156867,137.064573],"五色園2":[35.151527,137.066175],"五色園1":[35.150691,137.071283],"三本木町":[35.148208,137.090647],"米野木台3":[35.129525,137.065495],"米野木台2":[35.124767,137.062733],"米野木台1":[35.122987,137.063034],"米野木台4":[35.130414,137.068185],"米野木台5":[35.128706,137.066764],"米野木台6":[35.125031,137.067919],"米野木町仲芝":[35.128699,137.063752],"米野木町奥畑":[35.1268,137.063623],"藤枝町奥廻間":[35.122794,137.064203],"米野木町南山":[35.128688,137.071114],"米野木町荒池":[35.12629,137.066772],"米野木町広久手":[35.127735,137.068649],"米野木町原":[35.12847,137.069445],"米野木町傘松":[35.130078,137.069971],"米野木町竹若":[35.130927,137.069889],"米野木町細口":[35.128729,137.071433]}