{"大字春木":[35.094551,137.059553],"兵庫1":[35.093926,137.024711],"兵庫3":[35.09032,137.024214],"三ツ池1":[35.09668,137.0271],"兵庫4":[35.091528,137.027224],"兵庫2":[35.092065,137.026422],"涼松2":[35.099225,137.026098],"三ツ池3":[35.094233,137.027467],"三ツ池2":[35.094711,137.028991],"三ツ池4":[35.093589,137.029376],"涼松1":[35.097258,137.028227],"大字和合":[35.099821,137.057038],"清水4":[35.087212,137.029588],"清水1":[35.092762,137.029901],"清水3":[35.089101,137.030972],"清水2":[35.09079,137.032569],"春木台3":[35.089485,137.042832],"春木台4":[35.088319,137.042364],"春木台5":[35.085186,137.045046],"春木台2":[35.090492,137.046328],"和合ケ丘2":[35.113564,137.046389],"和合ケ丘1":[35.109976,137.050337],"和合ケ丘3":[35.111482,137.050245],"春木台1":[35.090825,137.050061],"白鳥2":[35.110533,137.056565],"白鳥1":[35.109266,137.058237],"白鳥4":[35.11426,137.05684],"大字諸輪":[35.102674,137.087395],"白鳥3":[35.113938,137.060737],"北山台2":[35.098706,137.061409],"北山台3":[35.10016,137.061818],"御岳2":[35.113536,137.064916],"北山台1":[35.097378,137.063903],"御岳1":[35.110888,137.066455],"北山台5":[35.099887,137.066218],"北山台4":[35.098445,137.065236]}