{"大字青山":[35.26128,136.916258],"大字豊場":[35.243547,136.927546]}