{"大字斎藤":[35.356828,136.908295],"大字柏森":[35.352701,136.917499],"大字山那":[35.372427,136.917538],"大字南山名":[35.370595,136.915073],"大字小淵":[35.373165,136.906117],"大字高木":[35.356659,136.913645],"大字高雄":[35.361279,136.939651]}