{"大字西條":[35.18688,136.822018],"大字三本木":[35.169387,136.826839],"大字花常":[35.186748,136.823408],"大字中島":[35.175351,136.818465],"大字砂子":[35.158423,136.833681],"大字馬島":[35.174454,136.822053],"大字堀之内":[35.179417,136.826616],"大字東條":[35.174333,136.8334],"大字北間島":[35.17565,136.834952],"大字鎌須賀":[35.162409,136.831714],"大字八ツ屋":[35.174771,136.839782],"大字長牧":[35.177852,136.837622]}