{"富吉1":[35.124015,136.76824],"富吉4":[35.123724,136.771387],"大字蟹江新田":[35.118279,136.785553],"上川田2":[35.143271,136.770573],"西之森3":[35.144774,136.773683],"大字新千秋":[35.113241,136.778424],"西之森9":[35.139281,136.775839],"西之森1":[35.140048,136.776173],"富吉3":[35.124271,136.777436],"富吉2":[35.126345,136.776697],"大字西之森":[35.132245,136.788977],"西之森2":[35.142735,136.776208],"北新田1":[35.148773,136.777848],"上川田1":[35.147606,136.773027],"西之森4":[35.144495,136.775614],"西之森7":[35.142064,136.779008],"北新田3":[35.147276,136.777984],"西之森8":[35.139224,136.777955],"八幡1":[35.130176,136.779166],"西之森5":[35.142856,136.777779],"錦1":[35.134933,136.777992],"平安1":[35.137841,136.778184],"八幡2":[35.12813,136.779273],"源氏2":[35.131122,136.778519],"錦2":[35.135628,136.780257],"北新田2":[35.149289,136.780599],"緑1":[35.125684,136.780295],"平安2":[35.136967,136.779428],"泉1":[35.127551,136.781137],"源氏3":[35.131922,136.78099],"源氏1":[35.129622,136.781443],"大字須成":[35.147928,136.800712],"須成西10":[35.147225,136.780372],"西之森6":[35.143697,136.779796],"大字鍋蓋新田":[35.11336,136.781603],"今西3":[35.139956,136.782545],"須成西6":[35.143675,136.78406],"須成西5":[35.145307,136.784598],"須成西9":[35.142439,136.781553],"今西2":[35.138384,136.785136],"平安3":[35.137602,136.780658],"錦3":[35.135727,136.780928],"緑2":[35.125706,136.781722],"須成西11":[35.145987,136.780951],"源氏4":[35.131994,136.78167],"学戸1":[35.135909,136.784085],"学戸6":[35.13041,136.787686],"学戸5":[35.132094,136.783113],"今西上1":[35.140278,136.784459],"学戸7":[35.128341,136.784778],"須成西3":[35.149587,136.785303],"須成西4":[35.148167,136.786268],"旭1":[35.127188,136.783085],"須成西8":[35.14208,136.783601],"南1":[35.110044,136.788776],"旭2":[35.1253,136.783905],"学戸4":[35.132464,136.785997],"須成西7":[35.141281,136.785798],"須成西1":[35.152912,136.785659],"学戸2":[35.135629,136.786746],"須成西2":[35.151072,136.784758],"今西1":[35.137209,136.78845],"学戸3":[35.132737,136.787985],"大字蟹江新町":[35.134583,136.789077],"南3":[35.104799,136.793797],"大字今":[35.145713,136.800695],"大字蟹江本町":[35.132205,136.801273],"舟入1":[35.122614,136.793711],"宝1":[35.125952,136.792157],"南2":[35.105453,136.794119],"今本町通":[35.140146,136.790781],"舟入3":[35.121508,136.793744],"城4":[35.130479,136.793646],"城1":[35.13766,136.794884],"城2":[35.135083,136.794362],"城3":[35.132672,136.793909],"桜1":[35.143584,136.796667],"舟入4":[35.118682,136.793446],"宝2":[35.129459,136.796006],"舟入2":[35.123683,136.797534],"本町9":[35.13235,136.799225],"本町8":[35.133218,136.799215],"本町7":[35.13405,136.799288],"本町10":[35.131725,136.799135],"今東郊通":[35.142407,136.79904],"本町6":[35.134934,136.799176],"本町11":[35.130895,136.79774],"本町4":[35.139176,136.797469],"本町5":[35.138562,136.797432],"本町3":[35.13997,136.798095],"本町2":[35.140773,136.798171],"本町1":[35.14158,136.799501],"宝3":[35.130024,136.79956],"桜2":[35.144005,136.800633],"宝4":[35.131153,136.802139]}