{"大字重宝":[35.083621,136.773555],"大宝":[35.089256,136.76336],"大宝1":[35.089733,136.766366],"大宝2":[35.090648,136.77009],"大宝3":[35.096843,136.77216],"大宝5":[35.090374,136.774323],"大宝4":[35.091746,136.77475],"大宝6":[35.088914,136.778774],"大字飛島新田":[35.074371,136.819763],"大字服岡1":[35.084717,136.779787],"元起1":[35.083703,136.784129],"元起5":[35.0822,136.776664],"大宝7":[35.092287,136.780413],"元起2":[35.081191,136.785245],"大字服岡2":[35.086435,136.781548],"元起3":[35.07798,136.784829],"大字服岡3":[35.087922,136.78537],"元起4":[35.077217,136.784873],"政成1":[35.074993,136.78373],"大字古政成7":[35.075352,136.789627],"政成2":[35.072444,136.786617],"大字古政成1":[35.074658,136.785808],"大字服岡4":[35.094212,136.788656],"大字渚1":[35.086404,136.788812],"大字松之郷1":[35.081126,136.787626],"竹之郷1":[35.078715,136.788478],"竹之郷2":[35.076385,136.788099],"大字古政成2":[35.073001,136.787327],"大字古政成3":[35.070042,136.790255],"大字松之郷2":[35.080112,136.791123],"大字服岡5":[35.096114,136.794675],"大字服岡7":[35.092853,136.793916],"大字服岡8":[35.090826,136.790799],"大字服岡9":[35.088117,136.796263],"竹之郷9":[35.07347,136.79811],"大字渚2":[35.087569,136.790883],"竹之郷3":[35.078089,136.795915],"竹之郷4":[35.076157,136.7959],"大字松之郷3":[35.080333,136.792936],"大字新政成1":[35.070431,136.791787],"大字古政成4":[35.070417,136.790907],"大字新政成2":[35.070333,136.794013],"大字渚3":[35.086042,136.794069],"大字松之郷4":[35.082824,136.794145],"大字新政成3":[35.070612,136.796291],"大字服岡6":[35.093897,136.798044],"大字古政成5":[35.072129,136.795386],"大字松之郷5":[35.082905,136.797835],"大字渚4":[35.084371,136.796457],"大字新政成4":[35.073174,136.799079],"大字古政成6":[35.072774,136.796535],"竹之郷6":[35.0763,136.804543],"竹之郷5":[35.07764,136.804203],"大字三福1":[35.092137,136.806845],"大字渚5":[35.085079,136.800035],"大字松之郷6":[35.081321,136.800297],"大字新政成5":[35.073928,136.801531],"大字松之郷7":[35.081111,136.802745],"大字渚6":[35.085064,136.800643],"大字新政成6":[35.071976,136.803628],"大字三福2":[35.090429,136.807882],"大字新政成7":[35.07341,136.807685],"木場1":[35.056146,136.817478],"大字新政成":[35.065572,136.818164],"竹之郷7":[35.077771,136.80955],"竹之郷8":[35.076058,136.809606],"大字三福3":[35.088795,136.809358],"西浜":[35.04675,136.81674],"大字渚8":[35.086127,136.812028],"大字梅之郷":[35.074914,136.822151],"大字新政成11":[35.07222,136.8152],"大字新政成10":[35.065695,136.812209],"東浜3":[35.031586,136.837636],"木場2":[35.058734,136.822792],"東浜1":[35.041467,136.824194],"金岡":[35.063173,136.832091],"東浜2":[35.04502,136.831966]}