{"大字草木":[34.942798,136.894774],"大字植大":[34.914657,136.924051],"大字矢高":[34.923573,136.918278],"大字卯坂":[34.938178,136.924926],"大字阿久比":[34.928637,136.919221],"大字白沢":[34.950958,136.919712],"卯坂南":[34.934208,136.912167],"大字椋岡":[34.927169,136.922142],"大字福住":[34.953583,136.929545],"大字宮津":[34.926755,136.936693],"宮津3":[34.931643,136.924862],"大字板山":[34.941781,136.943636],"宮津2":[34.931717,136.926647],"宮津1":[34.930343,136.927206],"大字萩":[34.921436,136.933444],"大字横松":[34.912417,136.9373]}