{"大字緒川":[34.977266,136.978846],"大字石浜":[34.970772,136.97958],"大字森岡":[34.998894,136.980543],"大字生路":[34.949802,136.973389],"大字藤江":[34.947476,136.977545]}