{"大字内海":[34.749071,136.9001],"大字山海":[34.722872,136.913749],"大字豊浜":[34.707582,136.923784],"大字豊丘":[34.740324,136.94819],"大字師崎":[34.704354,136.97668],"大字大井":[34.724414,136.969055],"大字片名":[34.705744,136.972843]}