{"大字野間":[34.760131,136.858985],"大字小野浦":[34.749573,136.855322],"大字奥田":[34.784792,136.866821],"新栄2":[34.783681,136.856642],"新栄1":[34.782586,136.858378],"大字上野間":[34.796542,136.889428],"美浜緑苑4":[34.798751,136.865347],"美浜緑苑1":[34.801032,136.86833],"美浜緑苑3":[34.799368,136.870384],"美浜緑苑2":[34.803834,136.870563],"大字北方":[34.788083,136.905754],"大字布土":[34.803452,136.921083],"大字河和":[34.78412,136.903516],"大字浦戸":[34.763302,136.925045],"河和台1":[34.772655,136.905532],"河和台3":[34.770056,136.906028],"大字古布":[34.761111,136.924485],"北方3":[34.784273,136.904711],"北方2":[34.782784,136.90684],"大字時志":[34.794505,136.92053],"北方1":[34.781064,136.90768],"河和台2":[34.772222,136.909592],"大字豊丘":[34.747783,136.941491],"新浦戸1":[34.761832,136.920017],"新浦戸2":[34.764127,136.921018],"新浦戸3":[34.763716,136.92255],"北方6":[34.785781,136.904658],"北方5":[34.785507,136.907362],"北方7":[34.787596,136.90655],"大字河和平田":[34.783522,136.903196],"大字北方柿谷":[34.78626,136.904673],"大字北方阿嶽":[34.788033,136.905836]}