{"字二ツ峯":[34.872098,136.889574],"字北小松谷":[34.842482,136.89742],"字南小松谷":[34.847332,136.892633],"大字冨貴":[34.833462,136.890222],"字上原":[34.836687,136.891752],"字原屋敷":[34.837979,136.892946],"大字東大高":[34.832421,136.922102],"字会下":[34.842215,136.889493],"字壱町田":[34.872827,136.89901],"字原田":[34.840025,136.891652],"字下原":[34.8419,136.891251],"字上山ノ田":[34.858895,136.896178],"字上山1":[34.854784,136.894748],"字蛇ケ谷":[34.862308,136.894152],"字嶋田":[34.838576,136.90022],"字甚田":[34.841862,136.896995],"字緑台6":[34.853421,136.898059],"字緑台5":[34.85052,136.894797],"字多賀8":[34.846722,136.895548],"字下山ノ田":[34.859544,136.902928],"字上山3":[34.854021,136.897484],"字梨子ノ木":[34.865093,136.908656],"字上山2":[34.856258,136.896862],"字多賀1":[34.848876,136.898169],"字緑台4":[34.850056,136.898369],"字緑台1":[34.851242,136.898118],"字多賀4":[34.847771,136.898018],"字北中根1":[34.852524,136.898222],"字多賀5":[34.84588,136.898068],"字中山1":[34.855087,136.899091],"字多賀7":[34.844254,136.900806],"字多賀6":[34.845477,136.899607],"字多賀3":[34.845989,136.900564],"字多賀2":[34.847736,136.900406],"字緑台3":[34.849137,136.900757],"字緑台2":[34.850106,136.900967],"字北中根2":[34.85394,136.899807],"字ヲヲガケ":[34.843391,136.902367],"字中山3":[34.855933,136.900912],"字壱畝町":[34.842833,136.903074],"字中山2":[34.857917,136.902344],"字鹿ノ子田1":[34.869521,136.904957],"字北中根3":[34.854383,136.900898],"字大門田":[34.841001,136.910498],"字豊成3":[34.870566,136.904877],"字六貫山1":[34.84696,136.902648],"字六貫山4":[34.846238,136.903421],"字桜ケ丘4":[34.849053,136.902945],"字平井田":[34.861214,136.903651],"字桜ケ丘3":[34.850273,136.904074],"字桜ケ丘1":[34.851014,136.904075],"字北中根5":[34.852128,136.902875],"字六貫山5":[34.844709,136.902831],"字北中根4":[34.853831,136.904731],"字長宗1":[34.857274,136.905589],"字梨子ノ木2":[34.866341,136.905099],"字梨子ノ木1":[34.86862,136.904543],"字旭ケ丘1":[34.84364,136.905035],"字六貫山3":[34.844548,136.904364],"字楠4":[34.847661,136.906106],"字長宗2":[34.857773,136.906713],"字北中根6":[34.851713,136.90405],"字平井4":[34.86179,136.904657],"字六貫山2":[34.846244,136.906423],"字青木ケ丘1":[34.854637,136.906507],"字上起":[34.843649,136.904296],"字桜ケ丘2":[34.851192,136.906333],"字旭ケ丘2":[34.844534,136.906917],"字楠3":[34.849184,136.906632],"字平井5":[34.860253,136.907631],"字平井3":[34.862866,136.907592],"字梨子ノ木3":[34.865429,136.909142],"字豊成2":[34.869934,136.91135],"字鹿ノ子田2":[34.869268,136.908576],"字楠1":[34.849134,136.909191],"字平井1":[34.864018,136.909603],"字中根1":[34.853931,136.908817],"字中根2":[34.852564,136.909374],"字祠峯3":[34.865989,136.909601],"字旭ケ丘3":[34.84453,136.907864],"字楠5":[34.847089,136.906462],"字青木ケ丘2":[34.855821,136.907077],"字楠2":[34.848564,136.909172],"字南中根":[34.851463,136.912052],"字北長宗":[34.858688,136.908232],"字谷口":[34.85692,136.912074],"字向陽5":[34.845783,136.909548],"字平井2":[34.863037,136.910817],"字平井6":[34.860708,136.911208],"字東長宗":[34.85842,136.911803],"字祠峯1":[34.869097,136.911356],"字向陽4":[34.847877,136.911675],"字平井7":[34.861925,136.911242],"字中根3":[34.855105,136.911832],"字向陽1":[34.849212,136.911874],"字祠峯2":[34.866339,136.911271],"字向陽3":[34.847993,136.913233],"字中根5":[34.852176,136.913669],"字迎戸":[34.853411,136.916806],"字白山":[34.842363,136.915003],"字向田":[34.847011,136.911334],"字山ノ神":[34.856275,136.916809],"字平井畑":[34.85948,136.912046],"字中根4":[34.854442,136.914725],"字天神前2":[34.860536,136.913847],"字天神前1":[34.861564,136.912717],"字二ケ崎2":[34.862959,136.915964],"字二ケ崎1":[34.86498,136.915617],"字砂川2":[34.866165,136.913658],"字砂川1":[34.867297,136.913554],"字豊成1":[34.868341,136.915783],"字向陽2":[34.849098,136.913097],"字川尻":[34.846554,136.914533],"字石田":[34.843851,136.913215],"字池田1":[34.861747,136.916003],"字道崎":[34.851986,136.918623],"字草口":[34.844622,136.914751],"字長尾山":[34.851595,136.916087],"字砂川3":[34.86548,136.915624],"字瀬木":[34.849739,136.916157],"字目堀":[34.847506,136.915488],"字池田2":[34.860905,136.91613],"字道崎田":[34.848143,136.915025],"字北新田":[34.844925,136.91811],"字下門":[34.857911,136.920737],"字西田崎":[34.84869,136.916664],"字四畝":[34.842777,136.916961],"字中狭":[34.863403,136.91837],"字西門":[34.852527,136.920316],"字中蓮":[34.867326,136.916928],"字土穴":[34.847549,136.917347],"字若宮":[34.861031,136.918503],"字ヱケ屋敷":[34.860511,136.919185],"字上ケ":[34.857638,136.920836],"字後田":[34.850735,136.920806],"字高野前":[34.856061,136.91909],"字田崎":[34.848981,136.917986],"字山起":[34.843613,136.92084],"字大屋敷":[34.846322,136.921043],"字長峰":[34.841558,136.919809],"字石川":[34.867442,136.921748],"字熊野":[34.847626,136.920727],"字内かんな":[34.860997,136.919692],"字浅水":[34.863039,136.920756],"字廻間":[34.842014,136.92121],"字平海道":[34.849456,136.922088],"字前田":[34.8595,136.921856],"字口田":[34.860175,136.921696],"字塩田":[34.86532,136.924683],"字竜宮":[34.825274,136.924676],"字金下":[34.852915,136.92261],"字里中":[34.848264,136.924138],"字前畑":[34.842658,136.921916],"字川脇":[34.848593,136.923912],"字下田":[34.840983,136.924685],"字ヒジリ田":[34.856542,136.923612],"字小迎":[34.852234,136.925489],"字忠白田":[34.844774,136.924378],"字後畑":[34.847661,136.923762],"字一号地":[34.844307,136.929313],"字堀割":[34.850941,136.924853],"字旭":[34.830921,136.926326],"字北曲輪":[34.866895,136.925956],"字明神戸":[34.851932,136.92652],"字七号地":[34.858885,136.924546],"字道仙田":[34.847561,136.925325],"字沢田新田":[34.854224,136.926185],"字九号地":[34.866916,136.928061],"字五号地":[34.853192,136.933464]}