{"大字須美":[34.848304,137.1374],"大字桐山":[34.84395,137.151668],"大字野場":[34.863749,137.156964],"大字永野":[34.885031,137.14922],"大字六栗":[34.850692,137.16483],"大字上六栗":[34.844125,137.167389],"大字菱池":[34.869978,137.174954],"大字深溝":[34.824677,137.195264],"大字相見":[34.884856,137.167849],"大字坂崎":[34.903279,137.186331],"大字芦谷":[34.855894,137.181463],"大字高力":[34.887903,137.172797],"大字横落":[34.868022,137.177824],"大字大草":[34.874969,137.202603],"大字荻":[34.856962,137.200397],"大字長嶺":[34.895936,137.205062],"大字久保田":[34.890938,137.198685],"大字深溝小原":[34.824703,137.160008],"大字深溝松葉":[34.834722,137.162562],"大字深溝南中ノ沢":[34.831935,137.163691],"大字深溝五昇成":[34.830941,137.1636],"大字深溝深田":[34.830366,137.164653],"大字深溝小原口":[34.829585,137.165528],"大字深溝大金":[34.832339,137.167425],"大字北鷲田東山":[34.883158,137.167773],"大字深溝西稲葉":[34.832285,137.169349],"大字深溝時近":[34.831317,137.174282],"大字深溝苅谷川":[34.830808,137.178473],"大字深溝上天白":[34.831305,137.178058],"大字深溝天王山":[34.833286,137.180292],"大字深溝城跡":[34.82988,137.180999],"大字深溝川原田":[34.825462,137.189295],"大字深溝矢崎":[34.827112,137.190885],"大字深溝南篠原":[34.824636,137.189645]}