{"大字森山":[40.544752,140.544434],"大字鯖石":[40.531367,140.555455],"大字八幡館":[40.540463,140.558252],"大字宿川原":[40.525478,140.555944],"大字三ツ目内":[40.523885,140.556676],"大字虹貝":[40.52043,140.560591],"大字大鰐":[40.519149,140.565121],"大字蔵館":[40.519638,140.585709],"大字長峰":[40.519461,140.59435],"大字苦木":[40.515221,140.599398],"大字島田":[40.493442,140.573793]}