{"大字豊蒔":[40.632221,140.507241],"大字川部":[40.644243,140.533279],"大字大根子":[40.634155,140.515603],"大字大袋":[40.616943,140.515349],"大字諏訪堂":[40.633944,140.521058],"大字和泉":[40.649054,140.524063],"大字境森":[40.654862,140.534583],"大字大曲":[40.632072,140.538391],"大字畑中":[40.639658,140.558984],"大字前田屋敷":[40.643302,140.540659],"大字田舎舘":[40.631624,140.556982],"大字八反田":[40.634884,140.548526],"大字枝川":[40.647218,140.564292],"大字堂野前":[40.648964,140.55506],"大字垂柳":[40.631915,140.558549],"大字高樋":[40.636548,140.572938],"大字十二川原":[40.648069,140.564987],"大字土矢倉":[40.642932,140.537375]}