{"大字小幡":[40.713285,140.435049],"大字掛落林":[40.716712,140.445881],"大字灰沼":[40.706222,140.449786],"大字野中":[40.720413,140.457684],"大字板柳":[40.686181,140.462692],"大字福野田":[40.687872,140.463907],"大字赤田":[40.709903,140.462027],"大字石野":[40.716137,140.462091],"大字三千石":[40.701382,140.461845],"いたや町1":[40.701155,140.462183],"大字辻":[40.691128,140.464438],"いたや町3":[40.700072,140.465179],"いたや町2":[40.703429,140.465167],"いたや町4":[40.700926,140.466062],"大字五幾形":[40.716942,140.477654],"大字飯田":[40.668682,140.477291],"大字太田":[40.694769,140.473916],"大字横沢":[40.691441,140.476343],"大字深味":[40.708712,140.472783],"大字狐森":[40.726393,140.481124],"大字柏木":[40.730622,140.487258],"大字大俵":[40.706771,140.487225],"大字牡丹森":[40.738515,140.488406],"大字高増":[40.726352,140.487033],"大字常海橋":[40.730253,140.500373],"大字夕顔関":[40.739252,140.50979],"大字五林平":[40.74805,140.510419],"大字館野越":[40.719195,140.505846],"大字滝井":[40.701447,140.51639],"大字長野":[40.696158,140.478324]}