{"大字妙堂崎":[40.767224,140.388454],"大字廻堰":[40.763001,140.389514],"大字野木":[40.741206,140.412955],"大字木筒":[40.75089,140.409809],"大字大巻":[40.776979,140.423425],"大字大性":[40.728501,140.425857],"大字菖蒲川":[40.733401,140.426288],"大字鶴田":[40.773517,140.440846],"大字鶴泊":[40.737307,140.437738],"大字中野":[40.744072,140.455078],"大字強巻":[40.775606,140.443381],"大字境":[40.737318,140.445536],"大字山道":[40.753303,140.452596],"大字胡桃舘":[40.736125,140.450251],"大字沖":[40.740046,140.467869],"大字瀬良沢":[40.752242,140.487038],"大字横萢":[40.755929,140.472105]}