{"字柴崎":[40.884932,141.084531],"字八ノ木谷地":[40.877409,141.080091],"字大平下":[40.876999,141.092625],"字馬門":[40.877495,141.090901],"字獅子沢":[40.862672,141.09625],"字家ノ上":[40.871886,141.09844],"字槻ノ木":[40.868449,141.103596],"字松ノ木":[40.853999,141.110433],"字陣場川原":[40.871211,141.104292],"字鳥井平":[40.870431,141.107805],"字枇杷野":[40.852374,141.108034],"字上小中野":[40.850011,141.115476],"字下御手洗瀬":[40.867698,141.110255],"字馬門道":[40.871412,141.118874],"字二本木":[40.864745,141.111218],"字前平":[40.861982,141.117785],"字笹館":[40.867368,141.120917],"字観音林後":[40.860055,141.117978],"字切明":[40.852842,141.115269],"字下小中野":[40.859851,141.12073],"字中小中野":[40.857826,141.121756],"字松ノ木平":[40.846498,141.122194],"字下松ノ木平":[40.856294,141.124069],"字新町裏":[40.86638,141.122263],"字前田":[40.864668,141.121288],"字野辺地":[40.868272,141.130108],"字中屋敷":[40.845791,141.129926],"字久田":[40.850593,141.127025],"字米内沢":[40.872972,141.126591],"字鳴沢":[40.857775,141.1251],"字坊ノ塚":[40.855002,141.134943],"字寺ノ沢":[40.860253,141.13307],"字種川":[40.86046,141.127798],"字昼場":[40.855171,141.129599],"字田名部道":[40.876182,141.141265],"字石神裏":[40.868482,141.130863],"字船橋":[40.859295,141.133635],"字赤坂":[40.863086,141.137983],"字助佐小路":[40.867758,141.137012],"字中道":[40.873332,141.143229],"字雑吉沢":[40.858981,141.134333],"字大月平":[40.874151,141.145769],"字田狭沢":[40.872373,141.145456],"字タラノ木":[40.868593,141.141861],"字地続山":[40.875013,141.075156],"字湯沢尻":[40.876095,141.082661],"字中渡":[40.878612,141.091962],"字下河渡頭":[40.876903,141.090412],"字田端":[40.875079,141.080636],"字二十平":[40.865304,141.108587],"字浜掛":[40.871145,141.122196],"字白岩":[40.862386,141.125504],"字上前田":[40.856176,141.129425],"字上川原":[40.855846,141.127972],"字新田":[40.848344,141.130212],"字餅粟川原":[40.8523,141.130179],"字下与田川":[40.8541,141.122206],"字与田川尻":[40.860098,141.124151],"字観音林脇":[40.859691,141.118425],"字白岩向":[40.863164,141.12414],"字二本木向":[40.862706,141.118324],"字二本木向前田":[40.863286,141.119077],"字観音林前田":[40.864765,141.119786],"字下前田":[40.857589,141.12705],"字下坂":[40.863738,141.138229],"字干草橋":[40.880236,141.150739],"字上河渡頭":[40.875788,141.068543],"字湯沢":[40.876226,141.069106],"字戸田ノ沢":[40.851878,141.132202]}