{"大字倉内":[40.846497,141.374894],"大字鷹架":[40.934129,141.291832],"大字尾駮":[40.943772,141.28987],"大字平沼":[40.902155,141.319939],"大字出戸":[41.012084,141.381644]}