{"賀田町":[33.974483,136.189623],"大字南浦":[34.077944,136.177217],"光ヶ丘":[34.065998,136.177213],"泉町":[34.068944,136.18055],"新田町":[34.064488,136.183802],"大滝町":[34.068438,136.184444],"倉ノ谷町":[34.078621,136.186787],"坂場西町":[34.080903,136.1894],"上野町":[34.068223,136.187966],"古戸町":[34.073847,136.189987],"曽根町":[33.964577,136.20054],"小川西町":[34.067428,136.188372],"中村町":[34.0729,136.191812],"野地町":[34.075399,136.190431],"中央町":[34.071263,136.196291],"坂場町":[34.078181,136.192785],"南陽町":[34.069553,136.190368],"小川東町":[34.067937,136.190323],"桂ヶ丘":[34.06079,136.196686],"宮ノ上町":[34.077137,136.193193],"栄町":[34.074997,136.196553],"中川":[34.06494,136.195814],"北浦西町":[34.081534,136.196766],"中井町":[34.075401,136.196403],"朝日町":[34.072998,136.201432],"林町":[34.071938,136.201854],"矢浜2":[34.062657,136.198592],"北浦町":[34.077929,136.20036],"北浦東町":[34.080243,136.203556],"港町":[34.075038,136.198865],"矢浜1":[34.062359,136.199864],"瀬木山町":[34.070742,136.203641],"馬越町":[34.088023,136.197054],"矢浜真砂":[34.050622,136.203859],"矢浜4":[34.056184,136.200866],"矢浜3":[34.059274,136.20344],"大字向井":[34.062979,136.210927],"国市松泉町":[34.066774,136.206973],"大字天満浦":[34.078772,136.205937],"大字大曽根浦":[34.063082,136.224227],"大字行野浦":[34.064019,136.242233],"座ノ下町":[34.083715,136.191626],"末広町":[34.075662,136.189332],"古戸野町":[34.072218,136.182947],"大字中井浦":[34.07986,136.181762],"矢浜岡崎町":[34.057304,136.196627]}