{"三重2":[34.993643,136.587246],"尾平町":[34.975822,136.593111],"北山町":[35.042671,136.58697],"三重6":[34.987711,136.585774],"三重5":[34.986107,136.589973],"山城町":[35.035922,136.586364],"三重1":[34.993592,136.588636],"八千代台1":[35.02863,136.58713],"三重7":[34.98608,136.58656],"朝明町":[35.036638,136.586858],"西坂部町":[35.000782,136.587012],"三重3":[34.989273,136.587187],"三重4":[34.989757,136.591202],"山之一色町":[35.018632,136.606644],"東坂部町":[34.993829,136.600608],"あかつき台1":[35.024353,136.595937],"生桑町":[34.990496,136.59458],"南坂部町":[34.991155,136.592293],"坂部が丘5":[35.010221,136.594476],"西大鐘町":[35.041772,136.596081],"あかつき台5":[35.030315,136.595396],"坂部が丘4":[35.001653,136.597064],"あかつき台3":[35.030358,136.596751],"坂部が丘3":[35.002738,136.599786],"あかつき台6":[35.033093,136.597417],"坂部が丘2":[35.005228,136.599596],"あかつき台2":[35.028604,136.600747],"坂部が丘1":[35.002449,136.599935],"萱生町":[35.022344,136.605229],"大鐘町":[35.034135,136.614811],"あかつき台4":[35.027086,136.605992],"中村町":[35.035779,136.609936],"坂部台2":[35.006016,136.604232],"野田2":[34.984128,136.607416],"久保田2":[34.975405,136.61321],"小杉町":[34.991585,136.604538],"坂部台1":[35.004961,136.608196],"垂坂町":[35.005394,136.618685],"小杉新町":[34.997297,136.608718],"垂坂新町":[35.003172,136.608095],"野田1":[34.980467,136.612937],"大字西阿倉川":[34.993042,136.618645],"大字末永":[34.983811,136.61188],"堀木2":[34.975609,136.616604],"南垂坂町":[35.002424,136.611558],"大谷台2":[35.000414,136.61095],"清水町":[34.980228,136.618258],"平津町":[35.026304,136.620146],"大谷台1":[35.001095,136.614605],"みゆきケ丘2":[34.997502,136.61707],"みゆきケ丘1":[34.994829,136.616015],"末永町":[34.975749,136.618999],"大字東阿倉川":[34.9925,136.62154],"東垂坂町":[35.005403,136.618337],"伊坂町":[35.030373,136.632023],"千代田町":[35.035636,136.619919],"本郷町":[34.977422,136.621455],"平津新町":[35.026089,136.620573],"阿倉川新町":[34.993243,136.621701],"大字羽津":[35.000993,136.624714],"緑丘町":[34.992686,136.622195],"伊坂台3":[35.043327,136.620881],"別名2":[34.996773,136.625446],"大矢知町":[35.016514,136.636315],"山手町":[34.990881,136.623706],"滝川町":[34.974997,136.625009],"万古町":[34.983915,136.624708],"陶栄町":[34.979802,136.625836],"羽津山町":[34.987972,136.631762],"別名3":[34.999688,136.628583],"別名1":[34.994719,136.629356],"阿倉川町":[34.987041,136.625599],"伊坂台2":[35.040204,136.625145],"大宮西町":[34.994142,136.63111],"三ツ谷町":[34.983239,136.628803],"川原町":[34.973085,136.628011],"別名4":[34.99497,136.63121],"京町":[34.975436,136.632032],"南いかるが町":[34.999619,136.630606],"大宮町":[34.989411,136.633281],"伊坂台1":[35.040398,136.629994],"大矢知新町":[35.02342,136.630484],"浜一色町":[34.977825,136.631222],"山分町":[35.023981,136.632612],"三ツ谷東町":[34.980498,136.636279],"城山町":[34.987675,136.632271],"別名6":[34.997646,136.635711],"別名5":[34.994666,136.633068],"羽津中1":[34.991141,136.634126],"金場町":[34.985504,136.636192],"山村町":[35.034344,136.639334],"広永町":[35.031239,136.644101],"大字茂福":[35.00477,136.646133],"羽津中2":[34.993527,136.636733],"羽津町":[34.990499,136.634768],"東新町":[34.975308,136.63809],"富士町":[34.988138,136.642277],"高浜町":[34.976186,136.638786],"羽津中3":[34.995874,136.638128],"黄金町":[35.026212,136.635988],"八田1":[34.99105,136.639376],"八田2":[34.994396,136.638043],"下之宮町":[35.015017,136.643653],"八田3":[34.994594,136.643108],"高浜新町":[34.975522,136.640513],"白須賀1":[34.989047,136.645434],"下さざらい町":[35.019311,136.641981],"川北3":[35.024055,136.645311],"茂福町":[35.000016,136.648332],"午起3":[34.975809,136.642861],"西富田町":[35.014552,136.649647],"十志町":[35.012978,136.644445],"川北1":[35.021564,136.649644],"白須賀2":[34.991768,136.644397],"富田栄町":[35.008186,136.646533],"西富田3":[35.017332,136.64508],"白須賀3":[34.993725,136.648429],"川北2":[35.022074,136.649532],"東茂福町":[34.998094,136.649515],"南富田町":[35.003913,136.647847],"蒔田4":[35.019576,136.648618],"富田4":[35.007662,136.649658],"蒔田2":[35.01869,136.649868],"富田浜町":[34.999048,136.651699],"富田3":[35.008572,136.652976],"川北町":[35.027329,136.651755],"富田1":[35.003864,136.653643],"西富田2":[35.014571,136.651545],"松寺3":[35.02057,136.651327],"松原町":[35.008186,136.654137],"蒔田3":[35.019086,136.652027],"富田2":[35.005665,136.657182],"松寺1":[35.021703,136.654188],"霞1":[34.988526,136.652945],"富田浜元町":[35.000368,136.654644],"東富田町":[35.000313,136.656161],"平町":[35.015499,136.656336],"松寺2":[35.023984,136.654519],"富州原町":[35.007559,136.654697],"霞2":[34.998032,136.66269],"富田一色町":[35.006178,136.664792],"富双1":[34.999895,136.656982],"富双2":[35.002901,136.663036],"天カ須賀5":[35.014168,136.667466],"住吉町":[35.009398,136.663962],"天カ須賀2":[35.009022,136.672035],"天カ須賀4":[35.015151,136.671925],"天カ須賀1":[35.008071,136.668647],"天カ須賀3":[35.014022,136.672454],"東ケ谷":[35.001674,136.607776],"西伊倉町":[34.975734,136.598287],"蒔田1":[35.015557,136.650356],"水沢町":[34.985193,136.473176],"桜町":[34.983074,136.500768],"桜新町2":[34.983547,136.526506],"桜花台2":[34.989815,136.525078],"桜新町1":[34.983666,136.528615],"桜台2":[34.983106,136.535653],"桜花台1":[34.987145,136.529449],"桜台1":[34.987092,136.536659],"西村町":[35.039371,136.536743],"桜台3":[34.983316,136.53602],"智積町":[34.981917,136.549529],"中野町":[35.04114,136.540698],"桜台本町":[34.987509,136.537002],"川島町":[34.971836,136.571295],"平尾町":[35.004347,136.568322],"黒田町":[35.010447,136.539815],"北野町":[35.014987,136.545843],"江村町":[35.006553,136.543085],"市場町":[35.063828,136.558622],"高角町":[34.989107,136.554472],"赤水町":[35.009059,136.563237],"菅原町":[34.991491,136.5536],"上海老町":[35.029944,136.558238],"寺方町":[34.987724,136.568896],"高見台1":[35.061374,136.560091],"川島新町":[34.97528,136.560555],"高見台2":[35.062652,136.558644],"下海老町":[35.019527,136.588469],"小牧町":[35.053942,136.57135],"あがたが丘3":[35.024881,136.564496],"三滝台4":[34.975384,136.565489],"あがたが丘2":[35.024506,136.570064],"まきの木台2":[35.039669,136.570307],"曽井町":[34.978746,136.579443],"三滝台1":[34.976771,136.572687],"まきの木台1":[35.03655,136.57169],"あがたが丘1":[35.023274,136.570462],"三滝台3":[34.975936,136.568472],"まきの木台3":[35.038213,136.572342],"札場町":[35.031889,136.572064],"小生町":[34.977189,136.573566],"あさけが丘3":[35.032575,136.577437],"あさけが丘2":[35.034158,136.579423],"あさけが丘1":[35.036205,136.582361],"八千代台3":[35.031234,136.580791],"八千代台2":[35.0296,136.582606],"三重8":[34.98988,136.584932],"三重9":[34.989683,136.582345],"水沢野田町":[34.961492,136.483541],"堂ケ山町":[34.943642,136.51821],"美里町":[34.963196,136.51312],"西山町":[34.974106,136.510282],"和無田町":[34.936217,136.521252],"小山町":[34.97485,136.514337],"山田町":[34.936368,136.549518],"鹿間町":[34.931078,136.542145],"六名町":[34.943287,136.522149],"内山町":[34.967833,136.5433],"小林町":[34.95757,136.545866],"南小松町":[34.919222,136.567402],"波木町":[34.940485,136.568227],"八王子町":[34.95015,136.554666],"高花平3":[34.954887,136.550783],"高花平1":[34.957766,136.549587],"高花平4":[34.951016,136.551176],"北小松町":[34.931173,136.559063],"高花平2":[34.953794,136.553968],"高花平5":[34.950761,136.554504],"別山4":[34.96785,136.558049],"別山1":[34.971003,136.562715],"別山3":[34.966721,136.558865],"貝家町":[34.933121,136.566719],"釆女町":[34.921029,136.586355],"別山2":[34.96899,136.562708],"波木が丘町":[34.940288,136.568948],"笹川4":[34.948407,136.570434],"笹川9":[34.940087,136.572548],"笹川3":[34.948654,136.567357],"波木南台3":[34.937111,136.571514],"波木南台2":[34.933893,136.570646],"笹川5":[34.948513,136.573848],"三滝台2":[34.971536,136.573168],"波木南台1":[34.934259,136.576235],"浮橋2":[34.969889,136.572561],"波木南台4":[34.936401,136.573969],"室山町":[34.95289,136.581337],"笹川8":[34.939662,136.577038],"笹川6":[34.947954,136.577049],"笹川2":[34.950915,136.577584],"浮橋1":[34.968822,136.579279],"笹川7":[34.946792,136.580502],"西日野町":[34.946398,136.587584],"釆女が丘4":[34.913531,136.581032],"笹川1":[34.94897,136.579521],"大字日永":[34.945082,136.585706],"大字松本":[34.962361,136.585886],"南松本町":[34.968409,136.580212],"釆女が丘3":[34.917041,136.581755],"青葉町":[34.97038,136.579863],"釆女が丘5":[34.913867,136.583033],"西松本町":[34.968521,136.585298],"釆女が丘2":[34.914383,136.587155],"釆女が丘1":[34.917344,136.585381],"森カ山町":[34.931845,136.582488],"小古曽東3":[34.923457,136.586024],"小古曽5":[34.932083,136.588554],"松本4":[34.967622,136.586613],"小古曽3":[34.925606,136.586687],"小古曽6":[34.927572,136.586213],"河原田町":[34.918093,136.59304],"松本3":[34.971538,136.588974],"小古曽2":[34.92902,136.593558],"松本6":[34.965821,136.587009],"大井手3":[34.974583,136.589321],"大字泊村":[34.938927,136.588178],"小古曽町":[34.919588,136.589173],"小古曽4":[34.933885,136.593671],"松本5":[34.966931,136.58901],