{"小俣町新村":[34.512966,136.651277],"小俣町湯田":[34.499962,136.65697],"柏町":[34.542754,136.658406],"上地町":[34.503222,136.659735],"円座町":[34.454915,136.651957],"津村町":[34.457301,136.654896],"小俣町明野":[34.523932,136.659571],"佐八町":[34.465645,136.659509],"東大淀町":[34.556603,136.670366],"小俣町相合":[34.505859,136.665756],"粟野町":[34.48983,136.674021],"村松町":[34.544607,136.713779],"上野町":[34.445665,136.662674],"野村町":[34.52486,136.660999],"小俣町本町":[34.496685,136.668466],"中須町":[34.490479,136.675177],"小俣町宮前":[34.49394,136.673003],"大倉町":[34.473584,136.677809],"小俣町元町":[34.510849,136.687096],"西豊浜町":[34.534448,136.681069],"前山町":[34.468676,136.682274],"辻久留町":[34.473832,136.687021],"川端町":[34.493608,136.681853],"辻久留3":[34.47992,136.684005],"植山町":[34.53398,136.681704],"宮川2":[34.497761,136.684455],"磯町":[34.526946,136.700872],"中島2":[34.490332,136.685403],"二俣町":[34.480499,136.686511],"辻久留2":[34.48696,136.688467],"中島1":[34.494856,136.684587],"二俣3":[34.4866,136.687924],"宮川1":[34.497486,136.689626],"二俣4":[34.482512,136.689639],"御薗町高向":[34.497082,136.690471],"辻久留1":[34.48879,136.68833],"二俣1":[34.491548,136.691158],"旭町":[34.474743,136.69516],"二俣2":[34.487729,136.690549],"浦口4":[34.485678,136.692915],"浦口1":[34.495018,136.692531],"有滝町":[34.539389,136.709177],"常磐1":[34.495834,136.695101],"浦口3":[34.487129,136.695036],"浦口2":[34.492824,136.69564],"常磐町":[34.484579,136.693435],"藤里町":[34.477889,136.703224],"常磐3":[34.488271,136.696102],"常磐2":[34.492612,136.695902],"宮町2":[34.496313,136.698271],"八日市場町":[34.490349,136.698362],"宮町1":[34.494233,136.698879],"東豊浜町":[34.537517,136.718284],"曽祢2":[34.49648,136.698888],"曽祢1":[34.492614,136.701938],"大世古3":[34.497018,136.702994],"大世古2":[34.494766,136.703313],"大世古4":[34.498459,136.703872],"豊川町":[34.482518,136.700756],"大世古1":[34.493526,136.702869],"御薗町長屋":[34.513337,136.709264],"一之木1":[34.493506,136.703344],"一志町":[34.491176,136.703702],"一之木4":[34.501864,136.704788],"一之木2":[34.494064,136.706075],"本町":[34.489888,136.708798],"宮後1":[34.493,136.706133],"御薗町上條":[34.520757,136.715371],"一之木3":[34.495538,136.706687],"勢田町":[34.463436,136.703844],"岡本3":[34.481307,136.706603],"宮後2":[34.494102,136.711679],"一之木5":[34.504508,136.708958],"宮後3":[34.499037,136.710634],"吹上1":[34.490284,136.711076],"岩渕1":[34.488718,136.708294],"樫原町":[34.52831,136.712932],"岡本1":[34.487055,136.708247],"岡本2":[34.481878,136.714414],"河崎1":[34.493664,136.712031],"船江4":[34.503639,136.713254],"船江1":[34.498915,136.711293],"吹上2":[34.489869,136.713226],"岩渕2":[34.486241,136.713174],"桜木町":[34.47532,136.718453],"河崎2":[34.496816,136.715685],"御薗町王中島":[34.512313,136.713697],"宇治浦田3":[34.463685,136.714257],"御薗町小林":[34.522807,136.718127],"尾上町":[34.485516,136.717699],"船江2":[34.499285,136.719437],"船江3":[34.502428,136.717378],"河崎3":[34.495661,136.717464],"宇治浦田2":[34.466775,136.720985],"岩渕3":[34.489445,136.718317],"神久1":[34.490192,136.718155],"神久3":[34.493023,136.717581],"神久2":[34.490416,136.719736],"御薗町新開":[34.508453,136.724093],"中村町":[34.467039,136.731146],"倭町":[34.481463,136.72038],"神久5":[34.497725,136.724209],"中之町":[34.47831,136.719405],"小木町":[34.508705,136.7232],"古市町":[34.479539,136.719476],"神久4":[34.49463,136.721278],"楠部町":[34.48474,136.729172],"神田久志本町":[34.490047,136.729794],"宇治浦田1":[34.465073,136.723119],"宇治中之切町":[34.460877,136.720915],"宇治今在家町":[34.459373,136.717463],"馬瀬町":[34.516348,136.729772],"久世戸町":[34.481287,136.723708],"宇治館町":[34.462431,136.726149],"田尻町":[34.506969,136.735527],"神久6":[34.49603,136.726133],"竹ケ鼻町":[34.50784,136.735364],"下野町":[34.515041,136.730571],"大湊町":[34.525188,136.741113],"黒瀬町":[34.501813,136.736987],"神社港":[34.51399,136.73161],"通町":[34.497903,136.746707],"一色町":[34.512426,136.741749],"鹿海町":[34.497494,136.745571],"一宇田町":[34.47723,136.754101],"二見町今一色":[34.519755,136.747705],"二見町西":[34.515165,136.751495],"朝熊町":[34.485745,136.751468],"二見町溝口":[34.500686,136.756701],"二見町山田原":[34.499325,136.763881],"二見町光の街":[34.497112,136.766962],"二見町荘":[34.510816,136.766359],"二見町三津":[34.497113,136.77241],"二見町茶屋":[34.504285,136.776839],"二見町江":[34.503155,136.794518],"二見町松下":[34.498372,136.794747],"岩渕町":[34.484754,136.719168],"浦口町":[34.479549,136.69157],"宇治浦田町":[34.465612,136.718428]}