{"大字和泉":[35.046911,136.677995],"大字安永":[35.04899,136.680119],"大字小泉":[35.039829,136.689392],"大字大福":[35.054813,136.683654],"大字江場":[35.057238,136.682672],"相川町":[35.057902,136.686413],"矢田磧":[35.059183,136.686639],"大字福島":[35.081028,136.682634],"大字東方":[35.078829,136.67164],"中央町4":[35.062049,136.685848],"中央町3":[35.062919,136.689155],"西鍋屋町":[35.056674,136.68766],"寿町3":[35.065974,136.688647],"末広町":[35.067659,136.687336],"東鍋屋町":[35.056449,136.688163],"掛樋":[35.057142,136.688159],"大字本願寺":[35.063123,136.680285],"蓮見町":[35.069212,136.689039],"伝馬町":[35.058081,136.691117],"一色町":[35.059821,136.690795],"大字桑名":[35.064116,136.680174],"大央町":[35.062436,136.689728],"堤原":[35.068032,136.688485],"常盤町":[35.065368,136.689443],"八間通":[35.067067,136.690108],"三栄町":[35.065556,136.690914],"新築町":[35.06299,136.689927],"新屋敷":[35.055907,136.692917],"大字小貝須":[35.052644,136.702313],"鍜冶町":[35.061902,136.691434],"今片町":[35.067672,136.690406],"萱町":[35.059536,136.691956],"今北町":[35.068404,136.690555],"太一丸":[35.069492,136.692837],"京橋町":[35.063452,136.691711],"南寺町":[35.064409,136.692954],"北寺町":[35.066838,136.691144],"吉津屋町":[35.063256,136.69259],"入江葭町":[35.061489,136.692886],"東太一丸":[35.071456,136.693215],"相生町":[35.066744,136.692455],"八幡町":[35.059421,136.693445],"殿町":[35.066511,136.693177],"外堀":[35.060516,136.696147],"船馬町":[35.068568,136.692583],"南魚町":[35.064446,136.693096],"大字福江":[35.034312,136.698251],"紺屋町":[35.06203,136.692441],"内堀":[35.060749,136.696867],"大字萱町":[35.031625,136.697359],"田町":[35.065472,136.694257],"宝殿町":[35.067326,136.693527],"柳原":[35.057264,136.695476],"春日町":[35.068196,136.693958],"大字大貝須":[35.037309,136.698024],"三之丸":[35.064138,136.696458],"大字東野":[35.055955,136.696723],"大字福地":[35.037635,136.698283],"大字福岡町":[35.034529,136.700681],"吉之丸":[35.066738,136.698081],"伊賀町":[35.059334,136.700688],"長島町十日外面":[35.087403,136.696425],"元赤須賀":[35.060389,136.700807],"長島町松ケ島":[35.088131,136.698377],"大字地蔵":[35.052884,136.702718],"大字立田町":[35.039586,136.705974],"大字赤須賀":[35.059144,136.701342],"長島町駒江":[35.086967,136.70154],"大字太平町":[35.028637,136.707803],"長島町又木":[35.092557,136.700981],"長島町押付":[35.103134,136.707743],"長島町源部外面":[35.083686,136.708064],"長島町殿名":[35.102538,136.707969],"長島町大島":[35.073513,136.708249],"長島町東殿名":[35.091717,136.71205],"長島町赤地":[35.07338,136.708567],"長島町葭ケ須":[35.074587,136.709346],"長島町鎌ケ地":[35.082286,136.707423],"長島町福豊":[35.060764,136.721062],"長島町福吉":[35.056436,136.722661],"長島町白鶏":[35.038739,136.719711],"長島町横満蔵":[35.057069,136.725165],"長島町松蔭":[35.03768,136.719915],"長島町浦安":[35.034654,136.737752],"川口町":[35.067785,136.696293],"江戸町":[35.066304,136.696057],"片町":[35.064649,136.695753],"宮通":[35.064644,136.695153],"本町":[35.067127,136.695513],"北魚町":[35.0659,136.694838],"三崎通":[35.066792,136.693202],"風呂町":[35.067108,136.695181],"宮町":[35.067727,136.69523],"清水町":[35.06768,136.692514],"住吉町":[35.069743,136.693538],"今中町":[35.068439,136.689773],"京町":[35.064074,136.693046],"油町":[35.063982,136.694184],"職人町":[35.064242,136.694745],"参宮通":[35.069668,136.687163],"縄生":[35.040329,136.684566],"東矢田町":[35.057322,136.685142],"北鍋屋町":[35.059427,136.688189],"新町":[35.059642,136.691691],"中央町5":[35.060121,136.686708],"大字志知":[35.047421,136.605913],"多度町力尾":[35.117767,136.626195],"大字大仲新田":[35.077167,136.61101],"大字五反田":[35.069534,136.617992],"大字嘉例川":[35.091699,136.616865],"大字芳ケ崎":[35.071651,136.619178],"多度町北猪飼":[35.124496,136.617805],"大字島田":[35.055009,136.624211],"大字森忠":[35.071342,136.619235],"多度町多度":[35.129992,136.625201],"多度町猪飼":[35.124271,136.618008],"赤尾台4":[35.047478,136.62031],"大字友村":[35.056954,136.626932],"赤尾台5":[35.047181,136.625078],"里町":[35.065699,136.62163],"多度町御衣野":[35.103912,136.641901],"赤尾台2":[35.050168,136.622758],"赤尾台1":[35.052683,136.624986],"中山町":[35.066645,136.625766],"大字赤尾":[35.047962,136.630677],"赤尾台3":[35.049004,136.625263],"大字星川":[35.067566,136.630658],"赤尾台6":[35.047026,136.627512],"赤尾台7":[35.048575,136.628164],"赤尾台8":[35.050358,136.628857],"赤尾台9":[35.050954,136.627218],"星見ヶ丘4":[35.070872,136.628281],"星見ヶ丘5":[35.067654,136.630898],"野田5":[35.083028,136.628224],"大字坂井":[35.058969,136.634446],"多度町小山":[35.133297,136.642501],"野田6":[35.077966,136.628122],"多度町多度2":[35.130514,136.628168],"星見ヶ丘3":[35.075833,136.631694],"野田4":[35.085503,136.629888],"西正和台3":[35.049303,136.631811],"野田3":[35.081901,136.632972],"西正和台2":[35.050359,136.632259],"多度町柚井":[35.136568,136.637604],"西正和台4":[35.047203,136.629081],"西正和台1":[35.05123,136.632456],"野田2":[35.080132,136.634802],"陽だまりの丘6":[35.090682,136.636282],"西正和台5":[35.045704,136.631142],"陽だまりの丘8":[35.084432,136.639731],"大山田4":[35.085839,136.631916],"野田1":[35.078062,136.635042],"星見ヶ丘2":[35.074937,136.633948],"星見ヶ丘6":[35.066145,136.633999],"星見ヶ丘9":[35.072605,136.636221],"大山田5":[35.082655,136.635431],"星見ヶ丘8":[35.071518,136.636831],"星見ヶ丘7":[35.06738,136.63615],"陽だまりの丘5":[35.095232,136.638241],"東正和台2":[35.049536,136.634086],"東正和台1":[35.050562,136.633967],"大字能部":[35.052049,136.634215],"大山田7":[35.080058,136.636153],"星見ヶ丘1":[35.077237,136.635025],"東正和台3":[35.046733,136.63549],"大字額田":[35.057242,136.645985],"東正和台4":[35.048931,136.636263],"大山田6":[35.081431,136.638332],"陽だまりの丘7":[35.085823,136.640631],"多度町下野代":[35.103607,136.644973],"大山田8":[35.078122,136.638479],"東正和台5":[35.050864,136.638654],"松ノ木4":[35.077545,136.635324],"東正和台7":[35.047725,136.63713],"東正和台6":[35.049044,136.636585],"陽だまりの丘4":[35.089191,136.640662],"大山田3":[35.08329,136.639836],"多度町肱江":[35.12437,136.643366],"松ノ木5":[35.074068,136.640342],"大山田2":[35.081914,136.641046],"大山田1":[35.079269,136.641319],"松ノ木3":[35.076857,136.641627],"大字桑部":[35.050066,136.655318],"陽だまりの丘3":[35.092814,136.645635],"松ノ木6":[35.076633,136.641734],"松ノ木7":[35.071796,136.644465],"陽だまりの丘2":[35.088724,136.640031],"筒尾5":[35.083634,136.64136],"筒尾7":[35.082546,136.643837],"筒尾8":[35.07989,136.643939],"多度町戸津":[35.133095,136.642612],"松ノ木2":[35.07516,136.644797],"大字増田":[35.056995,136.646061],"筒尾6":[35.081896,136.647166],"筒尾9":[35.080562,136.647188],"大字蓮花寺":[35.064708,136.653348],"松ノ木1":[35.077404,136.647913],"多度町香取":[35.135297,136.647348],"多度町平古":[35.155696,136.647027],"松ノ木8":[35.075697,136.646361],"藤が丘7":[35.071586,136.647125],"大字上深谷部":[35.108999,136.657641],"藤が丘6":[35.073721,136.648602],"陽だまりの丘1":[35.085845,136.649784],"筒尾4":[35.082792,136.647819],"多度町福永":[35.148326,136.646397],"筒尾1":[35.078591,136.650321],"筒尾2":[35.079643,136.651255],"藤が丘4":[35.075709,136.653004],"大字下深谷部":[35.089914,136.668208],"藤が丘5":[35.074041,136.65096],"筒尾3":[35.081301,136.652607],"大字稗田":[35.056555,136.663203],"藤が丘8":[35.073382,136.65168],"藤が丘3":[35.078072,136.653423],"大字播磨":[35.076896,136.668972],"藤が丘2":[35.080176,136.652556],"多度町大鳥居":[35.121018,136.663853],"藤が丘9":[35.075596,136.654711],"多度町中須":[35.131962,136.658361],"藤が丘1":[35.078222,136.655016],"多度町上之郷":[35.134898,136.66414],"大字西別所":[35.065317,136.66001],"大字今島":[35.108954,136.658754],"新西方3":[35.074212,136.655612],"新西方4":[35.071075,136.655375],"城山台":[35.050893,136.655122],"新西方5":[35.070174,136.6615],"大字西金井":[35.048426,136.66078],"新西方2":[35.072474,136.661366],"大字西方":[35.079568,136.66707],"多度町南之郷":[35.124906,136.666737],"大字蛎塚新田":[35.082371,136.667946],"新西方1":[35.072516,136.663941],"北川原台":[35.098882,136.663636],"新倉持":[35.060249,136.665067],"枇杷島台":[35.099017,136.664671],"川崎町":[35.100055,136.665699],"大字太夫":[35.062764,136.668608],"大字上野":[35.061719,136.674172],"大字東金井":[35.045395,136.672675],"大字西汰上":[35.083465,136.667682],"大字繁松新田":[35.057493,136.671631],"高塚町6":[35.070799,136.668914],"清竹の丘":[35.073496,136.669562],"大字北別所":[35.083274,136.668591],"神楽町2":[35.06321,136.668805],"高塚町5":[35.070195,136.670298],"汐見町3":[35.067545,136.669827],"霞町2":[35.064122,136.668887],"神楽町1":[35.063494,136.668874],"高塚町4":[35.071832,136.670706],"大字矢田":[35.062909,136.680965],"汐見町1":[35.066962,136.671249],"汐見町2":[35.067846,136.670425],"霞町1":[35.064611,136.672582],"高塚町3":[35.070067,136.67163],"高塚町1":[35.070745,136.67298],"青葉町2":[35.068962,136.670741],"立花町2":[35.062859,136.672753],"立花町1":[35.064599,136.673395],"高塚町2":[35.072563,136.673456],"明正町":[35.058677,136.676139],"松並町2":[35.065409,136.673089],"松並町1":[35.06532,136.675677],"大字東汰上":[35.083803,136.674023],