{"安濃町草生":[34.771423,136.418302],"一志町大仰":[34.64952,136.415089],"一志町井関":[34.645264,136.425598],"安濃町野口":[34.777939,136.414326],"芸濃町小野平":[34.788498,136.409972],"美里町船山":[34.754167,136.41337],"片田薬王寺町":[34.713531,136.427262],"一志町高野":[34.655931,136.414797],"芸濃町中縄":[34.814711,136.414519],"安濃町戸島":[34.781376,136.430046],"芸濃町椋本":[34.802647,136.442139],"一志町其倉":[34.668787,136.418736],"片田久保町":[34.710608,136.429091],"安濃町中川":[34.748663,136.429904],"一志町田尻":[34.648845,136.429178],"安濃町安部":[34.758759,136.433577],"芸濃町林":[34.821362,136.430119],"片田長谷町":[34.724474,136.430013],"安濃町大塚":[34.776164,136.435084],"安濃町南神山":[34.74652,136.433954],"片田町":[34.696124,136.444041],"一志町八太":[34.647934,136.446393],"芸濃町北神山":[34.790897,136.435662],"安濃町田端上野":[34.768792,136.439722],"片田志袋町":[34.717569,136.457628],"森町":[34.681712,136.432851],"戸木町":[34.678353,136.445619],"安濃町粟加":[34.768972,136.438593],"安濃町光明寺":[34.74188,136.438451],"片田新町":[34.697428,136.434807],"安濃町東観音寺":[34.757236,136.439748],"安濃町前野":[34.74212,136.433044],"一志町小山":[34.646926,136.44669],"一志町みのりヶ丘":[34.645864,136.4448],"片田井戸町":[34.711378,136.442182],"安濃町荒木":[34.779637,136.449034],"安濃町今徳":[34.747841,136.440018],"安濃町妙法寺":[34.738148,136.450009],"分部":[34.735889,136.446448],"芸濃町萩野":[34.797257,136.450963],"安濃町神田":[34.751169,136.443428],"一志町日置":[34.66053,136.4414],"産品":[34.724055,136.439071],"青葉台2":[34.675122,136.442068],"青葉台1":[34.677016,136.445852],"片田田中町":[34.700864,136.453056],"安濃町川西":[34.751604,136.451674],"安濃町連部":[34.750747,136.444774],"一志町庄村":[34.662498,136.446567],"芸濃町岡本":[34.782973,136.44853],"一志町其村":[34.66367,136.453614],"高野尾町":[34.794401,136.452493],"安濃町浄土寺":[34.745718,136.461342],"一志町小戸木":[34.663975,136.45352],"一志町新沢田":[34.645467,136.451772],"一志町虹が丘":[34.640026,136.457509],"一志町片野":[34.647378,136.462779],"安濃町安濃":[34.763376,136.457191],"安濃町内多":[34.762526,136.458567],"野田":[34.717979,136.466594],"小舟":[34.727333,136.467025],"片田長谷場町":[34.71621,136.458808],"久居小戸木町":[34.667593,136.459579],"殿村":[34.725802,136.471775],"豊が丘5":[34.806502,136.459609],"須ヶ瀬町":[34.654132,136.471331],"久居西鷹跡町":[34.678567,136.462347],"安濃町曽根":[34.747181,136.463691],"久居明神町":[34.68298,136.471634],"久居中町":[34.680171,136.469984],"安東町":[34.739093,136.464482],"豊が丘4":[34.804681,136.466741],"久居元町":[34.668235,136.47386],"久居万町":[34.679037,136.462249],"安濃町清水":[34.751492,136.474284],"久居射場町":[34.679929,136.469648],"久居東鷹跡町":[34.673236,136.466078],"豊が丘3":[34.804585,136.467454],"緑が丘2":[34.712414,136.469949],"豊が丘2":[34.805164,136.475491],"安濃町太田":[34.751952,136.47557],"豊が丘1":[34.803621,136.471336],"久居幸町":[34.676562,136.470845],"久居本町":[34.669928,136.469643],"緑が丘1":[34.712799,136.472859],"久居二ノ町":[34.672311,136.473779],"久居烏木町":[34.683044,136.47237],"久居旅籠町":[34.674966,136.471425],"久居寺町":[34.677707,136.471423],"大里睦合町":[34.781857,136.467309],"神戸":[34.701986,136.471471],"河辺町":[34.754421,136.479641],"一色町":[34.726761,136.471632],"久居北口町":[34.684637,136.479304],"川方町":[34.667997,136.473879],"久居新町":[34.679345,136.483379],"南河路":[34.723125,136.473028],"牧町":[34.661583,136.477996],"北河路町":[34.724747,136.474872],"久居野口町":[34.669721,136.478392],"大里窪田町":[34.773388,136.48347],"新家町":[34.661391,136.480072],"大里野田町":[34.778936,136.490429],"久居井戸山町":[34.674624,136.489363],"納所町":[34.731144,136.477682],"久居野村町":[34.681812,136.484763],"久居持川町":[34.686168,136.485155],"久居藤ヶ丘町":[34.688037,136.481027],"長岡町":[34.738522,136.489766],"大里山室町":[34.783159,136.489294],"木造町":[34.653792,136.495281],"久居相川町":[34.685696,136.48569],"夢が丘2":[34.757043,136.483539],"夢が丘1":[34.760609,136.486321],"半田":[34.706403,136.501597],"高茶屋小森町":[34.66462,136.491975],"博多町":[34.721666,136.486318],"神納":[34.716945,136.486823],"神納町":[34.722015,136.490259],"桜田町":[34.716282,136.48864],"久居桜が丘町":[34.684606,136.493041],"一身田大古曽":[34.754401,136.492816],"新町3":[34.719742,136.492316],"大里小野田町":[34.77889,136.490774],"垂水":[34.687867,136.494535],"八町3":[34.722297,136.49131],"渋見町":[34.732613,136.496092],"あのつ台2":[34.787374,136.495681],"大園町":[34.7147,136.491228],"あのつ台3":[34.79222,136.49484],"新町2":[34.717628,136.496088],"一身田上津部田":[34.737884,136.50027],"久居小野辺町":[34.678564,136.494939],"美川町":[34.713319,136.492691],"押加部町":[34.722392,136.492476],"高茶屋小森上野町":[34.680128,136.51702],"川添町":[34.712071,136.496473],"八町2":[34.720184,136.495372],"南新町":[34.712164,136.499524],"あのつ台1":[34.788756,136.50179],"南が丘4":[34.687564,136.495697],"西古河町":[34.722397,136.49975],"観音寺町":[34.722641,136.503418],"あのつ台4":[34.793374,136.497876],"新町1":[34.716425,136.500045],"高茶屋7":[34.67146,136.498602],"南が丘1":[34.692893,136.497693],"河芸町三行":[34.801869,136.513957],"大里川北町":[34.770755,136.50285],"南が丘2":[34.696128,136.499848],"八町1":[34.717325,136.500445],"南が丘3":[34.692926,136.504091],"高茶屋5":[34.670637,136.500186],"東古河町":[34.722019,136.500963],"高茶屋6":[34.674336,136.501783],"鳥居町":[34.728622,136.505152],"河芸町南黒田":[34.783432,136.515992],"城山3":[34.67746,136.502747],"南丸之内":[34.712287,136.500655],"修成町":[34.71006,136.500285],"西丸之内":[34.717349,136.500629],"大谷町":[34.734715,136.504936],"一身田町":[34.766095,136.508328],"幸町":[34.706792,136.502413],"丸之内養正町":[34.722329,136.507803],"上浜町6":[34.738133,136.51027],"広明町":[34.733719,136.505755],"一身田中野":[34.751399,136.511534],"一身田豊野":[34.760805,136.514135],"高茶屋4":[34.666251,136.509551],"藤方":[34.68235,136.522338],"大倉":[34.705071,136.503512],"城山2":[34.678503,136.508918],"高茶屋3":[34.672536,136.509401],"城山1":[34.6738,136.506132],"丸之内":[34.714407,136.507897],"岩田":[34.712568,136.50581],"上弁財町":[34.699735,136.508845],"南中央":[34.70749,136.510888],"中央":[34.721434,136.510566],"栄町1":[34.727132,136.511874],"上浜町5":[34.745568,136.510423],"北丸之内":[34.724706,136.508453],"本町":[34.713145,136.51198],"上浜町4":[34.738832,136.510737],"津興":[34.694654,136.516981],"雲出島貫町":[34.652678,136.520436],"下弁財町津興":[34.705292,136.516363],"一身田平野":[34.751737,136.512337],"東丸之内":[34.714527,136.511546],"高茶屋2":[34.67685,136.51046],"羽所町":[34.733722,136.511766],"大門":[34.71764,136.514357],"栄町2":[34.730535,136.51343],"高茶屋1":[34.668586,136.513254],"上弁財町津興":[34.702495,136.510566],"上浜町1":[34.738116,136.510881],"栄町4":[34.735868,136.515011],"藤枝町":[34.692558,136.511075],"北町津":[34.722412,136.512268],"万町津":[34.725503,136.510505],"八幡町津":[34.696039,136.511777],"柳山津興":[34.710224,136.51495],"栄町3":[34.733587,136.51231],"船頭町津興":[34.712681,136.513286],"愛宕町":[34.72606,136.512771],"上浜町2":[34.739458,136.511882],"桜橋1":[34.73011,136.513344],"阿漕町津興":[34.702645,136.517579],"新東町塔世":[34.721824,136.512654],"相生町":[34.725616,136.514121],"河芸町北黒田":[34.790733,136.520707],"上浜町3":[34.744312,136.514279],"寿町":[34.713269,136.516172],"八幡町藤方":[34.696386,136.514517],"桜橋2":[34.732896,136.518673],"乙部":[34.723535,136.51709],"桜橋3":[34.734264,136.525754],"中河原":[34.72369,136.517332],"河芸町高佐":[34.781879,136.524683],"雲出本郷町":[34.665946,136.524008],"三重町津興":[34.710686,136.51939],"江戸橋1":[34.742767,136.516477],"栗真中山町":[34.754612,136.519957],"栗真町屋町":[34.747119,136.519461],"住吉町":[34.72822,136.522299],"島崎町":[34.732264,136.524914],"海岸町":[34.715686,136.524077],"河芸町久知野":[34.80001,136.538461],"江戸橋2":[34.739656,136.521322],"栗真小川町":[34.76256,136.520658],"河芸町浜田":[34.782557,136.525462],"末広町":[34.721745,136.525356],"高洲町":[34.728228,136.526109],"港町":[34.712388,136.520137],"江戸橋3":[34.737466,136.52568],"河芸町赤部":[34.791585,136.522229],"雲出長常町":[34.666189,136.524853],"白塚町":[34.772414,136.534127],"雲出伊倉津町":[34.670375,136.5362],"香良洲町":[34.639191,136.548797],"雲出鋼管町":[34.679556,136.531701],"河芸町中瀬":[34.782132,136.533247],"河芸町杜の街2":[34.801545,136.533852],"河芸町影重":[34.778294,136.541503],"河芸町上野":[34.79839,136.55645],"河芸町杜の街1":[34.804372,136.540894],"河芸町一色":[34.778358,136.541977],"河芸町中別保":[34.783546,136.542001],"河芸町千里ヶ丘":[34.802598,136.549708],"河芸町西千里":[34.81126,136.555135],"河芸町東千里":[34.802863,136.565108],"新立町津":[34.722111,136.511342],"東町津":[34.721842,136.512223],"西阿漕町岩田":[34.700308,136.504318],"庄田町":[34.67535,136.435298],"野崎垣内岩田":[34.707533,136.50131],"なぎさまち":[34.7283,136.528801]}