{"八野町":[34.846347,136.495739],"三宅町":[34.806039,136.496609],"小田町":[34.870873,136.492367],"国府町":[34.852523,136.519069],"長法寺町":[34.827073,136.499901],"和泉町":[34.873293,136.500511],"平野町":[34.873192,136.519666],"徳居町":[34.817048,136.513665],"御薗町":[34.834343,136.537663],"住吉町":[34.858326,136.530672],"庄野羽山3":[34.871891,136.522996],"庄野羽山4":[34.871692,136.530935],"住吉5":[34.85857,136.527667],"郡山町":[34.81779,136.543233],"住吉4":[34.858903,136.531851],"越知町":[34.820812,136.53792],"大池3":[34.869593,136.531393],"平田中町":[34.872661,136.538057],"住吉3":[34.861386,136.53517],"稲生町":[34.829119,136.55815],"住吉1":[34.865293,136.53583],"住吉2":[34.861749,136.54111],"徳田町":[34.834087,136.539062],"大池2":[34.866019,136.537567],"道伯町":[34.857678,136.553778],"大池1":[34.868981,136.541695],"平田新町":[34.872703,136.541786],"算所1":[34.873942,136.54259],"阿古曽町":[34.86766,136.547755],"道伯1":[34.861802,136.542619],"中瀬古町":[34.814116,136.548028],"道伯2":[34.864272,136.547248],"道伯3":[34.866175,136.547334],"算所2":[34.873552,136.54819],"秋永町":[34.814845,136.548448],"道伯5":[34.862931,136.551388],"算所町":[34.868279,136.54778],"稲生西1":[34.836009,136.550438],"五祝町":[34.820633,136.560714],"道伯4":[34.86568,136.549651],"鈴鹿ハイツ":[34.852995,136.553208],"三日市南1":[34.865348,136.550309],"三日市町":[34.874817,136.561115],"三日市南2":[34.862921,136.551905],"稲生西2":[34.837357,136.55704],"三日市南3":[34.865226,136.553396],"三日市3":[34.876081,136.554926],"稲生1":[34.829638,136.558319],"稲生西3":[34.841009,136.558466],"末広北3":[34.861472,136.56012],"地子町":[34.865906,136.566823],"末広町":[34.862548,136.563881],"末広南2":[34.859184,136.558908],"末広南3":[34.857934,136.560715],"野町南1":[34.851675,136.560696],"末広北2":[34.862417,136.563165],"末広南1":[34.858343,136.563055],"野町西3":[34.852677,136.561516],"磯山1":[34.809253,136.565315],"野町西2":[34.853133,136.564898],"野町中3":[34.848863,136.562368],"西條町":[34.878152,136.563145],"西条9":[34.874554,136.562833],"磯山町":[34.817879,136.567938],"西条8":[34.877276,136.5655],"野町":[34.847416,136.568125],"野町中2":[34.852263,136.565438],"磯山2":[34.81263,136.568824],"安塚町":[34.871504,136.582785],"末広北1":[34.862387,136.564691],"石垣2":[34.85497,136.563553],"桜島町7":[34.854109,136.567788],"石垣1":[34.855196,136.567551],"磯山4":[34.820633,136.574573],"野町中1":[34.853034,136.566837],"磯山3":[34.817788,136.571265],"東磯山1":[34.808623,136.569265],"末広東":[34.859342,136.568659],"南玉垣町":[34.855496,136.579575],"東磯山2":[34.812239,136.568839],"東磯山4":[34.817013,136.573753],"東磯山3":[34.815813,136.574523],"飯野寺家町":[34.875298,136.577462],"寺家1":[34.81832,136.579203],"寺家2":[34.820233,136.576059],"平田町":[34.864825,136.527339],"石垣3":[34.857249,136.564395],"寺家町":[34.836045,136.571539],"末広西":[34.859467,136.558053],"野町西1":[34.854467,136.563594],"三日市2":[34.879313,136.563381],"北玉垣町":[34.870121,136.589355],"西庄内町":[34.937369,136.452128],"小岐須町":[34.955536,136.449586],"小社町":[34.944205,136.464569],"山本町":[34.955111,136.472398],"大久保町":[34.96596,136.460788],"東庄内町":[34.922021,136.463029],"長澤町":[34.932791,136.476122],"伊船町":[34.932636,136.475095],"追分町":[34.935122,136.48557],"椿一宮町":[34.944346,136.503393],"三畑町":[34.903814,136.501229],"広瀬町":[34.90347,136.501566],"西冨田町":[34.883051,136.502256],"深溝町":[34.918871,136.4973],"岸田町":[34.9406,136.510933],"高塚町":[34.906974,136.510349],"中冨田町":[34.882015,136.505478],"津賀町":[34.89444,136.51267],"汲川原町":[34.877528,136.514661],"花川町":[34.93139,136.517229],"庄野町":[34.886929,136.538745],"石薬師町":[34.915099,136.521821],"上田町":[34.89682,136.531161],"下大久保町":[34.932586,136.518096],"加佐登4":[34.898046,136.519876],"加佐登3":[34.895775,136.524988],"加佐登2":[34.891949,136.527503],"加佐登1":[34.890065,136.533227],"上野町":[34.890103,136.537773],"自由ヶ丘3":[34.913561,136.545869],"自由ヶ丘4":[34.910792,136.547414],"自由ヶ丘2":[34.915456,136.549932],"自由ヶ丘1":[34.913462,136.553303],"木田町":[34.893271,136.572572],"河田町":[34.886004,136.575388],"山辺町":[34.900953,136.560588],"国分町":[34.912998,136.57216],"高岡町":[34.901685,136.581477],"釆女が丘町":[34.913473,136.584061],"高岡台4":[34.909163,136.584357],"高岡台5":[34.90356,136.58422],"高岡台3":[34.905925,136.591092],"高岡台2":[34.910059,136.593241],"高岡台1":[34.907618,136.593992],"加佐登町":[34.896611,136.523382],"野町東1":[34.851725,136.571562],"桜島町1":[34.853807,136.570332],"桜島町6":[34.854137,136.57436],"東旭が丘1":[34.850272,136.574788],"桜島町5":[34.857802,136.576137],"桜島町2":[34.851499,136.577028],"東旭が丘2":[34.847666,136.575746],"桜島町3":[34.853324,136.578031],"桜島町4":[34.857652,136.576658],"東旭が丘3":[34.846874,136.576413],"白子町":[34.841075,136.570182],"東旭が丘4":[34.844814,136.581294],"東旭が丘5":[34.846045,136.580603],"西玉垣町":[34.862729,136.583867],"東旭が丘6":[34.846573,136.585967],"江島町":[34.847024,136.587562],"南江島町":[34.838447,136.59368],"白子駅前":[34.83367,136.589011],"江島台2":[34.844971,136.589323],"江島台1":[34.846035,136.593184],"岸岡町":[34.850486,136.596001],"東玉垣町":[34.865913,136.597524],"中江島町":[34.840134,136.596156],"江島本町":[34.832,136.593722],"北江島町":[34.845339,136.596288],"東江島町":[34.839673,136.596045],"南若松町":[34.84285,136.604499],"白子本町":[34.830707,136.59229],"柳町":[34.866203,136.599886],"稲生2":[34.835424,136.561888],"稲生3":[34.839133,136.56088],"稲生4":[34.842876,136.562245],"稲生こがね園":[34.831265,136.559235],"稲生塩屋2":[34.832854,136.563771],"稲生塩屋1":[34.830248,136.562316],"稲生塩屋3":[34.837274,136.563411],"野村町":[34.837037,136.570802],"野町東2":[34.84974,136.567206],"南旭が丘1":[34.845767,136.570217],"中旭が丘1":[34.847807,136.572834],"寺家8":[34.82209,136.572836],"南旭が丘2":[34.843918,136.570731],"南旭が丘3":[34.842338,136.575791],"中旭が丘2":[34.844532,136.574873],"中旭が丘3":[34.842434,136.576067],"寺家7":[34.825857,136.57436],"寺家6":[34.821359,136.575288],"中旭が丘4":[34.839956,136.579313],"寺家3":[34.824152,136.58769],"寺家5":[34.828255,136.582562],"白子4":[34.832186,136.58053],"寺家4":[34.826765,136.582153],"白子3":[34.830991,136.585926],"白子2":[34.825807,136.584633],"白子1":[34.828001,136.591174],"神戸寺家町":[34.875451,136.574414],"庄野羽山2":[34.874857,136.5274],"庄野羽山1":[34.876295,136.526831],"庄野東2":[34.878779,136.528874],"庄野東1":[34.877717,136.531512],"庄野共進2":[34.874538,136.532441],"庄野共進3":[34.877101,136.532397],"庄野東3":[34.879918,136.530853],"庄野共進1":[34.875168,136.534799],"平田本町2":[34.87918,136.539018],"平田2":[34.8751,136.535344],"平田本町1":[34.879929,136.53971],"平田1":[34.874575,136.539684],"弓削町":[34.88712,136.541835],"弓削1":[34.880518,136.540859],"弓削2":[34.877725,136.543309],"平田東町":[34.877627,136.542787],"岡田1":[34.881789,136.547233],"算所3":[34.874609,136.544146],"甲斐町":[34.893636,136.557546],"岡田2":[34.877034,136.546952],"岡田町":[34.88203,136.548419],"算所5":[34.876255,136.553559],"岡田3":[34.879,136.550172],"竹野町":[34.884701,136.561075],"算所4":[34.878515,136.553113],"竹野2":[34.880765,136.555652],"三日市1":[34.880334,136.559384],"竹野1":[34.883991,136.561508],"野辺2":[34.881433,136.565092],"野辺1":[34.883883,136.562235],"西条7":[34.877513,136.562305],"西条3":[34.878565,136.562803],"野辺町":[34.892602,136.567335],"西条6":[34.876678,136.571038],"西条5":[34.879439,136.570124],"西条2":[34.883206,136.571168],"西条4":[34.879969,136.574676],"西条1":[34.882348,136.573582],"神戸6":[34.884398,136.573621],"十宮町":[34.892159,136.585767],"神戸本多町":[34.876119,136.581423],"神戸5":[34.879317,136.575094],"十宮4":[34.888524,136.580595],"神戸7":[34.884088,136.577592],"神戸4":[34.877018,136.578584],"神戸2":[34.882623,136.578411],"十宮3":[34.890552,136.580751],"十宮1":[34.8924,136.581281],"十宮2":[34.890941,136.580953],"神戸8":[34.885265,136.579813],"神戸1":[34.881594,136.586168],"神戸3":[34.876387,136.585993],"神戸9":[34.884088,136.586375],"須賀3":[34.890393,136.586588],"矢橋1":[34.876945,136.586407],"須賀2":[34.889889,136.586976],"須賀1":[34.885806,136.591402],"神戸地子町":[34.875529,136.573196],"矢橋2":[34.881975,136.586839],"矢橋3":[34.884819,136.591307],"肥田町":[34.870251,136.590037],"須賀町":[34.893928,136.590559],"矢橋町":[34.878108,136.58901],"一ノ宮町":[34.903838,136.606254],"林崎町":[34.885475,136.608311],"土師町":[34.865598,136.607333],"林崎2":[34.883207,136.604614],"池田町":[34.904169,136.606935],"林崎1":[34.882066,136.605592],"上箕田2":[34.879513,136.607986],"若松西1":[34.863909,136.609905],"若松西3":[34.867824,136.615581],"上箕田1":[34.880729,136.610173],"若松西4":[34.868317,136.61332],"南長太町":[34.885019,136.629217],"若松中1":[34.856443,136.610464],"若松西6":[34.873251,136.612685],"若松東1":[34.854675,136.614296],"上箕田町":[34.87717,136.612401],