{"井戸町":[33.918493,136.081497],"有馬町":[33.858882,136.072887],"久生屋町":[33.856894,136.070108],"木本町":[33.905763,136.102238],"大泊町":[33.896004,136.11682],"波田須町":[33.91002,136.13471],"磯崎町":[33.894171,136.136311],"新鹿町":[33.945499,136.168044],"遊木町":[33.919507,136.17772],"二木島町":[33.939877,136.184688],"二木島里町":[33.940475,136.187701],"甫母町":[33.946389,136.192494],"須野町":[33.948218,136.222711]}