{"堅神町":[34.481124,136.811532],"屋内町":[34.47726,136.824749],"池上町":[34.481844,136.827522],"小浜町":[34.487635,136.834869],"鳥羽1":[34.487443,136.83441],"船津町":[34.464797,136.831652],"鳥羽3":[34.478644,136.845121],"鳥羽5":[34.470879,136.844061],"鳥羽2":[34.482953,136.832849],"鳥羽4":[34.4746,136.846394],"若杉町":[34.453974,136.841133],"大明西町":[34.466097,136.846102],"幸丘":[34.458646,136.84434],"安楽島町":[34.467038,136.850272],"大明東町":[34.470624,136.850528],"高丘町":[34.462695,136.856942],"河内町":[34.454025,136.838494]}