{"大字新加路戸":[35.087073,136.74002],"大字加路戸":[35.08445,136.727818],"大字近江島":[35.078831,136.727199],"大字見入":[35.087492,136.738522],"大字外平喜":[35.083355,136.730003],"大字田代":[35.072361,136.731942],"大字西対海地":[35.074356,136.73056],"大字見入流作":[35.09772,136.728489],"大字雁ヶ地":[35.072378,136.733173],"大字小林":[35.083218,136.733281],"大字源緑輪中":[35.059742,136.750289],"大字栄":[35.06645,136.746699],"大字小和泉":[35.073732,136.74247],"大字白鷺":[35.064707,136.73376],"大字三崎":[35.065738,136.744991],"大字和泉":[35.075633,136.741816],"大字松永":[35.063632,136.73838],"大字中和泉":[35.074869,136.744246],"大字富田子":[35.065955,136.746439],"大字和富":[35.081667,136.747539]}