{"大字大木":[35.107101,136.586894],"大字南大社":[35.074577,136.567331],"大字長深":[35.059656,136.569004],"大字北大社":[35.083734,136.582119],"大字八幡新田":[35.100608,136.582954],"大字鳥取":[35.108435,136.600594],"大字山田":[35.074758,136.592102],"大字中上":[35.052898,136.599891],"大字六把野新田":[35.078515,136.590251],"笹尾西1":[35.096669,136.590709],"笹尾西2":[35.101512,136.591644],"笹尾西3":[35.104483,136.59419],"大字瀬古泉":[35.069987,136.59456],"笹尾東1":[35.093774,136.59914],"笹尾東2":[35.096505,136.601312],"笹尾西4":[35.107126,136.598701],"笹尾東3":[35.099454,136.601977],"笹尾東4":[35.103289,136.603346],"城山1":[35.093297,136.599668],"大字穴太":[35.084264,136.612822],"城山2":[35.097229,136.604493],"大字筑紫":[35.075437,136.606496],"城山3":[35.092773,136.607672]}