{"大字豊田":[35.024564,136.66136],"大字高松":[35.022842,136.667194],"大字豊田一色":[35.022609,136.669008],"大字南福崎":[35.022285,136.682236],"大字北福崎":[35.031779,136.678597],"大字当新田":[35.03299,136.685023],"大字縄生":[35.03537,136.678054],"大字亀崎新田":[35.013877,136.695234],"大字亀須新田":[35.031921,136.689504],"大字亀尾新田":[35.031621,136.690069]}