{"大字埋縄":[35.033321,136.647718],"大字柿":[35.025559,136.655974],"向陽台2":[35.037395,136.653654],"向陽台3":[35.036087,136.658232],"向陽台1":[35.039261,136.656529],"白梅の丘西1":[35.042233,136.658688],"白梅の丘西2":[35.039402,136.65792],"白梅の丘東2":[35.037884,136.660823],"白梅の丘東1":[35.042485,136.66331],"大字縄生":[35.045121,136.674233],"大字小向":[35.041378,136.665407]}