{"大字岩内":[34.524339,136.590008],"大字上村":[34.528684,136.606709],"大字池村":[34.507549,136.607896],"大字金剛坂":[34.526494,136.59302],"大字竹川":[34.539482,136.601542],"大字坂本":[34.554832,136.610945],"大字川尻":[34.589385,136.617418],"大字中海":[34.552468,136.638804],"大字志貴":[34.570122,136.609462],"大字佐田":[34.553601,136.632233],"大字斎宮":[34.546715,136.633403],"大字中村":[34.586369,136.612502],"大字有爾中":[34.517982,136.6197],"大字前野":[34.569686,136.625602],"大字馬之上":[34.553163,136.637167],"大字田屋":[34.575921,136.622223],"大字北藤原":[34.5945,136.62653],"大字南藤原":[34.590161,136.626861],"大字内座":[34.584347,136.622018],"大字養川":[34.576354,136.623404],"大字蓑村":[34.51945,136.639504],"大字明星":[34.527441,136.660084],"大字行部":[34.574167,136.628357],"大字上野":[34.533221,136.637513],"大字濱田":[34.586196,136.637916],"大字根倉":[34.578537,136.639905],"大字八木戸":[34.58299,136.628953],"大字山大淀":[34.575517,136.641395],"大字平尾":[34.543205,136.641065],"大字大淀":[34.558424,136.656091],"大字大堀川新田":[34.583917,136.647348],"大字新茶屋":[34.521182,136.65227]}