{"大字田代":[40.385032,141.543127],"大字金山沢":[40.446278,141.52283],"大字晴山沢":[40.406198,141.53496],"大字平内":[40.426758,141.571015],"大字角柄折":[40.459778,141.563711],"蒼前西6":[40.471205,141.560663],"蒼前西5":[40.472093,141.567651],"大字鳥屋部":[40.434439,141.591377],"蒼前西1":[40.475753,141.568518],"蒼前西2":[40.47548,141.569036],"蒼前西4":[40.47128,141.570689],"蒼前西3":[40.471989,141.575943],"蒼前西7":[40.478718,141.576399],"蒼前東6":[40.469965,141.575835],"蒼前東1":[40.472521,141.584771],"蒼前東5":[40.471949,141.576441],"蒼前東8":[40.466977,141.578976],"蒼前東4":[40.471804,141.583107],"蒼前東7":[40.468618,141.580039],"蒼前東3":[40.466222,141.584948],"蒼前東2":[40.472121,141.586113],"大字赤保内":[40.450644,141.615323],"大字道仏":[40.438151,141.660388]}