{"五ヶ所浦":[34.344526,136.693687],"飯満":[34.351,136.711157],"船越":[34.345411,136.692781]}