{"矢口浦":[34.13745,136.266544],"三浦":[34.172467,136.282278],"道瀬":[34.177261,136.298957],"海野":[34.185333,136.330097],"長島":[34.207458,136.332279],"東長島":[34.19838,136.358927]}