{"大字引作":[33.795734,136.006478],"大字柿原":[33.803859,136.004354],"大字中立":[33.807999,136.014844],"大字阿田和":[33.812348,136.047055],"大字下市木":[33.820461,136.046864],"大字志原":[33.852168,136.06359]}