{"山中町":[35.045482,135.819614],"比叡平3":[35.033323,135.826096],"比叡平2":[35.024316,135.82688],"比叡平1":[35.029635,135.836156],"錦織町":[35.033881,135.851389],"坂本本町":[35.085764,135.872396],"南滋賀町":[35.035217,135.84782],"千石台":[35.02581,135.847102],"錦織1":[35.028924,135.846144],"山上町":[35.022031,135.842561],"皇子が丘1":[35.026356,135.853932],"神宮町":[35.033309,135.855906],"南志賀2":[35.038359,135.856804],"滋賀里1":[35.041887,135.855589],"南志賀1":[35.035367,135.850329],"高砂町":[35.04075,135.851816],"滋賀里2":[35.044543,135.859079],"御陵町":[35.016418,135.857748],"滋賀里3":[35.046737,135.856039],"錦織2":[35.029623,135.856082],"桜野町1":[35.026563,135.85608],"皇子が丘2":[35.024676,135.856157],"柳川1":[35.031345,135.859982],"勧学1":[35.033485,135.858537],"南志賀3":[35.036159,135.858138],"見世1":[35.041095,135.860386],"桜野町2":[35.026488,135.861039],"錦織3":[35.028315,135.861602],"尾花川":[35.017486,135.86005],"皇子が丘3":[35.022484,135.860977],"二本松":[35.029719,135.864711],"坂本1":[35.05698,135.8664],"滋賀里4":[35.047758,135.86153],"穴太3":[35.052823,135.861686],"勧学2":[35.034342,135.864403],"弥生町":[35.051964,135.862071],"見世2":[35.04433,135.86245],"南志賀4":[35.035926,135.862435],"柳川2":[35.031283,135.861142],"際川2":[35.037689,135.864126],"坂本5":[35.074676,135.866628],"松山町":[35.026487,135.862842],"あかね町":[35.043823,135.86311],"蓮池町":[35.04687,135.864132],"穴太2":[35.052909,135.862412],"唐崎3":[35.051012,135.867461],"坂本4":[35.068302,135.864565],"際川3":[35.043192,135.865848],"唐崎2":[35.047345,135.864471],"穴太1":[35.055607,135.866859],"鏡が浜":[35.031691,135.8676],"際川1":[35.039376,135.867585],"際川4":[35.044264,135.86784],"唐崎1":[35.047274,135.873515],"柳が崎":[35.030055,135.867256],"坂本2":[35.062908,135.871877],"唐崎4":[35.051234,135.868148],"下阪本2":[35.058823,135.873572],"坂本6":[35.074066,135.872049],"坂本3":[35.067945,135.873872],"下阪本1":[35.052499,135.871312],"下阪本3":[35.059951,135.878753],"下阪本4":[35.065129,135.877482],"坂本7":[35.070748,135.879853],"下阪本5":[35.065124,135.877968],"下阪本6":[35.071426,135.881044],"比叡辻1":[35.072894,135.881047],"比叡辻2":[35.073334,135.88667],"茶が崎":[35.024572,135.863314],"滋賀里町甲":[35.042792,135.848194],"仰木2":[35.107097,135.875642],"伊香立生津町":[35.14,135.871477],"伊香立途中町":[35.180138,135.865676],"仰木町":[35.108283,135.868648],"伊香立上在地町":[35.144292,135.868044],"伊香立北在地町":[35.152778,135.8698],"坂本8":[35.083249,135.871157],"伊香立上龍華町":[35.159911,135.871216],"伊香立向在地町":[35.140377,135.873491],"伊香立下在地町":[35.138088,135.881502],"日吉台2":[35.076727,135.879072],"伊香立南庄町":[35.127315,135.874581],"日吉台3":[35.082931,135.878956],"千野3":[35.085891,135.879002],"仰木4":[35.112461,135.874946],"栗原":[35.162546,135.903545],"日吉台1":[35.080527,135.881088],"千野1":[35.092704,135.890285],"千野2":[35.089336,135.887302],"日吉台4":[35.083687,135.883048],"仰木5":[35.116242,135.886528],"仰木3":[35.106671,135.887424],"山百合の丘":[35.140524,135.892001],"伊香立下龍華町":[35.150795,135.899326],"木の岡町":[35.076087,135.887596],"仰木の里2":[35.102724,135.887142],"苗鹿1":[35.083594,135.885983],"仰木1":[35.095929,135.883776],"苗鹿2":[35.090192,135.888921],"仰木6":[35.112181,135.890245],"仰木の里3":[35.1062,135.887637],"仰木の里1":[35.104066,135.892549],"仰木の里4":[35.107131,135.893064],"苗鹿3":[35.082911,135.894563],"仰木7":[35.119556,135.899202],"仰木の里5":[35.11135,135.893081],"仰木の里東1":[35.104222,135.895503],"雄琴2":[35.093294,135.892292],"真野大野1":[35.134772,135.9045],"仰木の里6":[35.110194,135.89375],"雄琴1":[35.090044,135.894477],"真野佐川町":[35.138489,135.895689],"真野大野2":[35.131325,135.900626],"雄琴北2":[35.101807,135.89868],"仰木の里7":[35.112124,135.896431],"雄琴6":[35.09046,135.899387],"雄琴北1":[35.102574,135.900591],"仰木の里東3":[35.106466,135.900579],"仰木の里東2":[35.105654,135.896987],"仰木の里東5":[35.107444,135.901686],"仰木の里東6":[35.108832,135.900752],"南船路":[35.180676,135.912906],"仰木の里東7":[35.112637,135.899108],"仰木の里東8":[35.112686,135.899618],"雄琴3":[35.103716,135.901471],"和邇中":[35.156882,135.90043],"小野":[35.150804,135.918403],"衣川3":[35.116484,135.907547],"真野普門3":[35.138353,135.907599],"雄琴5":[35.094189,135.903752],"和邇北浜":[35.173598,135.90894],"雄琴4":[35.09766,135.905754],"真野家田町":[35.132246,135.905177],"衣川1":[35.104322,135.902033],"仰木の里東4":[35.110067,135.903041],"陽明町":[35.141937,135.907605],"清風町":[35.135984,135.911469],"衣川2":[35.108882,135.90598],"和邇高城":[35.164316,135.910955],"真野谷口町":[35.125399,135.903182],"清和町":[35.145388,135.907628],"真野普門2":[35.130737,135.906148],"本堅田6":[35.12003,135.913793],"和邇春日3":[35.157555,135.911857],"堅田1":[35.107235,135.912412],"真野普門1":[35.135363,135.913963],"真野3":[35.128075,135.911013],"緑町":[35.145089,135.910009],"真野1":[35.123329,135.910365],"本堅田5":[35.121193,135.916896],"和邇春日1":[35.162737,135.912154],"堅田2":[35.108341,135.915174],"和邇春日2":[35.159138,135.913492],"花園町":[35.140626,135.912625],"真野4":[35.133839,135.918676],"本堅田3":[35.115385,135.919503],"朝日2":[35.14227,135.917088],"向陽町":[35.137611,135.917474],"朝日1":[35.139827,135.918534],"真野2":[35.12647,135.920952],"本堅田4":[35.117054,135.920865],"水明2":[35.142917,135.918734],"本堅田1":[35.111987,135.921648],"今堅田2":[35.122899,135.924996],"美空町":[35.137309,135.919284],"湖青2":[35.141608,135.920986],"本堅田2":[35.116155,135.925081],"真野6":[35.133643,135.92396],"水明1":[35.143029,135.922439],"和邇中浜":[35.162197,135.925181],"湖青1":[35.141435,135.922367],"和邇今宿":[35.152588,135.933012],"真野5":[35.132036,135.922514],"今堅田3":[35.127519,135.929614],"今堅田1":[35.121242,135.926153],"和邇南浜":[35.156289,135.934427],"八屋戸":[35.181544,135.912452],"木戸":[35.191098,135.920288],"大物":[35.207441,135.935799],"北比良":[35.226335,135.956877],"荒川":[35.207578,135.932563],"南比良":[35.214001,135.940033],"北小松":[35.267633,135.966571],"南小松":[35.227067,135.959933],"横木1":[34.991876,135.828453],"横木2":[34.992449,135.828545],"茶戸町":[34.996575,135.833199],"藤尾奥町":[35.012228,135.840308],"稲葉台":[34.997804,135.836577],"追分町":[34.990518,135.839436],"園城寺町":[35.014574,135.852405],"神出開町":[35.005646,135.852673],"小関町":[35.007206,135.855956],"大谷町":[35.000152,135.854062],"大門通":[35.013668,135.858478],"三井寺町":[35.010879,135.857874],"逢坂1":[35.002683,135.862193],"国分2":[34.962517,135.887306],"逢坂2":[35.004013,135.859666],"長等1":[35.007858,135.860892],"観音寺":[35.015982,135.859156],"長等2":[35.009267,135.861981],"長等3":[35.01115,135.858599],"浜大津3":[35.013133,135.860863],"春日町":[35.003966,135.862852],"浜大津4":[35.014143,135.861936],"札の辻":[35.006369,135.860839],"浜大津2":[35.012523,135.862249],"音羽台":[35.000029,135.865716],"膳所平尾町":[34.982921,135.875833],"京町1":[35.006463,135.862761],"中央1":[35.007848,135.862989],"浜大津1":[35.010813,135.865022],"京町2":[35.006276,135.865855],"末広町":[35.005307,135.864324],"浜大津5":[35.013398,135.864266],"中央2":[35.008275,135.866195],"梅林1":[35.002829,135.869286],"京町3":[35.005511,135.868299],"朝日が丘2":[34.998466,135.866696],"浜町":[35.011675,135.867524],"中央3":[35.005879,135.870044],"朝日が丘1":[35.000605,135.870244],"石山外畑町":[34.914476,135.878265],"島の関":[35.007574,135.870132],"中央4":[35.006923,135.871551],"池の里":[34.990371,135.877151],"鶴の里":[34.991246,135.867485],"本宮2":[34.998263,135.874675],"松本1":[35.003125,135.873761],"松本2":[35.006138,135.87382],"打出浜":[35.004845,135.875766],"石山内畑町":[34.93336,135.879507],"大石曽束5":[34.899397,135.868358],"膳所池ノ内町":[34.982655,135.866331],"竜が丘":[34.996211,135.878511],"石場":[35.003555,135.875844],"湖城が丘":[34.993973,135.883817],"若葉台":[34.975282,135.876967],"大石曽束2":[34.905613,135.878147],"におの浜1":[35.005822,135.879573],"千町4":[34.946096,135.897437],"秋葉台":[34.992459,135.884274],"膳所上別保町":[34.980042,135.880534],"馬場2":[35.000044,135.87909],"大平1":[34.956134,135.894743],"膳所雲雀丘町":[34.985632,135.879013],"馬場1":[35.000791,135.883862],"におの浜2":[35.004316,135.881924],"富士見台":[34.979206,135.883603],"大石曽束3":[34.903741,135.87734],"北大路3":[34.972329,135.880166],"馬場3":[34.997499,135.884231],"大石曽束町":[34.898136,135.884478],"石山千町":[34.943274,135.880932],"大石淀町":[34.902279,135.893524],"におの浜3":[35.003483,135.882742],"相模町":[34.994676,135.884448],"西の庄":[35.001399,135.884848],"におの浜4":[35.004438,135.887179],"膳所1":[34.993681,135.890157],"昭和町":[34.997051,135.886348],"園山3":[34.974017,135.891286],"千町3":[34.944855,135.886891],"大石淀1":[34.910352,135.905869],"園山2":[34.980231,135.886317],"中庄2":[34.99147,135.890941],"膳所2":[34.997574,135.889486],"国分1":[34.972079,135.894118],"別保3":[34.984992,135.890506],