{"佐波江町":[35.144931,136.03238],"野村町":[35.119046,136.039985],"水茎町":[35.130545,136.046853],"牧町":[35.135083,136.067796],"小田町":[35.117274,136.049681],"江頭町":[35.117092,136.058817],"元水茎町":[35.129932,136.053763],"十王町":[35.111891,136.056329],"丸の内町":[35.11243,136.059139],"加茂町":[35.131041,136.064398],"田中江町":[35.117645,136.059459],"南津田町":[35.156167,136.081011],"長命寺町":[35.158936,136.06824],"沖島町":[35.203486,136.060174],"津田町":[35.158769,136.080016],"中之庄町":[35.164967,136.076783],"大房町":[35.127405,136.078511],"古川町":[35.108009,136.068101],"船木町":[35.137337,136.081647],"益田町":[35.116228,136.072801],"上野町":[35.102818,136.072123],"安養寺町":[35.097327,136.074459],"柳町3":[35.1133,136.071122],"柳町2":[35.112792,136.07203],"緑町4":[35.10929,136.072499],"柳町1":[35.112016,136.072769],"北津田町":[35.167095,136.083557],"緑町3":[35.108054,136.0744],"島町":[35.16722,136.084801],"緑町2":[35.106555,136.075813],"池田本町":[35.100414,136.087804],"篠原町1":[35.098385,136.076902],"赤尾町":[35.116498,136.080741],"緑町1":[35.104949,136.076799],"篠原町2":[35.098761,136.078085],"小船木町":[35.135421,136.083544],"篠原町3":[35.101972,136.07674],"川原町1":[35.104099,136.079066],"川原町2":[35.104542,136.07985],"森尻町":[35.11022,136.079916],"円山町":[35.160401,136.10297],"八木町":[35.118682,136.085514],"中小森町":[35.11154,136.083674],"宮内町":[35.140315,136.090319],"東町":[35.110525,136.083264],"北之庄町":[35.149886,136.091481],"土田町":[35.132367,136.088688],"佐久間町":[35.138366,136.084165],"孫平治町2":[35.136916,136.084072],"池田町1":[35.138951,136.085361],"元玉屋町":[35.137646,136.085267],"西元町":[35.135884,136.084625],"新栄町":[35.133969,136.086255],"池田町2":[35.138093,136.08607],"北元町":[35.135719,136.086847],"本町1":[35.139406,136.086203],"大森町":[35.113405,136.090516],"池田町3":[35.137123,136.086864],"本町2":[35.138525,136.086902],"西末町":[35.134125,136.086502],"玉木町1":[35.139805,136.087053],"北末町":[35.134766,136.087607],"板屋町":[35.134044,136.088103],"池田町4":[35.136157,136.08762],"本町3":[35.137561,136.087673],"玉木町2":[35.138953,136.087734],"多賀町":[35.140717,136.09575],"新町1":[35.139149,136.088707],"池田町5":[35.134532,136.088913],"本町4":[35.136611,136.08844],"正神町":[35.138006,136.088487],"白王町":[35.165891,136.104242],"小幡町中":[35.137046,136.089276],"中村町":[35.134045,136.09112],"大杉町":[35.140017,136.09143],"堀上町":[35.121957,136.095031],"新町3":[35.137466,136.090107],"小幡町上":[35.135847,136.089625],"宇津呂町":[35.135615,136.092635],"竹町":[35.097561,136.093348],"新町4":[35.135867,136.091367],"若宮町":[35.107177,136.099829],"為心町元":[35.139149,136.091045],"魚屋町中":[35.137905,136.090018],"日吉野町":[35.117532,136.101016],"魚屋町上":[35.136064,136.091758],"為心町中":[35.13819,136.091831],"仲屋町元":[35.139515,136.091913],"薬師町":[35.141904,136.093209],"鉄炮町":[35.143252,136.093459],"出町":[35.133633,136.100964],"生須町":[35.142167,136.09337],"船町":[35.14348,136.093936],"桜宮町":[35.133792,136.093661],"鍛治屋町":[35.140456,136.094306],"東横関町":[35.098357,136.102055],"永原町上":[35.137964,136.094176],"慈恩寺町元":[35.139412,136.09465],"博労町上":[35.138111,136.095164],"大中町":[35.183692,136.118143],"白鳥町":[35.121718,136.095299],"八幡町":[35.137522,136.095884],"慈恩寺町中":[35.138633,136.095236],"慈恩寺町上":[35.138007,136.096167],"市井町":[35.139801,136.095223],"鍵之手町":[35.138372,136.096902],"縄手町元":[35.138025,136.097223],"縄手町中":[35.136947,136.0985],"鷹飼町":[35.124687,136.104301],"音羽町":[35.135406,136.102257],"馬淵町":[35.101256,136.124141],"東川町":[35.098511,136.10239],"鷹飼町南4":[35.120931,136.102066],"鷹飼町北4":[35.126814,136.104705],"西庄町":[35.125944,136.112467],"鷹飼町北3":[35.131289,136.106929],"上田町":[35.11761,136.11068],"鷹飼町北2":[35.12537,136.103967],"鷹飼町東2":[35.12391,136.104891],"安土町大中":[35.170652,136.123948],"鷹飼町南3":[35.122726,136.105127],"鷹飼町北1":[35.12906,136.109442],"浅小井町":[35.141589,136.119761],"鷹飼町南1":[35.120167,136.107677],"西本郷町西":[35.122283,136.106489],"鷹飼町東1":[35.127463,136.108075],"西本郷町東":[35.1239,136.108478],"南本郷町1":[35.118838,136.110045],"西本郷町":[35.121637,136.106816],"南本郷町2":[35.119025,136.111828],"若葉町5":[35.117596,136.112514],"南本郷町3":[35.119128,136.111774],"若葉町4":[35.117745,136.113598],"若葉町1":[35.120091,136.111483],"千僧供町":[35.101467,136.120392],"上畑町":[35.091034,136.116772],"金剛寺町":[35.126415,136.113287],"若葉町3":[35.118479,136.115165],"安土町下豊浦":[35.143251,136.135611],"若葉町2":[35.11888,136.115818],"長田町":[35.137832,136.121776],"長福寺町":[35.108166,136.125369],"杉森町":[35.129837,136.119113],"倉橋部町":[35.090788,136.129601],"野田町":[35.119488,136.125146],"安土町香庄":[35.137838,136.124096],"西宿町":[35.115313,136.12896],"長光寺町":[35.106969,136.135328],"安土町常楽寺":[35.141638,136.132172],"友定町":[35.120817,136.138026],"安土町慈恩寺":[35.138064,136.129447],"御所内町":[35.119909,136.134219],"浄土寺町":[35.087266,136.133784],"安土町中屋":[35.134019,136.137305],"安土町上豊浦":[35.141208,136.136259],"安土町小中":[35.141636,136.133738],"武佐町":[35.118058,136.138351],"新巻町":[35.079321,136.140376],"西生来町":[35.121186,136.138897],"安土町上出":[35.131373,136.140959],"安土町桑実寺":[35.142527,136.148402],"末広町":[35.114279,136.143546],"安土町宮津":[35.142241,136.148988],"安土町西老蘇":[35.127839,136.158795],"安土町石寺":[35.136831,136.166915],"安土町内野":[35.116239,136.156353],"安土町東老蘇":[35.127498,136.158406],"孫平治町1":[35.138258,136.083733],"日杉町":[35.139002,136.082288],"本町5":[35.13564,136.089205],"為心町上":[35.137317,136.092558],"仲屋町上":[35.13761,136.093426],"新町2":[35.138445,136.089331],"新左衛門町":[35.140942,136.093329],"大工町":[35.141578,136.093271],"玉屋町":[35.140134,136.092807],"魚屋町元":[35.138501,136.089904],"博労町元":[35.139508,136.094016],"江南町":[35.140019,136.093183],"間之町":[35.139098,136.092584],"西畳屋町":[35.139553,136.093173],"東畳屋町":[35.139882,136.093917],"縄手町末":[35.135406,136.099731],"永原町元":[35.13981,136.092768],"永原町中":[35.138892,136.092734],"仲屋町中":[35.138542,136.092667],"博労町中":[35.138466,136.094844]}