{"新海町":[35.216721,136.143929],"新海浜1":[35.214208,136.121447],"新海浜2":[35.214695,136.123447],"田附町":[35.207727,136.159223],"柳川町":[35.230142,136.156178],"南三ツ谷町":[35.208888,136.158763],"薩摩町":[35.231249,136.157567],"本庄町":[35.200512,136.174758],"普光寺町":[35.219687,136.168535],"甲崎町":[35.225002,136.172438],"上西川町":[35.219853,136.178318],"石寺町":[35.23386,136.19087],"下西川町":[35.224135,136.177947],"出路町":[35.211179,136.181772],"下稲葉町":[35.19892,136.17668],"上岡部町":[35.2194,136.178917],"田原町":[35.216286,136.180667],"下岡部町":[35.228969,136.186657],"彦富町":[35.203093,136.193157],"服部町":[35.197679,136.182281],"金田町":[35.20944,136.189451],"上稲葉町":[35.198548,136.182844],"三津屋町":[35.238663,136.197158],"稲里町":[35.230517,136.200374],"稲枝町":[35.204007,136.194944],"稲部町":[35.206502,136.198905],"野良田町":[35.198826,136.199919],"金沢町":[35.21134,136.206475],"須越町":[35.252563,136.200378],"清崎町":[35.228208,136.199027],"肥田町":[35.197604,136.209587],"日夏町":[35.2442,136.203378],"賀田山町":[35.218219,136.216021],"三津町":[35.206338,136.21659],"八坂町":[35.265691,136.218889],"太堂町":[35.213425,136.217023],"海瀬町":[35.207279,136.213951],"安食中町":[35.207775,136.222611],"千尋町":[35.21377,136.21832],"楡町":[35.217463,136.224097],"甘呂町":[35.246695,136.229451],"川瀬馬場町":[35.224356,136.230281],"南川瀬町":[35.223648,136.230334],"開出今町":[35.247894,136.22989],"蓮台寺町":[35.237542,136.23046],"宇尾町":[35.240838,136.229139],"大藪町":[35.272586,136.235861],"極楽寺町":[35.227601,136.237942],"野瀬町":[35.246986,136.234364],"辻堂町":[35.233937,136.235102],"堀町":[35.239845,136.229391],"西今町":[35.254979,136.236156],"森堂町":[35.227921,136.243954],"野口町":[35.219285,136.240639],"金剛寺町":[35.23429,136.236015],"長曽根南町":[35.272721,136.236111],"平田町":[35.260732,136.239954],"長曽根町":[35.278297,136.241874],"中藪町":[35.266121,136.242667],"戸賀町":[35.255836,136.23613],"出町":[35.217231,136.239912],"西葛籠町":[35.22532,136.246698],"竹ケ鼻町":[35.244108,136.250103],"栄町2":[35.27261,136.244455],"中藪2":[35.27351,136.2398],"犬方町":[35.238708,136.241263],"広野町":[35.237961,136.245871],"中藪1":[35.271222,136.244467],"葛籠町":[35.225412,136.247928],"城町2":[35.276261,136.242666],"池州町":[35.270862,136.248033],"馬場2":[35.282927,136.245879],"馬場1":[35.28083,136.24785],"後三条町":[35.264374,136.252641],"小泉町":[35.245973,136.246868],"高宮町":[35.234663,136.271224],"栄町1":[35.271911,136.247593],"城町1":[35.273601,136.247991],"法士町":[35.229449,136.25092],"松原町":[35.28965,136.267486],"芹橋2":[35.268187,136.251784],"松原2":[35.28376,136.246329],"金亀町":[35.2776,136.254404],"本町3":[35.27345,136.249721],"和田町":[35.257901,136.250891],"山之脇町":[35.256523,136.253532],"本町2":[35.27246,136.251217],"松原1":[35.283023,136.253024],"芹橋1":[35.266602,136.25375],"本町1":[35.26861,136.25213],"橋向町":[35.264175,136.252958],"東沼波町":[35.244481,136.253421],"銀座町":[35.26836,136.252565],"中央町":[35.268397,136.253852],"岡町":[35.256618,136.254425],"尾末町":[35.277289,136.256639],"河原2":[35.264511,136.255581],"芹川町":[35.261993,136.265967],"新町":[35.262647,136.255604],"錦町":[35.267689,136.254156],"京町2":[35.268565,136.258233],"河原3":[35.265097,136.256431],"立花町":[35.272173,136.255855],"芹中町":[35.260721,136.257226],"河原1":[35.263135,136.257514],"大橋町":[35.260109,136.257524],"京町3":[35.271114,136.2573],"芹町":[35.260683,136.26005],"元岡町":[35.258496,136.257532],"佐和町":[35.273699,136.25713],"京町1":[35.267997,136.25989],"西沼波町":[35.262038,136.265301],"沼波町":[35.257878,136.258404],"元町":[35.274624,136.259576],"大堀町":[35.245731,136.262349],"安清町":[35.265863,136.258737],"大東町":[35.271121,136.262429],"船町":[35.275433,136.263828],"旭町":[35.27279,136.262955],"古沢町":[35.273333,136.270204],"外町":[35.26247,136.268478],"安清東町":[35.269844,136.264142],"地蔵町":[35.25742,136.270419],"里根町":[35.267406,136.271044],"正法寺町":[35.256714,136.27683],"原町":[35.257462,136.277074],"宮田町":[35.294756,136.281231],"幸町":[35.265287,136.270484],"野田山町":[35.248042,136.291105],"佐和山町":[35.276569,136.274777],"鳥居本町":[35.276199,136.293132],"小野町":[35.274644,136.281542],"下矢倉町":[35.292079,136.288082],"甲田町":[35.299321,136.288238],"笹尾町":[35.262615,136.299022],"荘厳寺町":[35.27874,136.308779],"仏生寺町":[35.273768,136.304576],"中山町":[35.286201,136.30653],"善谷町":[35.285826,136.308023]}