{"木浜町":[35.096965,135.962631],"水保町":[35.099708,135.958071],"今浜町":[35.118187,135.945828],"山賀町":[35.067285,135.955686],"洲本町":[35.094196,135.986052],"森川原町":[35.061876,135.951522],"赤野井町":[35.080156,135.966124],"杉江町":[35.068829,135.965716],"矢島町":[35.080619,135.966945],"欲賀町":[35.05528,135.96469],"大林町":[35.055182,135.964992],"横江町":[35.053878,135.971306],"十二里町":[35.068153,135.970338],"大門町":[35.054901,135.978796],"立田町":[35.097425,135.989209],"幸津川町":[35.109997,135.985056],"三宅町":[35.058634,135.969042],"古高町":[35.05143,135.982597],"石田町":[35.074288,135.978071],"播磨田町":[35.07421,135.988997],"金森町":[35.059872,135.980531],"荒見町":[35.084714,135.98374],"二町町":[35.045902,135.978579],"小浜町":[35.112375,135.990495],"今宿町":[35.053633,135.981335],"今宿4":[35.055044,135.98464],"焔魔堂町":[35.047143,135.984972],"下之郷町":[35.064581,135.984737],"伊勢町":[35.040468,135.988486],"下之郷3":[35.06504,135.987572],"守山町":[35.063435,135.984732],"今市町":[35.080379,135.991603],"今宿3":[35.055891,135.984752],"笠原町":[35.086054,135.984455],"下之郷2":[35.06686,135.989763],"守山5":[35.063414,135.986351],"守山3":[35.058841,135.988989],"今宿2":[35.051087,135.98815],"勝部3":[35.046456,135.985864],"新庄町":[35.093401,136.001155],"勝部2":[35.048519,135.98976],"今宿1":[35.054703,135.988112],"服部町":[35.100325,136.002517],"守山2":[35.055578,135.989278],"守山4":[35.058658,135.9898],"中町":[35.08844,135.998141],"阿村町":[35.040293,135.989577],"勝部1":[35.049866,135.991275],"守山6":[35.063367,135.990179],"守山1":[35.054502,135.995094],"小島町":[35.070918,136.004348],"勝部5":[35.045401,135.993729],"下之郷1":[35.064003,135.988874],"梅田町":[35.052882,135.995059],"吉身2":[35.057721,135.996241],"千代町":[35.041898,135.995199],"勝部6":[35.048126,135.997322],"川田町":[35.07338,136.00456],"吉身1":[35.056567,135.999276],"吉身3":[35.057165,135.998337],"浮気町":[35.047029,135.999325],"勝部町":[35.046336,135.997921],"吉身6":[35.054543,135.999653],"吉身4":[35.0581,136],"吉身7":[35.052447,136.000966],"吉身5":[35.057382,136.002003],"吉身町":[35.053356,136.001647],"岡町":[35.04817,136.004078],"立入町":[35.052408,136.006581],"勝部4":[35.042086,135.99363]}