{"菩提寺北1":[35.04001,136.071122],"菩提寺西2":[35.035244,136.059596],"菩提寺北3":[35.040951,136.062393],"岩根":[35.015945,136.117794],"近江台2":[35.037805,136.074582],"下田":[35.020852,136.122303],"三雲":[34.97558,136.089208],"石部南2":[34.998388,136.062643],"サイドタウン4":[35.04398,136.058151],"菩提寺":[35.028374,136.049942],"近江台1":[35.036315,136.074861],"サイドタウン1":[35.043411,136.063894],"サイドタウン2":[35.04744,136.063076],"石部中央3":[35.008946,136.053576],"西寺1":[34.993395,136.05745],"石部南5":[34.995519,136.058668],"石部南7":[34.997325,136.059208],"石部北4":[35.024927,136.041543],"石部北3":[35.024505,136.039478],"東寺3":[34.994144,136.063246],"石部緑台1":[35.014766,136.043902],"石部中央2":[35.005461,136.053595],"丸山1":[34.996337,136.05498],"西寺2":[34.989057,136.058398],"西寺7":[34.986039,136.05744],"石部緑台2":[35.017946,136.039892],"石部東5":[35.003968,136.064899],"柑子袋":[35.000563,136.065584],"石部東7":[35.003915,136.064197],"宝来坂3":[35.00437,136.050093],"宝来坂1":[35.00282,136.053349],"岡出2":[35.009024,136.051563],"石部西1":[35.01155,136.051979],"岡出1":[35.006797,136.052642],"石部東8":[35.00589,136.058624],"石部中央1":[35.008638,136.058147],"石部口2":[35.014579,136.064993],"正福寺":[35.025952,136.074202],"吉永":[34.979734,136.097579],"夏見":[34.995752,136.0867],"水戸町":[35.008627,136.120962],"高松町":[35.013321,136.129543],"針":[34.989914,136.077507],"中央1":[35.003942,136.084057],"東寺2":[34.985736,136.063268],"東寺1":[34.998805,136.064055],"石部南3":[34.992311,136.060266],"石部南4":[34.996186,136.060314],"石部南8":[34.995939,136.056556],"石部東3":[35.00829,136.064375],"平松":[34.979042,136.07113],"石部東4":[35.007686,136.06793],"石部口4":[35.009332,136.070941],"石部口1":[35.013044,136.061562],"石部口3":[35.010748,136.072467],"中央3":[35.006428,136.079381],"菩提寺西5":[35.03964,136.057771],"菩提寺西3":[35.037647,136.060729],"菩提寺北6":[35.038058,136.066535],"東寺4":[34.988346,136.058894],"西寺6":[34.988842,136.048497],"丸山3":[34.994507,136.048369],"丸山4":[34.996443,136.045977],"丸山2":[34.995435,136.053189],"西寺4":[34.99336,136.05342],"石部が丘2":[35.00042,136.054958],"石部北2":[35.021355,136.047699],"石部西3":[35.016332,136.052721],"石部北5":[35.019378,136.05446],"宮の森1":[35.002518,136.060525],"石部南1":[35.000495,136.061486],"石部が丘1":[35.00141,136.059977],"石部南6":[34.995044,136.056912],"石部西2":[35.015173,136.050783],"石部中央4":[35.011771,136.055449],"雨山1":[35.007226,136.046371],"宝来坂4":[35.001824,136.0497],"西寺5":[34.991782,136.051671],"西寺3":[34.993223,136.054648],"平松北1":[35.001437,136.082124],"石部東2":[35.010032,136.061435],"石部北1":[35.015547,136.057783],"サイドタウン3":[35.046987,136.061472],"菩提寺北4":[35.041873,136.063296],"菩提寺西1":[35.033926,136.061675],"菩提寺東2":[35.033285,136.06286],"菩提寺東4":[35.036391,136.062902],"菩提寺東3":[35.039264,136.062145],"日枝町":[35.025034,136.124512],"北山台2":[35.029314,136.069413],"北山台4":[35.030099,136.064509],"菩提寺東1":[35.030101,136.063854],"菩提寺西4":[35.037369,136.058271],"大池町":[35.000129,136.123057],"小砂町":[35.005856,136.125899],"西峰町":[35.013693,136.126449],"若竹町":[35.017292,136.122172],"梅影町":[35.007142,136.12347],"朝国":[34.988115,136.112782],"岩根中央1":[35.000271,136.117614],"岩根中央3":[35.003795,136.116308],"岩根中央2":[35.003214,136.115013],"中央5":[35.006455,136.084627],"中央4":[35.006534,136.081525],"中央2":[35.005081,136.080434],"平松北2":[35.001464,136.080043],"平松北3":[35.003098,136.078682],"北山台1":[35.025193,136.070061],"菩提寺北2":[35.041619,136.065951],"北山台3":[35.029029,136.068631],"石部東6":[35.006453,136.062831],"宮の森2":[35.001705,136.061689],"東寺5":[34.984352,136.059348],"石部東1":[35.007879,136.059541],"東寺":[34.979419,136.067652],"菩提寺北5":[35.040772,136.060149],"石部中央6":[35.010906,136.060085],"石部中央5":[35.014264,136.056877],"菩提寺西6":[35.038664,136.055895],"菩提寺西7":[35.038499,136.055064],"宝来坂2":[35.003074,136.051269],"雨山2":[35.005188,136.044298],"日枝山手台1":[35.018194,136.117907]}