{"大中町":[35.175301,136.136305],"栗見出在家町":[35.211686,136.117572],"栗見新田町":[35.202436,136.126023],"福堂町":[35.199008,136.142225],"上平木町":[35.102916,136.135698],"きぬがさ町":[35.165947,136.149222],"乙女浜町":[35.197724,136.147191],"伊庭町":[35.17273,136.162419],"下羽田町":[35.093668,136.150201],"南須田町":[35.158661,136.151039],"中羽田町":[35.086573,136.14793],"平田町":[35.109636,136.150081],"新宮町":[35.199492,136.158402],"山路町":[35.183507,136.161925],"葛巻町":[35.060337,136.15278],"躰光寺町":[35.187603,136.166877],"柏木町":[35.09514,136.157114],"横山町":[35.065582,136.162069],"上羽田町":[35.077008,136.149095],"能登川町":[35.169119,136.156548],"宮川町":[35.04832,136.160409],"阿弥陀堂町":[35.202115,136.162792],"野口町":[35.103643,136.164623],"北須田町":[35.159749,136.151832],"外原町":[35.053811,136.161462],"宮井町":[35.053126,136.165549],"小川町":[35.188087,136.167188],"林町":[35.179703,136.166056],"三津屋町":[35.101518,136.167263],"五個荘川並町":[35.15441,136.173933],"合戸町":[35.061308,136.168651],"猪子町":[35.176809,136.163997],"川南町":[35.197992,136.170485],"五個荘石馬寺町":[35.158563,136.170108],"木村町":[35.07077,136.167483],"蒲生堂町":[35.05017,136.168417],"稲垂町":[35.079873,136.169384],"垣見町":[35.183238,136.165478],"五個荘日吉町":[35.170053,136.183307],"川合町":[35.076119,136.185001],"糠塚町":[35.106779,136.173806],"佐野町":[35.180842,136.180061],"上南町":[35.052902,136.168526],"市辺町":[35.100984,136.185113],"鈴町":[35.046147,136.177596],"今町":[35.186803,136.173883],"小脇町":[35.110155,136.188285],"布施町":[35.088488,136.185232],"五個荘七里町":[35.167932,136.178711],"五個荘清水鼻町":[35.140077,136.17546],"市子殿町":[35.055004,136.181157],"市子沖町":[35.049218,136.17944],"五個荘石塚町":[35.145403,136.182072],"五個荘金堂町":[35.153982,136.180348],"五個荘山本町":[35.140589,136.190177],"五個荘塚本町":[35.155662,136.175056],"種町":[35.187442,136.19089],"佐生町":[35.173042,136.182452],"蒲生大森町":[35.046686,136.177954],"宮荘町":[35.157055,136.194941],"五個荘簗瀬町":[35.166465,136.192701],"小今町":[35.104525,136.187663],"市子川原町":[35.055472,136.189272],"市子松井町":[35.050383,136.184909],"五個荘伊野部町":[35.133637,136.193576],"五個荘北町屋町":[35.147985,136.187284],"五個荘石川町":[35.150721,136.183591],"桜川西町":[35.062001,136.189119],"神郷町":[35.184265,136.193414],"長勝寺町":[35.176258,136.183921],"蛇溝町":[35.076243,136.187075],"五個荘竜田町":[35.153951,136.191806],"建部瓦屋寺町":[35.116684,136.193209],"田井町":[35.047667,136.189135],"五個荘河曲町":[35.170551,136.185513],"五個荘平阪町":[35.135066,136.193609],"今崎町":[35.100114,136.186183],"下麻生町":[35.039348,136.191996],"中野町":[35.10256,136.195975],"五個荘新堂町":[35.14755,136.19155],"布引台1":[35.088525,136.187022],"今堀町":[35.087243,136.191152],"大塚町":[35.058457,136.194599],"八日市清水2":[35.113058,136.193674],"鋳物師町":[35.033398,136.205611],"五個荘和田町":[35.172341,136.191997],"八日市清水3":[35.109289,136.192646],"昭和町":[35.108277,136.192025],"布引台2":[35.088703,136.189105],"五個荘三俣町":[35.147516,136.196088],"芝原町":[35.095799,136.203881],"柴原南町":[35.091335,136.206238],"桜川東町":[35.063501,136.197774],"上麻生町":[35.036681,136.193152],"五個荘木流町":[35.146041,136.197468],"五個荘五位田町":[35.160138,136.193613],"蒲生岡本町":[35.040307,136.208353],"西中野町":[35.107892,136.193218],"五個荘小幡町":[35.157202,136.195903],"八日市松尾町":[35.11632,136.194845],"五個荘中町":[35.159518,136.197224],"建部日吉町":[35.120152,136.195464],"栄町":[35.10922,136.196747],"東中野町":[35.106579,136.196686],"八日市清水1":[35.111235,136.195081],"建部下野町":[35.135579,136.200155],"八日市本町":[35.111825,136.197402],"八日市浜野町":[35.115807,136.195643],"蒲生寺町":[35.057851,136.198275],"八日市金屋1":[35.110645,136.196916],"石塔町":[35.075589,136.208379],"東今崎町":[35.099181,136.199056],"建部上中町":[35.122909,136.198355],"聖徳町":[35.102441,136.200812],"五個荘奥町":[35.146007,136.198754],"青葉町":[35.106538,136.197828],"八日市野々宮町":[35.108361,136.198577],"八日市金屋2":[35.109644,136.19981],"八日市町":[35.1118,136.197815],"八日市東浜町":[35.116228,136.201242],"建部南町":[35.122765,136.198869],"ひばり丘町":[35.10377,136.203171],"聖和町":[35.099787,136.20333],"八日市金屋3":[35.110594,136.201968],"建部北町":[35.126595,136.209491],"八日市上之町":[35.112916,136.203871],"幸町":[35.107191,136.206193],"春日町":[35.106631,136.208041],"沖野2":[35.099205,136.206552],"八日市東本町":[35.109348,136.202251],"建部堺町":[35.119722,136.205403],"綺田町":[35.04551,136.207309],"沖野3":[35.095751,136.207135],"沖野1":[35.101023,136.208636],"八日市緑町":[35.111605,136.209648],"東沖野2":[35.102088,136.210827],"外町":[35.119571,136.220629],"下二俣町":[35.091485,136.207858],"南清水町":[35.140832,136.220968],"沖野4":[35.096946,136.213154],"川合寺町":[35.117475,136.212044],"大清水町":[35.138955,136.218507],"東沖野1":[35.103801,136.212809],"平林町":[35.060538,136.216075],"小田苅町":[35.127603,136.230148],"尻無町":[35.090848,136.224254],"札の辻1":[35.108319,136.211402],"東沖野3":[35.10172,136.214901],"野村町":[35.105762,136.217281],"沖野5":[35.095919,136.213096],"東沖野5":[35.09802,136.215708],"北清水町":[35.142711,136.222363],"札の辻2":[35.104638,136.217232],"東沖野4":[35.098567,136.21731],"神田町":[35.116418,136.222473],"上大森町":[35.071969,136.239421],"妙法寺町":[35.097674,136.220405],"長町":[35.132614,136.222211],"下岸本町":[35.122239,136.222307],"清水中町":[35.139579,136.227564],"大森町":[35.093732,136.227305],"中岸本町":[35.125977,136.232626],"小池町":[35.133428,136.233109],"中小路町":[35.093652,136.227542],"西菩提寺町":[35.144146,136.231326],"南菩提寺町":[35.142409,136.231681],"五智町":[35.102653,136.237153],"上岸本町":[35.116713,136.243992],"横溝町":[35.128155,136.252689],"勝堂町":[35.151958,136.238046],"林田町":[35.101569,136.238952],"池庄町":[35.126894,136.249165],"北菩提寺町":[35.142984,136.241841],"梅林町":[35.121619,136.243494],"鯰江町":[35.113561,136.258875],"下一色町":[35.151962,136.239027],"土器町":[35.074281,136.23969],"中一色町":[35.145903,136.245808],"御園町":[35.086926,136.253638],"妹町":[35.107378,136.264303],"大萩町":[35.118171,136.242449],"瓜生津町":[35.085179,136.256644],"岡田町":[35.091101,136.248416],"中戸町":[35.11206,136.256892],"平松町":[35.145561,136.246887],"大沢町":[35.132867,136.252635],"小八木町":[35.153852,136.263721],"寺町":[35.088216,136.249945],"南花沢町":[35.123079,136.262805],"池之尻町":[35.117159,136.259622],"石谷町":[35.084134,136.262297],"今在家町":[35.148074,136.254307],"下里町":[35.137449,136.25924],"北花沢町":[35.124216,136.267664],"今代町":[35.094556,136.258908],"僧坊町":[35.139759,136.259307],"曽根町":[35.099598,136.264615],"湯屋町":[35.137418,136.272382],"下中野町":[35.109818,136.272048],"上中野町":[35.118123,136.273667],"中里町":[35.132433,136.269131],"平柳町":[35.149216,136.287988],"一式町":[35.083975,136.262789],"池田町":[35.088981,136.265389],"市原野町":[35.083737,136.263633],"青山町":[35.102608,136.273271],"読合堂町":[35.12501,136.274242],"祇園町":[35.152295,136.277757],"市ケ原町":[35.115877,136.282255],"大林町":[35.111673,136.279429],"百済寺本町":[35.124171,136.280167],"北坂町":[35.135766,136.280868],"園町":[35.105349,136.282098],"上山町":[35.124153,136.281204],"平尾町":[35.101357,136.287902],"小倉町":[35.092422,136.266007],"百済寺町":[35.134832,136.281785],"大覚寺町":[35.114752,136.285141],"愛東外町":[35.089067,136.295806]}