{"大字沢":[35.198776,136.21576],"大字高野瀬":[35.201872,136.218564],"大字下枝":[35.190836,136.218528],"大字安食南":[35.206165,136.22688],"大字大町":[35.204096,136.22339],"大字安食西":[35.214524,136.231888],"大字上枝":[35.189708,136.222712],"大字三ツ池":[35.205746,136.225795],"大字吉田":[35.191024,136.226972],"大字杉":[35.194402,136.227395],"大字八目":[35.198856,136.23093],"大字日栄":[35.191725,136.228194],"大字石畑":[35.19876,136.231567],"大字四十九院":[35.20518,136.242001],"大字八町":[35.19249,136.240663],"大字雨降野":[35.191954,136.256455]}