{"大字猿木":[35.224706,136.265985],"大字敏満寺":[35.218862,136.280946],"大字土田":[35.228808,136.281857],"大字多賀":[35.226533,136.295374],"大字中川原":[35.231811,136.287378],"大字木曽":[35.237132,136.29554],"大字月之木":[35.231429,136.287754],"大字富之尾":[35.208661,136.314239],"大字久徳":[35.229476,136.300253],"大字大岡":[35.221286,136.300695],"大字一円":[35.23398,136.308913],"大字四手":[35.212885,136.307006],"大字八重練":[35.229991,136.302249],"大字栗栖":[35.234327,136.309912]}