{"大字尼子":[35.205415,136.255051],"大字下之郷":[35.204935,136.255911],"大字呉竹":[35.219942,136.253116],"大字小川原":[35.217451,136.267993],"大字在士":[35.203776,136.258906],"大字法養寺":[35.193613,136.25861],"大字長寺":[35.193823,136.259062],"大字横関":[35.20383,136.27124],"大字北落":[35.204833,136.271518],"大字池寺":[35.18538,136.285222],"大字金屋":[35.199922,136.285133],"大字正楽寺":[35.199407,136.286849]}