{"西ノ京島ノ内町":[35.010295,135.726271],"西ノ京月輪町":[35.013273,135.725191],"西ノ京藤ノ木町":[35.014903,135.725619],"西ノ京馬代町":[35.020257,135.72672],"西ノ京徳大寺町":[35.012333,135.726963],"西ノ京小堀池町":[35.01568,135.726576],"西ノ京壺ノ内町":[35.018402,135.726554],"西ノ京桑原町":[35.009439,135.728868],"西ノ京伯楽町":[35.019253,135.728121],"西ノ京御輿岡町":[35.022066,135.729827],"西ノ京塚本町":[35.014619,135.728139],"西ノ京春日町":[35.017044,135.727661],"西ノ京中御門西町":[35.017885,135.729831],"西ノ京西中合町":[35.01284,135.729871],"西ノ京南壺井町":[35.014269,135.729599],"西ノ京北壺井町":[35.015248,135.73064],"西ノ京南大炊御門町":[35.019118,135.729614],"西ノ京大炊御門町":[35.020471,135.729912],"西ノ京三条坊町":[35.009046,135.731573],"西ノ京中保町":[35.020624,135.732816],"西ノ京東中合町":[35.011696,135.732283],"西ノ京南円町":[35.017578,135.732633],"西ノ京中御門東町":[35.016738,135.732151],"西ノ京下合町":[35.010058,135.732282],"西ノ京北円町":[35.019533,135.732851],"西ノ京西円町":[35.018988,135.731118],"西ノ京南上合町":[35.013942,135.732244],"西ノ京円町":[35.019201,135.732862],"西ノ京上合町":[35.017057,135.733099],"西ノ京新建町":[35.009451,135.732861],"西ノ京笠殿町":[35.01583,135.734343],"西ノ京原町":[35.011242,135.734049],"壬生上大竹町":[35.007592,135.735591],"西ノ京南原町":[35.010041,135.734076],"壬生淵田町":[35.004095,135.734305],"壬生東高田町":[34.998936,135.736173],"壬生西檜町":[35.000767,135.734059],"壬生西大竹町":[35.006422,135.734202],"西ノ京上平町":[35.017947,135.734997],"壬生西土居ノ内町":[35.001456,135.733603],"西ノ京北小路町":[35.009107,135.73405],"西ノ京西鹿垣町":[35.018904,135.734828],"西ノ京平町":[35.017424,135.734214],"壬生仙念町":[35.003369,135.736784],"壬生土居ノ内町":[35.000996,135.735117],"壬生檜町":[34.999192,135.735143],"西ノ京鹿垣町":[35.019194,135.735227],"壬生東大竹町":[35.007294,135.736008],"西ノ京銅駝町":[35.013031,135.735686],"西ノ京冷泉町":[35.015825,135.735793],"西ノ京樋ノ口町":[35.010471,135.735603],"西ノ京南両町":[35.016411,135.735875],"西ノ京両町":[35.018008,135.735885],"壬生東淵田町":[35.004092,135.735916],"壬生東土居ノ内町":[35.002894,135.736544],"壬生東檜町":[35.000494,135.736098],"西ノ京西月光町":[35.010695,135.73743],"壬生中川町":[35.008028,135.737515],"西ノ京船塚町":[35.011637,135.737467],"壬生下溝町":[34.999855,135.73875],"西ノ京左馬寮町":[35.019772,135.737401],"壬生森町":[35.004184,135.739211],"西ノ京右馬寮町":[35.014386,135.737534],"壬生森前町":[35.002844,135.738132],"西ノ京東月光町":[35.009113,135.738852],"西ノ京車坂町":[35.016268,135.739022],"聚楽廻松下町":[35.017947,135.739165],"西ノ京永本町":[35.012842,135.73915],"壬生神明町":[35.008181,135.738909],"西ノ京内畑町":[35.014197,135.741227],"壬生松原町":[35.00069,135.742446],"壬生高樋町":[35.001653,135.742505],"聚楽廻西町":[35.019461,135.741086],"西ノ京小倉町":[35.009111,135.74052],"西ノ京星池町":[35.012864,135.742243],"壬生天池町":[35.007517,135.741838],"聚楽廻南町":[35.014709,135.743268],"聚楽廻中町":[35.019142,135.741566],"西ノ京栂尾町":[35.011046,135.740989],"聚楽廻東町":[35.017211,135.742347],"壬生花井町":[35.004422,135.742035],"西ノ京東栂尾町":[35.009156,135.742159],"壬生朱雀町":[35.006245,135.744186],"西ノ京小堀町":[35.013435,135.74368],"壬生御所ノ内町":[35.003981,135.744037],"西ノ京北聖町":[35.012255,135.744492],"西ノ京職司町":[35.011166,135.746906],"壬生梛ノ宮町":[35.002608,135.743979],"西ノ京南聖町":[35.009049,135.74425],"壬生辻町":[35.000853,135.743976],"西ノ京式部町":[35.014003,135.744648],"壬生相合町":[35.000528,135.746984],"西ノ京勧学院町":[35.008888,135.744707],"壬生馬場町":[35.006484,135.746656],"壬生坊城町":[35.004723,135.747987],"壬生賀陽御所町":[35.002268,135.746254],"西ノ京池ノ内町":[35.00969,135.747076],"今新在家西町":[35.007935,135.746946],"因幡町":[35.006538,135.747785],"二条城町":[35.014027,135.747656],"瓦師町":[35.0092,135.747754],"神泉苑町":[35.010387,135.747774],"今新在家東町":[35.007873,135.747633],"門前町":[35.010883,135.747803],"上瓦町":[35.008726,135.747916],"錦大宮町":[35.004392,135.74916],"姉西町":[35.010274,135.748116],"三条大宮町":[35.007909,135.749055],"四坊大宮町":[35.005541,135.749123],"三坊大宮町":[35.010318,135.749089],"市之町":[35.011448,135.74912],"六角大宮町":[35.006718,135.749078],"姉大宮町西側":[35.009136,135.748634],"姉大宮町東側":[35.009192,135.749082],"織物屋町":[35.011528,135.749986],"俵屋町":[35.01293,135.764733],"鍛冶屋町":[35.004895,135.766051],"七軒町":[35.005009,135.750092],"御供町":[35.008676,135.750084],"畳屋町":[35.005991,135.749975],"下一文字町":[35.007889,135.749844],"上一文字町":[35.009161,135.74987],"上黒門町":[35.006722,135.749849],"大文字町":[35.016,135.769074],"倉本町":[35.009863,135.749981],"下黒門町":[35.005438,135.749867],"藤岡町":[35.004412,135.749893],"六角猪熊町":[35.006715,135.750576],"最上町":[35.011278,135.750675],"下瓦町":[35.005515,135.750572],"三条猪熊町":[35.007836,135.7506],"錦猪熊町":[35.004443,135.750568],"姉猪熊町":[35.009254,135.750621],"三坊猪熊町北組":[35.010667,135.750638],"三坊猪熊町南組":[35.0101,135.750633],"橋西町":[35.008686,135.751468],"池元町":[35.010851,135.751463],"金屋町":[35.006229,135.751412],"吉野町":[35.005022,135.751448],"岩上町":[35.007771,135.751592],"樽屋町":[35.009865,135.751338],"松浦町":[35.004283,135.751294],"宮本町":[35.005495,135.751249],"下八文字町":[35.00782,135.751281],"上巴町":[35.010378,135.751318],"上八文字町":[35.009146,135.751277],"姉西堀川町":[35.009262,135.751616],"錦堀川町":[35.004349,135.752132],"四坊堀川町":[35.005402,135.752443],"西三坊堀川町":[35.010281,135.751639],"壺屋町":[35.014368,135.761071],"橋浦町":[35.007856,135.751973],"亀屋町":[35.011561,135.766665],"橋東詰町":[35.008402,135.753194],"姉東堀川町":[35.009329,135.752181],"三坊堀川町":[35.010357,135.752071],"押堀町":[35.012297,135.752615],"三文字町":[35.007919,135.761288],"土橋町":[35.012647,135.75239],"矢幡町":[35.013766,135.752604],"九町目":[35.014293,135.752278],"西夷川町":[35.014727,135.753626],"八町目":[35.015959,135.752177],"七町目":[35.017065,135.75265],"西竹屋町":[35.015911,135.752707],"越後町":[35.007685,135.753132],"森ノ木町":[35.010813,135.752876],"丸太町":[35.017574,135.752806],"越後突抜町":[35.006718,135.752956],"鍛冶町":[35.00951,135.752941],"薬屋町":[35.014133,135.753612],"藤西町":[35.004349,135.753135],"橋本町":[35.015547,135.753633],"二条油小路町":[35.012183,135.753618],"押油小路町":[35.011613,135.753624],"宗林町":[35.009189,135.753802],"式阿弥町":[35.010425,135.753693],"三条油小路町":[35.007944,135.753835],"山田町":[35.00558,135.753856],"六角油小路町":[35.006762,135.753843],"藤本町":[35.004426,135.753864],"横鍛冶町":[35.017512,135.754598],"西大黒町":[35.013722,135.754403],"東夷川町":[35.015003,135.754496],"東竹屋町":[35.016087,135.754467],"下古城町":[35.01169,135.754487],"古城町":[35.012762,135.754442],"塩屋町":[35.005444,135.769444],"槌屋町":[35.014028,135.754393],"石橋町":[35.008649,135.76862],"宮木町":[35.009632,135.754525],"中之町":[35.004125,135.768892],"元本能寺南町":[35.005759,135.754585],"下丸屋町":[35.009944,135.770434],"本能寺町":[35.007216,135.754691],"空也町":[35.005065,135.754688],"西堂町":[35.009194,135.754538],"猩々町":[35.007955,135.754553],"元本能寺町":[35.006776,135.754587],"蟷螂山町":[35.004457,135.755326],"田中町":[35.01682,135.755195],"毘沙門町":[35.016832,135.766693],"古西町":[35.005533,135.755319],"薬師町":[35.014273,135.755187],"二条西洞院町":[35.012224,135.755325],"池須町":[35.006741,135.75557],"柳水町":[35.007947,135.755561],"三坊西洞院町":[35.010303,135.755333],"姉西洞院町":[35.009306,135.755322],"押西洞院町":[35.011645,135.755317],"正行寺町":[35.013484,135.756147],"橋之町":[35.011048,135.756068],"釜座町":[35.008737,135.756129],"指物屋町":[35.016104,135.756028],"西六角町":[35.007499,135.755763],"不動町":[35.0063,135.75578],"西錦小路町":[35.004821,135.756186],"大黒町":[35.007784,135.770413],"桝屋町":[35.004543,135.765781],"津軽町":[35.010253,135.756017],"突抜町":[35.009424,135.757452],"上松屋町":[35.012834,135.756042],"下松屋町":[35.011725,135.756032],"梅屋町":[35.005589,135.765817],"百足屋町":[35.014831,135.763551],"炭之座町":[35.004391,135.756014],"小結棚町":[35.004207,135.756871],"泉町":[35.014978,135.757554],"六角町":[35.006682,135.756862],"三条町":[35.007926,135.756878],"神明町":[35.010299,135.756746],"大炊町":[35.015579,135.765207],"弁財天町":[35.015571,135.756721],"二条新町":[35.014272,135.756717],"町頭町":[35.009266,135.756778],"頭町":[35.01223,135.756757],"玉植町":[35.016831,135.757416],"玉蔵町":[35.00757,135.757547],"天神山町":[35.004817,135.757813],"姥柳町":[35.006346,135.757385],"大恩寺町":[35.013709,135.757568],"西横町":[35.010987,135.757561],"長浜町":[35.010278,135.75743],"衣棚町":[35.008781,135.757516],"相生町":[35.016184,135.757587],"花立町":[35.015572,135.757404],"竪大恩寺町":[35.01435,135.75745],"上妙覚寺町":[35.012818,135.757434],"下妙覚寺町":[35.011727,135.757431],"観音堂町":[35.00435,135.757727],"了頓図子町":[35.00794,135.757345],"山伏山町":[35.005627,135.758333],"鯉山町":[35.00679,135.758369],"烏帽子屋町":[35.007878,135.758314],"蛸薬師町":[35.01293,135.758258],"御池之町":[35.011664,135.758191],"鏡屋町":[35.015581,135.758221],"円福寺町":[35.010303,135.758215],"冷泉町":[35.014306,135.75825],"道場町":[35.016799,135.758203],"役行者町":[35.009283,135.758204],"菊水鉾町":[35.00446,135.758367],