{"西町":[35.02872,135.752725],"堀川町":[35.021961,135.733814],"下横町":[35.024191,135.734919],"紙屋川町":[35.028364,135.734815],"行衛町":[35.02056,135.734617],"北町":[35.033688,135.735554],"観音寺門前町":[35.029562,135.734757],"大上之町":[35.02723,135.734599],"大東町":[35.026315,135.735319],"下竪町":[35.024435,135.736179],"川瀬町":[35.022117,135.735432],"西上之町":[35.023385,135.736584],"鳥居前町":[35.032372,135.737528],"仲之町":[35.028774,135.75325],"下之町":[35.019941,135.736268],"東今小路町":[35.028616,135.738364],"馬喰町":[35.033286,135.735286],"西東町":[35.020421,135.738376],"西今小路町":[35.02815,135.736918],"鳳瑞町":[35.024494,135.737189],"三助町":[35.02327,135.73668],"真盛町":[35.030473,135.738787],"老松町":[35.033365,135.739267],"滝ケ鼻町":[35.027142,135.739102],"毘沙門町":[35.030785,135.765014],"長門町":[35.020501,135.740276],"三軒町":[35.026151,135.740698],"一番町":[35.024899,135.739726],"二番町":[35.023588,135.739581],"柏清盛町":[35.035709,135.739975],"白竹町":[35.023762,135.740057],"利生町":[35.023221,135.740017],"四番町":[35.025155,135.741271],"溝前町":[35.032657,135.739107],"閻魔前町":[35.035298,135.741048],"西中筋町":[35.025643,135.741428],"七番町":[35.022173,135.741266],"稲葉町":[35.02032,135.742002],"木瓜原町":[35.035559,135.74365],"小山町":[35.019748,135.743809],"主税町":[35.017006,135.746904],"信濃町":[35.023723,135.743648],"東西俵屋町":[35.025353,135.745368],"新猪熊東町":[35.034522,135.74397],"戌亥町":[35.035329,135.744728],"田丸町":[35.025309,135.74386],"中務町":[35.019262,135.746185],"田中町":[35.020777,135.744672],"弁天町":[35.021919,135.744316],"田村備前町":[35.021122,135.746229],"西社町":[35.035262,135.746079],"白銀町":[35.022202,135.746217],"西院町":[35.019256,135.747216],"中村町":[35.020217,135.747124],"新白水丸町":[35.025121,135.74833],"四町目":[35.0214,135.752855],"西若宮北半町":[35.038358,135.748224],"藁屋町":[35.017512,135.749484],"糸屋町":[35.025935,135.749022],"若宮横町":[35.038882,135.748369],"西北小路町":[35.033217,135.749917],"下天神町":[35.035391,135.751544],"瑞光院前町":[35.037618,135.751341],"上天神町":[35.036548,135.751289],"奈良物町":[35.023072,135.751624],"上堀川町":[35.018072,135.751605],"堀川上之町":[35.027199,135.751908],"西橋詰町":[35.020123,135.751499],"三町目":[35.021875,135.752483],"東橋詰町":[35.025212,135.753033],"松之下町":[35.025835,135.753023],"油橋詰町":[35.025686,135.753748],"下清蔵口町":[35.036871,135.755839],"大心院町":[35.035568,135.755973],"元真如堂町":[35.026483,135.755618],"上立売町":[35.032093,135.757412],"一松町":[35.027098,135.757252],"森之木町":[35.037264,135.758504],"梅屋町":[35.02834,135.758463],"相国寺門前町":[35.030594,135.764261],"上御霊中町":[35.036858,135.759978],"上御霊竪町":[35.036491,135.761363],"京都御苑":[35.028314,135.763661],"新御霊口町":[35.036477,135.763099],"高徳寺町":[35.035512,135.764148],"鶴山町":[35.032104,135.767732],"染殿町":[35.021599,135.765028],"信富町":[35.017364,135.768489],"東桜町":[35.022731,135.767968],"後藤町":[35.031614,135.769243],"梶井町":[35.025454,135.770321],"駒之町":[35.017086,135.76953],"上生洲町":[35.019813,135.769295],"突抜町":[35.024352,135.752978],"大宮町":[35.028235,135.768399],"天満屋町":[35.02093,135.736436],"東竪町":[35.026347,135.735792],"三番町":[35.022812,135.739553],"松永町":[35.027131,135.736595],"新建町":[35.026686,135.736558],"東町":[35.028695,135.753853],"一観音町":[35.027463,135.740117],"末之口町":[35.028689,135.738818],"社家長屋町":[35.030744,135.7372],"東柳町":[35.031085,135.73951],"西柳町":[35.031168,135.737845],"神明町":[35.024123,135.748418],"聚楽町":[35.016095,135.742962],"下丸屋町":[35.019921,135.74617],"十四軒町":[35.020671,135.743165],"尼ケ崎横町":[35.021692,135.742809],"西神明町":[35.02164,135.74352],"東神明町":[35.021589,135.744459],"六番町":[35.022936,135.741964],"二本松町":[35.022332,135.743112],"山王町":[35.023064,135.744357],"福島町":[35.022292,135.742143],"五番町":[35.024455,135.741684],"革堂前之町":[35.023092,135.742724],"百万遍町":[35.023754,135.742336],"仲御霊町":[35.024266,135.742681],"西富仲町":[35.024328,135.744026],"愛染寺町":[35.023721,135.743781],"亀屋町":[35.021757,135.770575],"菱丸町":[35.024275,135.745416],"西今出川町":[35.026776,135.740516],"三条殿町":[35.026721,135.74099],"若松町":[35.027485,135.741304],"加賀屋町":[35.025199,135.744636],"丹波屋町":[35.02523,135.743218],"東石橋町":[35.025537,135.742665],"北伊勢殿構町":[35.026698,135.74231],"伊勢殿構町":[35.026629,135.743946],"泰童町":[35.026733,135.74429],"烏丸町":[35.026801,135.7418],"玉屋町":[35.028954,135.74128],"泰童片原町":[35.027409,135.742882],"笹屋5":[35.028401,135.740217],"笹屋4":[35.028354,135.741746],"松屋町":[35.028954,135.742022],"元観音町":[35.029153,135.739645],"大文字町":[35.029002,135.740336],"南佐竹町":[35.029244,135.74153],"南辻町":[35.029508,135.742614],"西亀屋町":[35.029463,135.743309],"西上善寺町":[35.029741,135.740499],"南上善寺町":[35.029932,135.741706],"中宮町":[35.029452,135.744475],"元4":[35.028609,135.743313],"今出川町":[35.029253,135.758855],"革堂町":[35.027101,135.754581],"笹屋町2":[35.027156,135.744619],"笹屋町3":[35.028028,135.743289],"革堂之内町":[35.026594,135.744763],"片原町":[35.030266,135.739784],"佐竹町":[35.030386,135.741181],"上善寺町":[35.030281,135.742619],"風呂屋町":[35.031005,135.741456],"西五辻東町":[35.031256,135.744416],"竪亀屋町":[35.029153,135.745532],"横大宮町":[35.029399,135.747747],"北小路中之町":[35.030044,135.745675],"菱屋町":[35.01926,135.749211],"元中之町":[35.028497,135.746263],"新柳馬場頭町":[35.023716,135.744586],"長谷町":[35.023204,135.744936],"新御幸町":[35.022476,135.74453],"末広町":[35.032034,135.740937],"作庵町":[35.032424,135.742019],"牡丹鉾町":[35.031802,135.742123],"般舟院前町":[35.029823,135.742872],"東上善寺町":[35.030035,135.744463],"有馬町":[35.030428,135.745623],"花車町":[35.03341,135.742028],"西五辻北町":[35.034515,135.74135],"新猪熊町":[35.034434,135.742207],"姥ケ寺之前町":[35.033922,135.743315],"井田町":[35.034763,135.74253],"北玄蕃町":[35.035293,135.74177],"姥ケ東西町":[35.032552,135.74415],"桐木町":[35.031801,135.74269],"姥ケ榎木町":[35.032025,135.744043],"一色町":[35.030889,135.745648],"杉若町":[35.031582,135.745317],"姥ケ西町":[35.032383,135.742669],"姥ケ北町":[35.033276,135.744135],"中猪熊町":[35.033918,135.746049],"真倉町":[35.033272,135.744564],"蛭子町":[35.022723,135.75067],"大黒町":[35.019203,135.750703],"歓喜町":[35.034477,135.745729],"西熊町":[35.034461,135.744934],"聖天町":[35.033387,135.746516],"紋屋町":[35.031909,135.747657],"五辻町":[35.031259,135.747687],"桜井町":[35.030452,135.747541],"笹屋町1":[35.027698,135.745911],"橘町":[35.027686,135.74713],"福本町":[35.026982,135.745484],"今新在家町":[35.025397,135.746252],"南新在家町":[35.026263,135.746439],"多門町":[35.025137,135.747268],"新桝屋町":[35.024853,135.745527],"高台院町":[35.023415,135.74523],"高台院竪町":[35.024283,135.746273],"坤高町":[35.022423,135.745528],"亀木町":[35.023099,135.746262],"分銅町":[35.020847,135.74706],"山本町":[35.022769,135.746421],"須浜町":[35.023108,135.747684],"下山里町":[35.023098,135.746603],"山里町":[35.024273,135.746975],"南伊勢屋町":[35.01773,135.747999],"左馬松町":[35.017552,135.748477],"西丸太町":[35.017527,135.750975],"中之町":[35.018768,135.770702],"下堀川町":[35.016685,135.751575],"直家町":[35.018136,135.751303],"木屋之町":[35.018252,135.750308],"講堂町":[35.018851,135.751334],"中御門横町":[35.018856,135.749948],"北伊勢屋町":[35.018477,135.747619],"中書町":[35.018843,135.748598],"小伝馬町":[35.018078,135.749595],"一町目":[35.024226,135.752358],"櫛笥町":[35.019258,135.747939],"浮田町":[35.020179,135.748722],"二町目":[35.02321,135.752349],"森中町":[35.019369,135.749962],"橋西二町目":[35.020152,135.750201],"丸屋町":[35.019358,135.751337],"長尾町":[35.019216,135.751634],"金馬場町":[35.021527,135.747519],"天秤町":[35.020695,135.747974],"西天秤町":[35.021482,135.748246],"家永町":[35.020762,135.748905],"北蟹屋町":[35.020968,135.750029],"南蟹屋町":[35.020526,135.750021],"元福大明神町":[35.020736,135.751351],"荒神町":[35.021086,135.768545],"天秤丸町":[35.021706,135.746731],"秤口町":[35.022028,135.747676],"西辰巳町":[35.022792,135.747867],"南清水町":[35.022139,135.748654],"東天秤町":[35.02142,135.748607],"清元町":[35.021783,135.749259],"吉野町":[35.021914,135.750023],"桝屋町":[35.018032,135.769307],"須浜東町":[35.023692,135.747877],"東辰巳町":[35.02275,135.748579],"東堀町":[35.023231,135.748582],"常陸町":[35.024161,135.74949],"藤五郎町":[35.023075,135.74949],"南小大門町":[35.022779,135.750014],"北小大門町":[35.023274,135.749687],"猪熊2":[35.023004,135.750631],"菊屋町":[35.024489,135.755238],"杉本町":[35.023602,135.750672],"須浜池町":[35.024269,135.747694],"和水町":[35.024124,135.749005],"新元町":[35.024837,135.749651],"榎町":[35.02414,135.750017],"役人町":[35.025134,135.751502],"猪熊1":[35.024108,135.750687],"南俵町":[35.02397,135.751345],"北俵町":[35.024552,135.751341],"皀莢町":[35.024149,135.751618],"鏡石町":[35.026707,135.747674],"下鏡石町":[35.0257,135.748436],"梨木町":[35.026003,135.749223],"下石橋南半町":[35.026555,135.749256],