{"久世高田町":[34.962839,135.709411],"久世中久世町5":[34.959099,135.71236],"久世中久世町1":[34.961989,135.712964],"久世上久世町":[34.965201,135.719948],"久世殿城町":[34.957052,135.718467],"久世中久世町4":[34.958153,135.714724],"久世中久世町2":[34.96216,135.715057],"久世中久世町3":[34.962125,135.717187],"吉祥院流作町":[34.980979,135.718328],"久世東土川町":[34.943993,135.723998],"久世中久町":[34.960901,135.718134],"吉祥院堤外町":[34.979047,135.719024],"久世大藪町":[34.949117,135.723095],"吉祥院大河原町":[34.983052,135.720184],"久世川原町":[34.963357,135.720942],"吉祥院内河原町":[34.981719,135.720925],"久世大築町":[34.960096,135.72296],"吉祥院中河原里西町":[34.980973,135.721848],"吉祥院宮ノ西町":[34.983554,135.722158],"吉祥院向田西町":[34.984507,135.722288],"吉祥院新田参ノ段町":[34.97901,135.721634],"久世築山町":[34.951788,135.729263],"吉祥院西ノ庄向田町":[34.985286,135.72493],"吉祥院中河原里北町":[34.981451,135.725688],"吉祥院新田弐ノ段町":[34.973676,135.726386],"吉祥院中河原西屋敷町":[34.980859,135.725747],"吉祥院向田東町":[34.984936,135.725684],"吉祥院宮ノ東町":[34.982038,135.723706],"吉祥院嶋中ノ島":[34.958098,135.729116],"吉祥院中河原里南町":[34.97981,135.725342],"吉祥院石原橋上":[34.967512,135.723875],"吉祥院石原西ノ開町":[34.966326,135.723811],"吉祥院新田下ノ向町":[34.972566,135.725393],"吉祥院新田壱ノ段町":[34.97863,135.725581],"吉祥院石原長田町":[34.967896,135.724789],"吉祥院石原開町":[34.962781,135.726417],"吉祥院石原上川原町":[34.967861,135.725563],"吉祥院前河原町":[34.983149,135.725103],"吉祥院石原野上町":[34.965481,135.725634],"吉祥院西ノ茶屋町":[34.971797,135.726301],"吉祥院三ノ宮西町":[34.976395,135.727427],"吉祥院西ノ庄西浦町":[34.984983,135.728455],"吉祥院西ノ庄猪之馬場町":[34.980663,135.728711],"吉祥院西ノ庄西中町":[34.982655,135.727168],"吉祥院嶋川原田町":[34.961563,135.727157],"吉祥院嶋堤外":[34.959572,135.728436],"吉祥院石原西町":[34.962565,135.727432],"吉祥院石原京道町":[34.965538,135.72913],"吉祥院石原堂ノ後西町":[34.968027,135.727397],"吉祥院三ノ宮町":[34.977228,135.729761],"吉祥院仁木ノ森町":[34.968812,135.729998],"吉祥院這登西町":[34.971953,135.727555],"吉祥院池ノ内町":[34.974258,135.728826],"吉祥院西浦町":[34.974167,135.731438],"吉祥院嶋樫山町":[34.959225,135.729746],"唐橋西平垣町":[34.980808,135.733072],"吉祥院西ノ庄淵ノ西町":[34.98249,135.728693],"吉祥院石原南町":[34.961685,135.730585],"吉祥院石原町":[34.964149,135.730597],"吉祥院石原堂ノ後町":[34.966806,135.729634],"吉祥院這登中町":[34.971911,135.729511],"上鳥羽塔ノ森柳原":[34.94435,135.737879],"吉祥院車道町":[34.975497,135.731031],"吉祥院西ノ庄東屋敷町":[34.983577,135.730379],"吉祥院中島町":[34.977814,135.731631],"吉祥院嶋高町":[34.96043,135.732047],"吉祥院嶋笠井町":[34.957064,135.731278],"吉祥院西ノ庄門口町":[34.982763,135.731936],"吉祥院嶋西浦":[34.955255,135.732536],"吉祥院観音堂南町":[34.965439,135.733392],"吉祥院観音堂町":[34.967855,135.733478],"吉祥院嶋出在家町":[34.959847,135.731878],"吉祥院砂ノ町":[34.969341,135.732104],"吉祥院這登東町":[34.972015,135.731401],"吉祥院井ノ口町":[34.976442,135.732712],"吉祥院石原東之口":[34.963655,135.731874],"吉祥院菅原町":[34.970037,135.732275],"吉祥院清水町":[34.978929,135.73307],"吉祥院船戸町":[34.974019,135.734446],"吉祥院里ノ内町":[34.973569,135.733508],"上鳥羽塔ノ森下開ノ内":[34.957639,135.735693],"吉祥院西ノ内町":[34.972509,135.733576],"上鳥羽塔ノ森上開ノ内":[34.958262,135.735495],"吉祥院九条町":[34.977931,135.734545],"吉祥院嶋野間詰町":[34.961678,135.73551],"吉祥院長田町":[34.964766,135.736375],"吉祥院東砂ノ町":[34.968671,135.733508],"唐橋平垣町":[34.981951,135.73584],"唐橋大宮尻町":[34.979262,135.734126],"吉祥院御池町":[34.974182,135.735461],"吉祥院政所町":[34.973035,135.735563],"吉祥院池田南町":[34.965391,135.735683],"上鳥羽塔ノ森四ツ谷町":[34.952443,135.737571],"吉祥院池田町":[34.967787,135.735758],"吉祥院西定成町":[34.976501,135.735586],"吉祥院高畑町":[34.971502,135.737347],"吉祥院前田町":[34.969748,135.736129],"上鳥羽塔ノ森西河原町":[34.953629,135.737001],"唐橋川久保町":[34.978598,135.737056],"上鳥羽塔ノ森梅ノ木":[34.958158,135.737679],"吉祥院落合町":[34.973887,135.738192],"上鳥羽馬廻":[34.961557,135.737416],"上鳥羽戒光":[34.964615,135.738725],"上鳥羽塔ノ森上河原":[34.948267,135.737577],"吉祥院南落合町":[34.972489,135.740693],"吉祥院春日町":[34.97548,135.737971],"上鳥羽塔ノ森江川町":[34.953748,135.737303],"吉祥院定成町":[34.976095,135.737896],"唐橋西寺町":[34.98148,135.738717],"吉祥院蒔絵南町":[34.965348,135.737273],"吉祥院蒔絵町":[34.967741,135.737341],"唐橋門脇町":[34.981845,135.738555],"吉祥院東前田町":[34.970155,135.737933],"上鳥羽金仏":[34.961218,135.738953],"上鳥羽山ノ本町":[34.964653,135.740059],"上鳥羽塔ノ森柴東町":[34.956543,135.739339],"唐橋堂ノ前町":[34.978178,135.739308],"上鳥羽塔ノ森下河原":[34.943869,135.739296],"上鳥羽清井町":[34.961085,135.740601],"吉祥院東浦町":[34.970841,135.74095],"唐橋琵琶町":[34.97788,135.740492],"唐橋南琵琶町":[34.975831,135.740627],"上鳥羽戒光町":[34.965277,135.740343],"上鳥羽北戒光町":[34.966562,135.739559],"吉祥院稲葉町":[34.968518,135.739879],"上鳥羽塔ノ森洲崎町":[34.951236,135.741385],"上鳥羽塔ノ森東向町":[34.954135,135.741506],"吉祥院八反田町":[34.97431,135.740802],"唐橋花園町":[34.979629,135.740608],"唐橋井園町":[34.982107,135.740821],"上鳥羽西浦町":[34.957046,135.743038],"上鳥羽川端町":[34.964319,135.741595],"唐橋羅城門町":[34.979247,135.742538],"上鳥羽南中ノ坪町":[34.967627,135.742355],"上鳥羽北村山町":[34.966824,135.742316],"上鳥羽北中ノ坪町":[34.969906,135.741812],"上鳥羽八王神町":[34.958288,135.742819],"上鳥羽南村山町":[34.965605,135.742345],"唐橋経田町":[34.977777,135.742294],"唐橋芦辺町":[34.974645,135.741927],"唐橋高田町":[34.980068,135.742666],"唐橋赤金町":[34.983524,135.742176],"上鳥羽鍋ケ淵町":[34.961761,135.742323],"上鳥羽南唐戸町":[34.971895,135.742822],"上鳥羽唐戸町":[34.974247,135.741981],"上鳥羽奈須野町":[34.956927,135.744277],"上鳥羽火打形町":[34.961909,135.752411],"八条源町":[34.982737,135.744467],"八条内田町":[34.981516,135.746064],"上鳥羽南島田町":[34.965139,135.744914],"上鳥羽城ケ前町":[34.963382,135.744291],"西九条唐戸町":[34.978622,135.742693],"上鳥羽北島田町":[34.966992,135.745348],"上鳥羽岩ノ本町":[34.961183,135.744374],"上鳥羽堀子町":[34.968884,135.745051],"上鳥羽上調子町":[34.970342,135.744378],"四ツ塚町":[34.978963,135.744416],"西九条大国町":[34.977972,135.744788],"西九条高畠町":[34.974528,135.745516],"上鳥羽高畠町":[34.971834,135.745513],"西九条豊田町":[34.975951,135.745539],"上鳥羽中河原":[34.958949,135.748971],"上鳥羽麻ノ本":[34.957186,135.747042],"八条町":[34.98449,135.74809],"八条寺内町":[34.982134,135.745613],"東寺町":[34.983525,135.747018],"上鳥羽花名":[34.964505,135.746616],"上鳥羽大溝":[34.962004,135.747961],"上鳥羽石橋町":[34.960483,135.747342],"上鳥羽鴨田":[34.963425,135.746576],"上鳥羽南花名町":[34.965063,135.748116],"上鳥羽北花名町":[34.966428,135.74815],"上鳥羽大柳町":[34.968794,135.748193],"上鳥羽角田町":[34.970826,135.748793],"上鳥羽菅田町":[34.97178,135.748389],"西九条菅田町":[34.975691,135.748058],"西九条南田町":[34.977652,135.748671],"上鳥羽卯ノ花":[34.961894,135.751641],"上鳥羽町田":[34.963977,135.749195],"西九条御幸田町":[34.97485,135.749461],"九条町":[34.982506,135.748339],"西九条比永城町":[34.977648,135.748958],"八条坊門町":[34.98478,135.748931],"西九条森本町":[34.973125,135.752896],"上鳥羽藁田":[34.963529,135.750979],"上鳥羽南塔ノ本町":[34.96514,135.751204],"上鳥羽北塔ノ本町":[34.966517,135.751227],"上鳥羽大物町":[34.968748,135.751327],"上鳥羽仏現寺町":[34.970835,135.751644],"大黒町":[34.984772,135.749061],"東寺東門前町":[34.98242,135.749115],"西九条猪熊町":[34.982792,135.750549],"上鳥羽塔ノ本":[34.964413,135.750776],"西九条南小路町":[34.980781,135.750605],"西九条川原城町":[34.979813,135.751777],"西九条東御幸田町":[34.974782,135.750261],"西九条東比永城町":[34.978811,135.75097],"古御旅町":[34.984943,135.750144],"西九条横町":[34.983703,135.749953],"西九条戒光寺町":[34.984575,135.751857],"西九条西柳ノ内町":[34.971221,135.752296],"西九条針小路町":[34.982738,135.752315],"西九条唐橋町":[34.981492,135.751787],"西九条藤ノ木町":[34.983606,135.752214],"西九条開ケ町":[34.97702,135.752308],"戒光寺町":[34.984804,135.751889],"西九条西蔵王町":[34.979839,135.752336],"西九条寺ノ前町":[34.984796,135.753271],"西九条池ノ内町":[34.983567,135.753371],"西九条仏現寺町":[34.971521,135.752796],"西九条東柳ノ内町":[34.975489,135.753327],"西九条柳ノ内町":[34.972663,135.75289],"上鳥羽尻切町":[34.968711,135.752812],"西九条蔵王町":[34.981506,135.753477],"西九条島町":[34.976345,135.753347],"上鳥羽鉾立町":[34.970885,135.755953],"上鳥羽南鉾立町":[34.967739,135.756613],"東九条南松田町":[34.971629,135.756036],"東九条松田町":[34.975911,135.754817],"西九条東島町":[34.978788,135.754269],"西九条北ノ内町":[34.984734,135.754681],"西九条春日町":[34.981534,135.754765],"西九条鳥居口町":[34.982721,135.754537],"東九条西山町":[34.977864,135.755442],"西九条院町":[34.982509,135.756685],"東九条中殿田町":[34.980927,135.757863],"東九条下殿田町":[34.977523,135.757747],"東九条西明田町":[34.975796,135.758127],"東九条西河辺町":[34.973748,135.758119],"東九条南河辺町":[34.972342,135.7589],"東九条室町":[34.983565,135.757891],"上鳥羽南苗代町":[34.96868,135.75874],"上鳥羽苗代町":[34.970641,135.759187],"東九条北烏丸町":[34.981643,135.760807],"東九条上殿田町":[34.982197,135.759454],"東九条烏丸町":[34.980157,135.760854],"東九条南烏丸町":[34.979323,135.760623],"東九条明田町":[34.975601,135.760584],"東九条河辺町":[34.974785,135.759901],"上鳥羽勧進橋町":[34.970866,135.761834],"東九条南石田町":[34.971482,135.762058],"東九条西山王町":[34.982946,135.760819],"東九条石田町":[34.97479,135.761636],"東九条西札辻町":[34.977036,135.761661],"東九条西御霊町":[34.97821,135.761453],