{"上花山旭山町":[34.982965,135.796007],"西野山岩ケ谷町":[34.97033,135.791516],"川田岩ケ谷":[34.981603,135.791536],"北花山上稚児ケ池":[34.995355,135.790227],"西野山百々町":[34.975031,135.795659],"北花山下稚児ケ池":[34.993974,135.79041],"川田清水焼団地町":[34.980291,135.795864],"北花山大峰町":[34.992803,135.797049],"厨子奥花鳥町":[34.999767,135.791835],"日ノ岡夷谷町":[34.999443,135.796302],"勧修寺北大日町":[34.958706,135.800402],"西野山桜ノ馬場町":[34.966693,135.801211],"上花山桜谷":[34.983649,135.794216],"西野山山田":[34.977628,135.791482],"勧修寺南大日町":[34.958559,135.799232],"川田山田":[34.978304,135.793736],"上花山坂尻":[34.98077,135.795945],"日ノ岡一切経谷町":[35.007127,135.795424],"川田南山":[34.978535,135.792875],"西野山射庭ノ上町":[34.974198,135.795494],"勧修寺南大日":[34.953733,135.793924],"川田御出町":[34.977827,135.79584],"北花山山田町":[34.993745,135.798537],"上花山花ノ岡町":[34.987026,135.796008],"北花山西ノ野町":[34.985309,135.797007],"川田岡ノ西":[34.980027,135.796126],"上花山久保町":[34.98097,135.798493],"川田土仏":[34.978507,135.797296],"北花山市田町":[34.986927,135.79864],"御陵岡ノ西町":[34.9913,135.802223],"日ノ岡朝田町":[34.996752,135.797658],"御陵封ジ山町":[34.998256,135.801503],"上花山講田町":[34.985124,135.798852],"川田欠ノ上":[34.979642,135.801669],"川田百々":[34.97842,135.797808],"川田御輿塚町":[34.98059,135.798411],"日ノ岡坂脇町":[34.994994,135.799965],"西野山中鳥井町":[34.969329,135.80248],"勧修寺小松原町":[34.961562,135.802916],"川田菱尾田":[34.977723,135.799726],"北花山寺内町":[34.988429,135.799893],"日ノ岡堤谷町":[34.997851,135.801458],"勧修寺北大日":[34.961849,135.797556],"日ノ岡鴨土町":[34.995744,135.801206],"御陵池堤町":[34.997538,135.801405],"勧修寺丸山町":[34.9637,135.802518],"北花山大林町":[34.985256,135.801444],"日ノ岡ホッパラ町":[34.991905,135.803284],"川田西浦町":[34.979663,135.800011],"日ノ岡石塚町":[34.991722,135.800818],"北花山中道町":[34.98663,135.802423],"川田中畑町":[34.977879,135.800245],"北花山六反田町":[34.98977,135.8021],"北花山河原町":[34.988458,135.802182],"西野山欠ノ上町":[34.972839,135.801063],"厨子奥長通":[34.990436,135.801672],"勧修寺冷尻":[34.965038,135.804003],"西野楳本町":[34.986261,135.803581],"川田前畑町":[34.979524,135.801977],"御陵鴨戸町":[34.994109,135.803513],"勧修寺柴山":[34.965234,135.804949],"川田南畑町":[34.978815,135.802147],"御陵岡町":[34.991568,135.802724],"西野山中畑町":[34.977363,135.800936],"勧修寺南谷町":[34.959347,135.801747],"西野山南畑町":[34.976414,135.802436],"北花山横田町":[34.988204,135.802475],"東野竹田":[34.973263,135.801871],"勧修寺西金ケ崎":[34.968143,135.808269],"西野山中臣町":[34.970981,135.805927],"御陵原西町":[34.995044,135.804294],"勧修寺福岡町":[34.962062,135.806016],"御陵黒岩":[35.001675,135.802176],"勧修寺堂田":[34.966299,135.805461],"御陵荒巻町":[34.990989,135.80404],"西野後藤":[34.976733,135.803962],"勧修寺本堂山町":[34.961571,135.806708],"西野櫃川町":[34.984976,135.802573],"西野八幡田町":[34.98715,135.807077],"御陵大岩":[34.999199,135.807627],"西野大鳥井町":[34.978957,135.807578],"御陵山ノ谷":[34.999536,135.802903],"東野森野町":[34.974767,135.808338],"御陵久保町":[34.991688,135.806208],"西野野色町":[34.987005,135.805206],"御陵下御廟野町":[34.993662,135.805498],"厨子奥苗代元町":[34.988711,135.805738],"栗栖野狐塚":[34.973981,135.806392],"西野小柳町":[34.981724,135.807174],"栗栖野華ノ木町":[34.97139,135.805869],"栗栖野打越町":[34.972445,135.808508],"御陵上御廟野町":[34.995209,135.805379],"御陵檀ノ後":[34.998551,135.804653],"勧修寺泉玉町":[34.962264,135.806712],"御陵血洗町":[34.989496,135.807226],"勧修寺西栗栖野町":[34.968943,135.808022],"東野八代":[34.97591,135.80785],"西野岸ノ下町":[34.984034,135.807422],"厨子奥矢倉町":[34.989057,135.809372],"勧修寺東堂田町":[34.96547,135.808295],"勧修寺西北出町":[34.964556,135.808391],"厨子奥尾上町":[34.987067,135.808817],"御陵進藤町":[34.991555,135.808916],"御陵別所町":[34.994883,135.809522],"勧修寺東金ケ崎町":[34.966723,135.810082],"勧修寺東栗栖野町":[34.970584,135.809878],"勧修寺仁王堂町":[34.960603,135.808971],"御陵牛尾町":[34.995531,135.809304],"栗栖野中臣町":[34.972689,135.807571],"御陵中筋町":[34.9912,135.808763],"西野広見町":[34.984227,135.809224],"西野様子見町":[34.984899,135.81327],"西野今屋敷町":[34.98558,135.813445],"勧修寺御所内町":[34.956713,135.810517],"西野左義長町":[34.980874,135.809643],"東野舞台町":[34.978198,135.81106],"厨子奥若林町":[34.987135,135.811614],"西野山階町":[34.981832,135.811435],"御陵中内町":[34.989284,135.810355],"勧修寺瀬戸河原町":[34.964665,135.81008],"勧修寺下ノ茶屋町":[34.960087,135.807152],"勧修寺東北出町":[34.962297,135.810066],"御陵天徳町":[34.991871,135.812139],"勧修寺風呂尻町":[34.961047,135.810103],"御陵大谷町":[34.999022,135.808208],"椥辻封シ川町":[34.97408,135.811881],"西野阿芸沢町":[34.984998,135.8115],"東野八反畑町":[34.977575,135.817939],"椥辻番所ケ口町":[34.971242,135.810933],"西野離宮町":[34.982494,135.812866],"御陵三蔵町":[34.988934,135.811102],"御陵鳥ノ向町":[34.99182,135.815163],"勧修寺閑林寺":[34.957214,135.813225],"東野狐薮町":[34.983183,135.815913],"椥辻西潰":[34.970128,135.812992],"勧修寺縄手町":[34.962163,135.811934],"勧修寺東出町":[34.960946,135.812323],"小野蚊ケ瀬町":[34.963609,135.812817],"椥辻平田町":[34.968964,135.813154],"勧修寺平田町":[34.965691,135.813085],"御陵四丁野町":[34.986956,135.813704],"御陵大津畑町":[34.990683,135.814902],"椥辻池尻町":[34.971997,135.814565],"上野寺井町":[34.993579,135.814298],"小野鐘付田町":[34.962624,135.814265],"椥辻西浦町":[34.974599,135.814417],"御陵沢ノ川町":[35.004829,135.811545],"小野西浦":[34.959319,135.813879],"御陵安祥寺町":[34.994357,135.813328],"椥辻東潰":[34.970098,135.814483],"西野大手先町":[34.984989,135.815032],"大宅烏田町":[34.967163,135.812901],"東野百拍子町":[34.978252,135.817939],"小野河原町":[34.964253,135.813586],"御陵田山町":[34.994336,135.815221],"大宅細田町":[34.965874,135.8141],"東野門口町":[34.980123,135.817705],"大宅御供田町":[34.969023,135.815613],"竹鼻サイカシ町":[34.984792,135.815829],"竹鼻地蔵寺南町":[34.987526,135.815304],"小野葛籠尻町":[34.96245,135.815554],"東野片下リ町":[34.981552,135.816989],"竹鼻西ノ口町":[34.989538,135.819806],"小野弓田町":[34.964548,135.814884],"竹鼻竹ノ街道町":[34.990035,135.819061],"椥辻草海道町":[34.973482,135.819571],"大宅関生町":[34.967334,135.815755],"上野御所ノ内町":[34.992984,135.816754],"椥辻中在家町":[34.974449,135.821391],"椥辻東浦町":[34.975578,135.817345],"上野池ノ下":[34.995521,135.815107],"小野御霊町":[34.958538,135.815477],"小野荘司町":[34.96152,135.818924],"御陵平林町":[34.997122,135.816841],"大宅石郡町":[34.965288,135.816577],"小野高芝町":[34.964813,135.818613],"竹鼻四丁野町":[34.987297,135.816397],"小野御所ノ内町":[34.963701,135.819628],"音羽野田町":[34.984676,135.818605],"大宅桟敷":[34.97018,135.817996],"東野北井ノ上町":[34.981358,135.822907],"大宅早稲ノ内町":[34.967713,135.81791],"大宅沢町":[34.969021,135.817903],"上野山田":[34.995423,135.817685],"安朱稲荷山町":[35.002681,135.816319],"竹鼻堂ノ前町":[34.988584,135.818429],"安朱桟敷町":[34.992821,135.81718],"東野中井ノ上町":[34.978449,135.822566],"音羽役出町":[34.985484,135.820118],"東野井ノ上町":[34.977642,135.818677],"音羽西林":[34.983049,135.819565],"大宅神納町":[34.96681,135.819553],"安朱南屋敷町":[34.990715,135.819431],"安朱山田":[34.994404,135.817518],"安朱中小路町":[34.993943,135.8182],"安朱川向町":[34.996714,135.817768],"音羽乙出町":[34.984394,135.819975],"安朱中溝町":[34.991695,135.818844],"安朱山川町":[34.995746,135.817969],"安朱北屋敷町":[34.991424,135.819809],"安朱奥ノ田":[34.999196,135.818488],"安朱屋敷町":[34.999942,135.819716],"音羽沢町":[34.987177,135.821196],"大宅辻脇町":[34.970346,135.820575],"大宅甲ノ辻町":[34.968738,135.820122],"大宅坂ノ辻町":[34.972167,135.821387],"安朱堂ノ後町":[34.998782,135.819715],"竹鼻立原町":[34.988299,135.82072],"安朱馬場ノ西町":[34.992045,135.819353],"東野南井ノ上町":[34.977807,135.822628],"安朱馬場ノ東町":[34.997793,135.819668],"大宅向山":[34.965303,135.822861],"竹鼻外田町":[34.990572,135.820438],"大宅鳥井脇町":[34.968624,135.822585],"大宅打明町":[34.97438,135.822455],"安朱東海道町":[34.997441,135.820597],"音羽初田町":[34.986473,135.822283],"四ノ宮神田町":[34.990307,135.825276],"音羽伊勢宿町":[34.98373,135.822834],"四ノ宮中在寺町":[34.992822,135.821001],"四ノ宮柳山町":[34.995468,135.827567],"大宅中小路町":[34.969813,135.826337],"四ノ宮南河原町":[34.991219,135.821846],"竹鼻扇町":[34.988682,135.823972],"四ノ宮泉水町":[34.992169,135.822845],"大宅古海道町":[34.970266,135.825842],"竹鼻木ノ本町":[34.987453,135.821261],"四ノ宮垣ノ内町":[34.99042,135.823049],"音羽千本町":[34.982032,135.824387],"音羽前出町":[34.988327,135.823576],"大宅奥山田":[34.967326,135.826165],"大宅五反畑町":[34.974892,135.82362],"大宅山田":[34.968399,135.826857],"四ノ宮堂ノ後町":[34.992672,135.824369],"音羽森廻り町":[34.984792,135.824753],"大塚西浦町":[34.978528,135.823961],"大塚森町":[34.981675,135.823552],"音羽中芝町":[34.984411,135.824337],"大塚檀ノ浦":[34.974611,135.828015],"大塚元屋敷町":[34.977207,135.827552],"大塚南溝町":[34.977846,135.828421],"四ノ宮大将軍町":[34.99131,135.82635],"大塚中溝":[34.980661,135.829012],"音羽山等地":[34.98706,135.82862],"大塚北溝町":[34.982329,135.832576],"大宅御所田町":[34.974069,135.827535],"音羽八ノ坪":[34.987512,135.829195],"四ノ宮岩久保町":[34.992356,135.824785],"音羽草田町":[34.988505,135.829235],"四ノ宮泓":[34.990101,135.826713],"音羽稲芝":[34.983441,135.82718],"四ノ宮川原町":[34.993146,135.827593],"大塚野溝町":[34.983787,135.834234],"音羽前田町":[34.986523,135.828692],