{"大原野出灰町":[34.936567,135.611697],"大原野外畑町":[34.966347,135.617478],"大原野石作町":[34.955341,135.640458],"大原野小塩町":[34.942824,135.659424],"大枝沓掛町":[34.981548,135.64081],"大原野北春日町":[34.95817,135.667646],"大原野南春日町":[34.958006,135.661539],"大枝西長町":[34.97301,135.665941],"大枝北沓掛町3":[34.983152,135.656636],"山田捻木尾":[34.99305,135.657192],"大枝北沓掛町1":[34.988339,135.656103],"大原野灰方町":[34.952231,135.672619],"大枝北沓掛町4":[34.980794,135.661273],"大枝北沓掛町2":[34.987331,135.657929],"御陵大枝山町6":[34.983826,135.661626],"御陵大枝山町1":[34.98638,135.661015],"御陵北大枝山町":[34.990504,135.666394],"大枝北沓掛町5":[34.982007,135.667008],"御陵大枝山町5":[34.983322,135.666237],"御陵大枝山町2":[34.985959,135.664206],"嵐山元録山町":[35.00393,135.682719],"嵐山中尾下町":[35.009621,135.68107],"大枝北沓掛町6":[34.978421,135.666245],"大枝西新林町6":[34.966984,135.66672],"大枝西新林町1":[34.972316,135.668023],"御陵大枝山町3":[34.986645,135.66997],"御陵大枝山町4":[34.984838,135.670348],"大原野西境谷町1":[34.964385,135.667551],"大枝北沓掛町7":[34.980417,135.668024],"大枝西新林町5":[34.966387,135.668817],"大枝西新林町3":[34.96979,135.669518],"大原野上羽町":[34.94889,135.676138],"大原野西境谷町2":[34.965602,135.670925],"大枝塚原町":[34.973287,135.675736],"大原野西境谷町4":[34.95926,135.670367],"御陵大枝山":[34.982041,135.668355],"大原野西竹の里町1":[34.957082,135.672056],"大枝西新林町2":[34.971617,135.671376],"大原野西境谷町3":[34.961842,135.671995],"大枝東新林町1":[34.96971,135.67336],"大枝西新林町4":[34.968806,135.670342],"大原野上里北ノ町":[34.949357,135.693417],"御陵峰ケ堂町3":[34.984594,135.673542],"御陵峰ケ堂町1":[34.985514,135.675634],"大原野西竹の里町2":[34.958084,135.675452],"大枝東新林町3":[34.966649,135.674996],"大原野東竹の里町1":[34.958406,135.677553],"大原野東境谷町1":[34.963451,135.673269],"御陵峰ケ堂町2":[34.98471,135.678226],"大原野東境谷町3":[34.960605,135.674934],"大枝中山町":[34.970045,135.678738],"大枝東新林町2":[34.966875,135.675656],"大原野東竹の里町3":[34.955268,135.6818],"御陵峰ケ堂":[34.988529,135.676671],"大原野東境谷町2":[34.961498,135.678081],"松尾神ケ谷町":[34.992094,135.686192],"大原野上里南ノ町":[34.94648,135.694229],"山田南松尾山":[34.991615,135.671114],"大原野石見町":[34.94958,135.682576],"大原野東竹の里町4":[34.956352,135.676066],"嵐山虚空蔵山町":[35.009378,135.676715],"京都大学桂":[34.985998,135.679115],"大枝東長町":[34.967204,135.683103],"大枝北福西町1":[34.963129,135.680144],"嵐山山田町":[35.008091,135.679387],"御陵細谷":[34.980331,135.685709],"下山田下園尾町":[34.989691,135.680505],"山田谷田山":[34.982488,135.682132],"大原野東竹の里町2":[34.957542,135.680469],"大枝北福西町4":[34.961478,135.681329],"嵐山上河原町":[35.011544,135.681763],"嵐山西一川町":[35.00993,135.681254],"御陵大原":[34.975917,135.686743],"樫原芋峠":[34.969863,135.68364],"大枝南福西町1":[34.958965,135.685445],"松室地家山":[34.994649,135.68042],"樫原鴫谷":[34.975277,135.687145],"樫原秤谷町":[34.973072,135.688608],"嵐山山ノ下町":[35.004895,135.682085],"嵐山宮町":[35.002722,135.68276],"嵐山上海道町":[35.007228,135.683217],"大枝北福西町3":[34.96024,135.683579],"大枝北福西町2":[34.958604,135.6865],"山田桜谷町":[34.988223,135.686178],"大枝南福西町3":[34.955461,135.685708],"山田箱塚町":[34.985096,135.686803],"嵐山東一川町":[35.010245,135.682847],"嵐山茶尻町":[35.010378,135.684966],"嵐山内田町":[35.003685,135.685083],"嵐山谷ケ辻子町":[35.005589,135.684862],"松室山添町":[34.995038,135.687143],"御陵鴫谷":[34.976707,135.689305],"嵐山薬師下町":[35.003465,135.685456],"嵐山樋ノ上町":[35.008824,135.686161],"山田南町":[34.986825,135.687719],"山田平尾町":[34.982424,135.689545],"嵐山宮ノ北町":[35.001762,135.6855],"嵐山東海道町":[35.008215,135.686608],"御陵御茶屋山":[34.976511,135.686643],"樫原百々ケ池":[34.971707,135.688966],"山田北ノ町":[34.990996,135.687334],"松室地家町":[34.99449,135.687509],"大枝南福西町2":[34.954049,135.689482],"嵐山風呂ノ橋町":[35.005528,135.687133],"樫原盆山":[34.973582,135.686746],"御陵池ノ谷":[34.977602,135.686975],"松尾万石町":[34.993554,135.68954],"嵐山森ノ前町":[35.00417,135.687316],"嵐山朝月町":[35.003632,135.687159],"嵐山宮ノ前町":[34.999543,135.689031],"山田開キ町":[34.988191,135.687428],"大原野上里男鹿町":[34.94808,135.688272],"松室追上ゲ町":[34.997962,135.689214],"松室扇田町":[34.995452,135.689217],"御陵北山町":[34.979254,135.688867],"松尾上ノ山町":[34.990648,135.688886],"樫原内垣外町":[34.969947,135.691039],"山田南山田町":[34.984856,135.690377],"御陵谷町":[34.977005,135.689158],"山田上ノ町":[34.988114,135.689071],"樫原山ノ上町":[34.973186,135.686591],"山田御道路町":[34.98404,135.689388],"樫原蛸田町":[34.976222,135.691109],"山田北山田町":[34.986011,135.690727],"松室田中町":[34.995147,135.689104],"山田葉室町":[34.990074,135.690276],"大原野上里鳥見町":[34.946766,135.693036],"松尾井戸町":[34.991164,135.689722],"松室庄田町":[34.993966,135.688917],"樫原権現原":[34.968786,135.689268],"大原野上里紅葉町":[34.949139,135.691396],"樫原上ノ町":[34.974668,135.68971],"大原野上里勝山町":[34.947849,135.692803],"御陵北山下町":[34.979443,135.690407],"松室河原町":[34.997931,135.689879],"御陵塚ノ越町":[34.977719,135.690719],"松室中溝町":[34.997169,135.695944],"山田猫塚町":[34.983024,135.690879],"山田出口町":[34.987674,135.690934],"樫原硲町":[34.972458,135.689613],"松室北河原町":[34.996396,135.692789],"山田弦馳町":[34.990535,135.692307],"樫原上池田町":[34.97422,135.690767],"樫原杉原町":[34.972319,135.691332],"大原野東野町":[34.94756,135.696051],"松室荒堀町":[34.99559,135.692926],"樫原下ノ町":[34.974413,135.691254],"松尾大利町":[34.994046,135.692962],"山田大吉見町":[34.981105,135.693984],"樫原岡南ノ庄":[34.969079,135.691147],"樫原中垣外":[34.972599,135.691503],"樫原池ノ上町":[34.975345,135.69125],"御陵内町":[34.979778,135.691061],"御陵溝浦町":[34.979495,135.693936],"御陵荒木町":[34.977803,135.692615],"山田六ノ坪町":[34.984294,135.692681],"山田車塚町":[34.982666,135.693687],"山田中吉見町":[34.982035,135.69373],"山田久田町":[34.985033,135.692653],"山田庄田町":[34.986269,135.692726],"山田四ノ坪町":[34.985772,135.692722],"樫原前田町":[34.970006,135.691352],"山田畑田町":[34.989954,135.692745],"樫原久保町":[34.976818,135.69392],"樫原釘貫":[34.968846,135.692316],"樫原塚ノ本町":[34.971474,135.692197],"樫原田中町":[34.971324,135.692252],"御陵南荒木町":[34.977447,135.693993],"樫原下池田町":[34.973868,135.6948],"樫原宇治井西町":[34.974418,135.693828],"樫原角田町":[34.970168,135.692926],"樫原里ノ垣外町":[34.968785,135.693889],"樫原平田町":[34.972967,135.693506],"樫原畔ノ海道":[34.970207,135.693839],"松尾木ノ曽町":[34.991318,135.694438],"上桂森下町":[34.986328,135.695538],"上桂森上町":[34.989259,135.695342],"桂乾町":[34.984725,135.699076],"松室吾田神町":[34.996018,135.695804],"樫原佃":[34.976266,135.695872],"桂千代原町":[34.981824,135.699368],"樫原宇治井町":[34.974387,135.694879],"川島権田町":[34.976849,135.696479],"樫原井戸":[34.969797,135.695925],"樫原比恵田町":[34.969304,135.694553],"樫原江ノ本町":[34.970968,135.695155],"樫原口戸":[34.972159,135.6952],"松尾鈴川町":[34.993009,135.696008],"樫原水築町":[34.972775,135.694981],"桂坤町":[34.980074,135.699351],"松尾東ノ口町":[34.994216,135.69654],"上桂宮ノ後町":[34.9894,135.698136],"樫原分田":[34.972698,135.6963],"樫原庭井":[34.971461,135.696434],"樫原石畑町":[34.974814,135.696285],"樫原五反田":[34.971635,135.695847],"上桂三ノ宮町":[34.987264,135.697896],"上桂今井町":[34.995675,135.697744],"樫原茶ノ木本町":[34.974299,135.696194],"川島調子町":[34.972132,135.699045],"川島粟田町":[34.97581,135.69957],"樫原三宅町":[34.972107,135.697118],"樫原山路":[34.971065,135.697529],"川島尻堀町":[34.979085,135.699177],"桂上野今井町":[34.997082,135.700802],"樫原甲水":[34.969138,135.696866],"上桂前川町":[34.993795,135.698546],"上桂大野町":[34.991917,135.699332],"樫原六反田":[34.969853,135.698352],"上桂前田町":[34.986906,135.700617],"樫原八反田":[34.971143,135.698431],"上桂西居町":[34.990914,135.699239],"上桂北ノ口町":[34.993273,135.700497],"桂上野西町":[34.995182,135.70105],"川島三重町":[34.968992,135.700922],"桂艮町":[34.984089,135.701655],"上桂東居町":[34.991116,135.700912],"上桂北村町":[34.991363,135.702899],"桂巽町":[34.982365,135.702283],"桂南巽町":[34.979801,135.702302],"川島有栖川町":[34.977447,135.702228],"川島玉頭町":[34.974738,135.702357],"川島寺田町":[34.976694,135.701787],"川島流田町":[34.965789,135.700971],"川島梅園町":[34.968087,135.702811],"川島野田町":[34.973594,135.7019],"桂上野北町":[34.99685,135.702582],"桂上野南町":[34.993728,135.701827],"川島桜園町":[34.966188,135.702814],"桂御所町":[34.98588,135.703685],"上桂御正町":[34.989639,135.702613],"川島竹園町":[34.968908,135.702811],"桂上野中町":[34.996647,135.703285],"川島松園町":[34.972449,135.702219],"桂上豆田町":[34.984866,135.705157],"桂上野東町":[34.994832,135.704616],"川島北裏町":[34.979116,135.706237],"桂下豆田町":[34.982083,135.704692],"上桂東ノ口町":[34.988468,135.704249],"桂池尻町":[34.98607,135.705865],"川島六ノ坪町":[34.964127,135.704722],"川島五反長町":[34.969614,135.704501],"川島滑樋町":[34.975677,135.704653],"桂野里町":[34.978918,135.705849],"桂畑ケ田町":[34.993595,135.705394],"川島莚田町":[34.97083,135.70359],"桂上野新田町":[34.994566,135.706181],"桂徳大寺北町":[34.990957,135.70551],"桂上野川原町":[34.994751,135.707453],"川島松ノ木本町":[34.972896,135.706251],"桂徳大寺南町":[34.988573,135.706093],"川島東代町":[34.976007,135.708083],"下津林八島":[34.971504,135.707455],"桂芝ノ下町":[34.981811,135.707393],