{"本梅町平松":[35.020145,135.504385],"宮前町猪倉":[35.022803,135.506135],"稗田野町芦ノ山":[35.018991,135.5147],"稗田野町柿花":[35.02042,135.53499],"稗田野町奥条":[35.026999,135.518092],"曽我部町犬飼":[34.99633,135.525675],"稗田野町佐伯":[35.012352,135.525107],"曽我部町法貴":[34.989027,135.539594],"西別院町笑路":[34.981335,135.522975],"千代川町北ノ庄":[35.048973,135.542629],"稗田野町鹿谷":[35.026148,135.534002],"千代川町拝田":[35.053326,135.538713],"曽我部町穴太":[35.005815,135.54411],"稗田野町太田":[35.025715,135.536774],"千代川町湯井":[35.041947,135.544146],"大井町北金岐":[35.031446,135.549334],"大井町南金岐":[35.028052,135.548745],"曽我部町中":[34.982017,135.53649],"千代川町川関":[35.054585,135.548068],"千代川町千原":[35.053244,135.548102],"曽我部町春日部":[34.974359,135.539235],"吉川町吉田":[35.022169,135.552384],"大井町小金岐":[35.040852,135.541332],"大井町小金岐1":[35.038793,135.544197],"曽我部町寺":[34.983307,135.547842],"千代川町日吉台":[35.040304,135.544829],"大井町小金岐2":[35.037578,135.547665],"千代川町千原1":[35.049816,135.544786],"千代川町小林":[35.041313,135.554269],"千代川町小川1":[35.045932,135.54487],"曽我部町南条":[34.998491,135.556484],"千代川町高野林":[35.042516,135.550449],"千代川町千原2":[35.049769,135.546584],"千代川町小川2":[35.046348,135.54881],"曽我部町西条":[35.002475,135.550653],"千代川町今津1":[35.047157,135.548436],"大井町小金岐3":[35.036452,135.547706],"大井町小金岐4":[35.03417,135.548309],"大井町土田3":[35.032419,135.55175],"千代川町今津2":[35.048705,135.550238],"大井町土田1":[35.034761,135.553668],"千代川町小川3":[35.045828,135.551473],"千代川町今津3":[35.04669,135.552179],"曽我部町重利":[35.009231,135.561799],"大井町並河3":[35.027559,135.554747],"河原林町河原尻":[35.043918,135.577778],"吉川町穴川":[35.016829,135.557774],"大井町土田2":[35.032091,135.554357],"馬路町":[35.053148,135.57227],"旭町":[35.072964,135.573289],"大井町並河2":[35.027213,135.558723],"大井町かすみケ丘":[35.031936,135.557254],"大井町並河":[35.024207,135.55848],"大井町並河1":[35.027825,135.563131],"余部町":[35.017707,135.575175],"東別院町神原":[34.986374,135.560326],"下矢田町":[35.003492,135.578362],"宇津根町":[35.021966,135.571862],"下矢田町1":[35.00846,135.573284],"安町":[35.015633,135.575924],"北河原町2":[35.021408,135.56931],"千歳町千歳":[35.063171,135.574292],"河原林町勝林島":[35.031574,135.576859],"北河原町1":[35.019861,135.571009],"河原町":[35.019185,135.573832],"追分町":[35.015617,135.58475],"荒塚町1":[35.009861,135.57556],"下矢田町2":[35.007977,135.577197],"上矢田町":[35.00069,135.582395],"荒塚町2":[35.010054,135.576533],"荒塚町":[35.012675,135.583266],"西町":[35.014198,135.577181],"北町":[35.014416,135.577533],"千歳町国分":[35.043309,135.58788],"下矢田町3":[35.00683,135.580904],"紺屋町":[35.011384,135.577738],"塩屋町":[35.009309,135.579637],"柳町":[35.009582,135.579749],"本町":[35.010239,135.579584],"下矢田町4":[35.00612,135.580712],"内丸町":[35.011141,135.580436],"中矢田町":[35.005458,135.583299],"南郷町":[35.014768,135.579958],"矢田町":[35.008205,135.580794],"新町":[35.009585,135.580661],"西つつじケ丘美山台1":[34.997841,135.585311],"横町":[35.008947,135.583706],"旅籠町":[35.009941,135.582854],"古世町":[35.013955,135.586688],"古世町1":[35.006931,135.583424],"呉服町":[35.009311,135.58203],"京町":[35.008266,135.582323],"保津町":[35.020777,135.597087],"南つつじケ丘桜台5":[34.987722,135.585552],"千歳町毘沙門":[35.034462,135.58712],"南つつじケ丘桜台2":[34.989555,135.5891],"南つつじケ丘桜台3":[34.987088,135.587514],"西つつじケ丘美山台2":[34.99721,135.585416],"北古世町1":[35.009713,135.588148],"西竪町":[35.007843,135.585839],"古世町2":[35.005339,135.58548],"西つつじケ丘雲仙台2":[35.002351,135.585787],"突抜町":[35.009563,135.586291],"北古世町2":[35.011774,135.589007],"西つつじケ丘五月台2":[35.003558,135.587272],"西つつじケ丘大山台2":[35.000544,135.587656],"南つつじケ丘桜台4":[34.984422,135.587632],"南つつじケ丘大葉台2":[34.993214,135.591868],"西つつじケ丘霧島台2":[34.997996,135.58886],"西つつじケ丘雲仙台1":[35.00269,135.587979],"古世町3":[35.006989,135.589329],"東竪町":[35.00903,135.587232],"三宅町1":[35.005937,135.589715],"南つつじケ丘大葉台1":[34.996457,135.592506],"南つつじケ丘桜台1":[34.989723,135.590999],"三宅町":[35.013424,135.59326],"西つつじケ丘大山台1":[35.000438,135.590435],"西つつじケ丘五月台1":[35.003785,135.589755],"篠町浄法寺":[35.004997,135.593864],"西つつじケ丘霧島台1":[34.99946,135.590215],"三宅町2":[35.006386,135.591796],"東つつじケ丘曙台4":[34.993457,135.595442],"篠町柏原":[35.00897,135.59948],"篠町広田3":[34.997417,135.595265],"篠町広田1":[35.005696,135.597571],"篠町広田2":[35.002625,135.597007],"東つつじケ丘曙台3":[34.992055,135.596226],"東つつじケ丘曙台2":[34.99545,135.597349],"東つつじケ丘曙台1":[34.996242,135.59803],"東つつじケ丘都台2":[34.998918,135.596923],"篠町森":[34.995671,135.603161],"東つつじケ丘都台3":[34.997869,135.598085],"東つつじケ丘都台1":[35.001036,135.59752],"篠町野条":[35.002203,135.60503],"篠町馬堀":[35.006977,135.603306],"篠町馬堀駅前1":[35.009718,135.602521],"篠町篠":[34.997026,135.619503],"篠町山本":[35.011303,135.612866],"篠町馬堀駅前2":[35.011654,135.605967],"篠町夕日ケ丘3":[34.997725,135.608854],"篠町見晴5":[35.008908,135.607719],"篠町見晴1":[35.010512,135.608393],"篠町見晴4":[35.009554,135.607036],"篠町見晴7":[35.00697,135.607542],"篠町見晴3":[35.009863,135.608825],"篠町見晴2":[35.009005,135.610713],"篠町見晴6":[35.006632,135.609733],"篠町夕日ケ丘1":[34.996109,135.611445],"篠町夕日ケ丘2":[34.998359,135.610576],"篠町王子":[34.992213,135.6366]}