{"字八戸地":[35.460531,135.260611],"字丸田":[35.461558,135.278989],"字八田":[35.457498,135.270794],"字和江":[35.467873,135.28098],"字三日市":[35.445654,135.268773],"字上東":[35.45354,135.282419],"字上福井":[35.445427,135.299679],"字城屋":[35.415952,135.302027],"字中山":[35.468863,135.284249],"字水間":[35.47391,135.291602],"字下東":[35.458721,135.294648],"字蒲江":[35.498539,135.294728],"字油江":[35.503871,135.293526],"字西神崎":[35.511695,135.304682],"字喜多":[35.460596,135.314255],"字下福井":[35.450426,135.316995],"字真倉":[35.415336,135.331746],"字大君":[35.475993,135.319577],"字東神崎":[35.512027,135.302577],"字野村寺":[35.432025,135.312383],"字青井":[35.493678,135.32867],"字吉田":[35.480591,135.317389],"字女布":[35.430077,135.326293],"字高野由里":[35.432268,135.324854],"字引土":[35.437199,135.32966],"高野台":[35.427877,135.31593],"字京田":[35.423712,135.332187],"字十倉":[35.421363,135.33121],"字白杉":[35.504518,135.332753],"字西":[35.450385,135.322074],"字紺屋":[35.448321,135.324055],"字松陰":[35.450658,135.325649],"字寺内":[35.449589,135.325994],"字宮津口":[35.449704,135.323792],"女布北町":[35.429644,135.323129],"字新":[35.448783,135.325233],"字引土新":[35.445973,135.324305],"字朝代":[35.444353,135.324539],"字北田辺":[35.449699,135.330443],"字堀上":[35.447652,135.325787],"字京口":[35.447001,135.325203],"京田新町":[35.428362,135.326308],"字竹屋":[35.451072,135.327111],"字下安久":[35.459192,135.328164],"字上安久":[35.45494,135.341637],"字公文名":[35.434536,135.331668],"字本":[35.448416,135.328486],"字魚屋":[35.451658,135.329665],"字円満寺":[35.448627,135.332703],"字平野屋":[35.450966,135.32798],"字東吉原":[35.457042,135.327534],"字丹波":[35.450887,135.328596],"字南田辺":[35.444659,135.333512],"字西吉原":[35.455745,135.32829],"字池ノ内下":[35.407181,135.350888],"字職人":[35.450017,135.329172],"字七日市":[35.431655,135.334019],"字伊佐津":[35.439184,135.33518],"字堀":[35.408518,135.343931],"字境谷":[35.439145,135.340943],"字今田":[35.430029,135.36378],"字倉谷":[35.444898,135.345731],"大内野町":[35.447562,135.335384],"字大内":[35.445136,135.33504],"字万願寺":[35.430747,135.34662],"字瀬崎":[35.540365,135.351344],"字上安":[35.453407,135.359026],"字和田":[35.474652,135.357905],"字大丹生":[35.521312,135.353327],"字布敷":[35.408717,135.357588],"字長浜":[35.486276,135.379327],"字余部上":[35.467362,135.370375],"字佐波賀":[35.506582,135.371841],"字福来":[35.450739,135.356514],"字千歳":[35.512585,135.348146],"福来問屋町":[35.440591,135.349075],"上安東町":[35.458563,135.351892],"白浜台":[35.476431,135.354937],"昭和台":[35.452361,135.355112],"字天台":[35.449175,135.365181],"字別所":[35.412302,135.359088],"字余部下":[35.476317,135.372836],"字清道":[35.453709,135.364083],"天台新町":[35.450722,135.361392],"清美が丘":[35.455049,135.361138],"清道新町":[35.453364,135.361561],"字森":[35.458509,135.395766],"字寺田":[35.43206,135.396056],"字上根":[35.424455,135.383662],"字白滝":[35.422562,135.398348],"字岸谷":[35.404955,135.390403],"字北吸":[35.47207,135.389147],"字平":[35.515394,135.403047],"字三浜":[35.558588,135.398388],"字行永":[35.460926,135.40761],"字赤野":[35.520698,135.395327],"字多祢寺":[35.530435,135.397597],"字浜":[35.469051,135.399864],"丸山西町":[35.457289,135.389888],"桃山町":[35.468024,135.391721],"森本町":[35.465166,135.392854],"丸山中町":[35.458673,135.391325],"丸山町":[35.45701,135.392162],"丸山口町":[35.460539,135.392242],"字大波下":[35.500705,135.410906],"八反田南町":[35.452955,135.397076],"浜町":[35.470131,135.396464],"森町":[35.465703,135.395504],"八反田北町":[35.453449,135.396976],"倉梯町":[35.464325,135.397304],"字中田":[35.517129,135.403358],"南浜町":[35.465582,135.397054],"倉梯中町":[35.459555,135.395915],"七条中町":[35.459579,135.396692],"字泉源寺":[35.487317,135.424583],"北浜町":[35.466997,135.399484],"字小橋":[35.557728,135.402767],"京月町":[35.449101,135.399306],"亀岩町":[35.451253,135.399676],"行永東町":[35.463763,135.400649],"字常":[35.449584,135.409764],"字溝尻":[35.470524,135.416066],"字市場":[35.475023,135.417311],"金屋町":[35.459554,135.401647],"京月東町":[35.448822,135.402923],"字河辺中":[35.521722,135.406411],"字西屋":[35.52571,135.41197],"矢之助町":[35.473826,135.404548],"常新町":[35.450578,135.403809],"行永桜通り":[35.465142,135.403675],"中田町":[35.512991,135.403194],"溝尻中町":[35.470092,135.407524],"愛宕浜町":[35.478719,135.407161],"字大波上":[35.504508,135.421427],"溝尻町":[35.467154,135.412561],"竜宮町":[35.481045,135.406148],"愛宕下町":[35.479945,135.407862],"愛宕中町":[35.482555,135.409162],"字木ノ下":[35.448622,135.416747],"愛宕上町":[35.483679,135.409801],"字河辺由里":[35.527399,135.418822],"字堂奥":[35.46187,135.433125],"字室牛":[35.523912,135.418677],"字野原":[35.568568,135.432877],"字与保呂":[35.445548,135.430895],"田中町":[35.483626,135.425772],"字朝来中":[35.502427,135.433409],"字小倉":[35.474864,135.432465],"字河辺原":[35.528592,135.427879],"字観音寺":[35.538134,135.422496],"朝来西町":[35.499246,135.428254],"字栃尾":[35.531782,135.436723],"字吉野":[35.497606,135.436272],"字田中":[35.484393,135.431218],"字安岡":[35.485275,135.44163],"字白屋":[35.495999,135.439901],"字鹿原":[35.472129,135.44833],"安岡町":[35.481972,135.433763],"白屋町":[35.495227,135.435611],"字多門院":[35.45888,135.45649],"字岡安":[35.498343,135.437506],"鹿原西町":[35.479536,135.439611],"字成生":[35.584645,135.44769],"字登尾":[35.507728,135.450883],"字田井":[35.55691,135.470234],"字吉坂":[35.485658,135.458679],"字笹部":[35.519625,135.450817],"字大山":[35.556065,135.456383],"字杉山":[35.505264,135.463729],"字松尾":[35.496764,135.470216]}