{"字須津":[35.558346,135.168901],"字小田":[35.50827,135.173879],"字喜多":[35.522247,135.181996],"字国分":[35.580448,135.182219],"字成相寺":[35.586579,135.179743],"字万年":[35.54174,135.177532],"字文珠":[35.555549,135.178459],"字溝尻":[35.57864,135.183587],"字滝馬":[35.53091,135.178499],"字杉末":[35.544645,135.187898],"字今福":[35.512257,135.18603],"字中野":[35.580173,135.18756],"字宮村":[35.530602,135.20212],"字畑":[35.607129,135.197888],"字漁師":[35.541238,135.190271],"字小川":[35.535788,135.188009],"字金屋谷":[35.534904,135.189566],"字木ノ部":[35.531588,135.190204],"字河原":[35.538843,135.19061],"字住吉":[35.539937,135.192089],"字浜町":[35.539089,135.193912],"字京口":[35.530602,135.192408],"字新浜":[35.538111,135.192757],"字柳縄手":[35.535497,135.195263],"字宮本":[35.535355,135.194897],"字島崎":[35.537326,135.195419],"字鶴賀":[35.538623,135.197604],"字江尻":[35.571359,135.192356],"字吉原":[35.532348,135.198779],"字難波野":[35.589128,135.200258],"字惣":[35.535617,135.204095],"字波路":[35.549618,135.215555],"字獅子崎":[35.550135,135.211015],"字波路町":[35.539003,135.204112],"字獅子":[35.563878,135.228328],"字皆原":[35.534467,135.211374],"字日置":[35.60771,135.227255],"字上司":[35.545728,135.236574],"字新宮":[35.508202,135.217519],"字山中":[35.524957,135.229922],"字矢原":[35.56694,135.227522],"字田井":[35.583,135.231233],"字中津":[35.55033,135.230139],"字小寺":[35.539836,135.239638],"字銀丘":[35.556757,135.235909],"字小田宿野":[35.560723,135.24309],"字中村":[35.538236,135.239536],"字脇":[35.535877,135.24369],"字鏡ケ浦":[35.564643,135.248539],"字由良":[35.514626,135.285829],"字石浦":[35.505628,135.279135],"字大垣":[35.58135,135.195444],"字小松":[35.583618,135.184258],"字松原":[35.528081,135.192216],"字馬場先":[35.532402,135.194625],"字京口町":[35.531134,135.192016],"字京街道":[35.532613,135.192532],"字大久保":[35.532887,135.192407],"字万町":[35.535947,135.190416],"字本町":[35.536315,135.194328],"字白柏":[35.540022,135.190332],"字万年新地":[35.537316,135.189432],"字魚屋":[35.537299,135.195199],"字池ノ谷":[35.538547,135.189178],"字蛭子":[35.537688,135.190097],"字宮町":[35.5407,135.189258],"字安智":[35.533885,135.200795],"字外側":[35.533424,135.197421],"字中ノ丁":[35.533031,135.197209],"字猟師":[35.524891,135.207802],"字川向":[35.541667,135.189518],"字島陰":[35.578289,135.249007]}