{"上津屋":[34.865903,135.760001],"寺田":[34.862809,135.79268],"久世":[34.862289,135.799096],"水主":[34.83878,135.765857],"平川":[34.863933,135.786553],"枇杷庄":[34.8381,135.775365],"富野":[34.844175,135.809584],"長池":[34.842075,135.800597],"奈島":[34.838367,135.830372],"観音堂":[34.834853,135.80034],"中":[34.841228,135.82922],"市辺":[34.829913,135.819623]}