{"網野町下岡":[35.670274,135.023036],"網野町浅茂川":[35.687781,135.03159],"網野町網野":[35.671587,135.030823],"網野町小浜":[35.693412,135.033451],"峰山町新治":[35.603907,135.056881],"網野町公庄":[35.655449,135.039055],"網野町郷":[35.649727,135.038468],"網野町生野内":[35.646096,135.045761],"網野町島津":[35.683217,135.043965],"峰山町赤坂":[35.632686,135.057925],"峰山町石丸":[35.648571,135.053985],"峰山町安":[35.624589,135.050691],"峰山町二箇":[35.598451,135.051852],"峰山町古殿":[35.625085,135.056243],"峰山町吉原":[35.629696,135.052383],"峰山町菅":[35.617081,135.060336],"峰山町千歳":[35.621125,135.058578],"峰山町上":[35.628488,135.055696],"峰山町堺":[35.624997,135.056656],"峰山町織元":[35.626799,135.057385],"峰山町四軒":[35.631749,135.056932],"峰山町室":[35.626151,135.057695],"峰山町富貴屋":[35.624303,135.057459],"峰山町浪花":[35.624346,135.058778],"峰山町長岡":[35.601912,135.061782],"峰山町呉服":[35.624801,135.058453],"峰山町御旅":[35.621608,135.058825],"峰山町杉谷":[35.622183,135.062029],"峰山町白銀":[35.623656,135.059129],"峰山町泉":[35.620323,135.063046],"峰山町矢田":[35.639982,135.080987],"峰山町光明寺":[35.617189,135.062266],"峰山町丹波":[35.626584,135.080143],"峰山町荒山":[35.616983,135.102569],"大宮町善王寺":[35.593251,135.085318],"大宮町口大野":[35.57945,135.098946],"峰山町新町":[35.606175,135.080692],"峰山町内記":[35.630808,135.089754],"大宮町河辺":[35.612744,135.111242],"大宮町周枳":[35.588434,135.108075],"弥栄町等楽寺":[35.626258,135.126614],"大宮町森本":[35.582334,135.127024],"大宮町明田":[35.590614,135.130471],"峰山町不断":[35.629661,135.057566]}