{"大字多賀":[34.82185,135.81584],"大字井手":[34.793987,135.803921]}