{"大字東畑":[34.748751,135.75798],"光台8":[34.742217,135.752151],"光台6":[34.737494,135.758123],"光台9":[34.748456,135.753397],"光台7":[34.741356,135.758032],"大字北稲八間":[34.768082,135.774849],"大字柘榴":[34.731396,135.759688],"光台3":[34.748577,135.765691],"光台5":[34.739775,135.762729],"光台4":[34.742012,135.763092],"大字乾谷":[34.730335,135.767226],"大字南稲八妻":[34.76076,135.780152],"大字下狛":[34.773622,135.784757],"光台2":[34.742518,135.76944],"光台1":[34.748402,135.768127],"精華台9":[34.747431,135.770908],"精華台8":[34.742837,135.774732],"桜が丘4":[34.728055,135.774451],"精華台5":[34.752905,135.773873],"精華台6":[34.745973,135.777722],"大字山田":[34.73242,135.776957],"桜が丘2":[34.732366,135.775046],"桜が丘3":[34.729253,135.778576],"精華台4":[34.752832,135.779237],"精華台3":[34.74872,135.781244],"精華台7":[34.749312,135.788379],"精華台1":[34.751233,135.78758],"大字菱田":[34.787401,135.796423],"精華台2":[34.74996,135.785565],"桜が丘1":[34.734168,135.788627],"祝園西1":[34.759997,135.787434],"大字植田":[34.755318,135.791094],"大字祝園":[34.757349,135.792032],"大字菅井":[34.752925,135.797006]}