{"安井":[35.147183,135.396004],"豊田":[35.166314,135.399066],"曽根":[35.157858,135.419648],"中台":[35.165642,135.395634],"富田":[35.174345,135.422684],"高岡":[35.144558,135.425459],"塩田谷":[35.147714,135.405655],"院内":[35.167384,135.410012],"口八田":[35.124239,135.415716],"森":[35.157606,135.403495],"下山":[35.215481,135.419759],"蒲生":[35.163875,135.424422],"水戸":[35.136594,135.429604],"実勢":[35.170229,135.45096],"新水戸":[35.12982,135.434096],"須知":[35.150495,135.426279],"上野":[35.164303,135.448462],"市森":[35.149256,135.439033]}