{"茶臼山町":[34.651458,135.513267],"逢阪2":[34.653295,135.513368],"逢阪1":[34.654186,135.513322],"下寺町2":[34.659652,135.511253],"下寺町1":[34.664205,135.511663],"伶人町":[34.655235,135.513346],"夕陽丘町":[34.658521,135.513821],"生玉町":[34.665378,135.514749],"生玉寺町":[34.662687,135.514592],"堀越町":[34.649559,135.516342],"悲田院町":[34.649586,135.515164],"大道1":[34.651564,135.516788],"四天王寺1":[34.656466,135.518269],"六万体町":[34.660867,135.515023],"生玉前町":[34.665858,135.516084],"上汐6":[34.658756,135.516131],"上汐5":[34.6611,135.516592],"上汐4":[34.663039,135.516956],"上汐3":[34.66598,135.517756],"南河堀町":[34.646415,135.521128],"北河堀町":[34.650307,135.518505],"上本町9":[34.658508,135.518386],"上本町8":[34.661263,135.518837],"大道2":[34.651483,135.521256],"上本町7":[34.662939,135.519404],"勝山2":[34.654337,135.522337],"上本町6":[34.666483,135.520195],"真法院町":[34.657311,135.522747],"四天王寺2":[34.655993,135.519528],"勝山1":[34.654852,135.522864],"大道3":[34.649584,135.520505],"小宮町":[34.659975,135.521292],"上之宮町":[34.660874,135.521387],"上本町5":[34.668767,135.520923],"上本町4":[34.671231,135.520588],"石ケ辻町":[34.66497,135.523209],"寺田町1":[34.653054,135.522668],"大道4":[34.648104,135.52396],"上本町3":[34.67286,135.52159],"上本町2":[34.673728,135.520874],"大道5":[34.647609,135.522961],"城南寺町":[34.671107,135.523824],"上本町1":[34.675441,135.52112],"北山町":[34.661359,135.522932],"東高津町":[34.666346,135.521769],"清水谷町":[34.674895,135.525849],"空清町":[34.672721,135.524615],"寺田町2":[34.649539,135.525054],"国分町":[34.652689,135.526192],"勝山3":[34.653229,135.524551],"烏ケ辻2":[34.656169,135.525463],"松ケ鼻町":[34.659962,135.523898],"細工谷2":[34.661232,135.52559],"細工谷1":[34.662809,135.525507],"筆ケ崎町":[34.663653,135.524318],"小橋町":[34.66635,135.527004],"味原本町":[34.6683,135.526624],"餌差町":[34.672635,135.527515],"堂ケ芝2":[34.66219,135.527474],"勝山4":[34.655353,135.527135],"空堀町":[34.67392,135.529278],"烏ケ辻1":[34.656999,135.527662],"堂ケ芝1":[34.661356,135.529034],"真田山町":[34.671033,135.530135],"味原町":[34.668291,135.529048],"玉造本町":[34.673956,135.531212],"東上町":[34.664502,135.530055],"下味原町":[34.665494,135.530392],"舟橋町":[34.669002,135.530839],"玉造元町":[34.67334,135.533047]}