{"安治川2":[34.678172,135.466461],"境川2":[34.673513,135.467436],"九条南4":[34.677054,135.468782],"九条南3":[34.67493,135.471671],"安治川1":[34.679742,135.471301],"九条3":[34.678127,135.47134],"境川1":[34.668786,135.47349],"九条南2":[34.672619,135.475309],"本田4":[34.67918,135.47381],"九条2":[34.676625,135.47463],"川口4":[34.678707,135.477028],"九条1":[34.675543,135.47808],"九条南1":[34.671868,135.477164],"本田3":[34.67847,135.476568],"千代崎3":[34.670777,135.479474],"本田2":[34.677567,135.478984],"川口3":[34.680236,135.479636],"千代崎2":[34.67341,135.48002],"千代崎1":[34.676898,135.481483],"川口2":[34.683566,135.48194],"本田1":[34.679729,135.482054],"南堀江4":[34.671865,135.486166],"川口1":[34.683672,135.482819],"北堀江4":[34.675326,135.486937],"新町4":[34.677005,135.487047],"立売堀6":[34.680578,135.485225],"江之子島2":[34.681714,135.485536],"土佐堀3":[34.686925,135.487165],"江之子島1":[34.683259,135.485381],"立売堀5":[34.678492,135.48645],"江戸堀3":[34.685487,135.488091],"京町堀3":[34.684501,135.488747],"靱本町3":[34.683326,135.488931],"西本町3":[34.681908,135.487653],"立売堀4":[34.680696,135.488731],"南堀江3":[34.672458,135.489831],"北堀江3":[34.675354,135.490047],"新町3":[34.677952,135.490181],"土佐堀2":[34.68862,135.490691],"江戸堀2":[34.687091,135.491677],"立売堀3":[34.67958,135.490199],"京町堀2":[34.685364,135.492455],"西本町2":[34.682209,135.492306],"靱本町2":[34.684393,135.492586],"南堀江2":[34.672489,135.492372],"北堀江2":[34.675241,135.492961],"阿波座2":[34.680779,135.492703],"新町2":[34.676133,135.492836],"立売堀2":[34.679109,135.492777],"土佐堀1":[34.691906,135.495096],"江戸堀1":[34.690992,135.49726],"南堀江1":[34.672119,135.49675],"京町堀1":[34.687273,135.497164],"靱本町1":[34.684142,135.49731],"北堀江1":[34.675018,135.497081],"西本町1":[34.683443,135.4973],"阿波座1":[34.68096,135.497457],"立売堀1":[34.680301,135.497454],"新町1":[34.677969,135.497286]}