{"鶴町2":[34.638073,135.447991],"鶴町3":[34.64069,135.448687],"鶴町4":[34.6455,135.453441],"鶴町1":[34.634253,135.456491],"船町2":[34.631115,135.455114],"船町1":[34.630908,135.461538],"鶴町5":[34.641421,135.458044],"小林西1":[34.64666,135.466365],"南恩加島7":[34.633654,135.46569],"北恩加島1":[34.653064,135.463276],"南恩加島6":[34.636873,135.462544],"北村3":[34.648069,135.462006],"南恩加島5":[34.642423,135.463858],"北恩加島2":[34.649666,135.461527],"泉尾7":[34.657775,135.464154],"北村2":[34.653135,135.468025],"小林西2":[34.643359,135.466858],"泉尾5":[34.654508,135.47086],"泉尾6":[34.663575,135.469357],"北村1":[34.652962,135.469795],"泉尾4":[34.655669,135.473134],"南恩加島4":[34.631648,135.470831],"南恩加島3":[34.636061,135.471782],"泉尾3":[34.658231,135.47407],"南恩加島2":[34.637325,135.469659],"泉尾2":[34.6598,135.47488],"千島3":[34.648286,135.469108],"平尾5":[34.640318,135.472265],"泉尾1":[34.663053,135.476769],"平尾4":[34.642219,135.472974],"三軒家西3":[34.666297,135.47348],"小林東3":[34.647155,135.47337],"千島2":[34.649022,135.476276],"南恩加島1":[34.635344,135.475777],"平尾3":[34.639046,135.475746],"千島1":[34.653555,135.477194],"平尾2":[34.641285,135.476115],"小林東2":[34.647339,135.476423],"三軒家東6":[34.657874,135.476758],"三軒家西2":[34.666646,135.475218],"三軒家東5":[34.659732,135.477385],"平尾1":[34.63901,135.477413],"三軒家東4":[34.66316,135.478959],"三軒家西1":[34.664324,135.477495],"三軒家東3":[34.656443,135.477826],"三軒家東1":[34.663348,135.481338],"三軒家東2":[34.662876,135.481137],"小林東1":[34.645026,135.477575]}