{"大開4":[34.69559,135.465919],"海老江8":[34.697477,135.470242],"吉野5":[34.684936,135.469678],"大開3":[34.691013,135.468553],"大開2":[34.691641,135.471609],"海老江7":[34.69464,135.473235],"海老江6":[34.697649,135.471849],"吉野4":[34.687857,135.472429],"野田6":[34.683861,135.473305],"海老江4":[34.698574,135.473241],"大開1":[34.694071,135.475371],"海老江3":[34.702717,135.475525],"海老江5":[34.695024,135.474179],"野田5":[34.684644,135.474603],"野田1":[34.685008,135.479678],"野田4":[34.683778,135.475553],"吉野3":[34.689817,135.475586],"海老江2":[34.696871,135.474624],"野田3":[34.687354,135.47862],"野田2":[34.68659,135.47964],"海老江1":[34.695306,135.477008],"吉野2":[34.690784,135.477344],"吉野1":[34.693537,135.481026],"鷺洲5":[34.698838,135.479896],"玉川4":[34.688836,135.479544],"鷺洲6":[34.701167,135.478978],"鷺洲1":[34.695922,135.481781],"鷺洲3":[34.697876,135.479987],"玉川2":[34.690622,135.481245],"玉川3":[34.686833,135.48169],"鷺洲4":[34.699248,135.481712],"玉川1":[34.689174,135.483678],"鷺洲2":[34.69855,135.482922],"福島8":[34.695463,135.483402],"福島4":[34.692928,135.483962],"福島7":[34.696356,135.484969],"福島3":[34.69371,135.485771],"福島5":[34.69694,135.489277],"福島2":[34.69438,135.487408],"福島6":[34.701523,135.490166],"福島1":[34.69575,135.488083]}