{"海岸通1":[34.655173,135.430386],"海岸通2":[34.651472,135.438022],"築港4":[34.654262,135.432418],"築港3":[34.656058,135.435188],"築港2":[34.6515,135.434278],"築港1":[34.652735,135.439267],"海岸通3":[34.647406,135.441931],"港晴5":[34.660885,135.441848],"港晴2":[34.654707,135.44398],"港晴4":[34.657044,135.441737],"港晴3":[34.658362,135.445006],"港晴1":[34.655487,135.444446],"海岸通4":[34.647233,135.450671],"石田3":[34.662946,135.445247],"八幡屋3":[34.654352,135.447779],"田中3":[34.661455,135.448143],"八幡屋1":[34.656691,135.448249],"石田2":[34.667511,135.448968],"八幡屋2":[34.655563,135.44833],"八幡屋4":[34.652023,135.448643],"田中2":[34.663655,135.450112],"池島3":[34.653277,135.449942],"池島1":[34.658006,135.449717],"田中1":[34.665309,135.4516],"夕凪2":[34.661366,135.452807],"福崎2":[34.656242,135.455664],"池島2":[34.656982,135.451989],"三先2":[34.659489,135.453675],"弁天5":[34.6735,135.459013],"福崎3":[34.651958,135.455837],"弁天3":[34.667093,135.45492],"夕凪1":[34.662501,135.455474],"石田1":[34.668178,135.450727],"三先1":[34.661439,135.456712],"磯路3":[34.663684,135.458803],"弁天2":[34.667723,135.458444],"福崎1":[34.656607,135.461766],"弁天4":[34.671532,135.46017],"市岡2":[34.661465,135.460573],"弁天6":[34.675397,135.45688],"磯路2":[34.665052,135.462278],"弁天1":[34.668835,135.461685],"波除6":[34.676294,135.461658],"波除5":[34.672352,135.462698],"市岡1":[34.664289,135.464135],"磯路1":[34.665556,135.463595],"市岡4":[34.658343,135.46317],"波除3":[34.670214,135.463975],"波除4":[34.672753,135.463772],"波除1":[34.672115,135.466731],"市岡3":[34.661835,135.465806],"市岡元町3":[34.666412,135.465776],"波除2":[34.671276,135.466378],"南市岡3":[34.663126,135.46728],"市岡元町2":[34.667854,135.468763],"南市岡2":[34.665376,135.470279],"市岡元町1":[34.668447,135.470829],"南市岡1":[34.66747,135.473368]}