{"東小橋3":[34.668094,135.534839],"東小橋2":[34.670172,135.535185],"東小橋1":[34.674204,135.535899],"中道3":[34.675859,135.534622],"玉津3":[34.666417,135.539009],"中道1":[34.678851,135.535833],"玉津2":[34.667994,135.538814],"玉津1":[34.672745,135.539134],"中道4":[34.674875,135.538816],"中道2":[34.678724,135.537052],"中本4":[34.674799,135.539232],"大今里西2":[34.669201,135.542287],"大今里西1":[34.672994,135.543227],"大今里西3":[34.665865,135.542044],"中本3":[34.680634,135.544202],"中本1":[34.682194,135.540307],"中本2":[34.679651,135.540616],"中本5":[34.677392,135.543901],"大今里南1":[34.665537,135.545153],"大今里3":[34.668593,135.545482],"大今里1":[34.673568,135.544877],"東中本3":[34.67721,135.54867],"東中本2":[34.679275,135.549051],"東中本1":[34.681116,135.549207],"大今里南2":[34.665478,135.545679],"大今里4":[34.668247,135.551204],"大今里2":[34.672799,135.551998],"東今里3":[34.675469,135.552324],"大今里南3":[34.667637,135.551156],"東今里2":[34.679413,135.552586],"東今里1":[34.680366,135.553432],"大今里南4":[34.667811,135.552922],"神路4":[34.668964,135.551742],"神路3":[34.670942,135.554608],"神路2":[34.676065,135.554903],"大今里南5":[34.667866,135.55479],"神路1":[34.679217,135.554127],"深江南1":[34.67288,135.557017],"大今里南6":[34.66811,135.557195],"深江北1":[34.678753,135.557558],"深江南2":[34.67247,135.559622],"深江北2":[34.678348,135.55996],"深江南3":[34.671859,135.561918],"深江北3":[34.676134,135.563008]}