{"帝塚山1":[34.62428,135.50487],"北畠3":[34.628222,135.502068],"相生通2":[34.631031,135.504535],"北畠2":[34.628233,135.505705],"橋本町":[34.633192,135.504323],"松虫通3":[34.634383,135.505592],"相生通1":[34.630887,135.507459],"丸山通2":[34.637611,135.506222],"晴明通":[34.633162,135.508646],"北畠1":[34.627477,135.508907],"共立通2":[34.63994,135.507241],"万代1":[34.62353,135.50736],"松虫通2":[34.635666,135.507232],"阿倍野筋4":[34.638887,135.513314],"丸山通1":[34.636089,135.5098],"旭町3":[34.6433,135.509223],"阿倍野元町":[34.636165,135.510148],"共立通1":[34.639486,135.509307],"旭町2":[34.645692,135.510698],"松虫通1":[34.635687,135.509656],"旭町1":[34.646275,135.509666],"播磨町1":[34.622491,135.511236],"播磨町3":[34.618057,135.510596],"播磨町2":[34.619933,135.510621],"王子町4":[34.626972,135.510505],"王子町3":[34.628792,135.510984],"阿倍野筋5":[34.638603,135.512026],"阿倍野筋3":[34.642156,135.51217],"王子町2":[34.633517,135.511378],"阿倍野筋2":[34.643225,135.513726],"阿倍野筋1":[34.645069,135.513722],"王子町1":[34.636317,135.511564],"阪南町7":[34.618919,135.51282],"阪南町3":[34.629868,135.516021],"阪南町6":[34.621198,135.513094],"阪南町5":[34.624355,135.515236],"阪南町2":[34.632584,135.516437],"阪南町4":[34.626525,135.515552],"阪南町1":[34.636341,135.517268],"西田辺町2":[34.617952,135.516432],"西田辺町1":[34.619886,135.517255],"松崎町3":[34.641663,135.518372],"松崎町4":[34.638586,135.517803],"松崎町2":[34.643261,135.518851],"昭和町5":[34.62289,135.5172],"松崎町1":[34.645223,135.519235],"昭和町4":[34.624505,135.517592],"昭和町3":[34.62891,135.518509],"昭和町2":[34.632001,135.520041],"長池町":[34.625657,135.520597],"昭和町1":[34.633786,135.520153],"文の里2":[34.636595,135.520478],"文の里1":[34.638369,135.520727],"三明町2":[34.638951,135.520984],"桃ケ池町2":[34.626611,135.521058],"桃ケ池町1":[34.630446,135.522714],"三明町1":[34.641814,135.522366],"天王寺町南1":[34.644527,135.521047],"文の里4":[34.634371,135.523466],"天王寺町北1":[34.64457,135.522534],"文の里3":[34.636681,135.523507],"天王寺町南2":[34.642788,135.525473],"美章園3":[34.637681,135.523556],"美章園1":[34.639791,135.52358],"天王寺町北2":[34.64666,135.526001],"美章園2":[34.639026,135.526036],"天王寺町北3":[34.642554,135.526594],"天王寺町南3":[34.641505,135.527284]}