{"生野西1":[34.651561,135.528259],"生野西2":[34.64826,135.525016],"生野西4":[34.648253,135.529822],"勝山南1":[34.654262,135.53022],"林寺1":[34.6448,135.529448],"生野西3":[34.651454,135.53114],"勝山北1":[34.657483,135.530508],"桃谷1":[34.658632,135.530309],"勝山南2":[34.653106,135.531906],"林寺2":[34.645923,135.532917],"鶴橋1":[34.6643,135.53142],"生野東2":[34.647832,135.532848],"生野東1":[34.649594,135.533081],"桃谷2":[34.659057,135.533685],"勝山北2":[34.657412,135.533231],"鶴橋2":[34.663112,135.533839],"勝山南3":[34.653561,135.535902],"勝山北3":[34.655475,135.53574],"林寺4":[34.640773,135.534964],"生野東3":[34.65184,135.535883],"生野東4":[34.647121,135.535873],"林寺3":[34.645791,135.536074],"桃谷3":[34.659693,135.536115],"鶴橋3":[34.663588,135.536197],"勝山北4":[34.655595,135.53731],"林寺6":[34.643156,135.538596],"鶴橋4":[34.662216,135.537638],"林寺5":[34.645498,135.538702],"舎利寺3":[34.64768,135.539002],"舎利寺1":[34.651544,135.540262],"桃谷4":[34.657924,135.53806],"舎利寺2":[34.648282,135.539716],"勝山南4":[34.653006,135.5405],"勝山北5":[34.65462,135.539741],"鶴橋5":[34.662146,135.539194],"桃谷5":[34.658874,135.539404],"田島6":[34.642431,135.543971],"田島5":[34.644668,135.544297],"中川西1":[34.662552,135.541829],"田島4":[34.646554,135.544315],"中川西2":[34.660615,135.541697],"田島3":[34.647831,135.543725],"中川西3":[34.65736,135.541267],"田島2":[34.649473,135.543959],"田島1":[34.651449,135.543819],"中川6":[34.653858,135.543002],"中川4":[34.658276,135.543798],"中川2":[34.658957,135.543808],"中川1":[34.662381,135.543252],"新今里1":[34.665137,135.545827],"巽北1":[34.654469,135.54806],"中川5":[34.657886,135.545844],"巽西1":[34.650974,135.548074],"中川3":[34.659505,135.545504],"巽南1":[34.64223,135.545718],"巽西2":[34.648265,135.548198],"新今里3":[34.658765,135.547456],"巽西3":[34.645567,135.548327],"巽西4":[34.642963,135.54845],"巽南2":[34.636537,135.54876],"新今里2":[34.662663,135.547827],"中川東1":[34.658143,135.549068],"新今里5":[34.661561,135.549498],"新今里4":[34.66438,135.549855],"巽北2":[34.653838,135.55203],"巽中1":[34.652957,135.55432],"巽中2":[34.650607,135.554324],"巽中3":[34.6464,135.551906],"巽中4":[34.642909,135.552815],"中川東2":[34.65783,135.552613],"巽南3":[34.641726,135.553895],"巽南4":[34.63716,135.55007],"新今里7":[34.661512,135.552178],"巽南5":[34.634174,135.553717],"新今里6":[34.662023,135.552265],"小路1":[34.662222,135.555937],"巽北3":[34.655421,135.555541],"小路2":[34.659532,135.556336],"小路3":[34.658318,135.55556],"巽東2":[34.648333,135.556601],"巽東1":[34.650771,135.556639],"巽北4":[34.653425,135.558929],"小路東4":[34.658034,135.558548],"小路東2":[34.661505,135.556617],"小路東1":[34.662216,135.556709],"巽東3":[34.650661,135.561302],"巽東4":[34.646812,135.560374],"小路東5":[34.65661,135.561532],"小路東3":[34.659404,135.561438],"小路東6":[34.65817,135.563769]}