{"中島2":[34.696759,135.423642],"中島1":[34.704259,135.426988],"西島2":[34.69249,135.428017],"佃7":[34.709879,135.430441],"西島1":[34.703425,135.431386],"佃6":[34.708923,135.435046],"大野3":[34.699633,135.440966],"百島2":[34.692224,135.433603],"出来島3":[34.703749,135.436353],"佃5":[34.710654,135.437343],"大野2":[34.700757,135.439096],"出来島2":[34.704865,135.438165],"福町2":[34.696242,135.440509],"佃4":[34.711049,135.44061],"出来島1":[34.708375,135.441057],"百島1":[34.697508,135.440418],"大野1":[34.700578,135.441254],"大和田6":[34.704991,135.443657],"佃3":[34.7113,135.445094],"大和田5":[34.708551,135.444425],"大和田2":[34.704746,135.445048],"佃2":[34.714285,135.44819],"福町3":[34.700731,135.445353],"大和田4":[34.706061,135.445276],"福町1":[34.697697,135.44851],"姫島6":[34.702139,135.448676],"佃1":[34.718076,135.449919],"大和田3":[34.707726,135.449426],"竹島5":[34.72637,135.450666],"千舟3":[34.709209,135.451996],"大和田1":[34.706666,135.451942],"姫島3":[34.699583,135.452739],"姫島5":[34.703643,135.454299],"竹島4":[34.723082,135.452238],"姫島4":[34.704668,135.456904],"千舟2":[34.710684,135.454798],"姫島2":[34.703016,135.45491],"御幣島6":[34.719634,135.455382],"千舟1":[34.710199,135.455557],"御幣島2":[34.712831,135.455532],"竹島3":[34.726451,135.454144],"御幣島4":[34.718272,135.45525],"竹島2":[34.725922,135.455125],"姫里3":[34.708623,135.458244],"姫島1":[34.702659,135.459091],"御幣島5":[34.719553,135.459975],"御幣島3":[34.716939,135.460226],"御幣島1":[34.714728,135.459024],"竹島1":[34.721919,135.459848],"姫里2":[34.706606,135.461452],"野里3":[34.711643,135.460405],"歌島3":[34.71287,135.461213],"姫里1":[34.705199,135.463111],"野里2":[34.710474,135.462365],"歌島2":[34.71478,135.463933],"歌島4":[34.718007,135.463425],"歌島1":[34.714097,135.466966],"野里1":[34.708676,135.464906],"花川2":[34.708163,135.466601],"柏里3":[34.712336,135.468868],"花川1":[34.70836,135.469026],"柏里2":[34.711261,135.469294],"柏里1":[34.70931,135.470701]}