{"新喜多1":[34.697151,135.540476],"森之宮1":[34.682302,135.537561],"鴫野西1":[34.694174,135.539025],"鴫野西2":[34.690063,135.539443],"蒲生1":[34.699536,135.539198],"野江3":[34.707854,135.541054],"野江1":[34.702644,135.540664],"野江2":[34.705235,135.540825],"森之宮2":[34.687613,135.540799],"野江4":[34.709868,135.541145],"蒲生2":[34.698273,135.54148],"鴫野西3":[34.695097,135.543069],"鴫野西4":[34.690236,135.541739],"中浜3":[34.68346,135.544689],"成育4":[34.711578,135.545881],"新喜多2":[34.697095,135.54594],"中浜1":[34.686686,135.544827],"中浜2":[34.684196,135.544791],"蒲生3":[34.699149,135.543664],"中央1":[34.70062,135.545926],"中央2":[34.705186,135.543561],"成育1":[34.70603,135.545987],"成育3":[34.709445,135.544372],"鴫野西5":[34.691469,135.545735],"成育5":[34.712358,135.54632],"成育2":[34.709777,135.546036],"鴫野東1":[34.693374,135.546011],"蒲生4":[34.698486,135.54616],"中央3":[34.70509,135.545979],"東中浜3":[34.682472,135.547921],"東中浜2":[34.686026,135.54801],"東中浜1":[34.687539,135.548385],"鴫野東3":[34.688981,135.550055],"鴫野東2":[34.692585,135.549775],"新喜多東1":[34.694538,135.551183],"今福西1":[34.698279,135.549345],"今福南1":[34.696105,135.550284],"今福西3":[34.702538,135.549716],"今福西5":[34.704773,135.549469],"関目1":[34.706673,135.549725],"関目3":[34.711327,135.549787],"関目5":[34.713209,135.549927],"東中浜6":[34.681418,135.550687],"東中浜5":[34.685887,135.550661],"東中浜4":[34.687776,135.550812],"今福南2":[34.698358,135.553526],"今福西6":[34.704937,135.553629],"今福西2":[34.70084,135.553525],"新喜多東2":[34.69047,135.554018],"今福西4":[34.701829,135.553181],"関目2":[34.705872,135.553662],"関目4":[34.71147,135.553864],"関目6":[34.714199,135.553581],"天王田":[34.689924,135.553828],"東中浜9":[34.68113,135.553351],"東中浜8":[34.683668,135.553243],"放出西1":[34.692868,135.554002],"東中浜7":[34.687635,135.553554],"永田4":[34.681155,135.557921],"永田3":[34.683613,135.558255],"永田2":[34.686381,135.558717],"今福南3":[34.696726,135.558712],"今福南4":[34.699157,135.559569],"今福東1":[34.701384,135.559576],"今福東2":[34.702885,135.559634],"今福東3":[34.704796,135.559697],"古市1":[34.707387,135.559792],"永田1":[34.687948,135.558645],"古市2":[34.711338,135.559941],"放出西3":[34.691646,135.558684],"古市3":[34.714805,135.560051],"放出西2":[34.693604,135.559124],"諏訪4":[34.680895,135.56282],"諏訪3":[34.683137,135.564225],"諏訪2":[34.683601,135.564484],"諏訪1":[34.687446,135.565281]}