{"大淀北2":[34.705573,135.482074],"大淀北1":[34.708317,135.487307],"大淀中5":[34.703527,135.481564],"大淀南3":[34.699922,135.483896],"大淀中4":[34.702223,135.483586],"中之島6":[34.686027,135.482799],"大淀中3":[34.706706,135.486603],"大淀南2":[34.701417,135.486858],"大淀中2":[34.706711,135.487148],"中津7":[34.711019,135.489011],"中之島5":[34.690156,135.489657],"大淀南1":[34.703345,135.49084],"大淀中1":[34.707839,135.490555],"中津6":[34.710596,135.489844],"中之島4":[34.691384,135.491737],"中津4":[34.711128,135.489277],"梅田3":[34.702745,135.495046],"梅田2":[34.699724,135.494936],"堂島3":[34.695313,135.491407],"中津5":[34.708159,135.492615],"中津3":[34.711249,135.492296],"中之島3":[34.693454,135.495503],"曾根崎新地2":[34.696581,135.491818],"堂島2":[34.695755,135.492136],"堂島浜2":[34.694848,135.492396],"大深町":[34.704497,135.492764],"中津1":[34.712787,135.497998],"芝田2":[34.705537,135.496689],"中津2":[34.715639,135.498153],"堂島1":[34.696941,135.496258],"曾根崎新地1":[34.69739,135.500384],"堂島浜1":[34.695542,135.500471],"梅田1":[34.698739,135.498093],"中之島2":[34.693845,135.499962],"豊崎3":[34.709534,135.500151],"芝田1":[34.704692,135.498202],"豊崎5":[34.711632,135.499742],"茶屋町":[34.708462,135.499888],"豊崎7":[34.71516,135.499458],"曾根崎2":[34.700324,135.50109],"小松原町":[34.702845,135.501589],"豊崎6":[34.714899,135.502932],"豊崎4":[34.713573,135.502537],"豊崎2":[34.709782,135.502262],"角田町":[34.702949,135.498739],"西天満4":[34.697055,135.504927],"鶴野町":[34.709342,135.501873],"中崎西2":[34.706871,135.503156],"西天満2":[34.695565,135.504336],"中崎西3":[34.708388,135.502966],"堂山町":[34.703241,135.504447],"中崎西4":[34.709483,135.503935],"曾根崎1":[34.698478,135.503832],"太融寺町":[34.701435,135.505567],"兎我野町":[34.70002,135.505604],"豊崎1":[34.710343,135.504283],"本庄西2":[34.71379,135.506355],"本庄西3":[34.716757,135.506123],"中崎西1":[34.708458,135.504645],"中之島1":[34.69377,135.501966],"本庄西1":[34.710084,135.504825],"西天満6":[34.69818,135.505793],"万歳町":[34.705014,135.503979],"中崎3":[34.709478,135.505094],"神山町":[34.704271,135.505841],"中崎1":[34.70721,135.507112],"西天満1":[34.6934,135.509039],"中崎2":[34.708492,135.506911],"扇町2":[34.704606,135.506868],"西天満3":[34.694612,135.508892],"野崎町":[34.701057,135.507974],"西天満5":[34.698525,135.5088],"南扇町":[34.701486,135.50895],"本庄東3":[34.71526,135.51048],"本庄東2":[34.714147,135.51033],"本庄東1":[34.711343,135.508991],"浮田2":[34.710582,135.50961],"浮田1":[34.709056,135.50915],"黒崎町":[34.70723,135.509358],"山崎町":[34.705951,135.510149],"扇町1":[34.70452,135.508062],"菅原町":[34.693758,135.511368],"末広町":[34.702129,135.510312],"浪花町":[34.70633,135.510304],"南森町1":[34.69598,135.510645],"南森町2":[34.697542,135.51135],"天神西町":[34.695317,135.510961],"天神橋8":[34.716655,135.512287],"天神橋7":[34.713928,135.511803],"天神橋6":[34.709901,135.512392],"天神橋5":[34.706769,135.511997],"天神橋4":[34.706024,135.510693],"天神橋3":[34.702178,135.51263],"天神橋2":[34.697082,135.513051],"天神橋1":[34.695133,135.513297],"錦町":[34.705742,135.513614],"長柄西1":[34.715506,135.51455],"国分寺2":[34.71208,135.513201],"長柄西2":[34.718082,135.51379],"池田町":[34.706674,135.512701],"菅栄町":[34.709166,135.515346],"東天満2":[34.697643,135.517646],"紅梅町":[34.69956,135.514202],"与力町":[34.701815,135.51441],"同心2":[34.703496,135.5156],"天満4":[34.695775,135.514761],"国分寺1":[34.709927,135.518325],"長柄東3":[34.71843,135.517515],"長柄中1":[34.711761,135.515395],"東天満1":[34.696739,135.517567],"天満橋3":[34.703711,135.515019],"長柄中3":[34.716159,135.515267],"長柄中2":[34.713224,135.515712],"松ケ枝町":[34.698898,135.517703],"同心1":[34.700854,135.517816],"天満3":[34.695693,135.515812],"長柄東2":[34.712946,135.516583],"樋之口町":[34.707682,135.516576],"天満2":[34.695556,135.517466],"天満橋2":[34.703445,135.517681],"長柄東1":[34.711935,135.516818],"天満1":[34.693425,135.520173],"天満橋1":[34.698227,135.520444]}