{"西心斎橋2":[34.671524,135.499859],"西心斎橋1":[34.67493,135.499918],"北浜4":[34.69225,135.500414],"道頓堀2":[34.668423,135.499831],"高麗橋4":[34.689753,135.50032],"南船場4":[34.677792,135.500013],"道修町4":[34.688253,135.499955],"博労町4":[34.678739,135.500103],"南久宝寺町4":[34.679406,135.500108],"平野町4":[34.688073,135.500399],"今橋4":[34.690539,135.500338],"難波2":[34.667592,135.499846],"淡路町4":[34.686667,135.500277],"久太郎町4":[34.680827,135.498693],"瓦町4":[34.68584,135.500291],"備後町4":[34.685427,135.500302],"船場中央4":[34.681811,135.499757],"本町4":[34.683406,135.499381],"南本町4":[34.682993,135.499378],"北久宝寺町4":[34.680302,135.498686],"難波4":[34.665902,135.50012],"伏見町4":[34.689037,135.500302],"難波5":[34.664204,135.501397],"難波3":[34.665554,135.502459],"心斎橋筋2":[34.670738,135.50081],"道頓堀1":[34.668317,135.510687],"難波1":[34.667489,135.502739],"心斎橋筋1":[34.672341,135.500844],"南船場3":[34.677787,135.502918],"博労町3":[34.678596,135.502933],"南久宝寺町3":[34.679388,135.502952],"北久宝寺町3":[34.680182,135.50298],"久太郎町3":[34.68119,135.503014],"船場中央3":[34.682097,135.503034],"南本町3":[34.682954,135.503053],"本町3":[34.683779,135.503071],"安土町3":[34.684602,135.503091],"備後町3":[34.685452,135.503115],"瓦町3":[34.686279,135.503127],"淡路町3":[34.687102,135.503143],"平野町3":[34.687913,135.503157],"道修町3":[34.688729,135.503166],"伏見町3":[34.689316,135.503162],"高麗橋3":[34.689651,135.503171],"今橋3":[34.690836,135.503184],"北浜3":[34.6918,135.5032],"宗右衛門町":[34.669815,135.505703],"難波千日前":[34.665046,135.505265],"千日前2":[34.667152,135.503103],"東心斎橋1":[34.674961,135.50582],"東心斎橋2":[34.671508,135.505738],"千日前1":[34.666992,135.502978],"南船場2":[34.677765,135.505872],"博労町2":[34.678571,135.505891],"南久宝寺町2":[34.679363,135.505905],"北久宝寺町2":[34.680157,135.505922],"久太郎町2":[34.681164,135.505943],"船場中央2":[34.682067,135.505753],"南本町2":[34.682923,135.504068],"本町2":[34.683329,135.504021],"安土町2":[34.684171,135.506219],"備後町2":[34.685403,135.506013],"瓦町2":[34.686232,135.506029],"淡路町2":[34.687059,135.506041],"平野町2":[34.68788,135.506048],"伏見町2":[34.689161,135.506061],"道修町2":[34.688694,135.506057],"高麗橋2":[34.689855,135.506067],"今橋2":[34.69065,135.506092],"北浜2":[34.691572,135.506135],"日本橋2":[34.662974,135.509879],"日本橋1":[34.667075,135.505872],"船場中央1":[34.681765,135.51012],"島之内2":[34.671449,135.51046],"島之内1":[34.674393,135.510632],"南船場1":[34.676066,135.510642],"博労町1":[34.678311,135.510617],"南久宝寺町1":[34.67892,135.510584],"北久宝寺町1":[34.679932,135.510521],"久太郎町1":[34.680859,135.510459],"南本町1":[34.682502,135.509924],"本町1":[34.683717,135.509591],"安土町1":[34.684152,135.509575],"備後町1":[34.685161,135.509511],"瓦町1":[34.685996,135.509501],"淡路町1":[34.686776,135.509482],"平野町1":[34.687364,135.509446],"道修町1":[34.688429,135.509397],"伏見町1":[34.688986,135.507997],"高麗橋1":[34.689104,135.509351],"今橋1":[34.69001,135.509313],"北浜1":[34.690347,135.509427],"高津3":[34.666358,135.511051],"高津2":[34.668014,135.511167],"北浜東":[34.689894,135.514008],"東高麗橋":[34.687746,135.510781],"大手通3":[34.686065,135.510917],"内淡路町3":[34.68671,135.510945],"本町橋":[34.68244,135.511432],"内平野町3":[34.687514,135.511154],"瓦屋町3":[34.669351,135.513158],"瓦屋町2":[34.671656,135.51397],"瓦屋町1":[34.673145,135.514146],"農人橋3":[34.681038,135.511567],"材木町":[34.679486,135.511669],"松屋町":[34.676318,135.512259],"松屋町住吉":[34.678283,135.51219],"高津1":[34.667726,135.513986],"内平野町2":[34.686995,135.513842],"内淡路町2":[34.686728,135.513835],"大手通2":[34.686198,135.513872],"船越町2":[34.687782,135.513836],"石町2":[34.689462,135.514371],"島町2":[34.688972,135.513892],"糸屋町2":[34.68569,135.51384],"釣鐘町2":[34.688305,135.513795],"南新町2":[34.684821,135.513836],"徳井町2":[34.684254,135.513793],"内本町2":[34.683637,135.513787],"鎗屋町2":[34.682924,135.513765],"常盤町2":[34.682469,135.513746],"農人橋2":[34.680953,135.513662],"安堂寺町2":[34.676648,135.516209],"和泉町2":[34.679947,135.5136],"内久宝寺町4":[34.679216,135.513562],"神崎町":[34.677953,135.513426],"粉川町":[34.678417,135.516059],"谷町6":[34.675818,135.517706],"十二軒町":[34.677535,135.516127],"中寺2":[34.668538,135.515175],"中寺1":[34.670691,135.515569],"谷町7":[34.671843,135.517959],"内久宝寺町3":[34.67907,135.516111],"和泉町1":[34.679828,135.516199],"農人橋1":[34.680806,135.516194],"常盤町1":[34.682401,135.516241],"鎗屋町1":[34.68287,135.516237],"内本町1":[34.683599,135.516307],"徳井町1":[34.684166,135.516287],"釣鐘町1":[34.688098,135.516349],"南新町1":[34.684647,135.516213],"北新町":[34.685076,135.516295],"船越町1":[34.687567,135.516338],"糸屋町1":[34.685544,135.516285],"大手通1":[34.686077,135.516303],"内淡路町1":[34.68665,135.516308],"島町1":[34.68845,135.516814],"内平野町1":[34.687083,135.516232],"石町1":[34.689008,135.516362],"天満橋京町":[34.689659,135.516262],"谷町9":[34.668959,135.516684],"谷町8":[34.670619,135.516996],"谷町3":[34.683784,135.517889],"谷町4":[34.679793,135.517018],"谷町5":[34.677624,135.516864],"上汐2":[34.668829,135.517844],"谷町2":[34.685152,135.517622],"谷町1":[34.688248,135.51707],"上汐1":[34.671223,135.51825],"安堂寺町1":[34.676447,135.52034],"大手前1":[34.690668,135.52169],"内久宝寺町2":[34.678429,135.520354],"東平2":[34.667581,135.518546],"大手前4":[34.682399,135.520041],"大手前3":[34.685437,135.519817],"上本町西2":[34.673707,135.520163],"上本町西1":[34.675307,135.520186],"上本町西3":[34.672834,135.519584],"東平1":[34.670618,135.519124],"龍造寺町":[34.677912,135.520327],"大手前2":[34.688032,135.519835],"内久宝寺町1":[34.677702,135.519249],"法円坂2":[34.679848,135.519774],"上本町西5":[34.667518,135.519043],"上本町西4":[34.670271,135.51952],"上町":[34.677468,135.521152],"上町1":[34.677755,135.525883],"大阪城":[34.684508,135.533597],"法円坂1":[34.679234,135.526425],"馬場町":[34.681654,135.527941],"玉造2":[34.678829,135.530359],"城見1":[34.691428,135.533255],"森ノ宮中央2":[34.679392,135.530459],"城見2":[34.694029,135.534032],"玉造1":[34.676215,135.533732],"森ノ宮中央1":[34.678781,135.534332]}