{"南津守5":[34.630739,135.481327],"南津守2":[34.632294,135.482066],"津守3":[34.638814,135.485266],"北津守4":[34.648811,135.485131],"南津守6":[34.627946,135.486075],"北津守3":[34.652277,135.484835],"津守1":[34.647705,135.483013],"北津守2":[34.652637,135.484976],"津守2":[34.641066,135.485149],"南津守7":[34.625714,135.48613],"南津守4":[34.628945,135.483847],"北津守1":[34.655934,135.484926],"南津守1":[34.63386,135.485718],"南津守3":[34.632578,135.483862],"梅南3":[34.643354,135.489914],"松3":[34.641197,135.48994],"長橋3":[34.647999,135.490124],"橘3":[34.638235,135.489915],"出城3":[34.650499,135.489705],"千本北2":[34.637029,135.488979],"旭3":[34.643887,135.489856],"南開2":[34.651553,135.489719],"中開3":[34.652051,135.489666],"千本中2":[34.631841,135.488595],"鶴見橋3":[34.646709,135.490101],"千本南2":[34.630316,135.489206],"玉出西1":[34.62761,135.491257],"玉出西2":[34.626049,135.490676],"北開2":[34.653556,135.48971],"千本北1":[34.63471,135.491706],"千本中1":[34.632856,135.492949],"千本南1":[34.632235,135.492993],"潮路2":[34.636022,135.491301],"橘2":[34.638194,135.492457],"松2":[34.640877,135.492223],"梅南2":[34.642236,135.492502],"旭2":[34.644983,135.492688],"鶴見橋2":[34.64641,135.49286],"長橋2":[34.649382,135.492924],"玉出中2":[34.626217,135.493642],"出城2":[34.649864,135.492854],"南開1":[34.651442,135.492919],"北開1":[34.653016,135.492013],"中開2":[34.652591,135.493079],"玉出中1":[34.628905,135.494135],"岸里3":[34.630973,135.494594],"潮路1":[34.636864,135.49424],"橘1":[34.639605,135.495177],"松1":[34.641725,135.49552],"梅南1":[34.64341,135.496175],"旭1":[34.644745,135.496458],"鶴見橋1":[34.647015,135.496732],"長橋1":[34.648921,135.496946],"出城1":[34.650062,135.496607],"玉出東2":[34.625529,135.496175],"中開1":[34.650751,135.496996],"岸里2":[34.633408,135.493811],"岸里1":[34.636811,135.496701],"玉出東1":[34.626377,135.496454],"花園南2":[34.638499,135.497146],"岸里東2":[34.630529,135.498243],"岸里東1":[34.634124,135.499255],"花園南1":[34.642617,135.497706],"天下茶屋3":[34.635729,135.499769],"花園北2":[34.645886,135.498677],"天神ノ森2":[34.630131,135.499528],"天下茶屋2":[34.63906,135.500281],"天下茶屋1":[34.642069,135.500996],"花園北1":[34.650148,135.499438],"萩之茶屋3":[34.645102,135.501744],"天神ノ森1":[34.634557,135.501824],"萩之茶屋2":[34.646501,135.502021],"天下茶屋北2":[34.644359,135.50171],"萩之茶屋1":[34.64869,135.502649],"聖天下2":[34.635364,135.502215],"聖天下1":[34.637766,135.503604],"天下茶屋東2":[34.637895,135.503899],"天下茶屋東1":[34.64241,135.501639],"天下茶屋北1":[34.644812,135.503357],"太子2":[34.645354,135.503724],"山王3":[34.644107,135.506488],"太子1":[34.64653,135.503538],"山王2":[34.644596,135.507012],"山王1":[34.646783,135.507964]}