{"南港南7":[34.616636,135.410154],"南港北3":[34.633703,135.40574],"南港北2":[34.637191,135.411809],"南港南6":[34.614354,135.41006],"南港中8":[34.634832,135.415667],"南港北1":[34.638635,135.427057],"南港中6":[34.631119,135.418999],"南港南4":[34.611147,135.418487],"南港南5":[34.612285,135.418747],"南港中7":[34.625664,135.421372],"南港中5":[34.634336,135.421876],"南港中3":[34.630284,135.425466],"南港中1":[34.625906,135.431583],"南港中4":[34.632972,135.42908],"南港南1":[34.610883,135.44182],"南港南3":[34.612309,135.432484],"南港東9":[34.641623,135.435164],"南港中2":[34.628521,135.430681],"南港東8":[34.629868,135.432284],"南港東4":[34.62128,135.441185],"南港南2":[34.612885,135.436406],"南港東5":[34.627973,135.43988],"南港東7":[34.630534,135.436508],"南港東6":[34.629528,135.439886],"南港東3":[34.617676,135.44206],"南港東2":[34.614158,135.443133],"南港東1":[34.616947,135.444052],"平林南2":[34.610301,135.458804],"平林北2":[34.619569,135.461465],"平林北1":[34.622565,135.461741],"平林南1":[34.616164,135.447639],"新北島8":[34.607442,135.460639],"新北島7":[34.609712,135.462847],"泉2":[34.612633,135.465793],"柴谷2":[34.620101,135.469406],"新北島6":[34.606511,135.463602],"柴谷1":[34.621854,135.467947],"新北島5":[34.609433,135.464733],"新北島4":[34.604891,135.469165],"新北島3":[34.606944,135.469754],"泉1":[34.611659,135.471911],"新北島2":[34.604036,135.472321],"北加賀屋4":[34.627679,135.474906],"緑木1":[34.619939,135.475094],"北加賀屋5":[34.622527,135.476445],"緑木2":[34.615638,135.47336],"新北島1":[34.608546,135.472737],"南加賀屋4":[34.603541,135.475416],"南加賀屋3":[34.606433,135.475399],"南加賀屋2":[34.608568,135.475675],"南加賀屋1":[34.612608,135.477046],"西加賀屋4":[34.614917,135.477901],"西加賀屋3":[34.617263,135.47777],"北加賀屋3":[34.624443,135.47781],"西加賀屋2":[34.619317,135.478294],"西加賀屋1":[34.620143,135.478528],"北島2":[34.604025,135.477262],"北島3":[34.600232,135.479618],"御崎8":[34.605172,135.478883],"北加賀屋2":[34.621911,135.479569],"御崎6":[34.60772,135.479698],"御崎4":[34.610577,135.480161],"中加賀屋4":[34.614635,135.480651],"御崎2":[34.611128,135.480257],"中加賀屋3":[34.616719,135.481137],"北加賀屋1":[34.622086,135.481654],"中加賀屋2":[34.618798,135.481536],"中加賀屋1":[34.620941,135.482314],"北島1":[34.601216,135.481947],"御崎7":[34.605439,135.482671],"御崎5":[34.608374,135.482979],"御崎3":[34.609738,135.482786],"御崎1":[34.611283,135.483031],"西住之江4":[34.599057,135.483959],"東加賀屋4":[34.614234,135.483621],"東加賀屋3":[34.61609,135.484417],"西住之江3":[34.601411,135.484681],"東加賀屋2":[34.618239,135.484973],"東加賀屋1":[34.62106,135.485857],"西住之江2":[34.60348,135.486326],"浜口西3":[34.608791,135.485231],"浜口西2":[34.610526,135.486131],"浜口西1":[34.612342,135.486696],"西住之江1":[34.607164,135.487495],"住之江3":[34.600929,135.486809],"粉浜西3":[34.615312,135.487409],"浜口東3":[34.608885,135.488672],"粉浜西2":[34.619601,135.488863],"住之江2":[34.602741,135.487587],"安立4":[34.60048,135.488375],"浜口東2":[34.609508,135.489352],"粉浜西1":[34.622593,135.489823],"住之江1":[34.606554,135.488846],"浜口東1":[34.611013,135.488989],"安立3":[34.602502,135.489023],"粉浜3":[34.615405,135.490746],"粉浜2":[34.616688,135.49103],"安立1":[34.609584,135.490684],"安立2":[34.606267,135.489772],"粉浜1":[34.620398,135.491867]}