{"背戸口1":[34.625163,135.543356],"平野西1":[34.619855,135.542864],"喜連西1":[34.615621,135.546535],"平野西2":[34.618421,135.542876],"喜連西4":[34.610647,135.546072],"喜連西3":[34.612277,135.546067],"喜連西2":[34.613302,135.546537],"瓜破西3":[34.600137,135.548441],"背戸口2":[34.622668,135.54583],"瓜破南1":[34.595395,135.552192],"背戸口3":[34.622257,135.545998],"平野西3":[34.619291,135.545913],"平野西4":[34.616794,135.546146],"瓜破西1":[34.607354,135.548609],"瓜破西2":[34.603285,135.548806],"西脇2":[34.628028,135.54588],"西脇1":[34.628806,135.544544],"平野馬場2":[34.630906,135.548583],"平野馬場1":[34.634973,135.548938],"西脇3":[34.629338,135.548578],"西脇4":[34.625984,135.548509],"背戸口4":[34.623519,135.548524],"喜連西6":[34.612329,135.548355],"平野西5":[34.619944,135.548469],"背戸口5":[34.621119,135.548395],"平野西6":[34.617131,135.548581],"喜連西5":[34.613386,135.548475],"瓜破6":[34.600273,135.552093],"瓜破4":[34.602059,135.551492],"平野上町1":[34.626891,135.551828],"平野本町1":[34.624543,135.551794],"瓜破1":[34.604267,135.551135],"流町2":[34.618071,135.551893],"平野元町":[34.630256,135.55244],"流町1":[34.619259,135.552101],"平野本町2":[34.622981,135.551556],"平野北1":[34.632684,135.552051],"喜連2":[34.612327,135.549506],"喜連1":[34.613251,135.549387],"瓜破2":[34.607338,135.555673],"平野本町5":[34.6217,135.555747],"平野宮町1":[34.629479,135.553971],"喜連3":[34.612981,135.55459],"平野本町4":[34.622264,135.555851],"平野本町3":[34.624673,135.55602],"平野上町2":[34.625504,135.555252],"瓜破5":[34.603252,135.555154],"瓜破7":[34.60065,135.554307],"流町4":[34.618199,135.555253],"瓜破3":[34.606485,135.555696],"流町3":[34.620025,135.555535],"瓜破南2":[34.595947,135.555744],"加美北6":[34.634175,135.557298],"加美北3":[34.636754,135.556813],"喜連4":[34.61013,135.555735],"平野北2":[34.629307,135.559154],"瓜破東7":[34.598908,135.558632],"加美北1":[34.643984,135.55684],"加美正覚寺1":[34.632237,135.559247],"喜連5":[34.615636,135.558082],"瓜破東5":[34.600048,135.556701],"平野宮町2":[34.628776,135.554963],"喜連6":[34.613668,135.558258],"瓜破東3":[34.604143,135.557409],"喜連7":[34.611367,135.557279],"平野市町1":[34.627899,135.558066],"瓜破東1":[34.606395,135.557753],"平野南2":[34.617365,135.558631],"平野南1":[34.620422,135.55818],"平野東3":[34.62122,135.559767],"平野東2":[34.622615,135.558321],"平野東1":[34.624284,135.560864],"平野市町3":[34.624996,135.559274],"瓜破東6":[34.60071,135.560818],"加美北2":[34.641589,135.55979],"加美北4":[34.636893,135.560736],"加美北7":[34.63379,135.561021],"喜連東3":[34.609539,135.56274],"瓜破東4":[34.603185,135.558149],"喜連東2":[34.612337,135.561311],"平野市町2":[34.627194,135.559508],"瓜破東2":[34.608879,135.564902],"喜連東1":[34.614194,135.562279],"加美西1":[34.625981,135.563508],"加美正覚寺4":[34.629245,135.563564],"平野南4":[34.617441,135.5611],"平野南3":[34.618844,135.561595],"加美正覚寺2":[34.631314,135.561338],"瓜破東8":[34.60039,135.564249],"平野東4":[34.622562,135.562164],"加美西2":[34.623126,135.564018],"加美北5":[34.637475,135.56665],"加美北8":[34.636417,135.561992],"加美正覚寺3":[34.633199,135.565464],"長吉出戸1":[34.61373,135.565562],"喜連東5":[34.609628,135.565799],"喜連東4":[34.612933,135.564668],"長吉長原西4":[34.598104,135.5681],"加美東4":[34.628472,135.568886],"加美鞍作3":[34.621914,135.568958],"加美鞍作1":[34.625027,135.568775],"加美鞍作2":[34.62451,135.568828],"加美東1":[34.630518,135.568397],"長吉長原西3":[34.599116,135.568013],"長吉長原西2":[34.603352,135.567219],"長吉長原西1":[34.607279,135.566581],"長吉出戸2":[34.61388,135.567137],"加美北9":[34.634128,135.570692],"長吉出戸4":[34.611292,135.568907],"長吉長原1":[34.607151,135.572233],"加美南1":[34.623539,135.571967],"長吉長原2":[34.604232,135.572796],"長吉長原3":[34.602373,135.572834],"長吉川辺4":[34.59079,135.570269],"長吉長原4":[34.599183,135.573433],"長吉川辺1":[34.595573,135.571441],"長吉出戸5":[34.610787,135.57082],"加美南5":[34.61895,135.575128],"加美東2":[34.630635,135.571497],"加美東5":[34.627286,135.57136],"長吉出戸3":[34.612834,135.573413],"加美南3":[34.621212,135.571901],"加美東7":[34.626052,135.576118],"長吉川辺2":[34.595994,135.574366],"長吉出戸6":[34.611404,135.573628],"加美東3":[34.632473,135.574264],"加美東6":[34.62924,135.575538],"加美南2":[34.623122,135.574464],"加美南4":[34.621509,135.57531],"長吉出戸7":[34.610001,135.576957],"長吉長原東1":[34.60455,135.577085],"長吉出戸8":[34.606554,135.577323],"長吉長原東2":[34.602531,135.579017],"長吉長原東3":[34.601885,135.580913],"長吉川辺3":[34.596693,135.579649],"長吉六反3":[34.604049,135.582818],"長吉六反2":[34.607149,135.582786],"長吉六反1":[34.610114,135.58193],"長吉六反4":[34.607258,135.58642],"長吉六反5":[34.605097,135.586682]}