{"築港新町四丁":[34.577462,135.416385],"築港浜寺西町":[34.545641,135.410153],"築港新町三丁":[34.585164,135.433846],"築港新町二丁":[34.561922,135.436361],"築港浜寺町":[34.553829,135.439562],"築港新町一丁":[34.566731,135.440667],"石津西町":[34.560898,135.448474],"浜寺公園町三丁":[34.540199,135.444006],"浜寺諏訪森町西四丁":[34.547816,135.446381],"浜寺諏訪森町西三丁":[34.549453,135.447661],"浜寺公園町二丁":[34.542208,135.44416],"浜寺石津町西五丁":[34.55499,135.450179],"浜寺昭和町五丁":[34.538685,135.447629],"浜寺諏訪森町西二丁":[34.550024,135.448084],"浜寺公園町一丁":[34.544167,135.445577],"浜寺昭和町四丁":[34.539714,135.44845],"浜寺諏訪森町西一丁":[34.553438,135.449438],"浜寺昭和町三丁":[34.541038,135.449086],"浜寺南町一丁":[34.535594,135.445823],"浜寺昭和町二丁":[34.543143,135.450122],"鳳西町三丁":[34.531132,135.45206],"鳳西町二丁":[34.528952,135.448459],"浜寺昭和町一丁":[34.544831,135.450962],"浜寺諏訪森町中三丁":[34.54864,135.449174],"浜寺石津町西四丁":[34.558343,135.451805],"鳳中町十丁":[34.534119,135.452386],"浜寺諏訪森町東三丁":[34.546959,135.452179],"浜寺南町二丁":[34.536576,135.450594],"浜寺諏訪森町中二丁":[34.550179,135.450378],"浜寺元町五丁":[34.540247,135.452767],"浜寺諏訪森町中一丁":[34.553554,135.451963],"浜寺元町三丁":[34.541755,135.453476],"浜寺諏訪森町東二丁":[34.548195,135.452897],"浜寺石津町西三丁":[34.559992,135.453084],"浜寺石津町中五丁":[34.554402,135.453898],"鳳西町一丁":[34.530714,135.457095],"浜寺元町一丁":[34.544306,135.453534],"浜寺石津町西二丁":[34.561595,135.454038],"浜寺南町三丁":[34.537214,135.452726],"浜寺諏訪森町東一丁":[34.550669,135.454089],"浜寺石津町中四丁":[34.555958,135.455057],"浜寺船尾町西四丁":[34.545033,135.455556],"浜寺石津町東五丁":[34.551875,135.458549],"浜寺船尾町西二丁":[34.54921,135.459088],"浜寺元町六丁":[34.539876,135.456028],"鳳中町九丁":[34.532398,135.45528],"浜寺石津町中三丁":[34.557798,135.456681],"鳳中町八丁":[34.535283,135.456026],"浜寺石津町西一丁":[34.56356,135.455187],"鳳中町七丁":[34.535802,135.456151],"浜寺元町四丁":[34.541171,135.456265],"鳳南町三丁":[34.52669,135.461283],"浜寺石津町中二丁":[34.55964,135.457675],"浜寺船尾町西一丁":[34.550953,135.457495],"浜寺元町二丁":[34.541921,135.455889],"原田":[34.515101,135.461295],"浜寺石津町東四丁":[34.553264,135.460521],"浜寺石津町中一丁":[34.561584,135.459137],"浜寺船尾町西三丁":[34.548226,135.458742],"鳳中町四丁":[34.531919,135.458078],"浜寺船尾町西五丁":[34.545862,135.458205],"浜寺石津町東三丁":[34.556039,135.461732],"鳳中町五丁":[34.53511,135.457423],"鳳北町四丁":[34.538935,135.459346],"上":[34.526331,135.469454],"鳳中町三丁":[34.533475,135.459336],"鳳北町八丁":[34.541044,135.459457],"鳳北町二丁":[34.53777,135.458992],"鳳中町六丁":[34.536211,135.457647],"鳳北町六丁":[34.53977,135.459818],"鳳南町一丁":[34.528147,135.458362],"鳳東町一丁":[34.531149,135.460334],"浜寺石津町東二丁":[34.557698,135.462159],"浜寺船尾町東一丁":[34.551663,135.460575],"鳳東町二丁":[34.529941,135.460682],"鳳中町二丁":[34.534938,135.45865],"浜寺船尾町東四丁":[34.546296,135.463044],"鳳南町二丁":[34.528249,135.461091],"浜寺船尾町東三丁":[34.54806,135.462662],"浜寺石津町東一丁":[34.559971,135.462596],"鳳北町十丁":[34.544965,135.461111],"鳳北町三丁":[34.538172,135.462924],"草部":[34.514192,135.461493],"鳳北町五丁":[34.538337,135.461927],"鳳中町一丁":[34.535385,135.460952],"浜寺船尾町東二丁":[34.550692,135.461661],"鳳北町一丁":[34.536816,135.462389],"鳳北町七丁":[34.539579,135.463042],"鳳東町五丁":[34.534862,135.46324],"鳳東町四丁":[34.531584,135.46265],"鳳東町三丁":[34.530278,135.462647],"鳳北町九丁":[34.541514,135.462925],"鳳南町四丁":[34.528711,135.462312],"山田二丁":[34.503301,135.466426],"鳳南町五丁":[34.528478,135.468983],"鳳東町七丁":[34.532296,135.467038],"鳳東町六丁":[34.53433,135.467026],"下田町":[34.540518,135.465404],"山田一丁":[34.513827,135.466765],"鶴田町":[34.539566,135.465354],"山田三丁":[34.505304,135.468443],"上野芝町八丁":[34.550278,135.470144],"津久野町三丁":[34.546448,135.473217],"宮下町":[34.548266,135.467487],"津久野町一丁":[34.539812,135.472851],"平岡町":[34.532597,135.475933],"山田四丁":[34.504388,135.473498],"菱木二丁":[34.512169,135.474027],"上野芝町七丁":[34.54725,135.472574],"津久野町二丁":[34.544653,135.473085],"家原寺町一丁":[34.538345,135.476036],"上野芝町六丁":[34.551378,135.473159],"菱木三丁":[34.508442,135.477745],"菱木四丁":[34.506816,135.478265],"上野芝町五丁":[34.547965,135.475715],"神野町二丁":[34.543201,135.475323],"菱木一丁":[34.513543,135.477518],"神野町一丁":[34.545362,135.476711],"上野芝町四丁":[34.550047,135.478139],"神野町三丁":[34.540572,135.476782],"石津ヶ丘":[34.55396,135.477468],"上野芝町三丁":[34.547978,135.476166],"堀上緑町一丁":[34.533271,135.479289],"上野芝向ヶ丘町二丁":[34.545989,135.479966],"上野芝向ヶ丘町四丁":[34.5448,135.479415],"堀上緑町三丁":[34.530526,135.481149],"家原寺町二丁":[34.537328,135.479621],"上野芝向ヶ丘町六丁":[34.541831,135.483822],"太平寺":[34.512934,135.485969],"上野芝町一丁":[34.556135,135.481296],"上野芝向ヶ丘町五丁":[34.542621,135.483837],"上野芝向ヶ丘町一丁":[34.547564,135.484036],"上野芝向ヶ丘町三丁":[34.546591,135.483026],"上野芝町二丁":[34.551377,135.481839],"堀上緑町二丁":[34.534215,135.48434],"北条町二丁":[34.542617,135.485455],"北条町一丁":[34.542585,135.488568],"小代":[34.511014,135.486789]}