{"大饗":[34.543991,135.5477],"菩提":[34.547001,135.542661],"小寺":[34.549401,135.548001],"北余部西3":[34.540113,135.542709],"北余部西4":[34.539308,135.54379],"北余部":[34.536379,135.555014],"北余部西2":[34.541296,135.542495],"南余部西2":[34.535598,135.542342],"南余部西3":[34.533227,135.542977],"南余部西1":[34.534085,135.543785],"北余部西1":[34.540718,135.543461],"南余部":[34.535348,135.550751],"今井":[34.551532,135.553735],"太井":[34.54653,135.554874],"阿弥":[34.533021,135.560293],"大保":[34.548897,135.561153],"黒山":[34.542103,135.562024],"真福寺":[34.549479,135.564889],"菅生":[34.522726,135.571361],"丹南":[34.554436,135.559459],"平尾":[34.520287,135.579327],"丹上":[34.555157,135.568034],"多治井":[34.546034,135.57392],"小平尾":[34.535531,135.581295],"青南台2":[34.514133,135.57079],"青南台1":[34.515473,135.570001],"木材通1":[34.516591,135.57479],"木材通4":[34.513107,135.57871],"木材通2":[34.517187,135.576867],"さつき野西1":[34.535383,135.575513],"さつき野西2":[34.531191,135.580224],"さつき野西3":[34.529098,135.580577],"木材通3":[34.514704,135.580125],"さつき野東1":[34.531352,135.586995],"さつき野東2":[34.53022,135.58609],"さつき野東3":[34.52922,135.58593]}