{"東上野芝町二丁":[34.551252,135.486389],"百舌鳥陵南町一丁":[34.547357,135.4913],"百舌鳥本町三丁":[34.552057,135.489307],"百舌鳥西之町一丁":[34.550673,135.493813],"百舌鳥本町一丁":[34.555904,135.491731],"百舌鳥本町二丁":[34.552844,135.492631],"百舌鳥陵南町二丁":[34.546875,135.492594],"百舌鳥赤畑町四丁":[34.557446,135.494702],"百舌鳥陵南町三丁":[34.544242,135.494754],"百舌鳥赤畑町五丁":[34.554731,135.496641],"百舌鳥赤畑町三丁":[34.559131,135.494239],"百舌鳥赤畑町二丁":[34.56074,135.493408],"百舌鳥赤畑町一丁":[34.562392,135.492871],"百舌鳥西之町二丁":[34.549411,135.496296],"百舌鳥梅北町一丁":[34.562768,135.495312],"百舌鳥梅町二丁":[34.550375,135.496866],"百舌鳥西之町三丁":[34.548447,135.497457],"百舌鳥梅北町二丁":[34.561911,135.496339],"百舌鳥梅町一丁":[34.553622,135.501846],"百舌鳥梅北町三丁":[34.558806,135.497924],"百舌鳥梅北町五丁":[34.557414,135.499678],"東三国ヶ丘町一丁":[34.569854,135.49666],"南長尾町一丁":[34.572465,135.496506],"百舌鳥梅北町四丁":[34.558445,135.50055],"中長尾町一丁":[34.572913,135.497847],"百舌鳥梅町三丁":[34.550732,135.505094],"東三国ヶ丘町二丁":[34.569709,135.498009],"南長尾町二丁":[34.57135,135.497825],"北長尾町一丁":[34.576301,135.499096],"黒土町":[34.562562,135.504415],"東三国ヶ丘町三丁":[34.568905,135.499699],"中長尾町二丁":[34.574782,135.499178],"南長尾町三丁":[34.571451,135.499544],"中百舌鳥町四丁":[34.555672,135.502613],"東雲東町一丁":[34.57735,135.501704],"東雲東町二丁":[34.578349,135.501511],"北長尾町二丁":[34.575107,135.499984],"中長尾町三丁":[34.573023,135.500101],"東三国ヶ丘町五丁":[34.56851,135.501407],"南長尾町四丁":[34.571335,135.500366],"東三国ヶ丘町四丁":[34.570912,135.500372],"東雲東町三丁":[34.581247,135.501686],"中百舌鳥町一丁":[34.558831,135.50423],"北長尾町三丁":[34.575153,135.501306],"中長尾町四丁":[34.572959,135.500961],"南長尾町五丁":[34.572276,135.501688],"東雲東町四丁":[34.582934,135.502382],"中百舌鳥町五丁":[34.554614,135.505879],"長曽根町":[34.566683,135.510377],"大豆塚町一丁":[34.580758,135.505491],"北長尾町四丁":[34.576779,135.502851],"東浅香山町二丁":[34.583682,135.508845],"東浅香山町一丁":[34.58224,135.50264],"常磐町一丁":[34.586912,135.509102],"北長尾町五丁":[34.576775,135.503759],"中百舌鳥町二丁":[34.555163,135.50653],"中百舌鳥町六丁":[34.549441,135.511727],"北長尾町六丁":[34.576772,135.504909],"北長尾町七丁":[34.576363,135.506137],"大豆塚町二丁":[34.576529,135.509035],"中百舌鳥町三丁":[34.553847,135.51099],"北長尾町八丁":[34.576631,135.50756],"新堀町一丁":[34.576896,135.51179],"東浅香山町三丁":[34.587834,135.512526],"蔵前町一丁":[34.575988,135.512396],"奥本町一丁":[34.582024,135.512166],"金岡町":[34.558372,135.510551],"常磐町二丁":[34.58957,135.514396],"新金岡町二丁":[34.572549,135.515632],"新金岡町一丁":[34.566588,135.510806],"新堀町二丁":[34.577618,135.515534],"奥本町二丁":[34.579347,135.51366],"蔵前町二丁":[34.576461,135.515634],"東浅香山町四丁":[34.588251,135.514116],"宮本町":[34.580482,135.515046],"新金岡町五丁":[34.563219,135.523254],"新金岡町四丁":[34.56939,135.52301],"常磐町三丁":[34.591312,135.522101],"北花田町一丁":[34.579374,135.516184],"北花田町三丁":[34.5835,135.518655],"新金岡町三丁":[34.570815,135.523042],"蔵前町三丁":[34.576579,135.520805],"船堂町一丁":[34.577126,135.519955],"北花田町二丁":[34.580049,135.522091],"北花田町四丁":[34.583303,135.522234],"船堂町二丁":[34.577367,135.522278],"南花田町":[34.570732,135.533347],"中村町":[34.562326,135.537753],"野遠町":[34.560335,135.549196],"八下北":[34.559506,135.546227]}