{"地蔵浜町":[34.467499,135.366687],"南町":[34.456165,135.369338],"臨海町":[34.475208,135.3758],"大工町":[34.460151,135.36695],"中之浜町":[34.460997,135.367811],"紙屋町":[34.461647,135.368761],"本町":[34.461548,135.370511],"大手町":[34.462342,135.369396],"南上町1":[34.458041,135.374309],"中町":[34.461323,135.369026],"中北町":[34.463351,135.369995],"大北町":[34.46508,135.371564],"岸城町":[34.459188,135.374332],"港緑町":[34.470467,135.373818],"南上町2":[34.451754,135.377232],"堺町":[34.461945,135.372559],"魚屋町":[34.462941,135.372172],"木材町":[34.488593,135.381947],"北町":[34.465244,135.375291],"新港町":[34.483643,135.380369],"並松町":[34.467579,135.377566],"五軒屋町":[34.462544,135.376256],"宮本町":[34.461204,135.377701],"上町":[34.453838,135.379475],"筋海町":[34.461657,135.37783],"岸野町":[34.470859,135.377754],"野田町1":[34.459174,135.380232],"土生町2":[34.449285,135.382733],"下野町5":[34.468939,135.37916],"下野町2":[34.472597,135.377422],"沼町":[34.464387,135.381872],"下野町4":[34.469493,135.379582],"春木泉町":[34.477777,135.383358],"野田町2":[34.457354,135.382524],"極楽寺町":[34.437554,135.389036],"畑町":[34.437066,135.382306],"下野町3":[34.471853,135.376957],"上野町西":[34.471139,135.38308],"別所町1":[34.461247,135.3831],"春木南浜町":[34.478499,135.382147],"野田町3":[34.456313,135.383872],"上野町東":[34.469306,135.385541],"春木北浜町":[34.479543,135.382667],"土生町1":[34.452282,135.382659],"下野町1":[34.474028,135.380248],"春木大小路町":[34.480901,135.38454],"春木大国町":[34.481448,135.384366],"別所町2":[34.460387,135.386114],"土生町":[34.451042,135.385371],"加守町1":[34.476137,135.38721],"土生町5":[34.444855,135.382885],"松風町":[34.48622,135.385612],"藤井町1":[34.467731,135.387509],"畑町1":[34.442204,135.381385],"流木町":[34.436748,135.390106],"藤井町2":[34.464882,135.387225],"土生町3":[34.450303,135.386567],"春木本町":[34.477142,135.386229],"磯上町3":[34.48904,135.388702],"作才町1":[34.45481,135.385675],"磯上町6":[34.492212,135.388085],"別所町3":[34.461922,135.389792],"八田町":[34.435823,135.400137],"加守町2":[34.472194,135.387764],"極楽寺町1":[34.437321,135.386088],"春木元町":[34.480542,135.385588],"戎町":[34.484407,135.388451],"作才町":[34.450934,135.38747],"藤井町3":[34.46243,135.389655],"春木中町":[34.478039,135.386928],"春木宮本町":[34.481681,135.386554],"畑町3":[34.440343,135.38942],"八阪町1":[34.461272,135.392127],"春木宮川町":[34.480098,135.388731],"極楽寺町2":[34.438914,135.388879],"加守町3":[34.474991,135.389557],"土生町8":[34.442812,135.392973],"宮前町":[34.469594,135.39101],"土生町9":[34.445874,135.390001],"八幡町":[34.482345,135.392004],"下松町":[34.454324,135.393386],"上松町":[34.449346,135.393389],"西之内町":[34.469484,135.39865],"磯上町2":[34.486985,135.39032],"春木若松町":[34.481559,135.393451],"土生町4":[34.449097,135.385484],"八阪町2":[34.457905,135.391649],"加守町4":[34.472234,135.393924],"磯上町5":[34.489358,135.39298],"八阪町3":[34.454592,135.393308],"畑町4":[34.440168,135.392071],"磯上町1":[34.484206,135.39577],"上松町1":[34.453612,135.391274],"行遇町":[34.438454,135.393074],"下松町1":[34.458502,135.397107],"土生町13":[34.44235,135.394553],"神須屋町":[34.434402,135.399674],"春木旭町":[34.477487,135.398026],"上松町2":[34.452737,135.392809],"磯上町4":[34.486779,135.396565],"下松町2":[34.457496,135.395249],"上松町3":[34.449751,135.393778],"天神山町1":[34.430567,135.397477],"上松町4":[34.452308,135.394444],"荒木町1":[34.471074,135.401234],"下松町3":[34.45772,135.397686],"吉井町1":[34.479338,135.399993],"小松里町":[34.462354,135.410477],"額原町":[34.451966,135.405826],"吉井町2":[34.480573,135.400651],"天神山町2":[34.42948,135.399816],"下松町4":[34.454907,135.396195],"阿間河滝町":[34.416621,135.409133],"荒木町2":[34.475103,135.403238],"吉井町3":[34.483011,135.399858],"真上町":[34.436062,135.40057],"門前町1":[34.441512,135.400361],"天神山町3":[34.427991,135.401766],"中井町1":[34.4756,135.405745],"下池田町1":[34.467327,135.405689],"吉井町4":[34.482436,135.402821],"門前町2":[34.439731,135.404732],"中井町2":[34.480222,135.405451],"下池田町2":[34.470831,135.405414],"箕土路町1":[34.476559,135.409581],"下池田町3":[34.469587,135.408254],"門前町3":[34.440482,135.404305],"下池田町":[34.465909,135.404634],"中井町3":[34.477642,135.408612],"葛城町":[34.435107,135.409025],"大町":[34.463852,135.409857],"土生滝町":[34.420361,135.41465],"池尻町":[34.462599,135.41757],"河合町":[34.399347,135.428724],"尾生町":[34.421329,135.41872],"箕土路町2":[34.474578,135.410939],"大町1":[34.469101,135.409606],"尾生町3":[34.45047,135.411595],"大町3":[34.467763,135.411542],"箕土路町3":[34.473872,135.412961],"大町4":[34.464349,135.413741],"東大路町":[34.470097,135.418727],"尾生町5":[34.450117,135.416329],"尾生町4":[34.445902,135.413612],"西大路町":[34.471385,135.415473],"北阪町":[34.420068,135.418062],"尾生町7":[34.444807,135.415943],"尾生町6":[34.447303,135.417199],"三ケ山町":[34.426547,135.422558],"岡山町":[34.456411,135.427449],"今木町":[34.466399,135.423628],"田治米町":[34.463096,135.429232],"相川町":[34.384619,135.428991],"神於町":[34.422099,135.42391],"白原町":[34.422079,135.418037],"内畑町":[34.40258,135.438219],"三田町":[34.45539,135.439847],"包近町":[34.448361,135.441696],"上白原町":[34.408363,135.42726],"塔原町":[34.371448,135.432388],"山直中町":[34.443712,135.441708],"摩湯町":[34.467479,135.431017],"稲葉町":[34.432281,135.43195],"大沢町":[34.372951,135.447011],"東ケ丘町":[34.459432,135.441082],"積川町":[34.423709,135.441433],"岸の丘町1":[34.429952,135.430228],"岸の丘町2":[34.42886,135.430509],"岸の丘町3":[34.422428,135.429049]}