{"諸福8":[34.706284,135.597566],"諸福7":[34.705143,135.596974],"諸福6":[34.70208,135.598121],"新田本町":[34.707625,135.606162],"新田西町":[34.711598,135.600764],"諸福5":[34.701137,135.601399],"諸福4":[34.705989,135.603551],"新田境町":[34.717203,135.607845],"新田北町":[34.714527,135.607908],"諸福3":[34.702135,135.604286],"新田中町":[34.711425,135.604607],"諸福2":[34.700981,135.603803],"諸福1":[34.70302,135.607122],"新田東本町":[34.707975,135.608215],"新田旭町":[34.711071,135.607874],"灰塚6":[34.698274,135.608566],"灰塚3":[34.7029,135.612558],"太子田2":[34.706795,135.610819],"灰塚1":[34.705491,135.61364],"御領3":[34.718503,135.614267],"灰塚2":[34.703659,135.614501],"御領2":[34.716064,135.613694],"御領4":[34.720101,135.613092],"氷野4":[34.713205,135.613343],"太子田3":[34.711105,135.610255],"灰塚5":[34.701552,135.612193],"太子田1":[34.708811,135.613308],"南郷町":[34.710021,135.613534],"灰塚4":[34.702394,135.614855],"大野2":[34.702621,135.618503],"朋来1":[34.699756,135.618068],"三洋町":[34.701343,135.615741],"赤井3":[34.708982,135.616094],"赤井2":[34.707137,135.61819],"氷野2":[34.712006,135.618128],"氷野3":[34.715424,135.618411],"朋来2":[34.696147,135.61868],"御領1":[34.718174,135.618841],"大野1":[34.705648,135.618349],"赤井1":[34.707735,135.621023],"氷野1":[34.71085,135.621884],"大東町":[34.712821,135.622637],"末広町":[34.704372,135.622171],"住道2":[34.70672,135.622405],"扇町":[34.703128,135.622482],"三箇2":[34.718383,135.621801],"三箇4":[34.720769,135.626417],"三箇1":[34.717537,135.625901],"浜町":[34.707691,135.623136],"三箇6":[34.728328,135.624531],"新町":[34.705699,135.624466],"三箇3":[34.719441,135.627795],"三住町":[34.707811,135.625491],"曙町":[34.711253,135.626648],"栄和町":[34.701574,135.623807],"谷川1":[34.713226,135.627555],"住道1":[34.707379,135.626797],"深野1":[34.714926,135.625143],"三箇5":[34.722027,135.627614],"川中新町":[34.704642,135.626811],"緑が丘1":[34.715286,135.631585],"深野2":[34.719553,135.628739],"幸町":[34.708481,135.629422],"御供田2":[34.704589,135.630996],"御供田3":[34.703636,135.63189],"深野北4":[34.727353,135.628751],"谷川2":[34.711138,135.633604],"御供田1":[34.708502,135.632726],"深野4":[34.717255,135.636442],"深野北2":[34.722354,135.629198],"御供田4":[34.701967,135.631648],"深野北1":[34.721923,135.633043],"深野3":[34.718407,135.635441],"深野南町":[34.710101,135.632333],"深野北3":[34.722179,135.631801],"御供田5":[34.704478,135.632614],"西楠の里町":[34.726776,135.633265],"泉町1":[34.709413,135.634195],"泉町2":[34.703375,135.634457],"緑が丘2":[34.715369,135.635948],"津の辺町":[34.724934,135.636268],"北楠の里町":[34.730482,135.636791],"南新田1":[34.69997,135.637484],"中楠の里町":[34.728401,135.636583],"南津の辺町":[34.72313,135.637834],"南楠の里町":[34.728126,135.633635],"平野屋1":[34.708456,135.638329],"平野屋新町":[34.710731,135.63833],"平野屋2":[34.704149,135.637757],"深野5":[34.712998,135.638302],"中垣内7":[34.705542,135.638878],"明美の里町":[34.72702,135.639044],"野崎1":[34.717855,135.641372],"北新町":[34.731172,135.63875],"南新田2":[34.700387,135.638107],"北条1":[34.721467,135.641729],"野崎4":[34.716936,135.641501],"北条2":[34.726078,135.64225],"寺川3":[34.710638,135.642872],"寺川1":[34.709217,135.644264],"中垣内4":[34.706671,135.644116],"中垣内5":[34.705694,135.644516],"錦町":[34.729472,135.641995],"中垣内6":[34.703025,135.644081],"学園町":[34.731267,135.641282],"野崎2":[34.717107,135.645577],"北条7":[34.7218,135.646904],"野崎3":[34.71455,135.646647],"北条3":[34.731065,135.647724],"北条6":[34.723189,135.646863],"北条4":[34.728101,135.647122],"北条5":[34.727669,135.646799],"寺川4":[34.711861,135.646813],"寺川5":[34.708291,135.650698],"寺川2":[34.708901,135.647404],"中垣内1":[34.702989,135.651028],"中垣内2":[34.70443,135.650062],"中垣内3":[34.705863,135.64838],"大字中垣内":[34.704229,135.652755],"大字龍間":[34.70485,135.658333],"大字北条":[34.719441,135.6498]}