{"伏山1":[34.481706,135.561256],"須賀3":[34.477977,135.5624],"久野喜台2":[34.497303,135.566778],"加太1":[34.508896,135.561966],"久野喜台1":[34.501551,135.566046],"寺池台5":[34.489659,135.566358],"青葉丘":[34.503564,135.564678],"五軒家2":[34.512098,135.562413],"伏山2":[34.487283,135.56351],"寺池台1":[34.49462,135.56927],"加太2":[34.505703,135.563383],"伏山3":[34.484119,135.566683],"須賀2":[34.479304,135.567846],"五軒家1":[34.510975,135.567328],"寺池台4":[34.489609,135.570039],"金剛伏山台":[34.486705,135.56669],"加太3":[34.507645,135.564798],"新青葉丘町":[34.506183,135.567069],"藤沢台4":[34.505905,135.568088],"藤沢台3":[34.500985,135.574275],"須賀1":[34.476761,135.572164],"藤沢台7":[34.510105,135.569567],"高辺台3":[34.494615,135.573833],"高辺台1":[34.501348,135.57343],"大字廿山":[34.503076,135.587551],"寺池台3":[34.488472,135.573783],"金剛錦織台":[34.485399,135.569333],"藤沢台5":[34.506731,135.571966],"寺池台2":[34.489732,135.574316],"藤沢台2":[34.503575,135.573935],"藤沢台6":[34.507339,135.574591],"大字錦織":[34.4884,135.581938],"高辺台2":[34.497095,135.575637],"廿山2":[34.488961,135.580322],"藤沢台1":[34.502111,135.577418],"大字須賀":[34.476536,135.575679],"廿山1":[34.489569,135.581435],"向陽台4":[34.506468,135.579574],"津々山台5":[34.491214,135.578978],"津々山台1":[34.49767,135.578288],"錦織南2":[34.476506,135.58142],"向陽台3":[34.501449,135.579898],"津々山台2":[34.495017,135.578764],"錦織南1":[34.481521,135.583052],"津々山台3":[34.492594,135.580536],"大字嬉":[34.462824,135.582659],"錦織北3":[34.482109,135.582793],"錦織東3":[34.479493,135.586412],"大字伏見堂":[34.464767,135.594579],"小金台3":[34.497685,135.580565],"津々山台4":[34.491427,135.582511],"新家2":[34.490744,135.588777],"桜ケ丘町":[34.496381,135.587482],"小金台4":[34.493779,135.583297],"向陽台5":[34.508636,135.582304],"向陽台2":[34.501917,135.58235],"小金台2":[34.499845,135.582367],"大字新堂":[34.508471,135.59713],"錦織北2":[34.484567,135.586103],"錦織北1":[34.48924,135.588485],"大字横山":[34.467367,135.589201],"錦織中2":[34.480375,135.585234],"大字甘南備":[34.451216,135.613061],"向陽台1":[34.501269,135.584323],"小金台1":[34.497433,135.5848],"錦織中1":[34.483673,135.587314],"美山台":[34.499837,135.58931],"宮甲田町":[34.495387,135.589948],"新家1":[34.49232,135.588405],"大字喜志":[34.523554,135.602341],"大字彼方":[34.47726,135.601023],"錦織東2":[34.485318,135.588993],"不動ケ丘町":[34.473612,135.589244],"梅の里3":[34.52975,135.594829],"梅の里4":[34.526891,135.594127],"大字毛人谷":[34.505234,135.594998],"富美ケ丘町":[34.503542,135.592265],"錦織東1":[34.489192,135.593806],"錦ケ丘町":[34.499306,135.591419],"甲田4":[34.492036,135.590464],"甲田3":[34.491431,135.59393],"甲田5":[34.494711,135.591973],"寿町4":[34.499245,135.593432],"甲田6":[34.495586,135.593079],"甲田2":[34.494376,135.597181],"寿町3":[34.503481,135.594337],"大字中野":[34.512335,135.599414],"甲田1":[34.496192,135.598994],"大字龍泉":[34.459542,135.608475],"梅の里1":[34.523812,135.60111],"寿町1":[34.500601,135.596097],"寿町2":[34.502752,135.59777],"梅の里2":[34.527333,135.599577],"昭和町1":[34.504735,135.600575],"大字佐備":[34.453502,135.614709],"常盤町":[34.501485,135.599105],"西板持町4":[34.487863,135.604248],"楠風台1":[34.48285,135.599233],"南旭ケ丘町":[34.515683,135.602041],"昭和町2":[34.507169,135.599881],"西板持町1":[34.494767,135.601815],"若松町西1":[34.506455,135.603377],"宮町3":[34.52322,135.603039],"平町2":[34.528567,135.60286],"谷川町":[34.498486,135.601012],"本町":[34.503519,135.602727],"楠風台2":[34.485707,135.601788],"緑ケ丘町":[34.51066,135.601297],"西板持町5":[34.48702,135.605285],"富田林町":[34.500071,135.606573],"宮町1":[34.518031,135.605677],"若松町西2":[34.507865,135.603589],"平町1":[34.523878,135.603137],"若松町西3":[34.509672,135.604016],"中野町西1":[34.511917,135.604369],"中野町西2":[34.514302,135.605026],"楠風台3":[34.484042,135.604214],"宮町2":[34.518587,135.605596],"西板持町3":[34.493623,135.604689],"西板持町2":[34.495941,135.605903],"若松町1":[34.501708,135.607177],"若松町2":[34.506572,135.606705],"喜志新家町1":[34.527208,135.60772],"喜志新家町2":[34.529066,135.607737],"喜志町5":[34.524249,135.607287],"旭ケ丘町":[34.521349,135.606867],"若松町5":[34.510452,135.607582],"西板持町6":[34.488886,135.606981],"西板持町7":[34.490787,135.606512],"中野町1":[34.514177,135.608448],"西板持町8":[34.492681,135.607843],"川向町":[34.498044,135.609063],"粟ケ池町":[34.515329,135.60627],"清水町":[34.503492,135.610425],"桜井町2":[34.520358,135.609277],"若松町3":[34.505894,135.609785],"東板持町3":[34.487824,135.610941],"山手町":[34.483275,135.610103],"東板持町2":[34.489318,135.611579],"喜志町3":[34.52432,135.610571],"若松町4":[34.51031,135.610817],"喜志町4":[34.526024,135.610443],"西板持町9":[34.496514,135.610198],"中野町3":[34.515143,135.610846],"中野町2":[34.513264,135.611398],"桜井町1":[34.520195,135.613849],"大字東板持":[34.477364,135.616789],"山中田町1":[34.49666,135.61588],"東板持町1":[34.490511,135.612097],"若松町東1":[34.506369,135.614403],"喜志町2":[34.522634,135.614002],"山中田町2":[34.496158,135.615922],"若松町東2":[34.508948,135.612621],"木戸山町":[34.524541,135.613851],"中野町東1":[34.514839,135.612861],"山中田町3":[34.493106,135.612393],"北大伴町4":[34.49846,135.617123],"北大伴町1":[34.501692,135.617283],"川面町1":[34.519809,135.616355],"若松町東3":[34.510482,135.615805],"中野町東2":[34.514613,135.615981],"川面町2":[34.517653,135.616191],"かがり台":[34.493157,135.616938],"楠町":[34.504674,135.617809],"喜志町1":[34.525057,135.617007],"南大伴町1":[34.494582,135.619961],"南大伴町4":[34.495124,135.618002],"北大伴町2":[34.503287,135.620149],"南大伴町2":[34.497463,135.621111],"北大伴町3":[34.499594,135.621196],"西条町1":[34.51543,135.620506],"西条町2":[34.524191,135.622264],"南大伴町3":[34.493441,135.622202],"別井1":[34.496884,135.624897],"別井5":[34.491321,135.625284],"通法寺町":[34.52504,135.626438],"別井4":[34.48692,135.626323],"別井2":[34.494745,135.627526],"別井3":[34.491737,135.627314]}