{"天美西6":[34.587545,135.525885],"天美我堂7":[34.583004,135.525072],"天美我堂3":[34.58188,135.524589],"天美我堂2":[34.579684,135.525836],"天美西7":[34.593318,135.524304],"天美西4":[34.592985,135.525467],"天美我堂6":[34.585928,135.526983],"天美我堂1":[34.578465,135.528218],"天美我堂4":[34.582529,135.528102],"天美西5":[34.587826,135.525961],"天美西3":[34.593206,135.528694],"天美我堂5":[34.583466,135.528233],"天美西1":[34.588473,135.530486],"天美西2":[34.590118,135.530269],"北新町5":[34.58248,135.528584],"北新町6":[34.579361,135.53141],"北新町4":[34.583075,135.532647],"天美南6":[34.585385,135.532124],"天美北7":[34.593661,135.531532],"天美東9":[34.589944,135.533276],"天美北8":[34.595404,135.532351],"天美東8":[34.588631,135.532011],"天美南5":[34.584118,135.533798],"南新町6":[34.577625,135.534788],"北新町3":[34.579169,135.532821],"天美北5":[34.595944,135.533108],"南新町5":[34.575786,135.533599],"北新町2":[34.580035,135.535529],"南新町4":[34.57367,135.534304],"天美北6":[34.59428,135.536765],"天美南4":[34.582595,135.536509],"天美東6":[34.590781,135.5371],"天美東5":[34.592097,135.536691],"天美東7":[34.588381,135.538661],"天美南3":[34.583565,135.536782],"南新町1":[34.575525,135.535707],"河合5":[34.568641,135.540112],"南新町3":[34.574069,135.537817],"天美北4":[34.596835,135.541592],"河合6":[34.567972,135.539694],"天美北3":[34.594413,135.537968],"天美北1":[34.592981,135.541119],"北新町1":[34.580581,135.537285],"天美東2":[34.589466,135.538511],"天美東4":[34.590852,135.537652],"南新町2":[34.573153,135.539436],"天美南2":[34.583353,135.539238],"東新町1":[34.582159,135.538373],"東新町2":[34.580493,135.542583],"東新町3":[34.577118,135.543384],"河合4":[34.569721,135.541059],"天美東1":[34.58794,135.539632],"東新町4":[34.57653,135.540366],"東新町5":[34.573214,135.541618],"天美南1":[34.583038,135.540767],"天美北2":[34.594857,135.542093],"天美東3":[34.592981,135.542672],"河合2":[34.568825,135.54477],"三宅西2":[34.585038,135.543335],"河合3":[34.566079,135.541601],"三宅西7":[34.592998,135.546058],"田井城4":[34.578977,135.545663],"高見の里2":[34.577516,135.545333],"三宅西4":[34.589407,135.548],"田井城5":[34.581426,135.547044],"田井城6":[34.583438,135.54625],"高見の里3":[34.570749,135.54657],"三宅西6":[34.590858,135.544065],"河合1":[34.567907,135.547767],"三宅西5":[34.590992,135.548697],"三宅西3":[34.588161,135.548939],"高見の里4":[34.573357,135.548217],"高見の里1":[34.576488,135.549831],"高見の里6":[34.570966,135.54765],"高見の里5":[34.572742,135.547731],"田井城3":[34.57762,135.548075],"岡7":[34.560064,135.550101],"丹南1":[34.555311,135.552031],"新堂5":[34.565594,135.549822],"田井城2":[34.581468,135.549177],"田井城1":[34.579442,135.550492],"三宅中5":[34.589117,135.550848],"三宅中1":[34.586572,135.551336],"上田4":[34.575251,135.554083],"新堂1":[34.572598,135.552903],"新堂4":[34.564705,135.551795],"岡1":[34.562681,135.551893],"三宅中7":[34.594188,135.551911],"上田1":[34.576569,135.5549],"三宅中6":[34.592465,135.554047],"阿保2":[34.583019,135.552082],"阿保1":[34.580125,135.5513],"三宅中2":[34.586211,135.552677],"阿保3":[34.577438,135.555609],"岡5":[34.562305,135.556098],"新堂2":[34.56987,135.556066],"岡2":[34.565112,135.554614],"新堂3":[34.568828,135.556161],"丹南2":[34.558651,135.553306],"岡6":[34.560362,135.556082],"上田3":[34.575397,135.558533],"阿保5":[34.58462,135.556565],"三宅中3":[34.585566,135.556111],"三宅中4":[34.592592,135.554834],"阿保4":[34.578199,135.556649],"丹南5":[34.556845,135.555593],"上田5":[34.572693,135.555173],"丹南3":[34.558206,135.555418],"上田2":[34.57639,135.560588],"阿保6":[34.58151,135.557214],"三宅東5":[34.592212,135.558882],"三宅東6":[34.594536,135.558145],"三宅東1":[34.585187,135.557823],"柴垣1":[34.569152,135.558568],"岡3":[34.565088,135.558634],"岡4":[34.560501,135.558942],"上田7":[34.57049,135.55713],"丹南4":[34.559621,135.558251],"阿保7":[34.580827,135.557837],"三宅東4":[34.589688,135.560717],"上田6":[34.575028,135.562682],"松ケ丘1":[34.579371,135.560305],"立部1":[34.565437,135.561466],"松ケ丘2":[34.582023,135.564227],"松ケ丘3":[34.583489,135.563807],"上田8":[34.570732,135.563274],"松ケ丘4":[34.580718,135.564723],"三宅東7":[34.593934,135.56231],"柴垣2":[34.565892,135.561769],"立部5":[34.56035,135.560133],"立部2":[34.564053,135.563432],"西野々1":[34.575985,135.566967],"西大塚1":[34.574994,135.567064],"別所3":[34.584189,135.565633],"別所7":[34.589959,135.564425],"西野々2":[34.577402,135.56609],"別所6":[34.587697,135.563839],"西大塚2":[34.568421,135.568095],"立部3":[34.565296,135.56769],"別所5":[34.586407,135.567732],"立部4":[34.560278,135.566472],"別所8":[34.590696,135.566708],"別所1":[34.582161,135.565612],"別所2":[34.583404,135.571016],"一津屋1":[34.577155,135.56827],"別所4":[34.587359,135.569016],"一津屋3":[34.583226,135.572258],"大堀2":[34.586016,135.569544],"大堀3":[34.589328,135.573861],"大堀4":[34.592497,135.573114],"一津屋4":[34.580443,135.574421],"一津屋5":[34.582027,135.575441],"一津屋6":[34.582994,135.57337],"小川5":[34.585487,135.576892],"小川1":[34.582538,135.576524],"若林2":[34.587429,135.582498],"大堀5":[34.589689,135.578371],"小川4":[34.585568,135.577619],"若林1":[34.589247,135.57905],"小川3":[34.584698,135.581679],"一津屋2":[34.57928,135.568817],"大堀1":[34.584749,135.573913],"三宅中8":[34.593631,135.554912],"三宅東2":[34.585809,135.56199],"天美西8":[34.594111,135.524924],"小川6":[34.58777,135.580779],"三宅西1":[34.583458,135.549059],"別所9":[34.593544,135.566409],"三宅東3":[34.589074,135.561403],"丹南6":[34.555685,135.554125]}