{"滝畑":[34.368623,135.560889],"天野町":[34.434956,135.540442],"下里町":[34.450286,135.535299],"日野":[34.421676,135.55289],"小山田町":[34.45253,135.539205],"旭ケ丘":[34.427673,135.544889],"緑ケ丘北町":[34.450526,135.545344],"緑ケ丘中町":[34.446221,135.543663],"緑ケ丘南町":[34.444558,135.544111],"上原町":[34.449158,135.557937],"高向":[34.427632,135.5608],"荘園町":[34.459688,135.552481],"加賀田":[34.427882,135.571517],"南花台5":[34.428269,135.552874],"上原西町":[34.449135,135.556677],"南花台6":[34.433313,135.558132],"寿町":[34.451583,135.559061],"あかしあ台2":[34.467658,135.554114],"南花台4":[34.426685,135.557814],"南花台3":[34.430461,135.557734],"自由ケ丘":[34.472865,135.555246],"あかしあ台1":[34.471172,135.557892],"桐ケ丘":[34.47355,135.556898],"北貴望ケ丘":[34.467075,135.561381],"南貴望ケ丘":[34.465565,135.561023],"松ケ丘西町":[34.473146,135.560005],"南花台7":[34.433871,135.559664],"大矢船西町":[34.412133,135.558466],"南花台2":[34.430413,135.559677],"南花台1":[34.434428,135.564165],"大矢船中町":[34.419177,135.562194],"松ケ丘中町":[34.474558,135.562309],"楠町西":[34.466772,135.562742],"錦町":[34.452347,135.567686],"木戸町":[34.471471,135.575012],"野作町":[34.453891,135.563896],"大矢船南町":[34.415599,135.562081],"昭栄町":[34.454005,135.561445],"大矢船北町":[34.424909,135.561774],"楠ケ丘":[34.437826,135.564347],"南花台8":[34.435083,135.563115],"松ケ丘東町":[34.474991,135.563008],"栄町":[34.45161,135.569654],"千代田台町":[34.46142,135.564104],"西之山町":[34.45595,135.564549],"上田町":[34.442983,135.571693],"楠町東":[34.4684,135.565875],"南ケ丘":[34.411628,135.566437],"喜多町":[34.447318,135.571881],"原町2":[34.461352,135.564825],"木戸西町3":[34.463773,135.565579],"小塩町":[34.433166,135.568124],"木戸2":[34.473078,135.568948],"木戸3":[34.474752,135.570957],"原町1":[34.458992,135.568316],"西代町":[34.452255,135.569547],"木戸西町2":[34.463848,135.566758],"本多町":[34.455234,135.569071],"原町6":[34.456463,135.56895],"原町3":[34.460807,135.567957],"木戸1":[34.470674,135.570815],"北青葉台":[34.422556,135.572582],"木戸西町1":[34.463555,135.568927],"千代田南町":[34.46463,135.574345],"三日市町":[34.437951,135.578885],"唐久谷":[34.398403,135.578662],"原町4":[34.458771,135.570387],"流谷":[34.391759,135.584473],"南青葉台":[34.413062,135.57341],"西片添町":[34.429382,135.571367],"原町5":[34.458823,135.571703],"長野町":[34.449486,135.57299],"古野町":[34.455541,135.574442],"本町":[34.453729,135.573753],"市町":[34.466529,135.578336],"中片添町":[34.431319,135.576769],"木戸東町":[34.475318,135.575043],"大師町":[34.441904,135.579145],"清水":[34.407697,135.588957],"向野町":[34.462263,135.577999],"石仏":[34.421543,135.578274],"東片添町":[34.431987,135.580416],"美加の台1":[34.426231,135.581751],"末広町":[34.444728,135.578197],"菊水町":[34.453917,135.576227],"原町":[34.460563,135.574338],"清見台1":[34.43746,135.579901],"日東町":[34.439901,135.583011],"河合寺":[34.442126,135.586416],"清見台5":[34.432931,135.580985],"天見":[34.392117,135.619245],"汐の宮町":[34.467497,135.582134],"岩瀬":[34.409851,135.609552],"美加の台7":[34.422202,135.586651],"清見台3":[34.435019,135.583918],"神ガ丘":[34.426083,135.600774],"清見台2":[34.437079,135.585225],"美加の台2":[34.427375,135.586105],"清見台4":[34.434537,135.586403],"美加の台6":[34.424258,135.590606],"美加の台3":[34.423688,135.593362],"寺元":[34.43166,135.604839],"美加の台4":[34.419766,135.59638],"美加の台5":[34.422827,135.592679],"鳩原":[34.428397,135.617319],"太井":[34.415605,135.62341],"小深":[34.413461,135.638363],"石見川":[34.390533,135.653833]}