{"南高砂":[34.529498,135.397361],"高砂3":[34.543464,135.411632],"高砂2":[34.525723,135.420845],"高砂1":[34.538566,135.430377],"高師浜丁":[34.52863,135.428998],"千代田6":[34.519832,135.425933],"千代田5":[34.518844,135.428735],"綾園7":[34.514851,135.428547],"千代田4":[34.522148,135.427939],"千代田2":[34.525044,135.430483],"綾園5":[34.517049,135.431057],"千代田3":[34.520892,135.431135],"高師浜4":[34.527356,135.432469],"千代田1":[34.523048,135.433514],"綾園3":[34.519245,135.4335],"高師浜2":[34.529408,135.434289],"高師浜3":[34.524454,135.436469],"綾園4":[34.517466,135.435701],"綾園1":[34.521385,135.435794],"羽衣4":[34.531677,135.432206],"高師浜1":[34.526216,135.438018],"綾園6":[34.517381,135.439991],"綾園2":[34.51742,135.441256],"加茂1":[34.524788,135.439916],"羽衣5":[34.530855,135.439722],"羽衣2":[34.539085,135.44077],"加茂2":[34.524501,135.440024],"羽衣3":[34.533548,135.441162],"西取石8":[34.516382,135.442055],"加茂3":[34.522392,135.442856],"羽衣1":[34.538522,135.443124],"西取石7":[34.514636,135.444185],"東羽衣7":[34.52747,135.442131],"東羽衣5":[34.52986,135.445292],"加茂4":[34.517358,135.442932],"東羽衣3":[34.534181,135.444023],"東羽衣6":[34.526835,135.445694],"東羽衣1":[34.533563,135.447409],"西取石6":[34.51966,135.446194],"東羽衣2":[34.53273,135.447041],"西取石3":[34.521568,135.449983],"取石5":[34.513223,135.447667],"西取石5":[34.518992,135.447623],"東羽衣4":[34.527268,135.446117],"西取石1":[34.524641,135.452617],"取石4":[34.514574,135.449497],"取石6":[34.514733,135.454046],"取石3":[34.519371,135.45521],"取石2":[34.52161,135.457538],"取石1":[34.52369,135.45546],"取石7":[34.519156,135.459456]}