{"野":[34.562005,135.569889],"郡戸":[34.553283,135.570059],"南恵我之荘8":[34.575079,135.568576],"恵我之荘6":[34.57691,135.572495],"南恵我之荘6":[34.569518,135.570894],"南恵我之荘5":[34.566782,135.57263],"南恵我之荘7":[34.57043,135.571452],"恵我之荘5":[34.574567,135.572289],"河原城":[34.554251,135.58],"南恵我之荘1":[34.571841,135.573158],"恵我之荘4":[34.576175,135.573801],"南恵我之荘4":[34.566422,135.573605],"恵我之荘3":[34.576972,135.573269],"南恵我之荘2":[34.568752,135.574959],"南恵我之荘3":[34.567372,135.573532],"恵我之荘1":[34.573226,135.577747],"恵我之荘2":[34.576241,135.575988],"向野3":[34.561685,135.575003],"向野":[34.55617,135.580233],"樫山":[34.555509,135.579975],"向野2":[34.562462,135.579094],"高鷲10":[34.569706,135.578239],"島泉1":[34.57171,135.579241],"向野1":[34.565312,135.577248],"埴生野":[34.542583,135.577221],"島泉3":[34.576341,135.580968],"島泉4":[34.580207,135.577911],"島泉2":[34.574832,135.58087],"高鷲8":[34.568666,135.58087],"島泉5":[34.581878,135.579489],"桃山台4":[34.549074,135.582462],"高鷲7":[34.56741,135.581943],"桃山台3":[34.551853,135.580504],"学園前5":[34.54545,135.582496],"はびきの5":[34.553428,135.586369],"学園前6":[34.547762,135.582206],"高鷲9":[34.570882,135.580831],"島泉6":[34.578366,135.581762],"高鷲6":[34.565148,135.584013],"羽曳が丘西6":[34.544532,135.580948],"伊賀6":[34.564407,135.582855],"はびきの7":[34.552546,135.581954],"羽曳が丘西7":[34.54109,135.583678],"はびきの6":[34.552292,135.584262],"学園前3":[34.54629,135.587573],"高鷲2":[34.566854,135.584],"羽曳が丘西5":[34.54422,135.584406],"島泉8":[34.575443,135.585083],"桃山台2":[34.549731,135.58455],"伊賀4":[34.557915,135.582818],"島泉7":[34.578237,135.584767],"高鷲1":[34.570097,135.586196],"伊賀5":[34.558606,135.583115],"伊賀1":[34.56416,135.584838],"羽曳が丘西4":[34.540261,135.585429],"桃山台1":[34.547985,135.586036],"伊賀2":[34.558482,135.587063],"島泉9":[34.573432,135.582948],"高鷲3":[34.566996,135.588521],"学園前1":[34.546953,135.591432],"伊賀3":[34.557406,135.586941],"羽曳が丘西1":[34.538113,135.591618],"高鷲5":[34.565488,135.587623],"羽曳が丘西3":[34.543388,135.587664],"はびきの4":[34.557125,135.588837],"はびきの3":[34.54999,135.591854],"羽曳が丘10":[34.535001,135.589154],"野々上5":[34.559929,135.590018],"学園前4":[34.544023,135.587293],"高鷲4":[34.564135,135.590019],"野々上4":[34.557813,135.588745],"羽曳が丘9":[34.537942,135.592015],"羽曳が丘西2":[34.540333,135.592019],"羽曳が丘4":[34.542788,135.5905],"学園前2":[34.546177,135.590257],"羽曳が丘2":[34.546211,135.593234],"野々上1":[34.563436,135.595605],"尺度":[34.5336,135.607368],"羽曳が丘1":[34.545052,135.595126],"羽曳が丘6":[34.540146,135.592731],"野々上3":[34.554893,135.595523],"はびきの2":[34.551384,135.594313],"はびきの1":[34.553834,135.59266],"野々上2":[34.561518,135.592558],"羽曳が丘8":[34.536319,135.593417],"羽曳が丘3":[34.540568,135.598078],"羽曳が丘5":[34.541163,135.596765],"羽曳が丘7":[34.537219,135.597129],"軽里2":[34.551844,135.59707],"蔵之内":[34.535466,135.607546],"西浦4":[34.543065,135.599546],"軽里1":[34.554755,135.595938],"西浦5":[34.548118,135.596284],"西浦6":[34.548751,135.596978],"軽里3":[34.552371,135.604423],"西浦3":[34.54211,135.604068],"西浦":[34.534476,135.609359],"翠鳥園":[34.555443,135.6023],"西浦1":[34.548283,135.607797],"白鳥3":[34.55633,135.605862],"白鳥1":[34.551399,135.606366],"西浦2":[34.544284,135.607102],"白鳥2":[34.554671,135.607805],"誉田5":[34.56313,135.606691],"誉田4":[34.559617,135.605497],"誉田3":[34.559118,135.610616],"栄町":[34.550353,135.606432],"東阪田":[34.534228,135.609111],"古市7":[34.548132,135.608062],"古市4":[34.550821,135.609534],"古市6":[34.542598,135.610773],"古市5":[34.548247,135.610334],"誉田2":[34.555462,135.60999],"古市1":[34.554009,135.609581],"古市":[34.550591,135.617773],"誉田1":[34.555151,135.610296],"誉田6":[34.564749,135.611207],"古市3":[34.550056,135.613735],"古市2":[34.553944,135.613972],"南古市2":[34.544775,135.6149],"南古市1":[34.545414,135.614809],"碓井1":[34.555088,135.613119],"壺井":[34.534438,135.61738],"誉田7":[34.563322,135.616765],"大黒":[34.543727,135.621145],"広瀬":[34.526089,135.615331],"碓井2":[34.556231,135.617335],"碓井3":[34.5594,135.61942],"碓井4":[34.560856,135.618942],"通法寺":[34.525905,135.627628],"川向":[34.551441,135.6197],"駒ケ谷":[34.546544,135.63566],"飛鳥":[34.536881,135.640326],"誉田":[34.556061,135.63446],"伊賀":[34.555916,135.581123],"南古市3":[34.543264,135.615897]}