{"本郷4":[34.589598,135.615751],"本郷5":[34.592518,135.614816],"大正2":[34.585617,135.616506],"大正3":[34.587554,135.614681],"本郷3":[34.592544,135.616388],"本郷2":[34.588916,135.616376],"本郷1":[34.58931,135.619625],"今町2":[34.589967,135.619815],"大正1":[34.586465,135.621514],"堂島町":[34.591367,135.621377],"古町3":[34.584697,135.620029],"今町1":[34.588312,135.620523],"河原町":[34.593121,135.623786],"古町1":[34.584634,135.621017],"法善寺3":[34.596292,135.626046],"上市1":[34.581779,135.624817],"清州1":[34.589066,135.622352],"円明町":[34.562385,135.622866],"古町2":[34.582625,135.621529],"石川町":[34.571647,135.625446],"玉手町":[34.567804,135.628832],"清州2":[34.589465,135.625245],"法善寺1":[34.590173,135.625533],"上市2":[34.581412,135.626606],"上市4":[34.586008,135.625466],"上市3":[34.581591,135.627271],"法善寺4":[34.597216,135.626027],"片山町":[34.573866,135.626973],"法善寺2":[34.591197,135.627144],"大県2":[34.587172,135.627674],"太平寺1":[34.582426,135.628574],"大県3":[34.59015,135.62918],"平野1":[34.590638,135.629142],"安堂町":[34.576814,135.634679],"旭ケ丘1":[34.562812,135.633472],"旭ケ丘2":[34.559492,135.630129],"太平寺2":[34.583646,135.635901],"大県4":[34.585589,135.63592],"平野2":[34.594541,135.634836],"山ノ井町":[34.599141,135.635349],"大字高井田":[34.578204,135.640815],"国分西1":[34.567471,135.635159],"国分西2":[34.564509,135.636216],"旭ケ丘3":[34.558129,135.639529],"大字安堂":[34.582423,135.641422],"国分本町1":[34.567731,135.635471],"旭ケ丘4":[34.555169,135.645518],"国分本町2":[34.565883,135.636271],"国分本町3":[34.568403,135.638875],"田辺1":[34.560982,135.64266],"国分本町4":[34.565909,135.638987],"田辺2":[34.559418,135.646289],"国分本町7":[34.561764,135.64735],"国分本町6":[34.565745,135.639966],"国分本町5":[34.56801,135.643797],"大字雁多尾畑":[34.588422,135.654492],"国分市場2":[34.566464,135.646388],"国分市場1":[34.569718,135.651818],"国分東条町":[34.575046,135.666436],"大字青谷":[34.577834,135.663142],"大字本堂":[34.597048,135.672726],"大字峠":[34.580519,135.672413],"大県1":[34.587076,135.627091],"大字平野":[34.588665,135.63905],"大県":[34.59279,135.644857],"大字太平寺":[34.586519,135.641531]}