{"森町西1":[34.885842,135.445948],"下止々呂美":[34.88237,135.463973],"瀬川1":[34.817232,135.453076],"瀬川5":[34.809797,135.45324],"森町北1":[34.895272,135.456233],"瀬川3":[34.812872,135.455734],"瀬川2":[34.814522,135.454232],"森町南1":[34.887964,135.460835],"新稲7":[34.825431,135.453175],"桜ケ丘5":[34.819591,135.45207],"新稲6":[34.826861,135.454742],"桜ケ丘4":[34.820441,135.455029],"森町南3":[34.887521,135.455533],"瀬川4":[34.810671,135.456418],"半町1":[34.820146,135.456626],"新稲2":[34.833283,135.454235],"半町2":[34.816331,135.459423],"桜ケ丘1":[34.825209,135.459812],"桜ケ丘3":[34.819364,135.457566],"新稲5":[34.827346,135.459134],"半町3":[34.814084,135.460532],"森町南2":[34.889317,135.458872],"半町4":[34.811768,135.461416],"桜ケ丘2":[34.823678,135.460848],"森町中1":[34.888953,135.463483],"森町北2":[34.901583,135.462111],"桜井1":[34.820067,135.464919],"新稲1":[34.832479,135.463749],"桜井2":[34.818607,135.464766],"新稲4":[34.8284,135.461953],"桜6":[34.819984,135.461028],"桜3":[34.824979,135.461648],"森町中3":[34.893264,135.464935],"箕面8":[34.8367,135.467044],"新稲3":[34.829678,135.46638],"桜井3":[34.816074,135.466663],"桜2":[34.827197,135.463609],"森町中2":[34.89233,135.465225],"桜4":[34.822793,135.465724],"箕面":[34.855007,135.470683],"桜5":[34.822049,135.464903],"桜1":[34.826002,135.463069],"上止々呂美":[34.901208,135.474465],"箕面7":[34.834172,135.466387],"温泉町":[34.840972,135.468821],"百楽荘4":[34.819634,135.46791],"百楽荘3":[34.820575,135.468179],"箕面6":[34.833593,135.470081],"西小路1":[34.830927,135.467779],"百楽荘2":[34.821396,135.467854],"百楽荘1":[34.824044,135.468123],"西小路4":[34.826901,135.470585],"西小路5":[34.826327,135.470569],"牧落5":[34.820105,135.472599],"箕面1":[34.835341,135.469422],"箕面公園":[34.848099,135.473324],"西小路2":[34.828558,135.470335],"牧落1":[34.82347,135.471561],"牧落2":[34.821888,135.471493],"箕面2":[34.84046,135.474951],"西小路3":[34.827753,135.474209],"箕面5":[34.830856,135.474427],"箕面3":[34.835556,135.478293],"牧落3":[34.82472,135.474863],"牧落4":[34.821324,135.47588],"箕面4":[34.833391,135.478245],"稲1":[34.826609,135.478566],"稲2":[34.822905,135.478582],"如意谷5":[34.845193,135.481461],"如意谷3":[34.839906,135.481543],"坊島1":[34.831106,135.479549],"稲6":[34.820496,135.48392],"稲4":[34.820408,135.478594],"稲3":[34.824807,135.480734],"如意谷1":[34.835054,135.481802],"稲5":[34.822316,135.484043],"萱野3":[34.828486,135.485281],"坊島2":[34.834701,135.482272],"萱野1":[34.832011,135.484937],"如意谷4":[34.8389,135.485185],"如意谷2":[34.838126,135.485411],"萱野5":[34.825303,135.487069],"坊島3":[34.834743,135.485058],"船場西3":[34.817557,135.491436],"船場西1":[34.823334,135.488765],"船場西2":[34.820218,135.490126],"萱野2":[34.830284,135.488154],"坊島5":[34.835854,135.488067],"白島3":[34.839051,135.491855],"坊島4":[34.832034,135.488173],"萱野4":[34.827316,135.48827],"白島2":[34.8352,135.495732],"白島":[34.844185,135.489633],"白島1":[34.834068,135.494346],"西宿1":[34.832459,135.494449],"西宿2":[34.831841,135.495567],"船場東1":[34.827068,135.494594],"船場東2":[34.826415,135.495517],"船場東3":[34.825391,135.497034],"大字粟生間谷":[34.865161,135.492092],"石丸2":[34.838586,135.498909],"石丸1":[34.834768,135.499438],"石丸3":[34.842475,135.496475],"西宿3":[34.829388,135.496608],"今宮1":[34.834439,135.498095],"今宮2":[34.831422,135.498575],"今宮4":[34.828562,135.500421],"外院3":[34.843441,135.501581],"外院2":[34.841517,135.501451],"今宮3":[34.83132,135.504507],"外院1":[34.835569,135.502981],"粟生間谷西5":[34.848315,135.508422],"粟生外院6":[34.846089,135.504294],"粟生外院2":[34.839119,135.504314],"粟生外院1":[34.837232,135.506573],"粟生間谷西6":[34.85167,135.508726],"粟生外院5":[34.842561,135.505621],"小野原西3":[34.831715,135.51064],"粟生新家1":[34.835127,135.510645],"彩都粟生北3":[34.8591,135.507674],"粟生外院3":[34.839684,135.507103],"粟生間谷西4":[34.845529,135.509433],"小野原西4":[34.829843,135.508348],"彩都粟生北2":[34.860417,135.513481],"彩都粟生南7":[34.853471,135.511441],"彩都粟生北4":[34.863727,135.510783],"粟生新家2":[34.838192,135.511742],"粟生外院4":[34.840362,135.50948],"粟生間谷西2":[34.84156,135.513148],"粟生間谷西7":[34.851054,135.511865],"彩都粟生北7":[34.861689,135.512603],"粟生新家5":[34.840773,135.512468],"粟生間谷西3":[34.843406,135.515219],"小野原西2":[34.833444,135.515415],"彩都粟生北5":[34.863571,135.51393],"小野原西1":[34.834239,135.514944],"彩都粟生南6":[34.855255,135.514764],"小野原西6":[34.829909,135.515382],"小野原西5":[34.830633,135.51554],"粟生間谷東5":[34.845275,135.518842],"粟生新家3":[34.836545,135.51478],"彩都粟生北1":[34.859077,135.514922],"粟生間谷東6":[34.851888,135.515136],"粟生間谷西1":[34.841888,135.516088],"彩都粟生北6":[34.862087,135.514808],"彩都粟生南5":[34.857009,135.516127],"粟生間谷東8":[34.855303,135.517425],"粟生間谷東1":[34.843991,135.518548],"粟生新家4":[34.836104,135.518569],"粟生間谷東7":[34.849484,135.51847],"小野原東1":[34.834661,135.522238],"小野原東2":[34.833812,135.521819],"小野原東3":[34.831708,135.520359],"小野原東5":[34.82769,135.521294],"彩都粟生南4":[34.855683,135.519295],"粟生間谷東2":[34.841595,135.524801],"彩都粟生南3":[34.849936,135.521318],"彩都粟生南2":[34.848372,135.521513],"小野原東4":[34.834366,135.525097],"小野原東6":[34.830205,135.525929],"彩都粟生南1":[34.846848,135.524912],"粟生間谷東3":[34.843749,135.525719]}