{"足代1":[34.661604,135.562803],"足代新町":[34.664813,135.561858],"足代北1":[34.66663,135.559311],"岸田堂西1":[34.655646,135.562367],"岸田堂西2":[34.654551,135.562661],"足代北2":[34.665704,135.561709],"寿町3":[34.65247,135.565692],"渋川町1":[34.649247,135.56494],"渋川町2":[34.647485,135.564702],"足代南1":[34.659467,135.562841],"渋川町3":[34.644856,135.564451],"渋川町4":[34.642687,135.564753],"長堂1":[34.668776,135.564821],"高井田西1":[34.67048,135.564334],"高井田西2":[34.670908,135.564637],"高井田西3":[34.674496,135.564519],"高井田西4":[34.676063,135.564593],"岸田堂南町":[34.653278,135.566015],"岸田堂北町":[34.655777,135.56514],"足代南2":[34.660736,135.565517],"三ノ瀬1":[34.657816,135.565537],"足代2":[34.663702,135.564821],"高井田西5":[34.677778,135.564638],"高井田西6":[34.679465,135.566347],"森河内西1":[34.684606,135.567327],"足代3":[34.662055,135.566205],"柏田西3":[34.645284,135.568871],"長堂2":[34.668037,135.566203],"森河内西2":[34.685918,135.57211],"寺前町1":[34.656751,135.566697],"高井田本通1":[34.670415,135.566427],"柏田西2":[34.647456,135.569349],"寺前町2":[34.652911,135.567067],"高井田本通3":[34.673087,135.566443],"柏田西1":[34.648847,135.569854],"三ノ瀬2":[34.658561,135.566419],"衣摺6":[34.642261,135.568027],"高井田本通5":[34.677762,135.566283],"寿町2":[34.650382,135.568549],"長堂3":[34.667792,135.569024],"荒川3":[34.65898,135.572319],"荒川1":[34.661891,135.569098],"荒川2":[34.658419,135.57137],"三ノ瀬3":[34.659342,135.567629],"高井田本通2":[34.671256,135.568038],"太平寺1":[34.657092,135.568775],"高井田本通4":[34.674834,135.568158],"高井田本通6":[34.678017,135.568545],"太平寺2":[34.654532,135.568908],"高井田本通7":[34.678667,135.571817],"衣摺5":[34.639329,135.571162],"森河内東1":[34.680908,135.572287],"寿町1":[34.652135,135.570405],"高井田中1":[34.669233,135.572071],"高井田中2":[34.671544,135.571987],"衣摺2":[34.643538,135.574691],"高井田中3":[34.673327,135.571954],"大蓮北4":[34.637799,135.572838],"高井田中4":[34.674929,135.571932],"俊徳町4":[34.653877,135.574176],"俊徳町5":[34.653367,135.574935],"高井田中5":[34.676736,135.571937],"大蓮南5":[34.634728,135.573029],"柏田本町":[34.645256,135.573674],"俊徳町1":[34.656908,135.572531],"森河内東2":[34.683237,135.57288],"俊徳町2":[34.655951,135.573084],"長栄寺":[34.664987,135.572185],"俊徳町3":[34.654966,135.573794],"長瀬町3":[34.649433,135.572096],"稲田本町1":[34.683406,135.579251],"柏田東町":[34.646188,135.574986],"衣摺3":[34.640227,135.577298],"衣摺4":[34.63949,135.577483],"川俣2":[34.686283,135.574545],"高井田":[34.66955,135.574566],"高井田元町1":[34.666404,135.574264],"永和1":[34.658984,135.573828],"川俣1":[34.682001,135.577582],"横沼町3":[34.65662,135.578091],"長瀬町2":[34.649395,135.576096],"長瀬町1":[34.650779,135.576829],"新喜多1":[34.66951,135.575769],"大蓮北3":[34.636619,135.577673],"大蓮南4":[34.635631,135.577793],"横沼町2":[34.655905,135.577996],"新喜多2":[34.67087,135.576047],"永和2":[34.662806,135.576088],"西堤西":[34.677644,135.574191],"高井田元町2":[34.664382,135.577624],"衣摺1":[34.643924,135.577551],"西堤1":[34.678034,135.578591],"横沼町1":[34.654172,135.577355],"西堤楠町3":[34.674731,135.576929],"大蓮南3":[34.633595,135.577988],"吉松2":[34.644959,135.577405],"西堤楠町2":[34.673045,135.576321],"西堤楠町1":[34.671905,135.576393],"永和3":[34.658047,135.577679],"菱屋西6":[34.667429,135.579826],"菱屋西4":[34.660443,135.578621],"西堤本通西1":[34.669743,135.578983],"吉松1":[34.648458,135.578377],"菱屋西2":[34.656373,135.578658],"西堤本通西3":[34.677169,135.578544],"大蓮南2":[34.633106,135.581189],"西堤本通西2":[34.672408,135.578949],"源氏ケ丘":[34.6418,135.582644],"菱屋西1":[34.65597,135.580728],"大蓮東1":[34.639814,135.581947],"川俣3":[34.67932,135.579718],"菱屋西5":[34.665949,135.579757],"稲田本町3":[34.690563,135.582293],"金岡1":[34.640566,135.583624],"大蓮北1":[34.638329,135.580372],"大蓮北2":[34.63632,135.5808],"稲田本町2":[34.68301,135.581554],"大蓮南1":[34.6347,135.581321],"小阪1":[34.664647,135.58341],"菱屋西3":[34.657431,135.580076],"小若江1":[34.649053,135.583097],"近江堂1":[34.642638,135.583597],"西堤2":[34.678043,135.580851],"西堤本通東3":[34.677148,135.580285],"大蓮東2":[34.636839,135.58398],"西堤本通東2":[34.672531,135.580686],"川俣本町":[34.681568,135.581975],"西上小阪":[34.652838,135.583188],"西堤本通東1":[34.670066,135.581257],"小阪本町1":[34.66239,135.582279],"御厨栄町2":[34.668682,135.58303],"小阪本町2":[34.658744,135.581853],"御厨栄町1":[34.666722,135.583214],"稲田上町1":[34.692248,135.586291],"西堤学園町3":[34.675728,135.58175],"上小阪1":[34.656321,135.581442],"西堤学園町2":[34.672668,135.582443],"徳庵本町":[34.696087,135.583346],"楠根2":[34.685327,135.588144],"小若江4":[34.651725,135.584856],"西堤学園町1":[34.671474,135.582455],"楠根3":[34.687594,135.588329],"大蓮東3":[34.635197,135.585101],"楠根1":[34.682498,135.587944],"下小阪1":[34.659727,135.584546],"近江堂2":[34.645856,135.584945],"大蓮東5":[34.632799,135.583796],"稲田新町1":[34.689001,135.584639],"友井1":[34.643168,135.58388],"上小阪2":[34.654317,135.583414],"長田西1":[34.677434,135.58435],"御厨西ノ町2":[34.674862,135.58404],"中小阪1":[34.658756,135.585114],"稲田上町2":[34.692922,135.589318],"長田西3":[34.68003,135.584558],"長田西5":[34.681824,135.584314],"金岡2":[34.638424,135.585002],"御厨西ノ町1":[34.67353,135.583377],"鴻池徳庵町":[34.697825,135.588801],"友井3":[34.64096,135.586936],"小若江2":[34.64812,135.585457],"御厨栄町3":[34.66854,135.585026],"御厨栄町4":[34.666445,135.585215],"御厨1":[34.672161,135.585203],"上小阪3":[34.654957,135.585732],"大蓮東4":[34.632598,135.588521],"小阪2":[34.664686,135.588339],"御厨2":[34.673667,135.586024],"下小阪3":[34.660902,135.588211],"友井2":[34.643502,135.590123],"下小阪2":[34.663388,135.588182],"金岡3":[34.636894,135.587264],"長田1":[34.675308,135.587638],"宝持1":[34.656479,135.589237],"長田西2":[34.678397,135.587115],"稲田新町2":[34.692407,135.589169],"御厨中1":[34.667817,135.588459],"御厨3":[34.672222,135.587663],"藤戸新田1":[34.674187,135.587867],"中小阪2":[34.659207,135.588662],"長田西4":[34.67997,135.587308],"長田西6":[34.681544,135.587429],"小若江3":[34.648752,135.589353],"中小阪3":[34.657954,135.588541],"上小阪4":[34.652694,135.589023],"金岡4":[34.633665,135.589796],"近江堂3":[34.646016,135.589521],"御厨4":[34.672463,135.588023],"宝持2":[34.654518,135.589345],"御厨南1":[34.666057,135.588256],"友井4":[34.641051,135.590089],"長田2":[34.67563,135.592183],"藤戸新田2":[34.672875,135.589698],"長田中1":[34.677662,135.591129],"長田中2":[34.679958,135.591142],"西鴻池町4":[34.699897,135.591307],"新家西町":[34.674574,135.59196],"長田中3":[34.68122,135.591534],"長田中4":[34.683034,135.591545],"御厨5":[34.670537,135.589168],"西鴻池町3":[34.696697,135.590752],"御厨中2":[34.667954,135.59061],"長田中5":[34.684785,135.591162],"下小阪4":[34.660735,135.593887],"御厨南2":[34.665744,135.591025],"下小阪5":[34.662194,135.593962],"七軒家":[34.685614,135.594239],"中小阪5":[34.659288,135.593695],"小阪3":[34.663627,135.594158],"中小阪4":[34.657114,135.593941],"稲田新町3":[34.687415,135.593744],"御厨6":[34.670689,135.593229],"宝持4":[34.655851,135.594028],"新上小阪":[34.650386,135.594159],"新家1":[34.672828,135.591828],"東上小阪":[34.653644,135.592835],"宝持3":[34.65513,135.594042],"稲田三島町":[34.695385,135.590846],"南上小阪":[34.648482,135.593996],"友井5":[34.642372,135.595406],"御厨東1":[34.669329,135.593285],"御厨南3":[34.665368,135.593046],"金物町":[34.645218,135.594133],"長田東2":[34.679195,135.595906],"長田東1":[34.677977,135.596421],"長田東3":[34.680759,135.595427],"長田3":[34.676216,135.596685],"長田東4":[34.683032,135.594944],"長田東5":[34.684493,135.594282],"三島3":[34.694285,135.595375],"新家2":[34.671019,135.594843],"新家中町":[34.675634,135.594643],"中鴻池町1":[34.69743,135.596188],"西鴻池町1":[34.700237,135.597931],"西鴻池町2":[34.698501,135.598089],"北鴻池町":[34.701794,135.594737],"御厨東2":[34.669002,135.59596],"本庄西3":[34.68894,135.597063],"西岩田3":[34.663509,135.597221],"若江西新町1":[34.661119,135.598223],"若江西新町2":[34.657835,135.597367],"若江西新町3":[34.656377,135.597057],"若江西新町5":[34.652222,135.596967],"若江西新町4":[34.654843,135.597521],"瓜生堂3":[34.66307,135.597252],"三島2":[34.693872,135.597519],"荒本北3":[34.682592,135.598782],"新家東町":[34.674285,135.596892],"新家3":[34.671032,135.597245],"本庄西1":[34.682788,135.601011],"鴻池本町":[34.701144,135.605082],"荒本北1":[34.682051,135.60133],"南鴻池町1":[34.6943,135.600342],"中鴻池町2":[34.695787,135.60091],"荒本西4":[34.677645,135.601286],"本庄西2":[34.686328,135.600716],"新庄西":[34.689001,135.600748],"荒本西3":[34.677035,135.601454],"荒本西2":[34.674152,135.601038],"三島1":[34.691449,135.600772],"荒本北2":[34.679109,135.604181],"若江南町5":[34.651409,135.601137],"荒本西1":[34.671009,135.601051],"鴻池元町":[34.697843,135.602585],"若江南町3":[34.654538,135.601063],"西岩田4":[34.667911,135.602103],"西岩田2":[34.664954,135.601076],