{"南山中":[34.331528,135.195889],"淡輪":[34.330371,135.1919],"箱作":[34.329299,135.228859],"箱の浦":[34.335386,135.199916],"桃の木台6":[34.326138,135.221698],"桃の木台8":[34.321569,135.220944],"桃の木台2":[34.333577,135.218614],"桃の木台4":[34.327585,135.223758],"桃の木台5":[34.328362,135.219783],"貝掛":[34.32676,135.233453],"桃の木台3":[34.328413,135.226013],"桃の木台1":[34.332527,135.222933],"桃の木台7":[34.326105,135.226498],"桑畑":[34.349895,135.262398],"鳥取":[34.352105,135.244811],"舞2":[34.343963,135.229543],"舞4":[34.34052,135.232104],"新町":[34.350007,135.243439],"舞1":[34.345699,135.232387],"舞3":[34.341614,135.235433],"光陽台4":[34.340147,135.239041],"舞5":[34.340305,135.23542],"鳥取三井":[34.345924,135.236014],"光陽台1":[34.34755,135.238913],"黒田":[34.35541,135.249795],"尾崎町1":[34.362073,135.239554],"尾崎町":[34.374269,135.252288],"光陽台3":[34.342198,135.239429],"光陽台2":[34.343421,135.239747],"石田":[34.347636,135.240665],"尾崎町2":[34.362761,135.241434],"下出":[34.327088,135.259595],"鳥取中":[34.353101,135.253548],"尾崎町3":[34.364264,135.243854],"尾崎町6":[34.367852,135.24442],"尾崎町4":[34.364737,135.247098],"尾崎町7":[34.370056,135.247144],"尾崎町5":[34.366403,135.247991],"尾崎町8":[34.374019,135.249671],"自然田":[34.335491,135.266315],"さつき台3":[34.335122,135.249506],"さつき台2":[34.337982,135.250665],"さつき台1":[34.340053,135.252496],"山中渓":[34.327384,135.272171],"緑ヶ丘1":[34.338062,135.264399],"和泉鳥取":[34.341333,135.266928],"緑ヶ丘3":[34.333925,135.263388],"緑ヶ丘2":[34.334297,135.263783]}