{"星田西4":[34.754861,135.661619],"星田西1":[34.760773,135.663489],"星田西5":[34.74986,135.661809],"星田北8":[34.772517,135.662828],"星田6":[34.759981,135.665798],"星田5":[34.768626,135.66703],"星田西3":[34.753796,135.663993],"星田山手4":[34.754147,135.665008],"星田北9":[34.776381,135.665444],"星田北7":[34.768011,135.664777],"星田西2":[34.758618,135.663656],"星田4":[34.765331,135.667906],"星田北6":[34.770487,135.667653],"星田山手3":[34.75566,135.666824],"星田7":[34.758845,135.669729],"星田北5":[34.777441,135.669735],"星田3":[34.764753,135.671635],"星田山手5":[34.755305,135.668123],"星田山手2":[34.757828,135.666558],"星田山手1":[34.757587,135.668722],"星田1":[34.769383,135.671983],"星田8":[34.763691,135.667573],"星田北3":[34.772834,135.670958],"星田北4":[34.777599,135.671651],"南星台2":[34.75856,135.672222],"南星台1":[34.760348,135.672813],"星田北2":[34.773486,135.677105],"南星台3":[34.757077,135.673123],"藤が尾1":[34.772124,135.677577],"藤が尾6":[34.770048,135.673999],"星田北1":[34.776776,135.674721],"星田2":[34.765218,135.674213],"星田9":[34.76355,135.674216],"藤が尾5":[34.768557,135.675138],"南星台4":[34.754378,135.675789],"藤が尾4":[34.770987,135.676337],"妙見坂6":[34.763515,135.67692],"妙見坂7":[34.761911,135.677759],"南星台5":[34.753225,135.677917],"妙見坂3":[34.766321,135.677651],"藤が尾3":[34.768267,135.677201],"藤が尾2":[34.771592,135.678052],"天野が原町4":[34.777344,135.676732],"妙見坂5":[34.764719,135.677581],"妙見坂4":[34.763927,135.678204],"妙見坂2":[34.768393,135.679104],"天野が原町2":[34.777103,135.679155],"天野が原町5":[34.777393,135.681342],"妙見東1":[34.760771,135.679845],"私市5":[34.769745,135.681053],"妙見坂1":[34.769078,135.679938],"妙見東3":[34.758384,135.683362],"妙見東2":[34.759674,135.682406],"私市2":[34.774372,135.684509],"私市3":[34.773427,135.685563],"妙見東4":[34.757504,135.684098],"私市7":[34.766675,135.683654],"大字私市":[34.76924,135.694325],"私市4":[34.771623,135.686477],"妙見東5":[34.755935,135.683425],"私市6":[34.769956,135.68658],"私市9":[34.746171,135.694739],"私市1":[34.772447,135.690014],"森南1":[34.777314,135.686599],"私市8":[34.761629,135.693305],"森南2":[34.776973,135.688989],"私市山手3":[34.765861,135.693593],"私市山手1":[34.771547,135.690056],"私市山手4":[34.767249,135.691356],"私市山手5":[34.766243,135.691253],"私市山手2":[34.770249,135.691011],"大字森":[34.775515,135.692776],"大字傍示":[34.775924,135.708137],"大字私部":[34.765919,135.705961],"大字星田":[34.750119,135.678524],"松塚":[34.792971,135.670498],"郡津5":[34.796904,135.671986],"梅が枝":[34.787141,135.672112],"私部西4":[34.782901,135.671628],"郡津3":[34.795096,135.675185],"郡津4":[34.791143,135.672964],"私部西5":[34.781888,135.672113],"私部西3":[34.786033,135.671997],"私部西1":[34.787855,135.673668],"幾野6":[34.80069,135.675767],"私部4":[34.790196,135.67365],"私部西2":[34.783959,135.674165],"郡津1":[34.793463,135.6756],"郡津2":[34.795356,135.678164],"天野が原町3":[34.778626,135.675606],"私部3":[34.787735,135.677194],"私部2":[34.784174,135.678034],"天野が原町1":[34.777931,135.680209],"私部南1":[34.783551,135.678258],"幾野3":[34.797053,135.681096],"幾野1":[34.792355,135.683163],"私部6":[34.789764,135.680529],"幾野5":[34.798679,135.681747],"幾野2":[34.794538,135.682029],"私部5":[34.789813,135.681927],"私部1":[34.787309,135.68628],"私部南2":[34.783498,135.682476],"幾野4":[34.795239,135.681775],"森北1":[34.777077,135.683305],"向井田1":[34.783246,135.684681],"倉治9":[34.799215,135.685849],"私部7":[34.788614,135.685072],"倉治4":[34.796398,135.68641],"私部8":[34.791552,135.686334],"倉治3":[34.795093,135.686494],"倉治5":[34.797113,135.687886],"私部南3":[34.782224,135.685672],"向井田2":[34.784287,135.688142],"倉治2":[34.793541,135.691553],"森北2":[34.778755,135.687519],"青山1":[34.78777,135.687663],"森南3":[34.777201,135.689677],"青山2":[34.78858,135.690606],"青山3":[34.788996,135.692462],"向井田3":[34.783652,135.690804],"倉治6":[34.795836,135.692756],"寺1":[34.782372,135.691468],"倉治8":[34.798224,135.693816],"青山5":[34.788283,135.693715],"寺2":[34.776989,135.696809],"倉治1":[34.792813,135.691742],"寺4":[34.78592,135.695836],"倉治7":[34.795774,135.694293],"青山4":[34.791364,135.696279],"寺3":[34.782601,135.696383],"神宮寺1":[34.790728,135.697357],"東倉治1":[34.792419,135.699405],"大字寺":[34.77857,135.701022],"東倉治2":[34.793873,135.69826],"東倉治4":[34.798535,135.699906],"神宮寺2":[34.788055,135.700067],"東倉治3":[34.794196,135.702618],"東倉治5":[34.799094,135.702522],"大字倉治":[34.786171,135.711815],"私部南4":[34.780182,135.684575],"寺南野":[34.781024,135.688957]}