{"山本北":[34.51292,135.535804],"山本中":[34.508919,135.537203],"山本南":[34.507606,135.538846],"今熊5":[34.492161,135.539673],"大野台7":[34.476603,135.539048],"西山台6":[34.489072,135.537149],"岩室2":[34.502388,135.539335],"西山台5":[34.48824,135.540624],"大野西":[34.467634,135.542709],"大野台6":[34.482618,135.539349],"今熊3":[34.492945,135.54332],"山本東":[34.509692,135.542923],"西山台4":[34.48434,135.540765],"大野台5":[34.482389,135.541094],"池之原4":[34.50483,135.54376],"今熊7":[34.494717,135.538878],"今熊6":[34.494355,135.541802],"岩室3":[34.501851,135.542004],"岩室1":[34.498994,135.54308],"大野台4":[34.475574,135.547523],"大野台3":[34.478468,135.547836],"今熊1":[34.497912,135.545726],"大野中":[34.469091,135.547046],"大野台2":[34.481608,135.546351],"西山台3":[34.484568,135.544616],"池之原3":[34.499188,135.546155],"西山台1":[34.487943,135.546568],"今熊2":[34.493839,135.544801],"池之原1":[34.511028,135.543809],"池尻自由丘1":[34.51632,135.548007],"池尻自由丘2":[34.512967,135.547128],"西山台2":[34.486377,135.549921],"池尻自由丘3":[34.511469,135.546661],"茱萸木3":[34.49385,135.548087],"池之原2":[34.504891,135.54589],"茱萸木4":[34.490087,135.550097],"大野台1":[34.483736,135.550459],"池尻中1":[34.511552,135.549992],"大野東":[34.472899,135.551221],"大字岩室":[34.505185,135.553608],"茱萸木1":[34.499071,135.549132],"池尻中3":[34.507395,135.550828],"池尻北1":[34.514854,135.550766],"茱萸木2":[34.490881,135.552492],"茱萸木5":[34.487208,135.552061],"池尻北2":[34.513205,135.554573],"半田4":[34.496958,135.551498],"池尻中2":[34.509615,135.551608],"茱萸木6":[34.483378,135.554594],"茱萸木8":[34.476103,135.552838],"半田3":[34.492274,135.555406],"東茱萸木1":[34.489469,135.557111],"半田5":[34.494509,135.556211],"茱萸木7":[34.479875,135.557217],"狭山2":[34.502505,135.555065],"東池尻3":[34.507132,135.552005],"東茱萸木2":[34.484497,135.555554],"狭山3":[34.505007,135.555234],"東池尻4":[34.511775,135.554975],"半田6":[34.499677,135.558361],"東野西1":[34.521025,135.556525],"東野西2":[34.52564,135.556125],"東池尻2":[34.511989,135.557185],"東茱萸木4":[34.479952,135.55932],"狭山4":[34.507121,135.556575],"狭山1":[34.501165,135.557986],"東池尻5":[34.513327,135.558095],"半田1":[34.494522,135.559267],"東野西3":[34.525535,135.557099],"半田2":[34.490664,135.559591],"東野中2":[34.519207,135.559807],"東茱萸木3":[34.485469,135.556253],"東野中3":[34.521119,135.560251],"東野中1":[34.517703,135.559656],"東池尻1":[34.506609,135.559724],"狭山5":[34.505273,135.559053],"東野中4":[34.524448,135.55963],"金剛2":[34.499388,135.560648],"東野西4":[34.527022,135.555384],"東池尻6":[34.514045,135.565439],"金剛1":[34.492209,135.563251],"東野中5":[34.526238,135.561023],"東野東1":[34.523785,135.562158],"東野東2":[34.515244,135.565814],"今熊4":[34.490332,135.535774]}