{"大字大沢":[34.916936,135.646925],"大字桜井":[34.884085,135.651082],"大字尺代":[34.889154,135.644116],"桜井4":[34.878488,135.657574],"桜井5":[34.873825,135.658223],"桜井台":[34.880491,135.65854],"若山台2":[34.889981,135.658128],"桜井3":[34.879591,135.658029],"若山台1":[34.885971,135.660718],"大字東大寺":[34.892747,135.662026],"青葉3":[34.875359,135.659967],"青葉2":[34.875399,135.663337],"東大寺4":[34.889016,135.663218],"桜井2":[34.880128,135.661221],"青葉1":[34.879296,135.664439],"百山":[34.887106,135.663641],"高浜3":[34.876407,135.667373],"水無瀬2":[34.878989,135.665584],"東大寺3":[34.888539,135.66879],"桜井1":[34.879935,135.665196],"高浜2":[34.873291,135.665754],"広瀬1":[34.885961,135.668398],"広瀬5":[34.881255,135.669142],"大字山崎":[34.893684,135.670899],"東大寺2":[34.890182,135.669686],"水無瀬1":[34.879791,135.665652],"広瀬3":[34.885072,135.672812],"山崎4":[34.890747,135.669596],"高浜1":[34.872099,135.670147],"江川2":[34.879309,135.671992],"広瀬4":[34.883069,135.671049],"広瀬2":[34.885887,135.67276],"東大寺1":[34.887924,135.672181],"江川1":[34.881716,135.672604],"山崎2":[34.889681,135.678545],"山崎5":[34.894062,135.67546],"山崎1":[34.890899,135.678607],"大字広瀬":[34.886966,135.653824],"山崎3":[34.890808,135.67497]}