{"吉川":[34.911519,135.453477],"新光風台3":[34.909139,135.424793],"新光風台2":[34.904265,135.428047],"光風台3":[34.899571,135.432503],"新光風台1":[34.903336,135.429061],"光風台4":[34.896096,135.434602],"新光風台5":[34.906416,135.435562],"新光風台4":[34.909535,135.434702],"光風台2":[34.901741,135.434059],"光風台6":[34.89503,135.435084],"光風台1":[34.900135,135.439126],"ときわ台1":[34.903543,135.436272],"ときわ台6":[34.900454,135.43975],"ときわ台4":[34.904373,135.438312],"ときわ台5":[34.90319,135.44234],"光風台5":[34.898434,135.44266],"ときわ台3":[34.905298,135.440116],"ときわ台2":[34.907341,135.442659],"東ときわ台1":[34.901247,135.443989],"東ときわ台2":[34.905277,135.44933],"東ときわ台3":[34.903045,135.44669],"東ときわ台7":[34.900672,135.448141],"東ときわ台8":[34.897887,135.446182],"東ときわ台4":[34.90382,135.449588],"東ときわ台9":[34.897277,135.451569],"東ときわ台6":[34.901186,135.449944],"東ときわ台5":[34.901198,135.452818],"野間口":[34.932994,135.4886],"川尻":[34.924581,135.471372],"高山":[34.885975,135.490284],"余野":[34.931074,135.49683],"木代":[34.909827,135.489261],"牧":[34.937702,135.495108],"切畑":[34.924804,135.508072],"希望ケ丘1":[34.918863,135.503654],"希望ケ丘2":[34.918365,135.505416],"寺田":[34.938734,135.513179],"希望ケ丘6":[34.917338,135.507853],"希望ケ丘5":[34.910718,135.511722],"希望ケ丘3":[34.916145,135.513995],"希望ケ丘4":[34.911129,135.512367]}