{"多奈川小島":[34.319007,135.104098],"多奈川西畑":[34.296762,135.111146],"多奈川谷川":[34.301189,135.112682],"多奈川東畑":[34.307547,135.130557],"深日":[34.31619,135.138177],"淡輪":[34.313172,135.181466],"孝子":[34.306912,135.161653],"望海坂3":[34.324593,135.187037],"望海坂1":[34.326479,135.186435],"望海坂2":[34.326895,135.189732],"淡輪山中":[34.329582,135.18796]}