{"御影山手5":[34.725307,135.2451],"御影山手6":[34.729659,135.244901],"御影山手2":[34.724306,135.246227],"御影塚町4":[34.712208,135.246085],"御影山手4":[34.727865,135.246264],"御影塚町3":[34.710006,135.244427],"渦森台3":[34.740517,135.249295],"渦森台4":[34.741451,135.248807],"御影山手3":[34.732001,135.245876],"御影3":[34.722959,135.246529],"御影塚町2":[34.711545,135.250258],"鴨子ケ原3":[34.735431,135.248826],"御影塚町1":[34.709216,135.251124],"御影1":[34.719511,135.247921],"御影石町4":[34.71674,135.250624],"御影2":[34.724566,135.252482],"鴨子ケ原1":[34.727575,135.252361],"御影山手1":[34.725195,135.248975],"御影石町2":[34.711051,135.251116],"住吉山手9":[34.741659,135.251738],"御影石町3":[34.71471,135.251562],"鴨子ケ原2":[34.733538,135.251806],"御影中町8":[34.716889,135.25173],"御影石町1":[34.709462,135.25149],"御影中町7":[34.716112,135.252566],"住吉山手8":[34.735406,135.251555],"御影中町6":[34.716973,135.253133],"住吉山手7":[34.734034,135.253278],"住吉山手4":[34.72792,135.255081],"御影郡家1":[34.720015,135.25563],"御影本町8":[34.711222,135.254678],"御影郡家2":[34.723793,135.254675],"御影中町5":[34.715743,135.253622],"御影中町4":[34.717793,135.25499],"向洋町西3":[34.691089,135.25343],"御影本町6":[34.711193,135.255999],"住吉台":[34.739221,135.256989],"御影本町7":[34.71061,135.255035],"御影浜町":[34.702449,135.257792],"向洋町西2":[34.695308,135.258885],"御影本町4":[34.71506,135.255705],"御影中町2":[34.717829,135.256837],"御影本町5":[34.710733,135.256206],"住吉山手6":[34.730811,135.258205],"住吉山手5":[34.729871,135.254139],"住吉山手2":[34.726358,135.255071],"御影中町1":[34.714272,135.258548],"御影本町2":[34.711608,135.259014],"御影本町3":[34.708172,135.257729],"住吉本町3":[34.724505,135.262354],"住吉宮町7":[34.718535,135.260073],"住吉本町2":[34.720584,135.260517],"向洋町西6":[34.683338,135.262766],"住吉宮町6":[34.715368,135.260743],"御影本町1":[34.708203,135.258472],"住吉山手3":[34.728383,135.258308],"本山町田中":[34.738403,135.263403],"住吉宮町5":[34.713038,135.261791],"住吉山手1":[34.726625,135.258495],"住吉南町5":[34.712172,135.26197],"西岡本7":[34.731376,135.264002],"住吉本町1":[34.720869,135.263382],"西岡本6":[34.730371,135.263951],"向洋町西4":[34.689796,135.258169],"住吉南町4":[34.708895,135.261891],"住吉浜町":[34.705765,135.26034],"住吉宮町3":[34.71584,135.261473],"住吉宮町4":[34.719192,135.261786],"向洋町西5":[34.690676,135.261614],"住吉宮町2":[34.715247,135.261983],"西岡本4":[34.726645,135.262872],"住吉宮町1":[34.712056,135.264215],"本山町野寄":[34.734544,135.263409],"住吉南町3":[34.711942,135.264171],"西岡本5":[34.727674,135.26218],"住吉南町1":[34.709139,135.265258],"西岡本3":[34.725684,135.266561],"住吉南町2":[34.710049,135.264986],"向洋町中5":[34.690676,135.267927],"住吉東町5":[34.719379,135.263786],"向洋町中6":[34.688631,135.268314],"住吉東町4":[34.71814,135.265093],"本山町岡本":[34.738143,135.271562],"向洋町中7":[34.685608,135.263573],"向洋町西1":[34.697199,135.263918],"本山町森":[34.772026,135.265791],"住吉東町3":[34.714025,135.267007],"西岡本2":[34.722536,135.26601],"住吉東町2":[34.716899,135.267425],"岡本9":[34.727538,135.267533],"魚崎西町4":[34.711848,135.265768],"魚崎西町1":[34.708823,135.266666],"魚崎西町3":[34.711486,135.268017],"向洋町中9":[34.680236,135.266964],"魚崎西町2":[34.710467,135.268561],"西岡本1":[34.723893,135.270301],"住吉東町1":[34.714532,135.267456],"岡本8":[34.730849,135.267955],"岡本4":[34.727387,135.268842],"甲南町5":[34.719995,135.2673],"田中町5":[34.721203,135.267175],"向洋町中8":[34.683709,135.265985],"向洋町中4":[34.684899,135.276306],"魚崎北町4":[34.717522,135.270018],"向洋町東1":[34.696496,135.272976],"向洋町中1":[34.690744,135.270098],"魚崎南町5":[34.708532,135.271099],"魚崎中町4":[34.713607,135.272326],"岡本7":[34.732932,135.270634],"魚崎北町8":[34.718084,135.268999],"田中町4":[34.722043,135.270996],"甲南町4":[34.72029,135.26979],"岡本3":[34.727671,135.269919],"魚崎南町8":[34.711961,135.269326],"向洋町中3":[34.686128,135.275898],"魚崎北町7":[34.717906,135.272357],"魚崎南町4":[34.709689,135.273574],"魚崎北町3":[34.716179,135.272932],"田中町3":[34.722644,135.273815],"魚崎浜町":[34.705276,135.287237],"向洋町中2":[34.688878,135.270376],"岡本6":[34.733904,135.272927],"魚崎中町3":[34.714297,135.273824],"魚崎北町6":[34.719526,135.273146],"岡本2":[34.728677,135.273312],"甲南町3":[34.720737,135.274363],"魚崎北町2":[34.716905,135.275192],"魚崎南町7":[34.713272,135.273901],"岡本1":[34.728881,135.274856],"本山町田辺":[34.73596,135.271416],"田中町2":[34.723333,135.275866],"魚崎南町3":[34.708152,135.274735],"向洋町東2":[34.694141,135.285586],"向洋町東3":[34.698122,135.273274],"魚崎中町2":[34.714972,135.276103],"岡本5":[34.729122,135.276438],"魚崎北町5":[34.720677,135.275957],"甲南町2":[34.721042,135.275339],"向洋町東4":[34.6856,135.285426],"田中町1":[34.72578,135.277147],"魚崎南町2":[34.710172,135.2786],"本山北町6":[34.732704,135.27897],"魚崎北町1":[34.717864,135.275716],"魚崎中町1":[34.716251,135.277389],"本山南町5":[34.720185,135.278722],"甲南町1":[34.72202,135.277627],"魚崎南町6":[34.715074,135.27915],"本山北町3":[34.728804,135.278878],"本山町北畑":[34.739277,135.280436],"北青木4":[34.718958,135.279045],"魚崎南町1":[34.71159,135.279493],"本山中町4":[34.72472,135.280294],"本山南町9":[34.722362,135.278616],"本山南町4":[34.720871,135.280977],"本山町中野":[34.736404,135.283132],"本山北町5":[34.73277,135.279994],"北青木3":[34.719307,135.281406],"本山北町2":[34.728003,135.282228],"本山南町8":[34.723952,135.280679],"青木6":[34.715579,135.279291],"本山南町3":[34.721571,135.284191],"本山中町3":[34.725748,135.283527],"青木3":[34.714147,135.280858],"北青木2":[34.719814,135.282554],"青木1":[34.713895,135.28433],"青木5":[34.717979,135.282503],"本山北町4":[34.733106,135.283037],"青木2":[34.714773,135.284213],"本山北町1":[34.729713,135.284682],"本山南町7":[34.725735,135.285349],"本山中町2":[34.726509,135.285866],"甲南台":[34.734594,135.284381],"本山南町2":[34.722573,135.285864],"北青木1":[34.721512,135.286866],"本山中町1":[34.728291,135.283888],"森北町6":[34.736947,135.286928],"本山南町6":[34.725968,135.286284],"森北町4":[34.732198,135.292453],"森北町3":[34.729786,135.288306],"本山南町1":[34.723933,135.288894],"深江北町5":[34.721608,135.288088],"本庄町3":[34.725864,135.290308],"森南町3":[34.729315,135.288789],"森北町2":[34.730199,135.290767],"深江本町4":[34.720516,135.290142],"森南町2":[34.729472,135.289348],"深江北町4":[34.722843,135.290319],"森北町7":[34.736026,135.290916],"深江南町5":[34.719805,135.291666],"本庄町2":[34.726209,135.290901],"森北町5":[34.733095,135.289444],"深江北町3":[34.723542,135.292845],"森北町1":[34.732238,135.293335],"深江本町3":[34.722463,135.294546],"森南町1":[34.730543,135.295811],"本庄町1":[34.726369,135.293725],"深江浜町":[34.711296,135.300205],"深江南町4":[34.720773,135.292852],"深江北町2":[34.725343,135.296994],"深江本町2":[34.723702,135.297369],"深江南町3":[34.720258,135.298105],"深江北町1":[34.728071,135.299472],"深江南町1":[34.721072,135.302108],"深江南町2":[34.720138,135.299916],"深江本町1":[34.724167,135.298032],"御影中町3":[34.71609,135.254875],"渦森台2":[34.737471,135.25077],"渦森台1":[34.739521,135.251956],"青木4":[34.720014,135.289092]}