{"弥栄台4":[34.691187,135.075047],"弥栄台5":[34.686338,135.070725],"弥栄台3":[34.690219,135.073604],"弥栄台2":[34.682457,135.075798],"緑台":[34.683123,135.081809],"弥栄台1":[34.690135,135.078502],"菅の台7":[34.666612,135.079864],"西落合2":[34.677526,135.085419],"神の谷6":[34.68619,135.081258],"神の谷5":[34.688463,135.085334],"菅の台1":[34.675588,135.086436],"菅の台6":[34.668127,135.085147],"菅の台5":[34.670966,135.082929],"菅の台4":[34.672898,135.082094],"神の谷3":[34.68577,135.084937],"西落合4":[34.684592,135.082478],"神の谷7":[34.689169,135.080509],"神の谷2":[34.68544,135.085481],"西落合3":[34.680425,135.084603],"菅の台3":[34.672782,135.086429],"神の谷4":[34.686656,135.086851],"北落合4":[34.692745,135.091732],"西落合5":[34.68242,135.087058],"神の谷1":[34.684195,135.088678],"友が丘9":[34.672107,135.095912],"西落合1":[34.679482,135.089114],"竜が台4":[34.675809,135.087558],"友が丘6":[34.66906,135.088933],"北落合3":[34.68745,135.088909],"竜が台5":[34.673698,135.086663],"西落合7":[34.681979,135.091272],"西落合6":[34.680335,135.091514],"友が丘5":[34.666813,135.087742],"竜が台3":[34.677186,135.090122],"多井畑":[34.670635,135.104428],"竜が台6":[34.673144,135.093609],"北落合2":[34.685097,135.094761],"友が丘4":[34.667248,135.091784],"中落合3":[34.683879,135.094959],"北落合5":[34.69273,135.091167],"多井畑南町":[34.657752,135.096997],"中落合2":[34.680047,135.096084],"竜が台1":[34.676367,135.093679],"竜が台7":[34.673371,135.095612],"西須磨":[34.6392,135.094572],"北落合6":[34.695732,135.094852],"北落合1":[34.684891,135.095742],"友が丘3":[34.665731,135.095829],"友が丘8":[34.672346,135.096076],"白川台1":[34.689172,135.096048],"白川":[34.694532,135.11526],"高倉台8":[34.654038,135.099856],"友が丘2":[34.665533,135.098466],"中落合4":[34.683127,135.098149],"白川台5":[34.696256,135.096375],"友が丘7":[34.673114,135.096785],"中落合1":[34.679105,135.099298],"白川台2":[34.690209,135.099672],"多井畑東町":[34.667228,135.102498],"友が丘1":[34.668967,135.10341],"南落合2":[34.674511,135.099556],"一ノ谷町1":[34.643063,135.105729],"白川台7":[34.697114,135.099327],"東落合2":[34.684969,135.101129],"白川台3":[34.690558,135.100635],"高倉台7":[34.656886,135.098572],"一ノ谷町4":[34.642292,135.097796],"高倉台6":[34.658698,135.102446],"東落合1":[34.681678,135.106262],"南落合3":[34.677797,135.103638],"白川台6":[34.693473,135.102893],"一ノ谷町5":[34.636627,135.098503],"南落合1":[34.672443,135.103489],"東落合3":[34.68693,135.104506],"白川台4":[34.690288,135.10551],"高倉台3":[34.653097,135.105439],"高倉台4":[34.657044,135.104894],"高倉台5":[34.65842,135.105762],"一ノ谷町2":[34.641854,135.102124],"高倉台1":[34.654559,135.110146],"東白川台1":[34.692675,135.104303],"南落合4":[34.678656,135.105688],"東白川台2":[34.692543,135.104758],"道正台1":[34.676535,135.107345],"横尾9":[34.666428,135.103206],"東白川台4":[34.695412,135.108206],"東白川台3":[34.693475,135.108849],"高倉台2":[34.656137,135.108601],"横尾8":[34.671811,135.108078],"妙法寺":[34.679507,135.11164],"潮見台町5":[34.644581,135.106265],"車":[34.68338,135.114645],"須磨浦通6":[34.640926,135.108699],"東須磨":[34.656485,135.109952],"潮見台町4":[34.645535,135.108047],"東白川台5":[34.693168,135.110206],"潮見台町3":[34.64482,135.109837],"潮見台町2":[34.643779,135.110538],"横尾6":[34.6736,135.108741],"高倉町1":[34.647257,135.108159],"関守町3":[34.646435,135.109404],"横尾7":[34.669356,135.107741],"横尾5":[34.669884,135.111794],"清水台":[34.682922,135.109712],"横尾1":[34.672281,135.11267],"須磨浦通5":[34.641765,135.110877],"潮見台町1":[34.643695,135.111698],"千守町2":[34.646315,135.112451],"須磨寺町4":[34.649201,135.111332],"関守町2":[34.644827,135.112812],"若草町2":[34.689843,135.111828],"関守町1":[34.64467,135.113399],"若草町1":[34.685555,135.113134],"須磨寺町3":[34.650575,135.112935],"横尾2":[34.670856,135.113237],"横尾4":[34.66925,135.112599],"若草町3":[34.690421,135.114056],"須磨浦通4":[34.643865,135.114845],"千守町1":[34.645803,135.113687],"横尾3":[34.670162,135.113759],"須磨寺町2":[34.64718,135.117277],"須磨寺町1":[34.646196,135.116036],"桜木町2":[34.648647,135.117451],"離宮西町2":[34.652328,135.115935],"離宮西町1":[34.650371,135.115229],"須磨本町2":[34.644302,135.115379],"須磨浦通3":[34.642557,135.116239],"桜の杜2":[34.677705,135.116722],"桜木町1":[34.647786,135.118274],"緑が丘2":[34.680291,135.116478],"桜木町3":[34.649605,135.115799],"須磨本町1":[34.64559,135.116211],"天神町5":[34.647254,135.118109],"高尾台3":[34.658846,135.120295],"天神町4":[34.646871,135.118148],"離宮前町2":[34.651243,135.119699],"須磨浦通2":[34.642182,135.119415],"天神町2":[34.644509,135.119063],"離宮前町1":[34.649245,135.120642],"高尾台2":[34.657327,135.12105],"天神町3":[34.647124,135.11866],"高尾台1":[34.654705,135.119327],"水野町":[34.653546,135.121798],"行幸町4":[34.648932,135.120835],"行幸町3":[34.648121,135.121473],"若木町4":[34.654423,135.12161],"天神町1":[34.644546,135.121235],"月見山町3":[34.652033,135.121385],"行幸町2":[34.645656,135.122989],"月見山町2":[34.65026,135.121585],"月見山本町2":[34.649734,135.12199],"月見山町1":[34.651563,135.123429],"月見山本町1":[34.64803,135.124184],"行幸町1":[34.644878,135.125137],"北町3":[34.651126,135.123243],"稲葉町7":[34.647201,135.123478],"若木町2":[34.653915,135.123477],"南町3":[34.648677,135.125078],"松風町7":[34.646237,135.124154],"稲葉町6":[34.647899,135.124403],"板宿町3":[34.663698,135.127133],"北町1":[34.651241,135.124439],"北町2":[34.651045,135.124157],"若木町3":[34.657788,135.124426],"南町2":[34.64912,135.124982],"東町4":[34.652741,135.125099],"若木町1":[34.655234,135.127584],"松風町6":[34.646901,135.124859],"稲葉町5":[34.648396,135.125184],"大手町4":[34.658372,135.124433],"村雨町6":[34.645921,135.126197],"松風町5":[34.64664,135.12599],"南町1":[34.650814,135.127383],"稲葉町4":[34.648443,135.126285],"磯馴町6":[34.644987,135.126584],"堀池町2":[34.653746,135.126207],"戸政町4":[34.651501,135.126745],"明神町5":[34.669103,135.12599],"松風町4":[34.64773,135.126999],"村雨町5":[34.646471,135.126686],"大手町8":[34.659854,135.126327],"東町3":[34.652732,135.126861],"稲葉町3":[34.64909,135.127208],"大手町3":[34.656332,135.128637],"戸政町3":[34.652103,135.127843],"磯馴町5":[34.645678,135.127519],"須磨浦通1":[34.642875,135.124358],"衣掛町5":[34.645097,135.127965],"東町2":[34.653348,135.127756],"中島町3":[34.651156,135.128587],"大手町5":[34.658287,135.12668],"村雨町4":[34.646991,135.127634],"堀池町1":[34.65523,135.129133],"稲葉町2":[34.650186,135.127978],"大手町7":[34.660746,135.127729],"若宮町1":[34.643894,135.133715],"磯馴町4":[34.646911,135.128318],"戸政町2":[34.652539,135.128568],"大手町2":[34.657209,135.128331],"東町1":[34.654202,135.129276],"明神町4":[34.667451,135.126924],"大手町6":[34.659238,135.129954],"明神町2":[34.664303,135.128758],"村雨町3":[34.647508,135.128548],"衣掛町4":[34.64583,135.129224],"磯馴町3":[34.646918,135.129351],"明神町1":[34.666234,135.12861],"稲葉町1":[34.650131,135.128688],"中島町2":[34.652215,135.130029],"中島町1":[34.650331,135.130241],"神撫町5":[34.666533,135.128883],"大手町1":[34.65832,135.130377],"権現町3":[34.656667,135.129322],"神撫町4":[34.667195,135.129372],"若宮町3":[34.645572,135.130902],"神撫町3":[34.666177,135.130187],"板宿町2":[34.663018,135.129262],"衣掛町3":[34.646092,135.130243],"松風町3":[34.64852,135.127469],"禅昌寺町1":[34.670602,135.129548],"磯馴町2":[34.647425,135.130414],"川上町3":[34.663514,135.129787],"板宿町1":[34.662013,135.131017],"川上町2":[34.664932,135.129582],"神撫町1":[34.665469,135.130589],"養老町3":[34.663465,135.130452],"戸政町1":[34.653483,135.129034],"前池町5":[34.660069,135.130166],"永楽町2":[34.666834,135.131164],"権現町2":[34.657004,135.129719],"衣掛町2":[34.646786,135.131393],"養老町2":[34.663943,135.131218],"神撫町2":[34.665551,135.131328],"飛松町5":[34.659262,135.131624],"大田町8":[34.65414,135.131212],"磯馴町1":[34.648387,135.131114],"前池町4":[34.660839,135.131463],"権現町1":[34.657322,135.131658],"川上町1":[34.664986,135.13136],"宝田町2":[34.663375,135.131803],"永楽町1":[34.666182,135.131798],"戎町6":[34.655828,135.131059],"宝田町3":[34.663054,135.130515],"若宮町2":[34.645988,135.13162],"大田町7":[34.654995,135.132409],"衣掛町1":[34.647402,135.131601],"養老町1":[34.66463,135.132295],"飛松町4":[34.660115,135.132039],"大池町5":[34.655201,135.133916],"平田町5":[34.659085,135.131718],"菊池町2":[34.662534,135.132399],"戎町5":[34.656232,135.132106],"前池町3":[34.661655,135.132676],"大黒町5":[34.658227,135.132269],"青葉町4":[34.647572,135.132239],"青葉町3":[34.648094,135.132918],"大田町6":[34.655126,135.132708],"宝田町1":[34.663829,135.133048],"飛松町3":[34.661299,135.133065],"菊池町1":[34.663077,135.133403],"行平町2":[34.649321,135.133125],"平田町4":[34.65937,135.132951],"前池町2":[34.662058,135.133326],"平田町3":[34.659871,135.134172],"古川町4":[34.646218,135.133631],"鷹取町3":[34.647765,135.13366],"大田町5":[34.656271,135.134497],"青葉町2":[34.648674,135.133975],