{"神戸港地方":[34.715789,135.177011],"楠町7":[34.685686,135.174203],"楠町6":[34.681715,135.172823],"楠町4":[34.684126,135.173899],"楠町8":[34.685682,135.17581],"楠町5":[34.682264,135.173698],"橘通4":[34.681027,135.17352],"中山手通7":[34.689713,135.178641],"中山手通8":[34.686795,135.175089],"多聞通5":[34.679784,135.174464],"橘通3":[34.680858,135.174933],"楠町3":[34.684248,135.175396],"中町通4":[34.678174,135.174465],"古湊通2":[34.677155,135.175525],"多聞通3":[34.680377,135.177087],"中町通3":[34.678741,135.175425],"多聞通4":[34.680651,135.175115],"楠町2":[34.683959,135.175952],"下山手通7":[34.688898,135.178738],"再度筋町":[34.696181,135.176577],"古湊通1":[34.678069,135.176139],"楠町1":[34.684422,135.177699],"下山手通9":[34.685209,135.177622],"中町通2":[34.678894,135.176575],"相生町5":[34.676132,135.178375],"橘通2":[34.682343,135.176956],"相生町4":[34.67749,135.178108],"多聞通2":[34.681591,135.17764],"相生町3":[34.67968,135.178439],"橘通1":[34.682912,135.177851],"下山手通8":[34.686333,135.180149],"相生町2":[34.681182,135.178332],"北長狭通8":[34.68386,135.178648],"多聞通1":[34.68243,135.17823],"諏訪山町":[34.695232,135.180945],"山本通5":[34.693411,135.181445],"東川崎町7":[34.676223,135.179651],"東川崎町1":[34.679354,135.184693],"北長狭通7":[34.685391,135.180155],"元町高架通":[34.689696,135.187768],"元町通7":[34.683266,135.179168],"中山手通6":[34.692013,135.180879],"相生町1":[34.68254,135.180053],"下山手通6":[34.690261,135.180913],"東川崎町6":[34.675674,135.180336],"元町通6":[34.683845,135.181288],"花隈町":[34.68775,135.182798],"栄町通7":[34.681759,135.181149],"山本通4":[34.695451,135.185602],"東川崎町5":[34.675208,135.180934],"北長狭通6":[34.686777,135.181822],"元町通5":[34.685805,135.182577],"中山手通5":[34.69201,135.182779],"栄町通6":[34.68354,135.182301],"東川崎町4":[34.674219,135.182155],"東川崎町3":[34.674648,135.182756],"下山手通5":[34.691178,135.183253],"弁天町":[34.681842,135.183602],"栄町通5":[34.684942,135.183086],"中山手通4":[34.693216,135.186109],"海岸通6":[34.683401,135.182799],"波止場町":[34.683377,135.186921],"東川崎町2":[34.673815,135.186266],"元町通4":[34.687383,135.183905],"海岸通5":[34.684534,135.183588],"北長狭通5":[34.689115,135.185269],"下山手通4":[34.69176,135.187044],"栄町通4":[34.686003,135.184566],"海岸通4":[34.685411,135.184955],"元町通3":[34.687398,135.18659],"山本通3":[34.696877,135.188356],"栄町通3":[34.68715,135.186701],"北野町4":[34.69908,135.189105],"北長狭通4":[34.690768,135.188185],"海岸通3":[34.685864,135.186904],"中山手通3":[34.693742,135.188163],"元町通2":[34.688305,135.187881],"葺合町":[34.713254,135.184838],"栄町通2":[34.686856,135.188019],"下山手通3":[34.69249,135.188952],"海岸通2":[34.686125,135.188263],"中山手通2":[34.696384,135.190422],"北長狭通3":[34.691497,135.189535],"山本通2":[34.698293,135.191093],"北野町3":[34.700061,135.190122],"元町通1":[34.688935,135.188861],"栄町通1":[34.68807,135.188863],"海岸通1":[34.686201,135.189166],"下山手通2":[34.693539,135.190847],"三宮町3":[34.689659,135.19043],"北長狭通2":[34.692731,135.191204],"下山手通1":[34.69411,135.191461],"西町":[34.687727,135.190059],"北野町2":[34.700833,135.192103],"前町":[34.687204,135.190348],"海岸通":[34.686445,135.195111],"三宮町2":[34.690017,135.19214],"中山手通1":[34.695079,135.19263],"明石町":[34.688772,135.191286],"山本通1":[34.699093,135.192832],"北長狭通1":[34.694035,135.193136],"新港町":[34.682226,135.202389],"播磨町":[34.688897,135.192075],"北野町1":[34.703684,135.194088],"三宮町1":[34.692597,135.1942],"加納町3":[34.698393,135.193678],"加納町4":[34.693754,135.193803],"浪花町":[34.689628,135.192901],"加納町2":[34.703415,135.195079],"京町":[34.68978,135.193774],"布引町4":[34.694144,135.194499],"琴ノ緒町5":[34.695552,135.195154],"江戸町":[34.689977,135.194602],"布引町3":[34.697984,135.194152],"加納町5":[34.693661,135.194414],"加納町1":[34.706021,135.195424],"二宮町4":[34.69831,135.195994],"雲井通8":[34.694134,135.195481],"小野柄通8":[34.693041,135.195226],"伊藤町":[34.68835,135.195143],"琴ノ緒町4":[34.695717,135.1961],"東町":[34.687428,135.195427],"加納町6":[34.687107,135.196884],"生田町4":[34.701124,135.196628],"御幸通8":[34.69224,135.19569],"二宮町3":[34.698723,135.197112],"生田町2":[34.702583,135.197514],"磯上通8":[34.691368,135.196505],"琴ノ緒町3":[34.696341,135.196745],"雲井通7":[34.694664,135.195936],"小野柄通7":[34.693498,135.196322],"生田町1":[34.703597,135.196873],"八幡通4":[34.6903,135.197118],"二宮町2":[34.699267,135.198036],"旭通5":[34.696152,135.197227],"雲井通6":[34.694936,135.196615],"御幸通7":[34.69269,135.196822],"琴ノ緒町2":[34.697184,135.197661],"生田町3":[34.701535,135.198167],"磯辺通4":[34.688986,135.197881],"磯上通7":[34.691907,135.197288],"小野柄通6":[34.693671,135.197574],"雲井通5":[34.695008,135.197579],"熊内町9":[34.708707,135.198581],"熊内町7":[34.707435,135.198605],"熊内町4":[34.705458,135.199411],"二宮町1":[34.699169,135.199869],"八幡通3":[34.690564,135.19811],"御幸通6":[34.693064,135.197743],"旭通4":[34.697131,135.197852],"浜辺通6":[34.687757,135.199072],"小野柄通5":[34.694211,135.198051],"熊内橋通7":[34.704223,135.198332],"琴ノ緒町1":[34.698553,135.199329],"熊内町8":[34.710105,135.199077],"雲井通4":[34.695263,135.199017],"磯上通6":[34.692293,135.198212],"御幸通5":[34.693186,135.198669],"磯辺通3":[34.689113,135.198991],"旭通3":[34.697922,135.198853],"旗塚通7":[34.703211,135.198894],"小野浜町":[34.690468,135.215075],"小野柄通4":[34.694615,135.199021],"磯上通5":[34.69272,135.199204],"熊内町6":[34.708004,135.200179],"熊内橋通6":[34.704411,135.19951],"八幡通2":[34.691687,135.199503],"神若通7":[34.701933,135.199404],"雲井通3":[34.696127,135.199836],"御幸通4":[34.693592,135.199649],"浜辺通5":[34.688319,135.199572],"熊内町3":[34.705885,135.200224],"磯辺通2":[34.689628,135.199874],"旭通2":[34.697285,135.200515],"旗塚通6":[34.703275,135.200044],"磯上通4":[34.693184,135.200313],"小野柄通3":[34.694975,135.200653],"国香通7":[34.701206,135.199992],"熊内橋通5":[34.704878,135.200575],"神若通6":[34.702326,135.200211],"磯辺通1":[34.690892,135.200324],"熊内町5":[34.708625,135.202207],"浜辺通4":[34.689031,135.200369],"若菜通6":[34.699942,135.201346],"雲井通2":[34.696824,135.200723],"御幸通3":[34.69405,135.200745],"旭通1":[34.697801,135.200957],"国香通6":[34.701458,135.200873],"旗塚通5":[34.703295,135.200545],"熊内町2":[34.706415,135.20172],"浜辺通3":[34.690304,135.201028],"八幡通1":[34.691884,135.200625],"磯上通3":[34.692864,135.201493],"小野柄通2":[34.695573,135.201169],"神若通5":[34.70254,135.201233],"八雲通6":[34.69933,135.202001],"熊内橋通4":[34.705555,135.20134],"国香通5":[34.701747,135.201742],"雲井通1":[34.69703,135.20144],"御幸通2":[34.694505,135.201838],"東雲通6":[34.699752,135.201513],"浜辺通2":[34.691366,135.201881],"旗塚通4":[34.703871,135.202298],"日暮通6":[34.698338,135.202688],"若菜通5":[34.700611,135.202305],"小野柄通1":[34.696097,135.202331],"磯上通2":[34.693322,135.202536],"港島2":[34.673473,135.206727],"港島1":[34.66358,135.204146],"熊内橋通3":[34.70514,135.202437],"神若通4":[34.703036,135.20237],"熊内町1":[34.706867,135.203994],"吾妻通6":[34.69718,135.203301],"東雲通5":[34.700525,135.202917],"中尾町":[34.711484,135.203814],"御幸通1":[34.695182,135.202775],"国香通4":[34.702683,135.202818],"八雲通5":[34.699522,135.203278],"旗塚通3":[34.704452,135.203008],"浜辺通1":[34.692656,135.202698],"日暮通5":[34.698753,135.203874],"若菜通4":[34.701274,135.203255],"磯上通1":[34.694109,135.20317],"北本町通6":[34.696409,135.203626],"神若通3":[34.70345,135.203629],"熊内橋通2":[34.705428,135.203036],"南本町通6":[34.695531,135.204218],"東雲通4":[34.700836,135.203885],"国香通3":[34.702449,135.2037],"旗塚通2":[34.704723,135.203879],"吾妻通5":[34.698182,135.204125],"籠池通7":[34.709672,135.204653],"八雲通4":[34.699984,135.204425],"熊内橋通1":[34.705769,135.204699],"若菜通3":[34.702068,135.2039],"真砂通2":[34.695079,135.204448],"野崎通7":[34.708128,135.20424],"神若通2":[34.703739,135.204543],"中島通5":[34.711443,135.205278],"北本町通5":[34.696622,135.204587],"日暮通4":[34.699126,135.204684],"旗塚通1":[34.704972,135.205171],"東雲通3":[34.701417,135.204671],"上筒井通7":[34.707121,135.205497],"国香通2":[34.70328,135.204798],"脇浜海岸通3":[34.69706,135.210031],"南本町通5":[34.696378,135.205274],"吾妻通4":[34.697995,135.205121],"八雲通3":[34.700479,135.205155],"若菜通2":[34.702641,135.204721],"神若通1":[34.704188,135.205597],"野崎通6":[34.708382,135.205106],"港島3":[34.679712,135.211016],"東雲通2":[34.701458,135.205808],"坂口通7":[34.706441,135.205478],"真砂通1":[34.695404,135.204909],"日暮通3":[34.699524,135.205698],"脇浜海岸通4":[34.695825,135.21072],"北本町通4":[34.697042,135.205652],"国香通1":[34.703821,135.205838],"籠池通6":[34.710013,135.205379],"宮本通7":[34.706065,135.205989],"若菜通1":[34.703112,135.205918],"神仙寺通4":[34.712751,135.206294],"八雲通2":[34.700827,135.206385],"吾妻通3":[34.698439,135.206016],"野崎通5":[34.708725,135.205803],