{"奥畑":[34.349918,134.823641],"納":[34.339676,134.850964],"上内膳":[34.340248,134.851279],"鮎屋":[34.314444,134.835721],"中川原町安坂":[34.353338,134.868468],"下内膳":[34.354226,134.865105],"金屋":[34.318766,134.850215],"中川原町市原":[34.37806,134.86688],"前平":[34.308063,134.849835],"池田":[34.303251,134.860033],"安乎町古宮":[34.390086,134.862749],"木戸":[34.3096,134.858057],"大野":[34.326161,134.860519],"安乎町中田":[34.386226,134.862646],"中川原町二ツ石":[34.384294,134.858561],"桑間":[34.34453,134.872598],"新村":[34.325852,134.861812],"安乎町北谷":[34.398924,134.863631],"安乎町山田原":[34.403881,134.865831],"池内":[34.312624,134.862295],"宇原":[34.335552,134.861221],"中川原町三木田":[34.360282,134.864397],"千草":[34.317596,134.871062],"上加茂":[34.348455,134.870578],"中川原町中川原":[34.364739,134.878601],"安乎町宮野原":[34.403876,134.868893],"下加茂":[34.346396,134.871806],"物部":[34.335219,134.880684],"畑田組":[34.251237,134.876507],"下加茂2":[34.347295,134.874758],"安乎町平安浦":[34.393648,134.880974],"桑間1":[34.342547,134.87994],"下加茂1":[34.350052,134.876976],"中川原町厚浜":[34.377369,134.884062],"物部3":[34.340685,134.87826],"物部1":[34.339327,134.88912],"宇山":[34.358914,134.890628],"上物部":[34.334836,134.893493],"宇山3":[34.343974,134.885032],"物部2":[34.34267,134.886378],"宇山2":[34.349949,134.888817],"上物部2":[34.33281,134.888765],"宇山1":[34.34684,134.887679],"栄町4":[34.342385,134.889068],"塩屋2":[34.348815,134.893073],"本町8":[34.339793,134.890544],"塩屋1":[34.348144,134.897829],"上物部1":[34.334831,134.8915],"炬口":[34.360032,134.893468],"栄町3":[34.342681,134.891131],"炬口2":[34.352269,134.892646],"山手3":[34.339681,134.895289],"本町7":[34.341357,134.891998],"津田":[34.336157,134.895475],"塩屋3":[34.35003,134.892068],"炬口1":[34.353623,134.894167],"栄町2":[34.342968,134.893824],"本町6":[34.34026,134.893405],"小路谷":[34.330104,134.91522],"本町5":[34.34046,134.89469],"栄町1":[34.344691,134.89707],"本町4":[34.33945,134.896989],"本町3":[34.340062,134.897995],"港":[34.344403,134.898288],"本町2":[34.340916,134.898369],"本町1":[34.341516,134.899213],"山手1":[34.338587,134.898685],"山手2":[34.339155,134.898942],"海岸通2":[34.341274,134.901479],"中津川組":[34.261034,134.925171],"海岸通1":[34.346464,134.89899],"相川組":[34.257072,134.883871],"由良町内田":[34.302757,134.932353],"由良町由良":[34.272014,134.951086],"由良4":[34.294957,134.944047],"由良3":[34.293585,134.94442],"由良2":[34.291135,134.94602],"由良1":[34.287893,134.94761]}