{"平左衛門町":[34.698389,135.379807],"武庫町3":[34.752546,135.379059],"東海岸町":[34.697638,135.400381],"常松1":[34.764785,135.382377],"西昆陽4":[34.774169,135.375572],"武庫豊町3":[34.76392,135.377912],"常松2":[34.767346,135.379669],"武庫元町3":[34.758002,135.378016],"西昆陽3":[34.773647,135.383132],"武庫町4":[34.750114,135.381438],"西昆陽2":[34.772025,135.380002],"南武庫之荘6":[34.749623,135.385279],"南武庫之荘9":[34.744773,135.381545],"丸島町":[34.708193,135.383282],"武庫豊町2":[34.760771,135.380026],"武庫元町2":[34.756838,135.381267],"武庫町2":[34.751816,135.381603],"扇町":[34.700338,135.387841],"南武庫之荘10":[34.740948,135.384969],"南武庫之荘12":[34.739242,135.385899],"南武庫之荘8":[34.746314,135.383978],"西昆陽1":[34.767518,135.384765],"常吉2":[34.763157,135.381542],"大島1":[34.728333,135.387281],"稲葉荘1":[34.730664,135.386906],"元浜町4":[34.712361,135.384148],"大浜町2":[34.705205,135.386955],"大島2":[34.7253,135.387768],"稲葉荘2":[34.733508,135.386511],"武庫町1":[34.750763,135.385527],"常吉1":[34.762673,135.383805],"武庫元町1":[34.755551,135.385438],"元浜町3":[34.714055,135.384366],"稲葉荘3":[34.736015,135.385562],"稲葉荘4":[34.736972,135.386391],"武庫の里2":[34.765001,135.385096],"武庫川町4":[34.716764,135.384657],"武庫の里1":[34.761213,135.385156],"南武庫之荘7":[34.744461,135.385904],"大庄西町1":[34.720673,135.388323],"南武庫之荘11":[34.741433,135.386224],"元浜町5":[34.711031,135.387216],"大庄西町2":[34.721454,135.388302],"元浜町2":[34.713757,135.387642],"武庫川町3":[34.715432,135.386004],"武庫之荘9":[34.76825,135.390304],"武庫之荘8":[34.765274,135.39009],"末広町2":[34.696129,135.392152],"武庫之荘6":[34.762535,135.390011],"武庫之荘5":[34.757933,135.391221],"武庫之荘3":[34.755043,135.388267],"武庫之荘2":[34.751633,135.392166],"武庫之荘西2":[34.751079,135.389046],"南武庫之荘5":[34.74821,135.391107],"武庫川町2":[34.716094,135.388013],"南武庫之荘4":[34.746125,135.391244],"水堂町4":[34.744255,135.390007],"大浜町1":[34.707228,135.390473],"稲葉元町1":[34.73839,135.389079],"稲葉元町2":[34.736423,135.390654],"稲葉元町3":[34.735737,135.390441],"大庄北3":[34.731219,135.387653],"大庄北4":[34.730777,135.387731],"元浜町1":[34.712165,135.391077],"大島3":[34.726449,135.390298],"末広町1":[34.698203,135.393178],"大庄西町4":[34.717525,135.390988],"武庫川町1":[34.716459,135.390529],"大庄西町3":[34.722685,135.390729],"南武庫之荘1":[34.749636,135.396041],"水堂町2":[34.739489,135.39208],"武庫之荘4":[34.756665,135.393246],"武庫之荘1":[34.752483,135.39478],"西立花町5":[34.737808,135.392416],"大庄北2":[34.731831,135.391771],"西立花町4":[34.734825,135.393072],"武庫之荘7":[34.761739,135.396295],"大庄中通1":[34.727878,135.393236],"水堂町3":[34.74375,135.398559],"武庫之荘本町2":[34.760077,135.39492],"大庄中通2":[34.724719,135.392687],"大庄中通3":[34.722717,135.392814],"道意町6":[34.715466,135.395361],"大庄中通4":[34.721264,135.393222],"大庄中通5":[34.719407,135.392137],"水明町":[34.718864,135.396434],"武庫之荘本町1":[34.757573,135.395148],"道意町5":[34.716747,135.394185],"中浜町":[34.707766,135.39856],"鶴町":[34.702758,135.39652],"南武庫之荘3":[34.747134,135.396095],"大庄北5":[34.729198,135.393832],"水堂町1":[34.73929,135.396114],"大庄北1":[34.732822,135.395756],"西立花町2":[34.737065,135.398073],"西立花町1":[34.73773,135.398099],"大庄川田町":[34.724963,135.395058],"菜切山町":[34.724351,135.397044],"琴浦町":[34.722155,135.396804],"西立花町3":[34.734911,135.397951],"武庫之荘東1":[34.755523,135.396185],"道意町4":[34.716897,135.396252],"武庫之荘東2":[34.755124,135.398723],"南武庫之荘2":[34.745699,135.398648],"武庫之荘本町3":[34.758869,135.398557],"道意町7":[34.714793,135.399387],"浜田町3":[34.728895,135.396493],"浜田町2":[34.730537,135.400268],"浜田町4":[34.727181,135.40163],"浜田町1":[34.732037,135.398588],"道意町3":[34.71675,135.397788],"道意町1":[34.718432,135.400459],"立花町4":[34.742171,135.398512],"蓬川町":[34.720983,135.401457],"崇徳院3":[34.72184,135.401171],"崇徳院2":[34.723346,135.400946],"崇徳院1":[34.724984,135.400606],"浜田町5":[34.725909,135.401743],"道意町2":[34.717231,135.400025],"西海岸町":[34.701938,135.400136],"南七松町1":[34.732388,135.402434],"七松町1":[34.734213,135.40044],"立花町1":[34.738699,135.404818],"立花町2":[34.741329,135.404271],"富松町3":[34.759641,135.404227],"立花町3":[34.741773,135.40449],"富松町2":[34.756041,135.405145],"富松町1":[34.754523,135.405047],"上ノ島町1":[34.749529,135.403727],"上ノ島町2":[34.74771,135.404099],"上ノ島町3":[34.746778,135.404176],"西高洲町":[34.70775,135.403802],"東浜町":[34.705613,135.4016],"七松町2":[34.735268,135.403083],"南七松町2":[34.728861,135.402213],"西向島町":[34.713426,135.408676],"南竹谷町3":[34.71819,135.403154],"西難波町2":[34.727029,135.405877],"富松町4":[34.762727,135.405702],"竹谷町3":[34.718957,135.403393],"蓬川荘園":[34.726539,135.402323],"昭和通9":[34.723866,135.404067],"昭和南通9":[34.723238,135.404202],"神田北通9":[34.723338,135.403785],"宮内町3":[34.72039,135.403326],"中在家町3":[34.714161,135.413042],"北竹谷町3":[34.720944,135.403421],"神田中通9":[34.72252,135.403885],"西難波町3":[34.725419,135.406082],"神田南通6":[34.721271,135.403668],"西難波町1":[34.730352,135.405744],"大高洲町":[34.703588,135.410296],"南竹谷町2":[34.717322,135.404931],"七松町3":[34.734833,135.405526],"竹谷町2":[34.719164,135.404183],"宮内町2":[34.719354,135.405878],"北竹谷町2":[34.720733,135.405821],"神田南通5":[34.721677,135.405127],"神田中通8":[34.721929,135.405223],"南塚口町8":[34.750396,135.411576],"塚口町6":[34.758704,135.407836],"栗山町2":[34.745972,135.407195],"神田北通8":[34.722683,135.405432],"昭和南通8":[34.72283,135.407065],"大西町1":[34.74356,135.40721],"昭和通8":[34.723139,135.407155],"三反田町1":[34.738991,135.406988],"塚口町3":[34.756163,135.411494],"塚口町5":[34.75561,135.405759],"南竹谷町1":[34.718078,135.407155],"神田南通4":[34.721426,135.40597],"神田中通7":[34.721965,135.406266],"竹谷町1":[34.718467,135.406779],"神田北通7":[34.722096,135.40682],"東七松町1":[34.734223,135.408831],"西難波町6":[34.729289,135.408117],"南塚口町7":[34.746092,135.413276],"宮内町1":[34.719339,135.406907],"東向島西之町":[34.711163,135.411719],"西難波町5":[34.727573,135.408611],"西難波町4":[34.724955,135.409212],"北竹谷町1":[34.720531,135.407013],"東高洲町":[34.705183,135.411621],"神田南通3":[34.720919,135.408428],"西本町8":[34.71997,135.407936],"神田中通6":[34.721416,135.408572],"西本町7":[34.71695,135.407845],"三反田町2":[34.738423,135.410312],"神田北通6":[34.721875,135.40901],"昭和南通7":[34.722119,135.409031],"大西町2":[34.74281,135.408901],"昭和通7":[34.7227,135.409001],"塚口町4":[34.758191,135.41167],"栗山町1":[34.745189,135.410416],"玄番南之町":[34.718305,135.409035],"玄番北之町":[34.71886,135.409061],"西本町6":[34.716236,135.409877],"東難波町2":[34.730739,135.413182],"東七松町2":[34.735381,135.411155],"建家町":[34.719377,135.412141],"汐町":[34.718022,135.41016],"東難波町3":[34.726978,135.41551],"神田南通2":[34.72051,135.410252],"神田中通5":[34.720746,135.41034],"大西町3":[34.74375,135.411678],"神田北通5":[34.721422,135.410551],"昭和南通6":[34.721789,135.410615],"東難波町4":[34.725095,135.417087],"東難波町1":[34.733324,135.413733],"寺町":[34.717764,135.413389],"昭和通6":[34.722405,135.410281],"東難波町5":[34.721047,135.418196],"西本町北通5":[34.716378,135.411535],"西桜木町":[34.716872,135.411362],"西本町5":[34.714773,135.410968],"神田南通1":[34.720314,135.411677],"三反田町3":[34.739147,135.411533],"神田中通4":[34.720291,135.412226],"神田北通4":[34.721079,135.412252],"昭和南通5":[34.721476,135.41282],"中在家町4":[34.714548,135.412101],"昭和通5":[34.721776,135.412921],"西本町4":[34.71472,135.412191],"西御園町":[34.718573,135.414042],"東桜木町":[34.717265,135.413571],"西本町北通4":[34.716064,135.412666],"塚口町1":[34.753083,135.415954],"塚口町2":[34.756695,135.415347],"尾浜町1":[34.73782,135.415383],"南塚口町1":[34.748399,135.414626],"名神町1":[34.743232,135.414861],"東向島東之町":[34.709241,135.414853],"西松島町":[34.710914,135.422086],"西本町3":[34.715386,135.414327],"神田中通3":[34.720147,135.413997],"神田中通1":[34.719367,135.41683],"神田北通3":[34.720671,135.414072],"西本町北通3":[34.716211,135.41326],"昭和南通4":[34.7207,135.41615],"昭和通4":[34.720996,135.416256],"南塚口町6":[34.747099,135.415805],"開明町3":[34.716232,135.414602],"南初島町":[34.70682,135.4235],"北初島町":[34.708089,135.423106],"築地5":[34.712729,135.417188],"中在家町2":[34.713413,135.415003],"西本町2":[34.715236,135.415829],"御園町":[34.71767,135.417561],"神田北通2":[34.720199,135.41602],"神田中通2":[34.719739,135.415691],"扶桑町":[34.728579,135.420041],"尾浜町2":[34.738623,135.418927],"開明町2":[34.716004,135.416273],"南塚口町2":[34.75221,135.418066],"久々知西町1":[34.738408,135.423256],"名神町2":[34.74148,135.419032],"塚口本町3":[34.75913,135.420235],"中在家町1":[34.713488,135.416223],"西本町1":[34.714751,135.417524],"塚口本町1":[34.753599,135.421267],"塚口本町2":[34.755077,135.421071],"開明町1":[34.715158,135.417551],"西長洲町3":[34.724999,135.419459],"塚口本町4":[34.762124,135.419604],