{"奥池町":[34.766417,135.276574],"奥山":[34.75263,135.29027],"奥池南町":[34.76657,135.288915],"三条町":[34.736204,135.296115],"山芦屋町":[34.74282,135.295821],"三条南町":[34.732841,135.297422],"山手町":[34.740159,135.302605],"清水町":[34.730384,135.298392],"津知町":[34.728306,135.299008],"劔谷":[34.758878,135.305075],"西山町":[34.736515,135.29673],"西芦屋町":[34.732673,135.299575],"前田町":[34.731442,135.301682],"川西町":[34.727972,135.30288],"月若町":[34.734591,135.301233],"東芦屋町":[34.739389,135.304826],"朝日ケ丘町":[34.743962,135.310272],"平田北町":[34.726187,135.303254],"松ノ内町":[34.73422,135.304461],"平田町":[34.719556,135.304359],"業平町":[34.733586,135.307475],"公光町":[34.729291,135.305316],"船戸町":[34.735314,135.306516],"精道町":[34.729185,135.309215],"浜芦屋町":[34.724399,135.307891],"東山町":[34.740482,135.311065],"大桝町":[34.730704,135.306223],"松浜町":[34.721447,135.309286],"六麓荘町":[34.758209,135.307363],"緑町":[34.719896,135.312652],"大原町":[34.739554,135.310893],"茶屋之町":[34.729781,135.30868],"潮見町":[34.71923,135.312784],"竹園町":[34.726318,135.310099],"陽光町":[34.713561,135.31905],"上宮川町":[34.733357,135.310664],"伊勢町":[34.723338,135.311883],"南浜町":[34.709312,135.315807],"宮塚町":[34.73074,135.311815],"宮川町":[34.729569,135.312589],"海洋町":[34.714873,135.321722],"呉川町":[34.72346,135.313731],"岩園町":[34.745093,135.316807],"親王塚町":[34.735682,135.313076],"若葉町":[34.717477,135.315398],"楠町":[34.735865,135.32036],"打出小槌町":[34.732383,135.315122],"涼風町":[34.708,135.316165],"翠ケ丘町":[34.737729,135.319484],"若宮町":[34.730902,135.31619],"西蔵町":[34.725126,135.316101],"浜町":[34.73024,135.31619],"高浜町":[34.718254,135.318777],"春日町":[34.733877,135.321009],"打出町":[34.732715,135.321983],"新浜町":[34.723494,135.32077],"南宮町":[34.727505,135.321635],"浜風町":[34.720073,135.322897],"大東町":[34.72623,135.323381]}