{"北浜町西浜":[34.785047,134.748229],"北浜町北脇":[34.78532,134.753615],"北浜町牛谷":[34.794797,134.756155],"梅井6":[34.756974,134.76907],"曽根町":[34.776643,134.768784],"春日野町":[34.789995,134.771056],"金ケ田町":[34.79579,134.766931],"阿弥陀町阿弥陀":[34.811249,134.782207],"梅井5":[34.764993,134.77641],"阿弥陀1":[34.792996,134.771272],"中筋1":[34.789578,134.772083],"時光寺町":[34.79026,134.777403],"伊保町中筋":[34.786616,134.772432],"梅井3":[34.768276,134.775255],"中筋2":[34.788302,134.776438],"梅井4":[34.768612,134.779224],"高須":[34.763095,134.775418],"阿弥陀町地徳":[34.80571,134.778757],"荒井町新浜2":[34.75119,134.779481],"伊保崎2":[34.774793,134.780245],"中筋3":[34.789766,134.779671],"梅井2":[34.77122,134.780579],"伊保崎南":[34.767754,134.782699],"松陽1":[34.776369,134.780312],"中筋4":[34.786336,134.782771],"伊保崎1":[34.772515,134.781785],"伊保崎3":[34.776086,134.782108],"梅井1":[34.769087,134.782503],"松陽2":[34.782292,134.785155],"阿弥陀町南池":[34.789527,134.790382],"荒井町新浜1":[34.761404,134.783231],"伊保崎4":[34.773701,134.783645],"中筋5":[34.782308,134.787235],"伊保崎5":[34.775029,134.787068],"伊保崎6":[34.775299,134.788055],"松陽3":[34.779476,134.787822],"阿弥陀町北池":[34.792946,134.791087],"阿弥陀町長尾":[34.805084,134.787219],"伊保1":[34.76921,134.785894],"伊保港町2":[34.765544,134.784324],"伊保港町1":[34.767062,134.788474],"伊保3":[34.773161,134.789793],"松陽4":[34.777861,134.790874],"伊保2":[34.770775,134.789355],"阿弥陀町北山":[34.800042,134.788352],"荒井町千鳥1":[34.766163,134.790416],"荒井町千鳥2":[34.764387,134.790494],"阿弥陀町魚橋":[34.789418,134.790644],"竜山2":[34.781525,134.791265],"伊保4":[34.776177,134.792283],"伊保東1":[34.768363,134.790072],"高砂町相生町":[34.740556,134.794671],"荒井町中町":[34.760957,134.79081],"今市1":[34.766998,134.791697],"西畑4":[34.750878,134.792542],"荒井町千鳥3":[34.766374,134.794943],"伊保東2":[34.7741,134.796117],"高砂町沖浜町":[34.743494,134.797368],"荒井町南栄町":[34.759922,134.791579],"竜山1":[34.776986,134.795572],"西畑3":[34.749695,134.793971],"荒井町扇町":[34.759033,134.794663],"荒井町御旅1":[34.762692,134.793188],"高砂町松波町":[34.751911,134.795802],"今市2":[34.767124,134.797663],"荒井町御旅2":[34.765071,134.797382],"西畑2":[34.749342,134.796513],"荒井町東本町":[34.759988,134.795592],"荒井町日之出町":[34.75424,134.797581],"中島2":[34.771038,134.799711],"荒井町紙町":[34.757892,134.796806],"阿弥陀町生石":[34.785682,134.796111],"高砂町木曽町":[34.751218,134.797577],"末広町":[34.766653,134.797758],"荒井町蓮池3":[34.755464,134.800163],"荒井町若宮町":[34.76397,134.799999],"西畑1":[34.747754,134.79862],"高砂町宮前町":[34.745137,134.79951],"中島1":[34.769842,134.796007],"緑丘1":[34.765919,134.799101],"米田町島":[34.785812,134.801805],"高砂町鍵町":[34.749077,134.799752],"荒井町中新町":[34.75903,134.801837],"高砂町浜田町2":[34.750844,134.800342],"荒井町蓮池2":[34.755618,134.800799],"米田町塩市":[34.781568,134.805058],"高砂町浜田町1":[34.752334,134.801222],"高砂町栄町":[34.750214,134.798946],"高砂町朝日町2":[34.752318,134.803494],"中島3":[34.77292,134.799993],"高砂町南材木町":[34.737857,134.801648],"高砂町大工町":[34.746298,134.799952],"荒井町小松原3":[34.761829,134.801265],"緑丘2":[34.765522,134.801594],"荒井町蓮池1":[34.75866,134.800341],"高砂町釣船町":[34.745218,134.801216],"神爪4":[34.78949,134.802008],"高砂町狩網町":[34.744465,134.801435],"高砂町向島町":[34.742652,134.805836],"高砂町戎町":[34.742836,134.802247],"荒井町小松原2":[34.759348,134.80232],"神爪5":[34.791353,134.802628],"高砂町次郎助町":[34.747916,134.802353],"高砂町農人町":[34.749224,134.799774],"荒井町小松原1":[34.756086,134.803499],"荒井町小松原5":[34.765422,134.80245],"荒井町小松原4":[34.76488,134.80374],"百合丘":[34.769039,134.805365],"高砂町東宮町":[34.743882,134.803244],"高砂町朝日町3":[34.751348,134.804356],"美保里":[34.774242,134.804552],"神爪6":[34.792703,134.803262],"米田町神爪":[34.785863,134.808836],"高砂町朝日町1":[34.754129,134.804931],"米田町米田":[34.780022,134.816558],"米田町古新":[34.770214,134.807471],"神爪2":[34.788158,134.810691],"高砂町藍屋町":[34.748034,134.804007],"米田町米田新":[34.771881,134.811825],"神爪1":[34.785061,134.81021],"高砂町高瀬町":[34.747307,134.804843],"高砂町東浜町":[34.746973,134.805334],"高砂町材木町":[34.746045,134.8033],"高砂町南浜町":[34.742378,134.804107],"高砂町田町":[34.744651,134.802487],"高砂町船頭町":[34.74633,134.803428],"高砂町清水町":[34.746989,134.804678],"高砂町北本町":[34.746367,134.802728],"高砂町東農人町":[34.748475,134.802399],"米田団地":[34.782453,134.806702],"高砂町横町":[34.746559,134.801867],"高砂町細工町":[34.746947,134.801079],"高砂町鍛冶屋町":[34.747284,134.802111],"高砂町北渡海町":[34.747197,134.801814],"高砂町魚町":[34.745561,134.802469],"神爪3":[34.787251,134.804407],"高砂町南渡海町":[34.745422,134.801234],"高砂町南本町":[34.74399,134.801818],"高砂町西宮町":[34.742902,134.802521],"高砂町猟師町":[34.744111,134.802054],"高砂町今津町":[34.745395,134.803331]}