{"福浦":[34.758555,134.326792],"西有年":[34.825636,134.361633],"鷏和":[34.755436,134.354806],"大津":[34.786641,134.36945],"折方":[34.761175,134.354539],"新田":[34.768618,134.364882],"木生谷":[34.768862,134.355205],"東有年":[34.824915,134.362168],"西浜北町":[34.754489,134.367519],"西浜町":[34.752612,134.370608],"黒崎町":[34.76082,134.372643],"塩屋":[34.771817,134.373131],"有年楢原":[34.837298,134.384578],"磯浜町":[34.758769,134.376124],"真殿":[34.792108,134.396485],"古浜町":[34.761517,134.377748],"片浜町":[34.755183,134.37432],"中山":[34.817516,134.384908],"三樋町":[34.754279,134.37795],"平成町":[34.759412,134.379112],"板屋町":[34.757483,134.380983],"城西町":[34.750825,134.383275],"中広":[34.728252,134.382275],"加里屋":[34.765534,134.397489],"六百目町":[34.755427,134.380252],"若草町":[34.75307,134.384459],"長池町":[34.753906,134.384932],"惣門町":[34.756322,134.385886],"上仮屋南":[34.749611,134.389198],"大町":[34.757235,134.38846],"宮前町":[34.759422,134.388164],"有年原":[34.834551,134.395096],"上仮屋北":[34.750178,134.388801],"農神町":[34.752561,134.388127],"有年横尾":[34.826944,134.385639],"上仮屋":[34.747527,134.389176],"寿町":[34.75906,134.388792],"加里屋南":[34.750175,134.389172],"加里屋中洲6":[34.748351,134.392409],"元町":[34.75715,134.393459],"加里屋中洲5":[34.749817,134.393684],"御崎":[34.730615,134.412169],"尾崎":[34.741874,134.406788],"有年牟礼":[34.838452,134.397307],"加里屋中洲4":[34.750956,134.394747],"海浜町":[34.738208,134.402411],"山手町":[34.75859,134.395773],"加里屋中洲3":[34.752634,134.395095],"木津":[34.787502,134.399153],"松原町":[34.74297,134.397482],"加里屋中洲2":[34.754168,134.397195],"加里屋中洲1":[34.75635,134.398681],"大橋町":[34.744254,134.400075],"中浜町":[34.74286,134.40037],"目坂":[34.791583,134.413366],"南野中":[34.75984,134.403299],"さつき町":[34.740676,134.403303],"細野町":[34.756204,134.406028],"高雄":[34.793281,134.413487],"周世":[34.815601,134.409689],"元沖町":[34.737829,134.404197],"東浜町":[34.738516,134.407042],"北野中":[34.762814,134.415845],"元禄橋町":[34.735548,134.406509],"朝日町":[34.740853,134.407828],"正保橋町":[34.737178,134.407319],"本水尾町":[34.741167,134.408673],"清水町":[34.744963,134.40812],"南宮町":[34.747082,134.410697],"元塩町":[34.741297,134.409313],"高野":[34.798582,134.420505],"砂子":[34.763856,134.417162],"浜市":[34.775614,134.422282],"坂越":[34.749827,134.431248]}