{"大川瀬":[34.952507,135.125151],"つつじが丘南4":[34.943546,135.123309],"つつじが丘北3":[34.946427,135.12567],"つつじが丘北2":[34.942944,135.127017],"つつじが丘北4":[34.951977,135.132704],"つつじが丘南3":[34.942401,135.129354],"つつじが丘北1":[34.948748,135.132216],"西相野":[34.964792,135.135407],"つつじが丘南2":[34.945156,135.134739],"つつじが丘南1":[34.946759,135.138085],"上相野":[34.952444,135.143525],"藍本":[34.961537,135.145363],"下相野":[34.944536,135.162984],"テクノパーク":[34.924151,135.160845],"上内神":[34.918756,135.159466],"馬渡":[34.898762,135.159261],"四ツ辻":[34.943094,135.167388],"学園5":[34.90596,135.159226],"学園8":[34.900814,135.161018],"学園2":[34.913643,135.162887],"東本庄":[34.961397,135.192903],"学園4":[34.910079,135.163188],"学園7":[34.903592,135.165067],"学園6":[34.905575,135.166213],"沢谷":[34.916342,135.169984],"学園3":[34.911861,135.166674],"中内神":[34.925,135.178215],"洞":[34.940085,135.170184],"下内神":[34.919636,135.188693],"池尻":[34.893144,135.190321],"溝口":[34.938672,135.17452],"ゆりのき台3":[34.914086,135.172494],"ゆりのき台6":[34.918613,135.171985],"ゆりのき台2":[34.907939,135.173948],"長坂":[34.942833,135.176748],"ゆりのき台1":[34.912764,135.179417],"ゆりのき台4":[34.915557,135.181104],"ゆりのき台5":[34.916664,135.182691],"井ノ草":[34.947187,135.177293],"東山":[34.938769,135.198091],"あかしあ台2":[34.90296,135.179286],"あかしあ台3":[34.90453,135.179781],"あかしあ台1":[34.899212,135.182787],"あかしあ台4":[34.903666,135.187558],"広沢":[34.927198,135.183981],"上本庄":[34.983467,135.194093],"けやき台1":[34.905542,135.189752],"あかしあ台5":[34.900437,135.18591],"大畑":[34.944138,135.185505],"広野":[34.93556,135.190843],"富士が丘3":[34.888511,135.188697],"けやき台5":[34.911812,135.190388],"さくら坂":[34.893523,135.187786],"富士が丘4":[34.889988,135.188909],"けやき台6":[34.917564,135.18628],"けやき台4":[34.911311,135.193001],"上井沢":[34.92233,135.194664],"すずかけ台3":[34.905456,135.195053],"弥生が丘4":[34.884491,135.190377],"すずかけ台2":[34.90256,135.191251],"けやき台2":[34.906672,135.197668],"弥生が丘3":[34.881385,135.194121],"下井沢":[34.921509,135.194382],"富士が丘2":[34.889473,135.193589],"けやき台3":[34.915451,135.197773],"弥生が丘5":[34.883424,135.194861],"すずかけ台1":[34.899516,135.198757],"上深田":[34.893817,135.192358],"須磨田":[34.959551,135.194199],"富士が丘1":[34.888255,135.196316],"加茂":[34.930734,135.195166],"宮脇":[34.931634,135.194884],"弥生が丘2":[34.879231,135.197765],"弥生が丘6":[34.887252,135.198217],"富士が丘6":[34.889655,135.202495],"東野上":[34.919979,135.204424],"すずかけ台4":[34.906273,135.200238],"富士が丘5":[34.890335,135.201457],"弥生が丘1":[34.885695,135.202089],"西野上":[34.911469,135.20595],"狭間が丘4":[34.879825,135.203289],"狭間が丘3":[34.87631,135.201446],"貴志":[34.906132,135.201137],"狭間が丘5":[34.881548,135.204829],"末":[34.939267,135.201034],"武庫が丘7":[34.886402,135.204576],"下青野":[34.954474,135.211315],"福島":[34.919576,135.22652],"下深田":[34.890768,135.209643],"武庫が丘5":[34.884554,135.206072],"狭間が丘2":[34.880243,135.206861],"武庫が丘4":[34.882766,135.207938],"武庫が丘6":[34.887529,135.205674],"武庫が丘8":[34.889898,135.208369],"狭間が丘1":[34.877582,135.208192],"上青野":[34.98912,135.216773],"北浦":[34.94822,135.213239],"大原":[34.901863,135.219277],"武庫が丘3":[34.881911,135.208703],"母子":[35.010853,135.227438],"武庫が丘2":[34.882993,135.213323],"川除":[34.897917,135.216109],"武庫が丘1":[34.881132,135.213368],"南が丘2":[34.879811,135.222931],"天神3":[34.888466,135.218069],"天神2":[34.888163,135.220767],"西山2":[34.882974,135.215346],"南が丘1":[34.8814,135.223074],"西山1":[34.882825,135.221357],"天神1":[34.890619,135.219198],"横山町":[34.875433,135.22305],"屋敷町":[34.886973,135.222495],"友が丘2":[34.906564,135.225344],"三輪4":[34.898315,135.222985],"三田町":[34.884473,135.227573],"友が丘1":[34.902761,135.222011],"三輪2":[34.893784,135.222406],"八景町":[34.877384,135.226065],"中央町":[34.887122,135.225574],"対中町":[34.877783,135.224683],"相生町":[34.881307,135.225252],"三輪3":[34.896599,135.226281],"尼寺":[34.938815,135.223434],"小野":[34.94724,135.224262],"友が丘3":[34.903005,135.227938],"三輪1":[34.892183,135.228065],"三輪":[34.903653,135.228926],"乙原":[34.990232,135.24722],"駅前町":[34.885886,135.232136],"寺村町":[34.875708,135.232106],"高次1":[34.890811,135.230742],"中町":[34.885505,135.231812],"高次2":[34.892543,135.230268],"下田中":[34.884581,135.233454],"桑原":[34.896246,135.267576],"志手原":[34.918461,135.246424],"永沢寺":[35.01875,135.251469],"成谷":[34.908188,135.243472],"香下":[34.90281,135.249867],"高次":[34.897313,135.24098],"山田":[34.891896,135.258761],"小柿":[34.963882,135.245308],"市之瀬":[34.932448,135.25554],"下槻瀬":[34.936261,135.26453],"酒井":[34.961149,135.274257],"下里":[34.953975,135.272058],"田中":[34.974218,135.269667],"木器":[34.934419,135.269814],"上槻瀬":[34.940469,135.262312],"布木":[34.977723,135.274707],"十倉":[34.964987,135.273731],"鈴鹿":[34.95431,135.272081],"川原":[34.987708,135.280539],"末吉":[34.998444,135.284312],"波豆川":[34.966809,135.291201],"学園1":[34.914407,135.160614]}