{"赤松":[34.874486,135.382457],"若宮":[34.851327,135.380594],"けやき坂3":[34.86083,135.379001],"けやき坂4":[34.863692,135.381885],"けやき坂2":[34.860435,135.384913],"石道":[34.88083,135.388666],"西多田":[34.853089,135.392455],"芋生":[34.860062,135.387078],"清和台西3":[34.872136,135.387013],"清和台西2":[34.873353,135.38621],"清和台西1":[34.878017,135.385411],"けやき坂5":[34.861046,135.384694],"清和台西4":[34.8714,135.388242],"清和台東1":[34.878039,135.388942],"柳谷":[34.86664,135.391106],"清和台東2":[34.878401,135.391378],"けやき坂1":[34.86369,135.394791],"清和台西5":[34.867856,135.392195],"清和台東3":[34.874354,135.390633],"清和台東4":[34.869422,135.396303],"清和台東5":[34.867773,135.394149],"満願寺町":[34.836306,135.391738],"多田院":[34.869242,135.39612],"湯山台2":[34.851652,135.405224],"山原":[34.898797,135.393344],"虫生":[34.877837,135.392482],"西畦野":[34.884773,135.40482],"多田院西2":[34.862537,135.399474],"水明台3":[34.875227,135.397068],"美山台1":[34.907472,135.399149],"丸山台1":[34.906863,135.40687],"水明台4":[34.881019,135.400658],"多田院西1":[34.857867,135.401775],"水明台1":[34.875322,135.402561],"美山台2":[34.908541,135.401587],"緑台7":[34.865372,135.402444],"山原2":[34.895409,135.4032],"西畦野1":[34.887374,135.401269],"水明台2":[34.876347,135.402306],"緑台6":[34.870498,135.401258],"湯山台1":[34.850448,135.404899],"西多田1":[34.852249,135.40599],"一庫3":[34.905873,135.404103],"南花屋敷4":[34.822758,135.405505],"南野坂2":[34.849775,135.406413],"清流台":[34.883286,135.402717],"緑が丘2":[34.898886,135.403326],"美山台3":[34.91306,135.403629],"多田院2":[34.863062,135.403544],"寺畑2":[34.824549,135.399343],"南花屋敷3":[34.819066,135.405163],"向陽台3":[34.87496,135.407004],"久代4":[34.80231,135.404372],"西畦野2":[34.888716,135.405564],"加茂3":[34.81402,135.403483],"緑台5":[34.870721,135.404036],"多田院多田所町":[34.861216,135.402637],"緑台3":[34.865572,135.409692],"南野坂1":[34.84893,135.407451],"緑台4":[34.867618,135.407963],"丸山台2":[34.909551,135.409338],"花屋敷2":[34.832143,135.406028],"一庫2":[34.903446,135.407738],"緑が丘1":[34.898029,135.406677],"多田院1":[34.862493,135.405757],"萩原台西2":[34.845535,135.409122],"矢問3":[34.859482,135.414248],"山原1":[34.894396,135.405586],"丸山台3":[34.913871,135.408124],"加茂2":[34.816927,135.407528],"一庫1":[34.899325,135.40797],"加茂4":[34.8121,135.407154],"久代3":[34.804452,135.40945],"南花屋敷1":[34.824894,135.405377],"東畦野山手2":[34.882191,135.416805],"東畦野1":[34.883531,135.414608],"久代5":[34.802124,135.412441],"東畦野6":[34.893822,135.40724],"新田2":[34.861226,135.408564],"向陽台2":[34.872254,135.409554],"南花屋敷2":[34.822277,135.408903],"萩原台西1":[34.842833,135.412021],"萩原台西3":[34.847194,135.411774],"寺畑1":[34.826715,135.409993],"栄根2":[34.82422,135.412889],"笹部1":[34.894563,135.412576],"西多田2":[34.857316,135.409355],"錦松台":[34.849104,135.413097],"東畦野5":[34.887543,135.410766],"花屋敷1":[34.830662,135.411266],"見野3":[34.888514,135.409663],"東畦野4":[34.883818,135.406012],"山下町":[34.897116,135.41023],"加茂1":[34.815589,135.411134],"久代2":[34.805397,135.41123],"東畦野":[34.882983,135.431624],"花屋敷山手町":[34.832901,135.411504],"矢問2":[34.858343,135.41145],"見野2":[34.892993,135.411836],"向陽台1":[34.871753,135.414534],"緑台2":[34.870735,135.411365],"下財町":[34.897719,135.410688],"緑台1":[34.871486,135.414462],"新田3":[34.863495,135.414376],"東畦野3":[34.884023,135.409645],"新田1":[34.863017,135.413321],"国崎":[34.92418,135.431153],"加茂5":[34.811955,135.41091],"笹部2":[34.89612,135.415134],"松が丘町":[34.840167,135.412056],"栄町":[34.830191,135.413937],"鴬台2":[34.849101,135.417817],"平野2":[34.866222,135.416235],"下加茂1":[34.815931,135.413555],"矢問1":[34.851715,135.416551],"鴬台1":[34.849731,135.415035],"霞ケ丘2":[34.83357,135.413615],"見野1":[34.893752,135.414521],"加茂6":[34.812361,135.415889],"久代1":[34.803871,135.415965],"下加茂2":[34.812746,135.416372],"霞ケ丘1":[34.834295,135.413487],"東畦野2":[34.88429,135.415805],"日高町":[34.832759,135.415441],"矢問東町":[34.855174,135.415222],"火打2":[34.836957,135.417126],"萩原1":[34.837783,135.417713],"萩原台東1":[34.84262,135.415227],"萩原台東2":[34.845305,135.4143],"栄根1":[34.821549,135.414752],"鴬が丘":[34.845601,135.417512],"久代6":[34.802737,135.417852],"大和西3":[34.890336,135.416449],"多田桜木2":[34.860112,135.416296],"萩原2":[34.841967,135.41833],"平野3":[34.872459,135.418535],"笹部3":[34.895216,135.420268],"小花1":[34.826542,135.416957],"大和西2":[34.888547,135.420134],"平野":[34.875374,135.416836],"中央町":[34.83239,135.417489],"大和西5":[34.892598,135.420253],"東畦野山手1":[34.879302,135.419847],"東久代2":[34.803587,135.418629],"小花2":[34.82602,135.420813],"火打1":[34.836229,135.420411],"小戸1":[34.829102,135.419977],"多田桜木1":[34.856489,135.418231],"鴬の森町":[34.845551,135.419798],"大和西1":[34.885276,135.420141],"平野1":[34.864983,135.420298],"鼓が滝1":[34.852632,135.424342],"萩原3":[34.843716,135.41841],"東多田3":[34.860971,135.42216],"丸の内町":[34.840499,135.42009],"東久代1":[34.803953,135.421869],"大和西4":[34.891074,135.420202],"小戸2":[34.829081,135.422145],"東多田1":[34.85915,135.420719],"美園町":[34.834027,135.422439],"滝山町":[34.842879,135.421514],"小戸3":[34.83357,135.423341],"出在家町":[34.836413,135.423821],"長尾町":[34.882055,135.42477],"大和東4":[34.892271,135.42384],"東多田2":[34.85831,135.425009],"絹延町":[34.834781,135.423664],"大和東1":[34.888383,135.425949],"大和東3":[34.89026,135.423812],"鼓が滝2":[34.854843,135.427864],"横路":[34.919298,135.427144],"鼓が滝3":[34.856251,135.430857],"大和東2":[34.893406,135.430056],"大和東5":[34.8952,135.430626],"東多田":[34.858774,135.427467],"黒川":[34.924016,135.458138]}