{"和田山町宮内":[35.362641,134.817316],"和田山町高田":[35.366196,134.823131],"和田山町法道寺":[35.34295,134.821127],"和田山町岡":[35.332227,134.819284],"和田山町宮田":[35.34382,134.827807],"和田山町林垣":[35.35383,134.838339],"和田山町土田":[35.337302,134.827528],"和田山町秋葉台":[35.356885,134.841227],"和田山町寺内":[35.358946,134.843974],"和田山町寺谷":[35.343183,134.856015],"和田山町平野":[35.339416,134.841745],"和田山町高生田":[35.364843,134.848998],"和田山町室尾":[35.356281,134.855232],"和田山町弥生が丘":[35.350747,134.866478],"和田山町柳原":[35.349955,134.865491],"和田山町岡田":[35.349164,134.865195],"和田山町枚田":[35.331228,134.846498],"和田山町市御堂":[35.317335,134.847859],"和田山町東谷2":[35.339511,134.845736],"和田山町東谷":[35.340993,134.850274],"和田山町東谷1":[35.341884,134.845199],"和田山町東谷4":[35.341562,134.846752],"和田山町東谷3":[35.339434,134.847129],"和田山町東谷5":[35.340546,134.849178],"和田山町駅北":[35.342413,134.850781],"和田山町和田山":[35.335432,134.856608],"和田山町比治":[35.317754,134.858169],"和田山町法興寺":[35.327945,134.857524],"和田山町枚田岡":[35.327176,134.857333],"和田山町玉置":[35.332326,134.862345],"和田山町桑原":[35.326073,134.870959],"和田山町久留引":[35.320487,134.826751],"和田山町立ノ原":[35.327744,134.857419],"和田山町安井":[35.30834,134.834405],"和田山町久世田":[35.289385,134.834713],"和田山町殿":[35.310886,134.82338],"和田山町竹田":[35.302709,134.837521],"和田山町加都":[35.316356,134.847847],"和田山町栄町":[35.307945,134.836657],"和田山町筒江":[35.310545,134.860255],"山東町大月":[35.311769,134.86448]}