{"青垣町大名草":[35.246088,134.955423],"青垣町大稗":[35.250357,134.932009],"青垣町稲土":[35.262177,134.976284],"青垣町遠阪":[35.282289,134.985186],"青垣町小稗":[35.245764,134.946932],"山南町西谷":[35.100882,134.954503],"山南町小野尻":[35.092582,134.973427],"氷上町三方":[35.190774,134.982933],"青垣町惣持":[35.251123,134.956725],"山南町小畑":[35.09516,134.964874],"氷上町中":[35.189269,134.988229],"山南町五ケ野":[35.106367,134.96944],"青垣町文室":[35.252138,134.967623],"青垣町桧倉":[35.24862,134.970972],"山南町山本":[35.105507,134.968767],"氷上町三原":[35.174523,134.988632],"氷上町新郷":[35.154538,135.03517],"山南町小新屋":[35.084654,134.980697],"山南町和田":[35.087263,134.981383],"山南町坂尻":[35.111334,134.974381],"青垣町山垣":[35.27308,134.99359],"青垣町市原":[35.252413,134.999437],"青垣町西芦田":[35.231764,135.015827],"山南町応地":[35.108528,134.989304],"氷上町中野":[35.180146,134.994006],"青垣町小倉":[35.250254,135.000034],"氷上町油利":[35.137834,135.011229],"山南町北和田":[35.095921,134.992181],"青垣町中佐治":[35.264973,135.007683],"氷上町小野":[35.1111,134.999793],"氷上町長野":[35.176091,135.010619],"氷上町朝阪":[35.122205,135.011121],"山南町梶":[35.080747,134.996418],"氷上町清住":[35.188438,134.993396],"山南町前川":[35.083123,134.998936],"氷上町上新庄":[35.184356,135.008821],"山南町草部":[35.106942,135.003022],"氷上町大谷":[35.178218,135.007117],"山南町南中":[35.092507,135.000178],"山南町野坂":[35.08422,135.005051],"青垣町佐治":[35.244506,135.010593],"山南町きらら通":[35.083121,135.000325],"氷上町井中":[35.20285,135.041896],"青垣町沢野":[35.25075,135.016928],"山南町岩屋":[35.102856,135.028983],"氷上町谷村":[35.147986,135.027387],"山南町奥":[35.08593,135.011293],"山南町井原":[35.0777,135.012558],"青垣町栗住野":[35.231276,135.026904],"氷上町福田":[35.118944,135.021722],"氷上町下新庄":[35.182246,135.028555],"氷上町佐野":[35.135236,135.019594],"山南町村森":[35.074028,135.020792],"氷上町柿柴":[35.172425,135.028415],"山南町山崎":[35.075169,135.026215],"青垣町口塩久":[35.24936,135.025268],"氷上町沼":[35.217963,135.034226],"氷上町上成松":[35.16544,135.034957],"青垣町田井縄":[35.238914,135.030422],"青垣町奥塩久":[35.257273,135.026742],"氷上町御油":[35.209267,135.037448],"氷上町稲畑":[35.149841,135.038826],"氷上町黒田":[35.165741,135.032864],"氷上町賀茂":[35.193834,135.042739],"山南町金屋":[35.08479,135.037917],"氷上町成松":[35.172443,135.039753],"山南町谷川":[35.06746,135.053497],"氷上町稲継":[35.151738,135.042425],"氷上町常楽":[35.184386,135.042164],"柏原町鴨野":[35.14021,135.056274],"青垣町東芦田":[35.25754,135.054284],"氷上町西中":[35.168888,135.044301],"山南町奥野々":[35.105038,135.061197],"柏原町大新屋":[35.139242,135.055606],"山南町岡本":[35.080998,135.046132],"氷上町犬岡":[35.16378,135.042228],"氷上町本郷":[35.155979,135.036151],"氷上町鴨内":[35.22397,135.047783],"氷上町小谷":[35.227115,135.038656],"氷上町日比宇":[35.217494,135.043102],"氷上町伊佐口":[35.20834,135.039353],"氷上町南油良":[35.187746,135.060365],"氷上町氷上":[35.181778,135.052652],"柏原町田路":[35.143241,135.056817],"柏原町北山":[35.141588,135.055652],"柏原町母坪":[35.146228,135.052508],"氷上町香良":[35.203471,135.043721],"山南町玉巻":[35.097303,135.053612],"氷上町絹山":[35.20135,135.04428],"氷上町市辺":[35.16425,135.052574],"氷上町桟敷":[35.194059,135.048988],"氷上町北油良":[35.200659,135.06119],"山南町長野":[35.082716,135.048515],"氷上町横田":[35.150192,135.055076],"山南町池谷":[35.082501,135.054683],"柏原町石戸":[35.106544,135.057018],"山南町大谷":[35.080723,135.057122],"柏原町挙田":[35.134551,135.056898],"山南町太田":[35.080524,135.072731],"氷上町石生":[35.150936,135.071622],"氷上町大崎":[35.162754,135.065675],"柏原町柏原":[35.128894,135.071817],"山南町大河":[35.084837,135.063951],"柏原町南多田":[35.13757,135.080704],"春日町野山":[35.169855,135.069506],"春日町長王":[35.176237,135.070473],"山南町北太田":[35.094355,135.071534],"氷上町北野":[35.156179,135.066803],"柏原町小南":[35.12954,135.070594],"春日町牛河内":[35.18021,135.077721],"春日町坂":[35.165204,135.06964],"山南町畑内":[35.086454,135.080839],"春日町歌道谷":[35.167866,135.073295],"山南町篠場":[35.087629,135.086038],"市島町上鴨阪":[35.23133,135.100494],"柏原町下小倉":[35.114349,135.09062],"春日町新才":[35.177102,135.079452],"春日町山田":[35.180618,135.082885],"柏原町北中":[35.119781,135.084474],"市島町乙河内":[35.212653,135.099544],"市島町白毫寺":[35.194499,135.101608],"春日町石才":[35.167928,135.079367],"山南町青田":[35.086835,135.091907],"春日町朝日":[35.169631,135.091074],"春日町園部":[35.167587,135.080911],"柏原町東奥":[35.13596,135.09684],"山南町阿草":[35.072854,135.112229],"市島町徳尾":[35.228014,135.105026],"春日町古河":[35.177631,135.089689],"春日町稲塚":[35.177879,135.093116],"柏原町見長":[35.122816,135.087805],"山南町下滝":[35.087977,135.098653],"春日町平松":[35.162901,135.099302],"春日町野村":[35.163823,135.117836],"春日町黒井":[35.167996,135.11037],"柏原町上小倉":[35.110734,135.104168],"市島町与戸":[35.188493,135.119111],"山南町上滝":[35.102087,135.106716],"市島町下鴨阪":[35.225988,135.109737],"市島町戸坂":[35.195385,135.106261],"市島町中竹田":[35.239593,135.141582],"春日町棚原":[35.154956,135.122969],"市島町酒梨":[35.19541,135.114258],"市島町上竹田":[35.230818,135.136404],"春日町多田":[35.179984,135.11173],"春日町七日市":[35.173867,135.118938],"市島町勅使":[35.196473,135.121511],"市島町東勅使":[35.204675,135.127265],"市島町北岡本":[35.218532,135.132214],"市島町市島":[35.211764,135.134256],"春日町野上野":[35.167438,135.137224],"春日町国領":[35.1435,135.132736],"春日町池尾":[35.191813,135.12892],"春日町多利":[35.183932,135.13919],"市島町矢代":[35.225421,135.130669],"市島町梶原":[35.202311,135.137742],"春日町小多利":[35.19204,135.135469],"市島町上垣":[35.214083,135.146818],"市島町上田":[35.211242,135.148209],"春日町東中":[35.1417,135.1452],"春日町柚津":[35.159206,135.147508],"市島町下竹田":[35.237936,135.143805],"市島町南":[35.199613,135.149751],"市島町喜多":[35.196225,135.158798],"春日町鹿場":[35.148945,135.1583],"春日町中山":[35.14225,135.163699],"市島町岩戸":[35.213264,135.158092],"市島町北奥":[35.191921,135.176264],"市島町上牧":[35.203737,135.166298],"春日町下三井庄":[35.16028,135.16748],"春日町松森":[35.139371,135.170982],"春日町上三井庄":[35.161779,135.196218],"春日町広瀬":[35.136132,135.182055],"市島町戸平":[35.200988,135.19398],"春日町栢野":[35.138039,135.201119],"春日町野瀬":[35.154238,135.223154]}