{"八鹿町日畑":[35.425434,134.650564],"八鹿町石原":[35.407958,134.691688],"八鹿町八木":[35.390489,134.718975],"八鹿町今滝寺":[35.394835,134.709641],"八鹿町小佐":[35.414636,134.718826],"八鹿町高柳":[35.382506,134.747656],"八鹿町九鹿":[35.401735,134.76006],"八鹿町国木":[35.397728,134.750555],"八鹿町米里":[35.392549,134.758111],"八鹿町小山":[35.401712,134.753597],"八鹿町三谷":[35.420847,134.768848],"八鹿町朝倉":[35.39721,134.772159],"八鹿町八鹿":[35.403644,134.772654],"十二所":[35.376315,134.769558],"八鹿町青山":[35.440602,134.758608],"八鹿町宿南":[35.432352,134.792083],"上箇":[35.388292,134.779498],"広谷":[35.376818,134.770471],"八鹿町下網場":[35.403885,134.77267],"八鹿町上小田":[35.422178,134.784228],"上野":[35.375054,134.793723],"小城":[35.383144,134.793047],"薮崎":[35.389942,134.795695],"八鹿町舞狂":[35.400523,134.789738],"八鹿町下小田":[35.422545,134.790742],"大薮":[35.402533,134.815554],"八鹿町坂本":[35.425094,134.799185],"八鹿町伊佐":[35.429805,134.792647],"八鹿町浅間":[35.42974,134.797101],"養父市場":[35.382402,134.801141],"堀畑":[35.372152,134.81162],"八鹿町大江":[35.419754,134.817799],"口米地":[35.385382,134.817936],"八鹿町岩崎":[35.425084,134.808571],"大塚":[35.371818,134.815158],"鉄屋米地":[35.385147,134.817328],"八鹿町上網場":[35.39683,134.777063]}