{"柏原":[34.994796,135.313629],"清水":[34.967835,135.322426],"島":[34.977753,135.319681],"西畑":[34.996768,135.303113],"笹尾":[34.958756,135.332112],"杉生":[35.022761,135.346868],"清水東":[34.969986,135.325321],"林田":[34.942746,135.335221],"仁頂寺":[34.967532,135.333052],"鎌倉":[34.981664,135.336458],"杤原":[34.951728,135.333991],"旭ケ丘":[34.968817,135.336635],"木津":[34.935666,135.347008],"木間生":[34.944977,135.343258],"万善":[34.917561,135.35684],"猪渕":[34.889952,135.363161],"銀山":[34.898272,135.344198],"広根":[34.895707,135.363872],"肝川":[34.881957,135.37076],"槻並":[34.924974,135.353285],"南田原":[34.909812,135.360788],"白金2":[34.902801,135.366899],"白金1":[34.905458,135.362837],"白金3":[34.898224,135.364258],"北田原":[34.913058,135.368705],"つつじが丘5":[34.881117,135.362521],"つつじが丘4":[34.883856,135.363831],"つつじが丘3":[34.884315,135.36996],"つつじが丘2":[34.887434,135.367357],"若葉2":[34.892493,135.373674],"若葉1":[34.898231,135.371367],"下阿古谷":[34.922132,135.374334],"つつじが丘1":[34.887336,135.368827],"北野":[34.906688,135.37229],"紫合":[34.906628,135.382546],"差組":[34.880997,135.380802],"柏梨田":[34.897466,135.375916],"上阿古谷":[34.94138,135.386292],"猪名川台2":[34.884021,135.375791],"猪名川台1":[34.882852,135.376241],"荘苑3":[34.917805,135.377709],"上野":[34.892276,135.375542],"荘苑1":[34.916321,135.377634],"荘苑2":[34.917315,135.37746],"原":[34.909828,135.39085],"松尾台4":[34.900344,135.388639],"松尾台2":[34.906038,135.39146],"松尾台3":[34.904322,135.393806],"伏見台1":[34.91086,135.396363],"松尾台1":[34.905454,135.39521],"民田":[34.932456,135.403051],"内馬場":[34.914948,135.396492],"伏見台5":[34.921714,135.39679],"伏見台4":[34.917546,135.400068],"伏見台2":[34.914118,135.402119],"伏見台3":[34.91581,135.406046]}