{"中区徳畑":[35.055131,134.902362],"中区門前":[35.076625,134.902227],"中区安楽田":[35.076397,134.908932],"中区安坂":[35.036521,134.918996],"中区東山":[35.075822,134.918339],"中区奥中":[35.047436,134.91115],"中区高岸":[35.059677,134.916445],"中区牧野":[35.073226,134.934182],"中区糀屋":[35.036965,134.920528],"中区茂利":[35.041541,134.918484],"中区天田":[35.060208,134.916607],"中区坂本":[35.027759,134.928274],"中区岸上":[35.054334,134.926679],"中区鍛冶屋":[35.070816,134.932047],"中区田野口":[35.075952,134.917604],"中区中村町":[35.047529,134.92864],"中区間子":[35.05399,134.927516],"中区森本":[35.041448,134.940158],"中区曽我井":[35.022065,134.942055],"中区西安田":[35.047222,134.942178],"中区中安田":[35.041996,134.953978],"中区東安田":[35.041698,134.954426]}