{"中一色":[34.763361,134.884323],"和田":[34.735612,134.892837],"中村":[34.749826,134.904191],"幸竹":[34.743644,134.892807],"北山":[34.7579,134.915858],"加古":[34.776869,134.89708],"六分一":[34.723135,134.914601],"森安":[34.744155,134.894461],"国安":[34.747921,134.902257],"国北1":[34.745939,134.903513],"国岡3":[34.748509,134.905268],"岡":[34.741897,134.940752],"国岡":[34.752837,134.911932],"国北2":[34.745978,134.906264],"国岡2":[34.751491,134.909546],"国岡6":[34.749243,134.911641],"国岡1":[34.748595,134.911394],"国岡5":[34.752178,134.917167],"印南":[34.728171,134.925375],"蛸草":[34.752332,134.924318],"野寺":[34.766282,134.93634],"下草谷":[34.776471,134.952661],"野谷":[34.753139,134.965818],"草谷":[34.776216,134.953654],"国岡4":[34.752021,134.910865]}