{"船代":[34.818862,134.565008],"岩見構":[34.814549,134.566676],"吉福":[34.80798,134.566997],"宮本":[34.824666,134.562559],"常全":[34.824731,134.563544],"下阿曽":[34.831047,134.568867],"阿曽":[34.836987,134.56856],"老原":[34.824204,134.568725],"福地":[34.815145,134.569604],"馬場":[34.837186,134.574414],"塚森":[34.815657,134.569838],"沖代":[34.812503,134.573898],"鵤":[34.829761,134.578769],"蓮常寺":[34.822731,134.571185],"米田":[34.813302,134.577289],"立岡":[34.829549,134.578189],"竹広":[34.816514,134.578321],"佐用岡":[34.839575,134.58896],"糸井":[34.820072,134.582142],"松尾":[34.849626,134.58552],"矢田部":[34.827959,134.584753],"東南":[34.827153,134.591204],"広坂":[34.850511,134.586912],"東保":[34.837767,134.589641],"王子":[34.845879,134.594329],"松ケ下":[34.840665,134.59307],"東出":[34.829794,134.594152],"太田":[34.838716,134.615659],"上太田":[34.842244,134.596453],"天満山":[34.828048,134.608632],"黒岡":[34.831961,134.607621],"原":[34.830731,134.617168],"山田":[34.833247,134.619301]}