{"八保":[34.879837,134.316207],"梨ケ原":[34.831218,134.30647],"落地":[34.839064,134.313585],"別名":[34.866927,134.316157],"栗原":[34.85086,134.317427],"船坂":[34.879181,134.328565],"山野里":[34.850338,134.34902],"岩木":[34.885614,134.344925],"井上":[34.874712,134.352942],"大枝新":[34.884705,134.352434],"大持":[34.873531,134.355824],"大枝":[34.890102,134.360704],"竹万":[34.85032,134.363089],"上郡":[34.878277,134.363839],"尾長谷":[34.878847,134.365006],"與井":[34.865531,134.372637],"與井新":[34.857135,134.375057],"高田台4":[34.862147,134.382721],"高田台1":[34.864897,134.379315],"釜島":[34.844115,134.387118],"高田台3":[34.862697,134.383934],"高田台2":[34.865433,134.383981],"西野山":[34.859525,134.387029],"高田台5":[34.861825,134.385984],"神明寺":[34.870133,134.382319],"大冨":[34.936863,134.406846],"高田台6":[34.862791,134.387028],"高田台7":[34.862177,134.388861],"中野":[34.860451,134.389019],"正福寺":[34.850301,134.39479],"野桑":[34.894341,134.389077],"宇治山":[34.871424,134.389445],"奥甲":[34.879275,134.391529],"宿":[34.864954,134.395248],"休治":[34.860874,134.397456],"佐用谷":[34.871683,134.406595],"宇野山":[34.862426,134.407996],"金出地":[34.918292,134.422336],"小野豆":[34.877338,134.412727],"光都2":[34.93927,134.441267],"光都3":[34.923747,134.439741],"光都1":[34.939878,134.433487]}