{"香住区余部":[35.638382,134.552281],"香住区鎧":[35.64901,134.573584],"香住区下浜":[35.646479,134.606637],"香住区矢田":[35.637193,134.614646],"香住区油良":[35.635102,134.61409],"香住区七日市":[35.638604,134.623545],"香住区間室":[35.624991,134.613283],"香住区森":[35.624645,134.632177],"香住区香住":[35.642815,134.631249],"香住区一日市":[35.649315,134.638054],"香住区若松":[35.645358,134.630583],"香住区境":[35.647475,134.635978],"香住区上計":[35.653045,134.656391],"香住区沖浦":[35.655496,134.658894],"香住区浦上":[35.64827,134.660506],"香住区無南垣":[35.654206,134.676383],"香住区訓谷":[35.655287,134.693087],"香住区安木":[35.644026,134.708918],"香住区相谷":[35.660906,134.72302],"香住区九斗":[35.648844,134.679744]}