{"大字高天":[34.422962,135.700985],"大字伏見":[34.415395,135.700251],"大字西佐味":[34.4032,135.702339],"大字関屋":[34.437824,135.708518],"大字櫛羅":[34.462544,135.727002],"大字鴨神":[34.408897,135.711682],"大字井戸":[34.432398,135.714084],"大字西北窪":[34.420981,135.707396],"大字極楽寺":[34.422735,135.706231],"大字小林":[34.466523,135.71759],"大字朝妻":[34.417949,135.71097],"大字北窪":[34.420579,135.707586],"大字南郷":[34.428819,135.713439],"大字増":[34.435904,135.712181],"大字東佐味":[34.404566,135.715635],"大字森脇":[34.448101,135.724824],"大字楢原":[34.459259,135.725548],"大字名柄":[34.443087,135.71491],"大字林":[34.42187,135.716608],"大字佐田":[34.435353,135.716173],"大字僧堂":[34.415328,135.714141],"大字五百家":[34.418616,135.719853],"大字豊田":[34.446692,135.721532],"大字内谷":[34.402948,135.726562],"大字東名柄":[34.437255,135.718414],"大字下茶屋":[34.431344,135.717802],"大字多田":[34.437282,135.722601],"大字鳥井戸":[34.417761,135.720239],"大字船路":[34.415152,135.717966],"大字西持田":[34.42896,135.718374],"大字東持田":[34.427238,135.719247],"大字小殿":[34.43244,135.721928],"大字城山台":[34.432276,135.722073],"大字幸町":[34.450268,135.729011],"大字宮戸":[34.442658,135.725469],"大字西寺田":[34.44117,135.724392],"大字栗阪":[34.425144,135.724925],"大字元町":[34.468352,135.731438],"大字東松本":[34.465098,135.732233],"（大字なし）":[34.464184,135.732486],"大字室":[34.440884,135.732687],"大字三室":[34.460834,135.732133],"大字重阪":[34.394561,135.737786],"大字蛇穴":[34.451297,135.735024],"大字池之内":[34.448891,135.737682],"大字東辻":[34.466531,135.743849],"大字竹田":[34.467121,135.739339],"大字新田":[34.404112,135.737672],"大字朝町":[34.422391,135.742424],"大字古瀬":[34.414027,135.743847],"大字條":[34.443955,135.741299],"大字稲宿":[34.433397,135.74564],"大字今城":[34.473064,135.7464],"大字奉膳":[34.410013,135.743094],"大字北十三":[34.469031,135.750959],"大字茅原":[34.461169,135.745323],"大字玉手":[34.458137,135.753605],"大字南十三":[34.466693,135.744301],"大字冨田":[34.443747,135.747559],"大字出屋敷":[34.470215,135.751312],"大字柳原":[34.477119,135.753685],"大字本馬":[34.465477,135.750201],"大字樋野":[34.421183,135.760304],"大字東寺田":[34.457417,135.756099],"大字戸毛":[34.436173,135.761583],"大字柏原":[34.445574,135.768394],"大字原谷":[34.447577,135.760793],"大字今住":[34.444858,135.76774]}