{"大字大西":[34.5368,135.829693],"大字大泉":[34.532127,135.831583],"大字大福":[34.510674,135.831423],"大字西之宮":[34.514802,135.820451],"大字江包":[34.542136,135.821642],"大字新屋敷":[34.528524,135.825307],"大字山田":[34.493417,135.835218],"大字吉備":[34.504251,135.828953],"大字豊前":[34.537507,135.828462],"大字池之内":[34.493675,135.833344],"大字高家":[34.48518,135.845196],"大字東田":[34.548279,135.833556],"大字東新堂":[34.510531,135.833385],"大字豊田":[34.537425,135.832697],"大字橋本":[34.501491,135.835324],"大字芝":[34.531578,135.834859],"大字大豆越":[34.548314,135.835847],"大字三輪":[34.522765,135.848559],"大字上之庄":[34.518644,135.834459],"大字戒重":[34.511076,135.838834],"大字太田":[34.5452,135.839942],"大字草川":[34.548328,135.838053],"安倍木材団地2":[34.501598,135.836555],"大字辻":[34.544949,135.840883],"安倍木材団地1":[34.501702,135.840508],"大字生田":[34.492028,135.842742],"大字川合":[34.516063,135.846628],"大字谷":[34.505391,135.845182],"大字阿部":[34.505609,135.842966],"大字巻野内":[34.547032,135.84841],"大字箸中":[34.537829,135.841008],"大字粟殿":[34.520807,135.852222],"大字桜井":[34.50614,135.855183],"大字茅原":[34.529939,135.843487],"大字高田":[34.497581,135.843526],"大字河西":[34.505186,135.852804],"大字上之宮":[34.497896,135.849386],"大字今井谷":[34.49061,135.857259],"大字北山":[34.475332,135.848829],"大字金屋":[34.519247,135.85927],"大字穴師":[34.546166,135.850541],"大字浅古":[34.496714,135.858649],"大字下":[34.49015,135.852838],"大字外山":[34.517856,135.861171],"大字西口":[34.464453,135.85644],"大字横柿":[34.480419,135.854231],"大字飯盛塚":[34.456661,135.881686],"大字倉橋":[34.490379,135.857816],"大字多武峰":[34.467737,135.86255],"大字慈恩寺":[34.516998,135.86949],"大字赤尾":[34.510593,135.867046],"大字忍阪":[34.513845,135.867123],"大字百市":[34.473663,135.865508],"大字南音羽":[34.486179,135.86825],"大字八井内":[34.470042,135.868409],"大字北音羽":[34.488349,135.867778],"朝倉台西8":[34.51232,135.869448],"朝倉台西1":[34.514181,135.86892],"大字鹿路":[34.445772,135.871996],"朝倉台西2":[34.513363,135.871765],"朝倉台西7":[34.512374,135.871458],"朝倉台西3":[34.514069,135.872824],"朝倉台西4":[34.516563,135.871485],"大字脇本":[34.518973,135.872446],"朝倉台西5":[34.515371,135.874543],"朝倉台西6":[34.51325,135.877393],"朝倉台東2":[34.517913,135.874243],"朝倉台東1":[34.51642,135.875264],"大字針道":[34.46969,135.885115],"大字下り尾":[34.502998,135.875708],"朝倉台東7":[34.515221,135.878757],"大字黒崎":[34.5283,135.877449],"朝倉台東5":[34.516788,135.879547],"朝倉台東3":[34.518383,135.878344],"大字粟原":[34.502228,135.894043],"朝倉台東4":[34.517491,135.879297],"大字笠":[34.554692,135.884433],"朝倉台東6":[34.513639,135.879682],"大字出雲":[34.525391,135.887682],"大字竜谷":[34.510146,135.881399],"大字白河":[34.531176,135.896671],"大字岩坂":[34.514261,135.899967],"大字狛":[34.514902,135.90232],"大字初瀬":[34.5255,135.896273],"大字修理枝":[34.570707,135.91001],"大字和田":[34.550677,135.908506],"大字小夫":[34.574994,135.92068],"大字瀧倉":[34.564153,135.914961],"大字萱森":[34.54195,135.922519],"大字吉隠":[34.533619,135.915389],"大字三谷":[34.572582,135.922438],"大字中谷":[34.553914,135.9242],"大字芹井":[34.559269,135.922168],"大字白木":[34.556634,135.924325],"大字小夫嵩方":[34.568075,135.928806],"大字下居":[34.48638,135.865829]}