{"西畑町":[34.669699,135.682861],"俵口町":[34.703256,135.692824],"北新町":[34.693731,135.687442],"鬼取町":[34.678369,135.680568],"菜畑町":[34.679985,135.682664],"南田原町":[34.717266,135.708436],"門前町":[34.685795,135.692157],"元町2":[34.689102,135.691483],"藤尾町":[34.666151,135.698537],"光陽台":[34.698086,135.689097],"小倉寺町":[34.672965,135.687596],"小平尾町":[34.652494,135.707883],"西松ケ丘":[34.698445,135.69154],"喜里が丘3":[34.708151,135.6922],"喜里が丘2":[34.711431,135.692221],"大門町":[34.670961,135.691198],"喜里が丘1":[34.711398,135.692424],"仲之町":[34.68658,135.692621],"軽井沢町":[34.685996,135.693094],"本町":[34.6908,135.695141],"山崎新町":[34.690516,135.697912],"元町1":[34.691605,135.695819],"松美台":[34.713091,135.697098],"西旭ケ丘":[34.685253,135.69773],"萩原町":[34.666128,135.705954],"東松ケ丘":[34.698625,135.698183],"西菜畑町":[34.681354,135.702774],"北田原町":[34.742146,135.708058],"緑ケ丘":[34.682763,135.700643],"谷田町":[34.692241,135.703571],"壱分町":[34.672113,135.722531],"有里町":[34.669278,135.707151],"生駒台北":[34.706568,135.699301],"東旭ケ丘":[34.688232,135.701093],"青山台":[34.669657,135.701217],"東新町":[34.692689,135.699363],"生駒台南":[34.701443,135.70097],"新生駒台":[34.708416,135.703371],"新旭ケ丘":[34.686454,135.701658],"小明町":[34.701892,135.712155],"山崎町":[34.690425,135.705431],"桜ケ丘":[34.699669,135.704069],"辻町":[34.695049,135.714948],"中菜畑2":[34.679497,135.705727],"中菜畑1":[34.684875,135.707289],"西白庭台2":[34.727182,135.705272],"西白庭台1":[34.725198,135.708582],"小瀬町":[34.662405,135.722173],"東生駒1":[34.689764,135.715593],"東山町":[34.649206,135.710387],"西白庭台3":[34.728815,135.710712],"東菜畑2":[34.680671,135.709775],"萩の台":[34.661747,135.714131],"東菜畑1":[34.686849,135.712135],"萩の台1":[34.656723,135.710071],"高山町":[34.75991,135.711508],"白庭台1":[34.727976,135.714306],"萩の台2":[34.658339,135.710088],"上町":[34.713261,135.728037],"萩の台3":[34.654636,135.712823],"東生駒月見町":[34.684935,135.71368],"東生駒3":[34.680739,135.712511],"白庭台2":[34.724645,135.71121],"萩の台5":[34.653521,135.712971],"白庭台4":[34.722219,135.711922],"白庭台3":[34.725835,135.715073],"乙田町":[34.649776,135.713145],"ひかりが丘1":[34.741566,135.713502],"萩の台4":[34.653917,135.713258],"あすか野北2":[34.712223,135.715483],"あすか野北3":[34.714785,135.712905],"白庭台5":[34.717246,135.716508],"ひかりが丘2":[34.740523,135.716723],"さつき台1":[34.677189,135.714285],"東生駒4":[34.680889,135.719018],"東生駒2":[34.684182,135.71808],"上町台":[34.728773,135.714843],"さつき台2":[34.675425,135.721529],"あすか野南2":[34.711595,135.716971],"白庭台6":[34.717806,135.71683],"ひかりが丘3":[34.742361,135.716508],"あすか野北1":[34.716911,135.719616],"南山手台":[34.666379,135.718779],"あすか野南1":[34.712726,135.721144],"あすか野南3":[34.706715,135.720848],"真弓1":[34.722971,135.723026],"あすか台":[34.709379,135.724621],"北大和1":[34.726794,135.727832],"真弓2":[34.723896,135.727478],"真弓南1":[34.716797,135.730411],"真弓南2":[34.714462,135.729541],"北大和4":[34.72918,135.731098],"真弓3":[34.721858,135.734],"北大和2":[34.723205,135.732639],"真弓4":[34.718956,135.73655],"北大和5":[34.727237,135.732551],"北大和3":[34.721607,135.734931],"鹿畑町":[34.725805,135.750749],"美鹿の台":[34.732041,135.742751],"鹿ノ台西3":[34.737882,135.742773],"鹿ノ台南2":[34.731317,135.747364],"鹿ノ台西1":[34.733692,135.744205],"鹿ノ台北3":[34.739982,135.748475],"鹿ノ台西2":[34.73735,135.747516],"鹿ノ台北2":[34.738249,135.748112],"鹿ノ台北1":[34.738007,135.752306],"鹿ノ台南1":[34.730621,135.752218],"鹿ノ台東2":[34.734827,135.754426],"鹿ノ台東3":[34.738837,135.752624],"鹿ノ台東1":[34.731175,135.753517]}