{"矢田町":[34.645839,135.752723],"山田町":[34.631071,135.747689],"矢田山町":[34.639239,135.747726],"泉原町":[34.631971,135.747562],"新町":[34.638227,135.748303],"小泉町":[34.628147,135.749607],"西田中町":[34.637843,135.74934],"城町":[34.658583,135.767645],"千日町":[34.644516,135.760095],"満願寺町":[34.641968,135.761523],"外川町":[34.643098,135.762368],"椎木町":[34.609153,135.771335],"小泉町東3":[34.621288,135.763714],"田中町":[34.643426,135.765105],"池之内町":[34.632518,135.771088],"小泉町東2":[34.621794,135.765718],"小泉町東1":[34.623312,135.765602],"今国府町":[34.617784,135.776662],"小林町西3":[34.619638,135.767593],"小林町西2":[34.621019,135.767255],"小林町西1":[34.621804,135.767231],"小林町":[34.626009,135.766278],"西町":[34.602051,135.76639],"額田部北町":[34.602012,135.767036],"額田部南町":[34.597152,135.781562],"城の台町":[34.655881,135.771114],"九条町":[34.658744,135.768203],"南郡山町":[34.647406,135.782438],"新木町":[34.64153,135.780325],"北西町":[34.620939,135.774971],"柳町":[34.643441,135.783699],"小南町":[34.628538,135.779823],"額田部寺町":[34.599298,135.772417],"池沢町":[34.610929,135.780503],"南井町":[34.627796,135.779869],"藤原町":[34.649132,135.774737],"冠山町":[34.652408,135.775891],"城南町":[34.646805,135.777536],"箕山町":[34.645109,135.778748],"筒井町":[34.624782,135.78361],"北郡山町":[34.654394,135.788215],"永慶寺町":[34.649289,135.777525],"天理町":[34.653591,135.778445],"豊浦町":[34.634038,135.781463],"城内町":[34.651409,135.779548],"西岡町":[34.643672,135.780495],"城見町":[34.64852,135.780803],"柏木町":[34.605738,135.782629],"城北町":[34.6547,135.780113],"朝日町":[34.646058,135.780535],"本庄町":[34.636505,135.786463],"植槻町":[34.653934,135.781626],"宮堂町":[34.600068,135.790615],"杉町":[34.634443,135.788598],"九条平野町":[34.659766,135.782564],"代官町":[34.656174,135.781478],"東岡町":[34.643512,135.782521],"馬司町":[34.615611,135.787596],"天井町":[34.638261,135.788618],"昭和町":[34.60709,135.782747],"長安寺町":[34.606025,135.788657],"柳6":[34.641481,135.782457],"柳4":[34.645247,135.783503],"大宮町":[34.646118,135.78272],"柳5":[34.642963,135.7831],"丹後庄町":[34.62475,135.785274],"柳3":[34.645754,135.783536],"柳1":[34.648149,135.783574],"柳2":[34.647661,135.783546],"堺町":[34.648762,135.783962],"南大工町":[34.644616,135.784373],"本町":[34.651276,135.787507],"塩町":[34.651686,135.785166],"車町":[34.647212,135.784556],"北大工町":[34.646295,135.784348],"矢田町通":[34.647117,135.786349],"豆腐町":[34.64852,135.786323],"紺屋町":[34.647588,135.78629],"新中町":[34.650871,135.78505],"今井町":[34.649045,135.786805],"綿町":[34.649268,135.786945],"洞泉寺町":[34.646477,135.785174],"藺町":[34.649879,135.78562],"新紺屋町":[34.646656,135.785757],"魚町":[34.652496,135.787241],"奈良町":[34.649957,135.786221],"雑穀町":[34.649954,135.786778],"材木町":[34.648861,135.787841],"茶町":[34.651024,135.787726],"高田町":[34.641469,135.790781],"中鍛冶町":[34.651872,135.788733],"高田口町":[34.647127,135.789448],"南鍛冶町":[34.651342,135.788664],"西野垣内町":[34.650628,135.788385],"北鍛冶町":[34.652531,135.788857],"西奈良口町":[34.656759,135.788456],"西観音寺町":[34.653628,135.788948],"八条町":[34.607137,135.794566],"稗田町":[34.635457,135.794923],"東奈良口町":[34.656786,135.789025],"伊豆七条町":[34.614875,135.799309],"野垣内町":[34.651746,135.794274],"観音寺町":[34.65541,135.794706],"番条町":[34.626661,135.796892],"横田町":[34.614169,135.809018],"中城町":[34.629809,135.800019],"下三橋町":[34.64857,135.806998],"若槻町":[34.63562,135.797585],"発志院町":[34.630558,135.800482],"美濃庄町":[34.636796,135.811128],"大江町":[34.634583,135.806356],"番匠田中町":[34.63206,135.810082],"白土町":[34.630115,135.806261],"新庄町":[34.614023,135.809801],"上三橋町":[34.643467,135.813997],"井戸野町":[34.636649,135.819998],"櫟枝町":[34.619806,135.812593],"石川町":[34.630227,135.823226]}