{"新在家":[34.524005,135.694654],"加守":[34.527716,135.69571],"竹内":[34.509559,135.70653],"當麻":[34.514966,135.700718],"寺口":[34.489767,135.71142],"兵家":[34.504804,135.704617],"太田":[34.49982,135.713074],"染野":[34.523406,135.695082],"梅室":[34.469914,135.709569],"山口":[34.470817,135.706405],"今在家":[34.519536,135.706076],"平岡":[34.477907,135.71235],"中戸":[34.490134,135.714639],"南今市":[34.506468,135.711807],"長尾":[34.507393,135.713939],"勝根":[34.518845,135.713086],"笛吹":[34.470572,135.706793],"南藤井":[34.480706,135.718239],"大屋":[34.488592,135.718529],"木戸":[34.511757,135.71797],"山田":[34.480582,135.717715],"新庄":[34.488237,135.718637],"八川":[34.506813,135.712521],"大畑":[34.501318,135.719044],"辨之庄":[34.49545,135.721375],"脇田":[34.467995,135.718002],"葛木":[34.48519,135.724064],"林堂":[34.483222,135.722926],"南道穗":[34.488012,135.724738],"北道穗":[34.497838,135.724889],"西辻":[34.476128,135.727291],"尺土":[34.510124,135.722019],"疋田":[34.500403,135.729633],"北花内":[34.482606,135.72671],"西室":[34.492124,135.728744],"柿本":[34.49017,135.737265],"南花内":[34.482474,135.727538],"忍海":[34.478254,135.74168],"東室":[34.497183,135.734222],"薑":[34.474465,135.741282],"新町":[34.482082,135.741424],"笛堂":[34.491224,135.74658],"新村":[34.480239,135.749867]}