{"芳養町":[33.748334,135.34848],"目良":[33.734598,135.359994],"芳養松原2":[33.745396,135.358784],"芳養松原1":[33.745138,135.355703],"天神崎":[33.733322,135.36308],"明洋2":[33.74042,135.358823],"中芳養":[33.760592,135.35864],"明洋1":[33.738418,135.362417],"明洋3":[33.744861,135.363501],"元町":[33.74685,135.366478],"上の山2":[33.73477,135.369104],"上の山1":[33.742085,135.364598],"江川":[33.733716,135.371645],"稲成町":[33.744157,135.378969],"古尾":[33.737662,135.373983],"上芳養":[33.787365,135.370309],"上屋敷3":[33.731249,135.374317],"片町":[33.733167,135.374564],"上屋敷1":[33.731394,135.376712],"本町":[33.733686,135.375635],"紺屋町":[33.734678,135.375871],"高雄1":[33.7348,135.381922],"上屋敷2":[33.731092,135.376994],"栄町":[33.733956,135.378262],"福路町":[33.733004,135.378155],"扇ヶ浜":[33.723596,135.37967],"中屋敷町":[33.732131,135.379077],"新屋敷町":[33.728023,135.381674],"新庄町":[33.718938,135.409298],"今福町":[33.732843,135.378951],"むつみ":[33.743598,135.381063],"下屋敷町":[33.731123,135.381933],"末広町":[33.724074,135.382557],"北新町":[33.733342,135.380213],"南新町":[33.731872,135.380497],"高雄2":[33.734686,135.384905],"磯間":[33.720169,135.38351],"湊":[33.733764,135.383409],"秋津町":[33.743012,135.382352],"高雄3":[33.738881,135.388427],"東陽":[33.726408,135.385704],"文里2":[33.719452,135.390142],"神子浜2":[33.722825,135.389157],"神子浜1":[33.728219,135.387538],"宝来町":[33.733914,135.389047],"下万呂":[33.740782,135.397996],"東山1":[33.729255,135.38747],"学園":[33.72767,135.390145],"あけぼの":[33.731763,135.389336],"文里1":[33.718173,135.392726],"朝日ヶ丘":[33.734497,135.389792],"東山2":[33.723595,135.395639],"南新万":[33.730934,135.3993],"新万":[33.733805,135.400124],"たきない町":[33.704563,135.398774],"中万呂":[33.737933,135.404339],"神島台":[33.708422,135.401395],"上秋津":[33.747348,135.41585],"上万呂":[33.732275,135.41171],"下三栖":[33.735139,135.413826],"城山台":[33.724932,135.431757],"湊塔ノ内":[33.73372,135.383501]}