{"貴志川町西山":[34.217238,135.294061],"貴志川町長山":[34.209887,135.2893],"貴志川町岸宮":[34.22155,135.30463],"貴志川町長原":[34.205648,135.303875],"貴志川町尼寺":[34.22067,135.308895],"貴志川町神戸":[34.214447,135.311393],"貴志川町鳥居":[34.219347,135.307192],"貴志川町国主":[34.207342,135.312776],"貴志川町上野山":[34.214814,135.310987],"貴志川町北山":[34.229269,135.323146],"貴志川町井ノ口":[34.197961,135.319995],"貴志川町前田":[34.226072,135.325896],"貴志川町丸栖":[34.235583,135.333268],"貴志川町北":[34.207198,135.333513],"桃山町調月":[34.219723,135.34213],"貴志川町高尾":[34.191404,135.329998],"貴志川町岸小野":[34.206891,135.329458],"桃山町市場":[34.240417,135.350475],"中三谷":[34.282408,135.342852],"西三谷":[34.271449,135.340015],"下井阪":[34.261692,135.341679],"西井阪":[34.259344,135.338147],"桃山町段":[34.248385,135.350092],"西山田":[34.292129,135.361867],"桃山町最上":[34.219494,135.358593],"東国分":[34.268352,135.348578],"中井阪":[34.257314,135.346139],"東三谷":[34.276776,135.349927],"古和田":[34.27083,135.348403],"桃山町元":[34.241941,135.356246],"畑野上":[34.25824,135.350187],"枇杷谷":[34.288625,135.353],"桃山町段新田":[34.240621,135.358171],"桃山町神田":[34.219656,135.366196],"中畑":[34.313018,135.368125],"尾崎":[34.258534,135.352367],"豊田":[34.276302,135.352093],"花野":[34.263106,135.359558],"田中馬場":[34.268135,135.356586],"西大井":[34.270882,135.358432],"登尾":[34.291104,135.360845],"南中":[34.277117,135.353277],"北大井":[34.27513,135.36905],"北中":[34.283254,135.362858],"上野":[34.260478,135.36377],"竹房":[34.252591,135.377087],"東山田":[34.307394,135.372897],"池田新":[34.28362,135.368557],"神領":[34.287432,135.366542],"東大井":[34.271627,135.372771],"久留壁":[34.267946,135.370726],"打田":[34.261639,135.376104],"窪":[34.257067,135.375561],"神通":[34.316856,135.38338],"南勢田":[34.277736,135.376651],"北勢田":[34.287695,135.381565],"重行":[34.289335,135.369509],"赤尾":[34.275236,135.378444],"黒土":[34.261705,135.381442],"広野":[34.269721,135.376364],"遠方":[34.251747,135.391848],"南志野":[34.281408,135.382571],"上田井":[34.266745,135.386753],"北志野":[34.283314,135.382992],"別所":[34.270382,135.391072],"長田中":[34.278337,135.389016],"北長田":[34.283152,135.393738],"嶋":[34.265352,135.394678],"風市":[34.256439,135.397076],"深田":[34.267899,135.395957],"勝神":[34.241549,135.40356],"藤井":[34.286758,135.394201],"猪垣":[34.28281,135.394775],"中山":[34.276388,135.399892],"中津川":[34.324842,135.414913],"粉河":[34.281026,135.4184],"松井":[34.268139,135.39835],"杉原":[34.256762,135.398495],"東毛":[34.291836,135.405945],"荒見":[34.261777,135.425565],"井田":[34.268852,135.41892],"東野":[34.274799,135.424088],"上丹生谷":[34.293998,135.419616],"下丹生谷":[34.276465,135.427943],"西川原":[34.311436,135.431884],"藤崎":[34.265271,135.42556],"王子":[34.273582,135.428363],"野上":[34.289501,135.43373],"馬宿":[34.287529,135.43598],"東川原":[34.308035,135.437208],"名手市場":[34.275898,135.429799],"後田":[34.266779,135.433258],"西脇":[34.256736,135.435149],"名手西野":[34.270669,135.439152],"切畑":[34.297848,135.434239],"江川中":[34.287915,135.446601],"西野山":[34.283998,135.440262],"北涌":[34.27598,135.449973],"麻生津中":[34.265372,135.4437],"穴伏":[34.280497,135.447856],"名手下":[34.292384,135.4505],"平野":[34.301989,135.45866],"横谷":[34.266349,135.452284],"赤沼田":[34.255635,135.465986],"名手上":[34.313288,135.467946]}