{"境谷":[34.303775,135.286302],"山":[34.27357,135.279931],"中島":[34.25745,135.302551],"吉田":[34.268899,135.27847],"相谷":[34.279768,135.286667],"中黒":[34.266257,135.294103],"西安上":[34.284823,135.297392],"金池":[34.274093,135.296335],"紀泉台":[34.280895,135.289632],"安上":[34.28496,135.297907],"原":[34.280242,135.289686],"湯窪":[34.271496,135.295991],"金屋":[34.264819,135.304263],"赤垣内":[34.270377,135.297879],"波分":[34.273731,135.300274],"曽屋":[34.271041,135.300309],"根来":[34.275354,135.31562],"畑毛":[34.260107,135.303506],"西野":[34.259908,135.304986],"尼ケ辻":[34.276575,135.305833],"押川":[34.303992,135.317032],"堀口":[34.27333,135.306883],"荊本":[34.26533,135.311643],"森":[34.27105,135.310597],"船戸":[34.240927,135.315201],"川尻":[34.268719,135.313089],"備前":[34.260339,135.310445],"今中":[34.272095,135.314277],"中迫":[34.264546,135.320935],"高瀬":[34.255428,135.31256],"宮":[34.254377,135.312377],"桜台":[34.280736,135.317921],"清水":[34.255619,135.320373],"山崎":[34.24698,135.316896],"野上野":[34.274208,135.319995],"水栖":[34.267659,135.327209],"大町":[34.262322,135.321468],"山田":[34.280119,135.321166],"高塚":[34.256217,135.324065],"北大池":[34.276085,135.328447],"溝川":[34.266016,135.327845],"南大池":[34.269225,135.328252],"岡田":[34.26277,135.331256],"東坂本":[34.272585,135.334983],"西国分":[34.266706,135.336769],"新田広芝":[34.280226,135.333184]}