{"湯川町富安":[33.910871,135.163037],"湯川町丸山":[33.906641,135.151937],"湯川町小松原":[33.909324,135.162232],"湯川町財部":[33.900083,135.161047],"塩屋町南塩屋":[33.862338,135.166066],"薗":[33.886072,135.156929],"荊木":[33.918153,135.150396],"名屋町3":[33.881974,135.155627],"名屋":[33.88063,135.15732],"御坊":[33.888525,135.159399],"名屋町2":[33.881585,135.15774],"島":[33.893045,135.169042],"名屋町1":[33.883728,135.158957],"塩屋町北塩屋":[33.870646,135.163317],"名田町野島":[33.858381,135.161127],"藤田町吉田":[33.912629,135.170565],"岩内":[33.885413,135.170022],"藤田町藤井":[33.908565,135.179636],"野口":[33.894389,135.182497]}