{"木ノ川":[33.67868,135.96626],"佐野":[33.695442,135.979293],"蜂伏":[33.682389,135.966816],"佐野3":[33.678315,135.972486],"三輪崎":[33.694871,135.990707],"佐野2":[33.681279,135.9751],"佐野1":[33.682941,135.977788],"新宮":[33.712962,135.988078],"相筋2":[33.733967,135.980403],"三輪崎3":[33.68514,135.982168],"五新":[33.718946,135.986782],"磐盾":[33.721026,135.983527],"三輪崎2":[33.684951,135.985486],"相筋1":[33.731156,135.983642],"三輪崎1":[33.691312,135.987713],"神倉1":[33.723123,135.986323],"千穂1":[33.726712,135.986377],"元鍛治町1":[33.730332,135.984959],"神倉3":[33.720412,135.986553],"船町1":[33.731768,135.985116],"上本町1":[33.731397,135.985218],"薬師町":[33.729514,135.986169],"別当屋敷町":[33.728823,135.986221],"橋本1":[33.714385,135.98832],"馬町1":[33.7282,135.985991],"元鍛治町2":[33.730438,135.986226],"上本町2":[33.731048,135.986368],"船町2":[33.731722,135.986685],"大橋通4":[33.727911,135.986874],"大橋通3":[33.729455,135.986852],"大橋通2":[33.730427,135.986925],"大橋通1":[33.731512,135.9873],"神倉2":[33.723552,135.988696],"神倉4":[33.720234,135.988166],"千穂3":[33.72445,135.990253],"千穂2":[33.72644,135.988253],"仲之町1":[33.729613,135.987622],"新町1":[33.729817,135.98771],"緑ケ丘3":[33.718379,135.990854],"横町1":[33.728782,135.987559],"馬町2":[33.728009,135.987537],"下本町1":[33.730425,135.988316],"橋本2":[33.715174,135.990405],"船町3":[33.730746,135.988454],"谷王子町":[33.727879,135.990763],"横町2":[33.728567,135.989025],"仲之町2":[33.728765,135.989146],"新町2":[33.72929,135.98923],"下本町2":[33.731065,135.990297],"緑ケ丘2":[33.721124,135.98956],"井の沢":[33.723414,135.991687],"浮島":[33.725578,135.990095],"仲之町3":[33.728458,135.989992],"下田2":[33.717682,135.993758],"新町3":[33.729243,135.99005],"緑ケ丘1":[33.718282,135.994108],"春日":[33.725552,135.993248],"野田":[33.721669,135.995462],"下田3":[33.717038,135.994441],"徐福1":[33.725796,135.996141],"伊佐田町1":[33.728718,135.994477],"伊佐田町2":[33.727704,135.994014],"下田1":[33.719672,135.996116],"徐福2":[33.724531,135.996473],"池田3":[33.727262,135.995317],"池田2":[33.728048,135.995373],"池田1":[33.730363,135.99471],"丸山":[33.722546,135.997427],"清水元1":[33.717972,135.998521],"阿須賀2":[33.726776,135.998062],"蓬莱2":[33.724826,135.99839],"阿須賀1":[33.729188,135.997909],"蓬莱3":[33.722891,135.998724],"田鶴原町1":[33.721872,135.999756],"清水元2":[33.716871,136.000112],"田鶴原町2":[33.720295,136.0013],"蓬莱1":[33.726369,136.001231],"熊野地1":[33.724123,136.002619],"王子町1":[33.719092,136.001766],"熊野地2":[33.72276,136.000661],"あけぼの":[33.724212,136.007838],"王子町3":[33.722234,136.008949],"王子町2":[33.719825,136.004208]}