{"大字慈尊院":[34.294456,135.548881],"大字入郷":[34.294748,135.555082],"大字九度山":[34.283592,135.571406]}