{"大字高野山":[34.209892,135.602062],"大字細川":[34.236705,135.573073]}