{"大字平":[34.339541,135.481262],"大字高田":[34.28298,135.453202],"大字移":[34.298301,135.45798],"大字西渋田":[34.274909,135.473182],"大字背ノ山":[34.281451,135.459719],"大字窪":[34.288836,135.464625],"大字広口":[34.322187,135.480575],"大字島":[34.280235,135.472831],"大字萩原":[34.306454,135.464113],"大字笠田中":[34.29107,135.475386],"大字滝":[34.328011,135.50637],"大字笠田東":[34.284774,135.483229],"大字東渋田":[34.277626,135.487245],"大字星川":[34.267365,135.47971],"大字広浦":[34.304301,135.484726],"大字佐野":[34.290078,135.491503],"大字東谷":[34.341091,135.493109],"大字柏木":[34.31044,135.491857],"大字大谷":[34.295938,135.494582],"大字平沼田":[34.275872,135.494789],"大字寺尾":[34.284731,135.501109],"大字蛭子":[34.293258,135.499731],"大字宮本":[34.271867,135.504124],"大字大薮":[34.294484,135.502392],"大字兄井":[34.289012,135.513208],"大字丁ノ町":[34.312875,135.516107],"大字新田":[34.298094,135.507188],"大字短野":[34.309442,135.524998],"大字三谷":[34.286599,135.517902],"大字大畑":[34.325007,135.528532],"大字妙寺":[34.29855,135.523756],"大字教良寺":[34.283918,135.530766],"大字西飯降":[34.306879,135.527606],"大字中飯降":[34.312092,135.541921],"大字山崎":[34.296537,135.530299]}