{"大字水尻":[34.054074,135.190994],"大字小島":[34.067543,135.200992],"大字明王寺":[34.061168,135.199464],"大字上中島":[34.069424,135.214645],"大字野田":[34.067262,135.204378],"大字天満":[34.06253,135.208676],"大字土生":[34.056293,135.209273],"大字長田":[34.07491,135.216366],"大字植野":[34.056403,135.211009],"大字下津野":[34.065219,135.223469],"大字角":[34.074564,135.219147],"大字尾中":[34.073592,135.222519],"大字出":[34.07127,135.226449],"大字西丹生図":[34.06131,135.227506],"大字東丹生図":[34.062389,135.231645],"大字垣倉":[34.063001,135.236996],"大字庄":[34.067312,135.242676],"大字丹生":[34.071621,135.232608],"大字徳田":[34.055975,135.250931]}