{"大字吉原":[33.886581,135.149827],"大字和田":[33.899435,135.139855],"大字田井":[33.888175,135.151141],"大字濱ノ瀬":[33.879876,135.153176]}