{"大字吹井":[33.972495,135.112386],"大字阿戸":[33.959406,135.117395],"大字江ノ駒":[33.966734,135.117664],"大字網代":[33.959604,135.116536],"大字門前":[33.968801,135.130144],"大字里":[33.962761,135.12459]}