{"高富":[33.485544,135.763996],"二色":[33.479261,135.775418],"串本":[33.481199,135.788821],"鬮野川":[33.487411,135.793658],"サンゴ台":[33.479531,135.782964],"西向":[33.522565,135.82082],"神野川":[33.512962,135.819348],"中湊":[33.520503,135.824781],"古座":[33.517152,135.826138],"上野山":[33.51624,135.835597],"津荷":[33.518341,135.842743]}