{"葭津":[35.480274,133.257812],"大篠津町":[35.495949,133.258494],"大崎":[35.462771,133.264001],"和田町":[35.484158,133.278018],"彦名町":[35.459801,133.264797],"富益町":[35.476065,133.293062],"夜見町":[35.467132,133.30713],"河崎":[35.465261,133.307419],"安倍":[35.450654,133.312056],"旗ヶ崎":[35.434424,133.316595],"旗ヶ崎7":[35.438891,133.31033],"旗ヶ崎8":[35.442471,133.310387],"旗ヶ崎9":[35.445616,133.311708],"上後藤6":[35.44733,133.31344],"旗ヶ崎6":[35.439392,133.314433],"両三柳":[35.458629,133.33724],"旗ヶ崎5":[35.444498,133.314333],"上後藤7":[35.448229,133.314131],"灘町3":[35.4358,133.324279],"旗ヶ崎4":[35.44306,133.31586],"上後藤8":[35.448526,133.316739],"上後藤5":[35.446765,133.316916],"旗ヶ崎2":[35.436268,133.319716],"新山":[35.394614,133.336953],"上後藤4":[35.445212,133.31846],"旗ヶ崎3":[35.441868,133.318192],"上後藤3":[35.447325,133.321325],"旗ヶ崎1":[35.437207,133.321788],"錦海町3":[35.420178,133.321419],"上後藤1":[35.442162,133.321056],"錦海町2":[35.415662,133.321901],"花園町":[35.437103,133.324196],"陰田町":[35.411726,133.323069],"上後藤2":[35.444252,133.321832],"錦海町1":[35.417635,133.322606],"西町":[35.430034,133.32795],"三旗町":[35.4403,133.321992],"三本松4":[35.444725,133.325198],"灘町2":[35.43405,133.32456],"三本松2":[35.442343,133.325706],"灘町1":[35.433087,133.323704],"義方町":[35.440145,133.32571],"久米町":[35.426074,133.329449],"祇園町2":[35.420552,133.325564],"三本松3":[35.44346,133.325535],"三本松1":[35.440781,133.326439],"内町":[35.431875,133.325283],"立町4":[35.44019,133.326704],"立町3":[35.436151,133.325941],"立町2":[35.433065,133.325518],"天神町2":[35.431968,133.326376],"寺町":[35.433769,133.32897],"角盤町4":[35.436774,133.328487],"米原1":[35.441034,133.330155],"米原2":[35.441793,133.330814],"祇園町1":[35.422888,133.329398],"米原5":[35.443724,133.331815],"立町1":[35.433821,133.327912],"錦町3":[35.438727,133.330911],"天神町1":[35.430936,133.327811],"岩倉町":[35.43271,133.328367],"米原9":[35.449902,133.330552],"大谷町":[35.419526,133.335895],"愛宕町":[35.421699,133.331112],"加茂町2":[35.426716,133.33052],"角盤町3":[35.434729,133.331041],"加茂町1":[35.427869,133.330996],"中町":[35.428091,133.33216],"尾高町":[35.433494,133.330333],"米原":[35.439079,133.331443],"米原7":[35.445517,133.334941],"西倉吉町":[35.43116,133.331376],"東町":[35.426656,133.333482],"錦町2":[35.436855,133.333555],"古市":[35.39544,133.34162],"米原8":[35.448225,133.336576],"大工町":[35.421862,133.331309],"朝日町":[35.431273,133.331603],"東倉吉町":[35.431528,133.332044],"米原3":[35.439688,133.336456],"角盤町2":[35.433133,133.333044],"塩町":[35.423943,133.331821],"奈喜良":[35.402107,133.348827],"末広町":[35.420873,133.332497],"四日市町":[35.429601,133.333053],"茶町":[35.425214,133.333167],"日ノ出町2":[35.438033,133.334543],"錦町1":[35.435459,133.335806],"米原4":[35.440748,133.336441],"角盤町1":[35.430859,133.33633],"紺屋町":[35.429533,133.33424],"明治町":[35.424255,133.335476],"日野町":[35.425613,133.334751],"米原6":[35.447274,133.338266],"法勝寺町":[35.429076,133.335066],"冨士見町2":[35.432137,133.336491],"万能町":[35.425636,133.335913],"道笑町1":[35.427703,133.33544],"弥生町":[35.422792,133.336422],"吉谷":[35.390337,133.345783],"冨士見町":[35.432414,133.337665],"糀町1":[35.428848,133.335735],"糀町2":[35.429027,133.33991],"日ノ出町1":[35.43738,133.33868],"道笑町2":[35.42654,133.338455],"目久美町":[35.419668,133.340687],"西福原9":[35.454372,133.339624],"石井":[35.401249,133.353967],"冨士見町1":[35.432407,133.33864],"新開7":[35.458953,133.341152],"博労町3":[35.432984,133.340236],"西福原6":[35.448055,133.343651],"西福原1":[35.440265,133.338618],"西福原4":[35.44397,133.341607],"西福原2":[35.440334,133.342376],"博労町4":[35.435501,133.343708],"博労町1":[35.430278,133.340202],"西福原5":[35.445818,133.34254],"道笑町3":[35.425911,133.340638],"西福原":[35.436866,133.340148],"西福原8":[35.449388,133.342114],"新開4":[35.460355,133.347446],"昭和町":[35.427563,133.341344],"博労町2":[35.430528,133.342648],"奥谷":[35.40522,133.351473],"東福原1":[35.434839,133.347588],"新開6":[35.458428,133.344411],"美吉":[35.421482,133.346272],"西福原3":[35.442529,133.345543],"東福原2":[35.437585,133.348567],"東山町":[35.43106,133.34903],"西福原7":[35.453764,133.345463],"東福原5":[35.444205,133.347711],"勝田町":[35.430978,133.349732],"東福原3":[35.440922,133.346479],"東福原6":[35.446401,133.350581],"道笑町4":[35.421939,133.348136],"新開5":[35.457718,133.346907],"榎原":[35.400017,133.362603],"陽田町":[35.427113,133.350927],"橋本":[35.396564,133.349645],"東福原8":[35.452659,133.34929],"東福原4":[35.445224,133.350103],"長砂町":[35.419961,133.351376],"新開2":[35.456155,133.350641],"宗像":[35.414501,133.362395],"車尾1":[35.431942,133.349376],"新開3":[35.458406,133.353314],"車尾":[35.427418,133.353122],"東福原7":[35.450859,133.35208],"中島2":[35.43591,133.355096],"中島1":[35.436634,133.35374],"車尾2":[35.432455,133.358056],"上福原":[35.442503,133.353654],"新開1":[35.454292,133.352169],"上福原3":[35.444147,133.35447],"日原":[35.411468,133.35689],"車尾南1":[35.427602,133.360348],"上福原5":[35.451165,133.356133],"車尾3":[35.433241,133.358359],"大袋":[35.388486,133.356831],"上福原7":[35.456278,133.355586],"上福原4":[35.449728,133.356148],"観音寺":[35.420911,133.36322],"皆生温泉4":[35.458654,133.361384],"観音寺新町1":[35.424598,133.358081],"上福原6":[35.453221,133.359645],"皆生温泉1":[35.45587,133.361043],"上福原2":[35.443588,133.360398],"皆生5":[35.450063,133.360905],"観音寺新町2":[35.422107,133.360316],"車尾5":[35.431744,133.361462],"皆生6":[35.451756,133.36194],"観音寺新町3":[35.424548,133.36039],"車尾4":[35.433846,133.362133],"兼久":[35.404492,133.363603],"観音寺新町4":[35.426049,133.36175],"車尾南2":[35.426789,133.363295],"皆生温泉2":[35.454382,133.365875],"上福原1":[35.442269,133.366289],"観音寺新町5":[35.423897,133.3633],"皆生3":[35.44822,133.367007],"皆生温泉3":[35.457089,133.367156],"皆生4":[35.449075,133.364286],"車尾6":[35.429671,133.363442],"福市":[35.407915,133.371332],"皆生新田1":[35.450364,133.36519],"車尾7":[35.4319,133.363707],"青木":[35.399764,133.367742],"皆生1":[35.443982,133.367089],"下安曇":[35.388442,133.365997],"皆生2":[35.448006,133.36851],"上安曇":[35.385327,133.369378],"皆生新田2":[35.451994,133.370857],"永江":[35.395393,133.374618],"皆生新田3":[35.454008,133.371251],"高島":[35.406608,133.385869],"別所":[35.384039,133.377927],"古豊千":[35.40701,133.380135],"吉岡":[35.425307,133.373715],"諏訪":[35.393616,133.389415],"熊党":[35.42798,133.379297],"浦津":[35.425552,133.379999],"八幡":[35.399369,133.392857],"蚊屋":[35.422932,133.388797],"下新印":[35.413303,133.393798],"東八幡":[35.402469,133.390525],"二本木":[35.433699,133.394661],"一部":[35.404705,133.398938],"上新印":[35.408837,133.393357],"今在家":[35.424096,133.39687],"淀江町佐陀":[35.447908,133.399745],"流通町":[35.426347,133.39986],"水浜":[35.400234,133.395349],"赤井手":[35.422431,133.399864],"淀江町中間":[35.435204,133.408221],"淀江町小波":[35.451934,133.405431],"淀江町西原":[35.448736,133.430831],"泉":[35.4216,133.438653],"淀江町平岡":[35.429761,133.429793],"淀江町福頼":[35.441539,133.4284],"淀江町福井":[35.445009,133.429644],"淀江町淀江":[35.460104,133.434064],"淀江町西尾原":[35.430499,133.435985],"淀江町富繁":[35.438032,133.428566],"淀江町今津":[35.466331,133.432665],"淀江町中西尾":[35.439188,133.435501],"淀江町本宮":[35.421971,133.457203],"淀江町高井谷":[35.438654,133.441856],"淀江町福岡":[35.446948,133.446769],"淀江町稲吉":[35.426836,133.473892],"彦名新田":[35.442452,133.286766]}