{"青谷町井手":[35.519122,133.988454],"青谷町吉川":[35.512764,133.989141],"青谷町青谷":[35.525673,134.011435],"青谷町露谷":[35.51115,133.997892],"青谷町善田":[35.51035,134.000729],"気高町八束水":[35.51109,134.039568],"気高町下原":[35.511056,134.037224],"気高町八幡":[35.509983,134.044196],"鹿野町鷲峯":[35.451594,134.044795],"鹿野町鹿野":[35.462123,134.071558],"気高町新町1":[35.512533,134.045266],"気高町浜村":[35.51747,134.061223],"気高町北浜1":[35.514019,134.04529],"気高町勝見":[35.504732,134.049901],"鹿野町今市":[35.460424,134.048715],"気高町北浜2":[35.514446,134.0478],"気高町新町2":[35.5132,134.04752],"気高町新町3":[35.513024,134.050044],"気高町北浜3":[35.514938,134.05005],"鹿野町閉野":[35.464332,134.071651],"鹿野町末用":[35.45717,134.080252],"矢矯":[35.452825,134.101247],"洞谷":[35.460824,134.102306],"福井":[35.506468,134.128846],"御熊":[35.497961,134.104107],"大畑":[35.489996,134.120896],"瀬田蔵":[35.473681,134.113715],"双六原":[35.457917,134.106389],"内海中":[35.51206,134.110857],"小沢見":[35.522162,134.106205],"伏野":[35.52517,134.133589],"長柄":[35.483953,134.122292],"白兎":[35.525685,134.118692],"妙徳寺":[35.47719,134.121549],"金沢":[35.497774,134.134702],"吉岡温泉町":[35.484317,134.137479],"河原町北村":[35.384544,134.132781],"六反田":[35.48862,134.130069],"三山口":[35.484147,134.148182],"三津":[35.507975,134.151754],"松原":[35.495326,134.130192],"美萩野4":[35.519071,134.133324],"美萩野3":[35.521412,134.136407],"美萩野5":[35.516941,134.132277],"河原町弓河内":[35.384905,134.140328],"美萩野2":[35.520186,134.144251],"美萩野1":[35.523553,134.14396],"河原町小畑":[35.38635,134.146411],"良田":[35.496375,134.154943],"河原町小河内":[35.371291,134.148177],"河原町本鹿":[35.379922,134.166351],"高住":[35.499103,134.168102],"河原町湯谷":[35.385062,134.153391],"大塚":[35.479907,134.166278],"賀露町":[35.525519,134.19582],"湖山町西3":[35.524482,134.156868],"有富":[35.445883,134.167707],"河原町山上":[35.364784,134.165395],"上段":[35.469695,134.162128],"湖山町西2":[35.525147,134.163617],"河原町長瀬":[35.412171,134.200704],"河原町牛戸":[35.381428,134.163583],"下段":[35.473714,134.163225],"湖山町西4":[35.524729,134.173815],"河原町中井":[35.380965,134.166783],"湖山町西1":[35.520629,134.171433],"中村":[35.46531,134.177521],"湖山町南4":[35.507974,134.151757],"湖山町南5":[35.517668,134.174795],"桂見":[35.494049,134.179099],"河原町天神原":[35.389459,134.185885],"猪子":[35.44954,134.184605],"野坂":[35.484588,134.177735],"河原町水根":[35.374954,134.190107],"西今在家":[35.472229,134.185931],"河原町谷一木":[35.404898,134.200711],"湖山町北2":[35.519309,134.176697],"湖山町北4":[35.525223,134.181292],"湖山町南1":[35.515511,134.18038],"河原町小倉":[35.36453,134.179809],"湖山町南3":[35.50645,134.178708],"布勢":[35.501756,134.184499],"湖山町北1":[35.51815,134.183124],"大桷":[35.494771,134.190374],"湖山町北3":[35.520127,134.179629],"横枕":[35.449438,134.19683],"下砂見":[35.427776,134.183215],"賀露町西4":[35.538301,134.184331],"篠坂":[35.465053,134.183318],"賀露町西3":[35.532765,134.184879],"湖山町北5":[35.521922,134.183788],"宮谷":[35.48687,134.188792],"里仁":[35.50289,134.196325],"賀露町西2":[35.531168,134.18528],"湖山町北6":[35.522442,134.186569],"賀露町西1":[35.525414,134.183559],"湖山町南2":[35.511163,134.185423],"湖山町東1":[35.516631,134.181878],"長谷":[35.436317,134.203607],"北村":[35.476847,134.194155],"足山":[35.509875,134.184823],"賀露町北3":[35.532594,134.187217],"本高":[35.4875,134.19873],"河原町佐貫":[35.377419,134.203629],"賀露町北4":[35.537087,134.188373],"湖山町東2":[35.520021,134.185363],"賀露町南2":[35.525944,134.186317],"賀露町南3":[35.527131,134.186735],"嶋":[35.494185,134.192699],"河原町曳田":[35.394612,134.200381],"賀露町南1":[35.525561,134.188967],"湖山町東4":[35.514909,134.190782],"湖山町東5":[35.513357,134.192476],"賀露町南4":[35.52748,134.191284],"港町":[35.532467,134.198217],"賀露町北2":[35.533312,134.192225],"賀露町南5":[35.530749,134.191368],"賀露町北1":[35.532736,134.194399],"湖山町東3":[35.519975,134.191923],"玉津":[35.445104,134.197029],"岩吉":[35.512153,134.196547],"賀露町南6":[35.531756,134.194533],"徳尾":[35.499142,134.200823],"千代水4":[35.519552,134.194804],"朝月":[35.459957,134.197172],"上味野":[35.465749,134.208538],"服部":[35.476155,134.199287],"下味野":[35.468325,134.208746],"五反田町":[35.507538,134.201327],"竹生":[35.452268,134.194419],"倭文":[35.441846,134.20255],"徳吉":[35.503047,134.203435],"千代水2":[35.515227,134.201401],"千代水3":[35.519198,134.201894],"古海":[35.497277,134.211562],"南隈":[35.520986,134.205014],"河原町鮎ヶ丘":[35.409029,134.198996],"河原町渡一木":[35.400339,134.202068],"安長":[35.509684,134.212659],"赤子田":[35.427648,134.201871],"河原町高福":[35.392201,134.205746],"晩稲":[35.523048,134.204485],"河原町袋河原":[35.418241,134.203986],"浜坂8":[35.535092,134.203104],"河原町河原":[35.405287,134.202006],"菖蒲":[35.481369,134.207749],"河原町布袋":[35.426977,134.212258],"河原町和奈見":[35.365559,134.210904],"野寺":[35.472059,134.205758],"緑ケ丘3":[35.505847,134.204477],"千代水1":[35.518608,134.205311],"浜坂7":[35.531037,134.207383],"南安長3":[35.508122,134.206267],"西円通寺":[35.433401,134.210569],"緑ケ丘2":[35.504139,134.207323],"河原町八日市":[35.375913,134.210343],"河原町片山":[35.407534,134.207306],"源太":[35.467943,134.210787],"河原町徳吉":[35.398824,134.208819],"南安長2":[35.508633,134.210229],"向国安":[35.461529,134.209621],"河原町今在家":[35.401238,134.21609],"浜坂6":[35.532242,134.209405],"商栄町":[35.514628,134.209532],"江津":[35.529395,134.207722],"河原町稲常":[35.427513,134.22171],"河原町釜口":[35.371855,134.217982],"河原町山手":[35.400377,134.217979],"緑ケ丘1":[35.500787,134.213702],"浜坂4":[35.531633,134.211519],"円通寺":[35.429793,134.213887],"南安長1":[35.504293,134.212863],"浜坂5":[35.533297,134.214145],"浜坂2":[35.529316,134.215279],"秋里":[35.522573,134.218597],"浜坂3":[35.531014,134.216989],"古市":[35.489819,134.220788],"西品治":[35.503403,134.223226],"国安":[35.459952,134.218661],"八坂":[35.448217,134.227315],"叶":[35.473143,134.228676],"河原町郷原":[35.394212,134.220041],"叶1":[35.475133,134.216799],"田島":[35.509935,134.222503],"吉成南町1":[35.483309,134.219664],"吉成南町2":[35.479204,134.215498],"松並町2":[35.515874,134.218897],"浜坂1":[35.527963,134.217662],"吉成":[35.482459,134.221884],"松並町1":[35.514507,134.220388],"幸町":[35.494951,134.222114],"行徳1":[35.498549,134.222908],"数津":[35.469121,134.230725],"行徳2":[35.500194,134.224985],"宮長":[35.480186,134.224814],"松並町3":[35.517537,134.221672],"天神町":[35.491094,134.222364],"蔵田":[35.461477,134.219085],"行徳3":[35.502627,134.224305],"浜坂":[35.527866,134.219505],"馬場":[35.46395,134.232683],"田園町4":[35.513924,134.225189],"吉成3":[35.480067,134.226657],"越路":[35.442486,134.232455],"吉成1":[35.485321,134.223864],"富安":[35.487843,134.224032],"古郡家":[35.458562,134.239058],"新品治町":[35.506174,134.22444],"丸山町":[35.514498,134.227565],"河原町三谷":[35.386317,134.224904],"橋本":[35.458261,134.229603],"青葉町3":[35.517298,134.22391],"寿町":[35.503874,134.222412],"今町2":[35.496085,134.22594],"富安1":[35.488749,134.228577],"田園町1":[35.510063,134.226538],"扇町":[35.491106,134.226085],"田園町3":[35.51304,134.225546],"東品治町":[35.493278,134.228644],"今町1":[35.498012,134.226309],"山城町":[35.522564,134.227661],"薬師町":[35.508148,134.225976],"吉成2":[35.485297,134.226895],"青葉町2":[35.515713,134.225853],"南町":[35.502673,134.22434],"浜坂東1":[35.525088,134.229539],"田園町2":[35.511786,134.22599],"相生町2":[35.507717,134.227442],"的場":[35.475953,134.230552],"川端5":[35.502672,134.227222],"相生町4":[35.510379,134.228459],"瓦町":[35.498797,134.228867],"美和":[35.455782,134.232666],"青葉町1":[35.51252,134.228683],"相生町3":[35.509965,134.22791],"富安2":[35.491221,134.230852],"栄町":[35.498336,134.229671],"元魚町4":[35.503151,134.227752],"覚寺":[35.52763,134.240041],"川端4":[35.501956,134.228016],"茶町":[35.503737,134.228394],"元町":[35.499047,134.230562],"大覚寺":[35.4769,134.231377],"的場4":[35.475511,134.227872],"永楽温泉町":[35.493149,134.232692],"相生町1":[35.510139,134.229031],"本町5":[35.504343,134.229009],"片原5":[35.505305,134.23054],"元魚町3":[35.502453,134.228616],"末広温泉町":[35.493372,134.232882],"的場3":[35.474229,134.230058],"川端3":[35.501159,134.22899],"興南町":[35.484645,134.233255],"二階町4":[35.503011,134.229281],"玄好町":[35.50696,134.230966],"元魚町2":[35.501658,134.229616],"湯所町2":[35.509538,134.232842],"本町4":[35.503598,134.229978],"湯所町1":[35.513828,134.237869],"川端2":[35.50032,134.230021],"弥生町":[35.496595,134.232149],"二階町3":[35.502213,134.230272],"材木町":[35.507798,134.232241],"南吉方1":[35.48872,134.233937],"元魚町1":[35.500845,134.230613],"片原4":[35.504173,134.230675],"福部町湯山":[35.545855,134.26473],"本町3":[35.502784,134.231003],"川端1":[35.499475,134.231061],"的場2":[35.474777,134.232501],"二階町2":[35.501364,134.231313],