{"福積":[35.420383,133.740653],"沢谷":[35.407707,133.7535],"志津":[35.400885,133.76085],"上福田":[35.42965,133.748646],"関金町松河原":[35.375771,133.74486],"関金町大鳥居":[35.374383,133.748504],"関金町関金宿":[35.353281,133.762612],"福本":[35.411091,133.76384],"下福田":[35.43785,133.760572],"福富":[35.407836,133.758541],"鴨河内":[35.392758,133.787056],"上米積":[35.418403,133.765002],"関金町安歩":[35.369688,133.766267],"国府":[35.436092,133.797488],"耳":[35.374871,133.774796],"尾田":[35.392039,133.76567],"下米積":[35.423104,133.770815],"三江":[35.418905,133.774234],"横田":[35.420784,133.7825],"上古川":[35.401994,133.790914],"石塚":[35.395226,133.787234],"福山":[35.393913,133.785663],"大谷":[35.44381,133.800165],"国分寺":[35.431889,133.79301],"小鴨":[35.408738,133.799317],"福光":[35.421435,133.794823],"黒見":[35.420969,133.793028],"上神":[35.453237,133.801816],"蔵内":[35.400446,133.794306],"北野":[35.42071,133.803132],"秋喜":[35.429143,133.800365],"大宮":[35.396249,133.801669],"不入岡":[35.440676,133.810227],"中河原":[35.412152,133.802164],"大谷茶屋":[35.446204,133.802779],"秋喜西町":[35.426565,133.798746],"西倉吉町":[35.428568,133.806968],"寺谷":[35.452423,133.803234],"西福守町":[35.433938,133.805402],"生田":[35.419098,133.809165],"東鴨":[35.399842,133.80769],"福守町":[35.431706,133.808415],"長坂町":[35.406377,133.809038],"丸山町":[35.426895,133.806737],"和田":[35.440713,133.810713],"長坂新町":[35.408504,133.807309],"下大江":[35.410277,133.812992],"和田東町":[35.446269,133.825349],"鴨川町":[35.432455,133.808909],"東鴨新町":[35.407988,133.811711],"八幡町":[35.422949,133.813996],"河原町":[35.43054,133.813144],"福吉町2":[35.435065,133.815022],"富海":[35.403266,133.820135],"余戸谷町":[35.42867,133.813024],"広瀬町":[35.431096,133.81501],"越中町":[35.431268,133.816162],"鍛冶町2":[35.430175,133.814604],"馬場町":[35.447543,133.820485],"みどり町":[35.422405,133.821203],"越殿町":[35.433233,133.817341],"鍛冶町1":[35.430937,133.816598],"金森町":[35.436585,133.816586],"仲ノ町":[35.431131,133.824155],"福吉町":[35.434377,133.819711],"瀬崎町":[35.431993,133.819146],"西岩倉町":[35.43217,133.817728],"旭田町":[35.435427,133.820069],"東岩倉町":[35.432366,133.819384],"古川沢":[35.457116,133.8256],"新町3":[35.434668,133.821322],"巌城":[35.445659,133.839511],"西町":[35.432203,133.821576],"大正町2":[35.43548,133.823113],"新町2":[35.432799,133.823169],"小田":[35.459439,133.838188],"大正町":[35.433676,133.822938],"西仲町":[35.432073,133.822383],"葵町":[35.429196,133.828644],"東仲町":[35.431919,133.824291],"新町1":[35.432745,133.824329],"明治町":[35.433004,133.826001],"明治町2":[35.435153,133.824729],"研屋町":[35.432167,133.825998],"魚町":[35.432026,133.825582],"堺町3":[35.434286,133.828086],"湊町":[35.432122,133.830731],"堺町2":[35.433657,133.82846],"堺町1":[35.431957,133.826876],"東町":[35.430309,133.829397],"荒神町":[35.432034,133.829531],"中江":[35.470736,133.840244],"宮川町":[35.433582,133.83402],"宮川町2":[35.434096,133.833892],"米田町":[35.423723,133.846169],"下古川":[35.465995,133.834498],"住吉町":[35.429998,133.833855],"穴窪":[35.476546,133.835418],"井手畑":[35.467879,133.835514],"駄経寺町":[35.421961,133.833654],"幸町":[35.437596,133.837481],"昭和町1":[35.43475,133.835475],"新田":[35.466771,133.839481],"大塚":[35.474372,133.842152],"昭和町2":[35.434765,133.839866],"駄経寺町2":[35.429587,133.839235],"見日町":[35.441495,133.842826],"南昭和町":[35.435575,133.842158],"円谷町":[35.422381,133.848944],"新陽町":[35.428139,133.840677],"東昭和町":[35.437041,133.842221],"上灘町":[35.428313,133.84238],"東巌城町":[35.439511,133.842341],"上井":[35.453076,133.845221],"天神町":[35.457228,133.844412],"海田西町1":[35.460877,133.844702],"河北町":[35.469618,133.845955],"下田中町":[35.42922,133.846717],"米田町2":[35.425616,133.847977],"海田南町":[35.4579,133.844525],"伊木":[35.444641,133.855345],"清谷町2":[35.476144,133.847671],"海田東町":[35.458694,133.853298],"海田西町2":[35.462959,133.846574],"福庭町2":[35.469156,133.848358],"山根":[35.45224,133.856051],"八屋":[35.440679,133.847663],"清谷町1":[35.474179,133.850614],"上井町2":[35.45398,133.848887],"福庭町1":[35.468308,133.851119],"大平町":[35.456405,133.849985],"下余戸":[35.438816,133.848469],"虹ケ丘町":[35.432268,133.852014],"福庭":[35.463802,133.852865],"広栄町":[35.428138,133.854045],"上井町1":[35.45273,133.856192],"清谷":[35.471094,133.858009],"大原":[35.416667,133.860872],"上余戸":[35.432083,133.858254]}