{"大字大谷":[35.565747,134.30458],"大字網代":[35.585886,134.295362],"大字岩本":[35.580182,134.301284],"大字本庄":[35.568219,134.318816],"大字田後":[35.591744,134.318784],"大字浦富":[35.571387,134.339354],"大字太田":[35.557872,134.326539],"大字河崎":[35.559081,134.329142],"大字新井":[35.569344,134.336692],"大字牧谷":[35.585704,134.334637],"大字恩志":[35.55833,134.353128],"大字高山":[35.566454,134.345271],"大字大羽尾":[35.602319,134.345122],"大字小羽尾":[35.597625,134.353615],"大字相谷":[35.574517,134.35003],"大字岩井":[35.555458,134.369215],"大字宇治":[35.56308,134.373496],"大字陸上":[35.603571,134.371714],"大字真名":[35.549195,134.375093],"大字相山":[35.540425,134.375434],"大字長谷":[35.553414,134.384743],"大字白地":[35.54509,134.383838]}