{"大字富吉":[35.444481,133.38193],"大字日吉津":[35.440953,133.385067],"大字今吉":[35.451796,133.381586]}