{"繋":[39.691888,141.04196],"猪去田面木":[39.68548,141.061742],"上太田上瀬":[39.691986,141.057816],"上太田穴口":[39.690556,141.060849],"上太田中瀬":[39.694716,141.059957],"猪去早俄上":[39.690258,141.063337],"猪去上猪去":[39.681438,141.06429],"猪去堰合":[39.68626,141.06538],"上太田三枚橋":[39.691919,141.0661],"猪去三枚橋":[39.689356,141.067644],"湯沢":[39.637254,141.076642],"猪去藤松":[39.682392,141.067464],"上太田碇":[39.695366,141.067807],"猪去畑中":[39.680453,141.068043],"上太田田中留":[39.69518,141.06639],"猪去橋場":[39.677406,141.070844],"猪去的場":[39.687293,141.068132],"猪去大道":[39.681732,141.068545]}