{"多伎町口田儀":[35.268411,132.582452],"多伎町神原":[35.234249,132.582365],"多伎町小田":[35.279863,132.623039],"多伎町多岐":[35.290301,132.63467],"多伎町久村":[35.279839,132.647825],"湖陵町大池":[35.319688,132.666187],"湖陵町板津":[35.323314,132.673428],"湖陵町二部":[35.305958,132.677439],"湖陵町差海":[35.332618,132.675157],"大社町杵築北":[35.399412,132.680473],"西園町":[35.362809,132.684003],"外園町":[35.350349,132.674906],"湖陵町三部":[35.309084,132.687784],"大社町杵築西":[35.389227,132.683029],"神西沖町":[35.335097,132.703781],"大社町杵築東":[35.397549,132.691299],"大社町修理免":[35.393273,132.701969],"大社町中荒木":[35.377866,132.700678],"大社町杵築南":[35.390467,132.686519],"大社町北荒木":[35.380708,132.707831],"湖陵町畑村":[35.299081,132.685215],"大島町":[35.336479,132.70349],"西神西町":[35.318879,132.687609],"湖陵町常楽寺":[35.306714,132.695433],"荒茅町":[35.365993,132.706275],"長浜町":[35.358951,132.699725],"神西新町":[35.325151,132.695842],"東神西町":[35.330094,132.710283],"東園町":[35.3584,132.707394],"大社町菱根":[35.393376,132.706515],"浜町":[35.377544,132.726637],"大社町入南":[35.389915,132.718047],"神門町":[35.337113,132.70809],"松寄下町":[35.36901,132.725414],"平成町":[35.316732,132.714361],"大社町遙堪":[35.394112,132.735753],"唐川町":[35.425027,132.735279],"下横町":[35.359576,132.715647],"知井宮町":[35.339634,132.726252],"芦渡町":[35.329731,132.731654],"高松町":[35.361295,132.717698],"八島町":[35.384234,132.725606],"西新町3":[35.333221,132.719723],"河下町":[35.446373,132.749914],"西新町1":[35.334086,132.72666],"西新町2":[35.33356,132.727308],"江田町":[35.382832,132.734776],"常松町":[35.389266,132.728838],"白枝町":[35.360669,132.737599],"下古志町":[35.337199,132.743093],"古志町":[35.334618,132.752063],"矢野町":[35.38177,132.744695],"別所町":[35.42561,132.748946],"平野町":[35.386162,132.748001],"天神町":[35.355666,132.742157],"小山町":[35.37405,132.739795],"渡橋町":[35.369892,132.748552],"矢尾町":[35.395674,132.754632],"里方町":[35.395735,132.763503],"塩冶有原町1":[35.361652,132.744289],"塩冶町":[35.355884,132.753103],"塩冶有原町6":[35.357118,132.745162],"塩冶町南町1":[35.347127,132.745953],"塩冶有原町2":[35.361187,132.746033],"大塚町":[35.379803,132.754152],"塩冶原町1":[35.348426,132.747459],"塩冶有原町5":[35.357267,132.746917],"塩冶原町2":[35.347228,132.748977],"塩冶有原町3":[35.360182,132.748497],"塩冶町南町2":[35.346703,132.747411],"塩冶有原町4":[35.357584,132.748314],"塩冶原町3":[35.346845,132.749943],"高岡町":[35.383248,132.750952],"所原町":[35.322402,132.768957],"塩冶町南町3":[35.344805,132.751728],"奥宇賀町":[35.438391,132.761573],"今市町":[35.359002,132.771729],"姫原町":[35.370277,132.754209],"塩冶神前1":[35.35027,132.753089],"塩冶町南町4":[35.343867,132.754005],"馬木町":[35.332151,132.76677],"塩冶善行町":[35.359885,132.752283],"日下町":[35.400161,132.762721],"医大南町3":[35.343885,132.755266],"姫原4":[35.375769,132.758285],"西林木町":[35.396654,132.764561],"姫原1":[35.371272,132.756017],"塩冶神前2":[35.349023,132.754485],"駅北町":[35.361578,132.760828],"駅南町1":[35.360152,132.755807],"塩冶町南町5":[35.341698,132.755138],"今市町北本町1":[35.368217,132.756665],"塩冶神前3":[35.350936,132.756034],"駅南町2":[35.359967,132.760255],"上塩冶町":[35.341218,132.756936],"駅南町3":[35.359064,132.760971],"今市町南本町":[35.357448,132.762819],"医大南町2":[35.343388,132.75749],"姫原2":[35.371456,132.758773],"小津町":[35.454359,132.760156],"塩冶神前4":[35.349875,132.758099],"大津町":[35.353917,132.783433],"塩冶神前6":[35.347171,132.758427],"今市町北本町2":[35.369294,132.758797],"医大南町1":[35.343183,132.758496],"姫原3":[35.371279,132.760519],"大津朝倉3":[35.375945,132.761157],"大津朝倉2":[35.374172,132.762051],"塩冶神前5":[35.347596,132.759058],"今市町北本町3":[35.36849,132.760077],"大津朝倉1":[35.371932,132.763184],"築山新町":[35.350478,132.763321],"稲岡町":[35.388219,132.769938],"中野町":[35.377046,132.778577],"中野美保北1":[35.37616,132.762427],"今市町北本町4":[35.368269,132.761703],"馬木北町":[35.338764,132.765892],"荻杼町":[35.383249,132.773586],"中野美保南1":[35.374259,132.765366],"今市町北本町5":[35.368351,132.763388],"枝大津町":[35.374024,132.766735],"中野美保北2":[35.377757,132.764814],"中野美保南2":[35.375325,132.767122],"大津新崎町1":[35.36876,132.766705],"中野美保北3":[35.376536,132.768418],"大津新崎町7":[35.366542,132.767765],"東林木町":[35.407316,132.788808],"中野美保南3":[35.37524,132.768351],"大津新崎町2":[35.368912,132.767616],"大津新崎町6":[35.366482,132.769132],"口宇賀町":[35.437505,132.79231],"大津新崎町3":[35.369836,132.769906],"大津新崎町5":[35.366888,132.770364],"万田町":[35.458482,132.780767],"朝山町":[35.325961,132.784325],"武志町":[35.395567,132.778886],"大津新崎町4":[35.367335,132.771306],"国富町":[35.423456,132.809218],"斐川町鳥井":[35.391204,132.794799],"美談町":[35.416517,132.805717],"本庄町":[35.447904,132.801684],"斐川町名島":[35.382506,132.791944],"斐川町併川":[35.375907,132.797651],"斐川町求院":[35.370411,132.803874],"斐川町出西":[35.343725,132.821531],"斐川町富村":[35.389947,132.794829],"西郷町":[35.438023,132.810907],"久多見町":[35.458083,132.812648],"斐川町今在家":[35.403668,132.808558],"斐川町上直江":[35.380081,132.818898],"野石谷町":[35.465855,132.820289],"東福町":[35.450445,132.828714],"西代町":[35.423041,132.821307],"斐川町神氷":[35.370669,132.823413],"斐川町原鹿":[35.409086,132.818215],"平田町":[35.446144,132.848987],"西平田町":[35.434855,132.817654],"斐川町直江":[35.371593,132.837757],"東郷町":[35.457882,132.826153],"上岡田町":[35.466778,132.830167],"斐川町福富":[35.40131,132.823731],"灘分町":[35.441375,132.87091],"斐川町美南":[35.401714,132.827024],"斐川町坂田":[35.423973,132.88318],"斐川町三分市":[35.414897,132.838816],"斐川町上庄原":[35.388342,132.846285],"斐川町三絡":[35.37377,132.848323],"岡田町":[35.45449,132.843294],"多久谷町":[35.453804,132.844904],"斐川町中洲":[35.412737,132.872986],"斐川町黒目":[35.406781,132.839049],"斐川町沖洲":[35.415317,132.888971],"斐川町荘原":[35.412847,132.893548],"多久町":[35.468445,132.857065],"島村町":[35.429764,132.868679],"斐川町神庭":[35.376047,132.861375],"坂浦町":[35.490487,132.857936],"斐川町学頭":[35.393544,132.869082],"鹿園寺町":[35.467472,132.878136],"園町":[35.445572,132.865581],"小境町":[35.476344,132.889061],"美野町":[35.466674,132.910577],"野郷町":[35.479349,132.899031]}