{"大字川下":[34.979742,132.484625],"大字因原":[34.972681,132.474066],"大字谷戸":[34.993291,132.491331],"大字川本":[34.984824,132.494054],"大字小谷":[35.018791,132.49669],"大字多田":[35.004603,132.505589],"大字久座仁":[34.997104,132.50435]}