{"高峯":[34.45124,131.749904],"鷲原":[34.450001,131.760496],"中座":[34.45153,131.769751],"後田":[34.463112,131.770134],"町田":[34.454898,131.766535],"森村":[34.464804,131.774998],"寺田":[34.472541,131.776146]}