{"抜月":[34.384559,131.897475],"朝倉":[34.380454,131.901534],"真田":[34.40239,131.895466],"七日市":[34.389525,131.893452],"注連川":[34.36757,131.91063],"立戸":[34.375831,131.918302],"沢田":[34.354726,131.915275],"幸地":[34.331222,131.94579],"広石":[34.361546,131.920835],"六日市":[34.359458,131.943825],"立河内":[34.343301,131.956965],"有飯":[34.358665,131.954314],"九郎原":[34.360864,131.964907]}