{"上西":[36.233786,133.291894],"原田":[36.231088,133.296305],"平":[36.21488,133.309041],"今津":[36.178839,133.315653],"西田":[36.195242,133.30798],"池田":[36.222568,133.313033],"下西":[36.207267,133.315666],"有木":[36.217024,133.320382],"城北町":[36.215415,133.319795],"岬町":[36.180252,133.321284],"西町":[36.203349,133.333645],"港町":[36.204361,133.33041],"中町":[36.204781,133.335203],"栄町":[36.21516,133.333734],"東郷":[36.222111,133.341895],"東町":[36.207718,133.338174],"飯田":[36.202804,133.346459],"原田蔵見":[36.230928,133.295619],"有木坂根":[36.217025,133.320505]}