{"矢津":[34.699014,133.990534],"中川町":[34.661651,134.001943],"光津":[34.642641,133.995733],"升田":[34.612282,134.007628],"宍甘":[34.687077,133.998632],"益野町":[34.653909,134.003118],"瀬戸町宿奥":[34.71727,134.013133],"古都宿":[34.684107,134.001894],"政津":[34.64169,134.008904],"松新町":[34.655651,134.006717],"瀬戸町観音寺":[34.726126,134.013041],"目黒町":[34.67132,134.005646],"可知1":[34.661247,134.001694],"可知2":[34.656277,134.002063],"大多羅町":[34.665902,134.007358],"藤井":[34.689263,134.006529],"君津":[34.627824,134.014661],"可知3":[34.659772,134.005296],"可知4":[34.655331,134.002455],"古都南方":[34.690282,134.032272],"可知5":[34.659087,134.010309],"鉄":[34.697744,134.012265],"西大寺松崎":[34.662369,134.018582],"瀬戸町菊山":[34.712008,134.025006],"豊田":[34.617684,134.021956],"富士見町1":[34.659353,134.01372],"金田":[34.651076,134.014098],"上道北方":[34.704865,134.020443],"瀬戸町笹岡":[34.735547,134.033493],"草ケ部":[34.7208,134.038111],"広谷":[34.657367,134.016142],"城東台西2":[34.694219,134.024898],"西庄":[34.670597,134.029514],"金岡西町":[34.649196,134.026928],"西大寺中野":[34.659497,134.029688],"城東台西1":[34.692537,134.020724],"九蟠":[34.608921,134.021674],"中尾":[34.699122,134.027332],"浅越":[34.66416,134.034824],"城東台西3":[34.692871,134.026605],"城東台東1":[34.695884,134.027931],"西大寺金岡":[34.62959,134.02634],"金岡東町2":[34.640936,134.029039],"金岡東町3":[34.63472,134.028829],"城東台南1":[34.69358,134.02937],"金岡東町1":[34.645088,134.031196],"西大寺南1":[34.650456,134.030045],"西大寺中野本町":[34.654427,134.031537],"城東台東2":[34.696801,134.031381],"沼":[34.705043,134.037304],"城東台南2":[34.696311,134.032475],"西大寺南2":[34.651777,134.035986],"吉原":[34.669191,134.032064],"西大寺上1":[34.661269,134.033258],"谷尻":[34.722869,134.03885],"西大寺中2":[34.655846,134.036062],"西大寺中1":[34.654076,134.035688],"瀬戸町瀬戸":[34.736452,134.04183],"富崎":[34.671477,134.041932],"西大寺上2":[34.661607,134.036442],"西大寺新":[34.635566,134.046093],"西大寺中3":[34.655548,134.039565],"西大寺北":[34.663108,134.039434],"瀬戸町下":[34.727436,134.045981],"西大寺浜":[34.639193,134.047365],"西大寺上3":[34.658928,134.039867],"福治":[34.680237,134.048506],"久保":[34.663139,134.051124],"瀬戸町光明谷":[34.739228,134.04512],"乙子":[34.628507,134.043299],"向州":[34.655965,134.040458],"西幸西":[34.615555,134.039231],"西大寺東1":[34.658992,134.04146],"西大寺東2":[34.658914,134.045394],"砂場":[34.717899,134.04269],"瀬戸町沖":[34.719586,134.048368],"西大寺":[34.662623,134.041303],"西平島":[34.712813,134.046569],"瀬戸町寺地":[34.746575,134.054537],"竹原":[34.6878,134.054153],"西隆寺":[34.676333,134.0458],"神崎町":[34.626259,134.052759],"瀬戸町江尻":[34.720273,134.050857],"南古都":[34.703443,134.053595],"東平島":[34.706007,134.055617],"西大寺川口":[34.650725,134.050994],"東幸西":[34.621554,134.054474],"瀬戸町森末":[34.751414,134.061063],"瀬戸町旭ヶ丘4":[34.723842,134.048366],"西大寺東3":[34.659942,134.049462],"河本町":[34.663173,134.050158],"瀬戸町塩納":[34.757119,134.067768],"西大寺五明":[34.641644,134.058503],"瀬戸町旭ヶ丘3":[34.724898,134.051288],"瀬戸町旭ヶ丘2":[34.726558,134.052926],"西大寺新地":[34.651105,134.057863],"瀬戸町旭ヶ丘1":[34.724371,134.053823],"西大寺射越":[34.656026,134.054176],"正儀":[34.599818,134.069778],"北幸田":[34.622524,134.069393],"楢原":[34.697767,134.05812],"長沼":[34.645957,134.07528],"浦間":[34.711718,134.071517],"瀬戸町宗堂":[34.74851,134.069298],"西大寺門前":[34.649502,134.06187],"矢井":[34.705181,134.061674],"瀬戸町肩脊":[34.720097,134.080448],"瀬戸町坂根":[34.74599,134.065646],"水門町":[34.613347,134.056893],"百枝月":[34.684505,134.076313],"邑久郷":[34.628393,134.066309],"才崎":[34.691921,134.068927],"南水門町":[34.60808,134.064589],"浅川":[34.705263,134.074316],"瀬戸町南方":[34.75262,134.074336],"内ケ原":[34.695712,134.07824],"西片岡":[34.596155,134.075188],"瀬戸町大井":[34.763631,134.077725],"寺山":[34.708221,134.0806],"西祖":[34.711007,134.081281],"瀬戸町万富":[34.764228,134.08618],"東幸崎":[34.609401,134.078686],"一日市":[34.713821,134.08838],"東片岡":[34.605932,134.100875],"幸地崎町":[34.620168,134.082939],"久々井":[34.593333,134.089351],"宿毛":[34.62153,134.090097],"瀬戸町大内":[34.741208,134.103482],"瀬戸町二日市":[34.756801,134.084703],"吉井":[34.718915,134.093805],"下阿知":[34.624473,134.098766],"瀬戸町弓削":[34.748298,134.106447],"西大寺一宮":[34.594927,134.102869],"宝伝":[34.590213,134.110358],"犬島":[34.561065,134.103196],"上阿知":[34.621194,134.109715],"千手":[34.620477,134.109447]}