{"永井":[34.473198,133.87888],"滝":[34.491749,133.877364],"小島地":[34.510971,133.8848],"木目":[34.510693,133.894572],"広岡":[34.503009,133.888316],"長尾":[34.502277,133.891056],"東高崎":[34.535624,133.900357],"宇藤木":[34.525834,133.89628],"用吉":[34.524771,133.896738],"迫間":[34.511349,133.895538],"渋川3":[34.466283,133.893232],"東紅陽台1":[34.539091,133.895527],"日比7":[34.467056,133.906606],"東紅陽台2":[34.537212,133.897762],"渋川2":[34.455037,133.906538],"槌ケ原":[34.529923,133.90108],"玉原1":[34.485765,133.910335],"玉原3":[34.473944,133.913058],"渋川1":[34.458018,133.910627],"日比6":[34.452907,133.919699],"南七区":[34.533987,133.928215],"玉原2":[34.483409,133.914068],"和田7":[34.471922,133.915473],"日比5":[34.452208,133.927397],"八浜町大崎":[34.533196,133.934882],"奥玉3":[34.487386,133.921328],"和田4":[34.46786,133.921169],"日比2":[34.457648,133.921403],"奥玉2":[34.484481,133.923757],"和田6":[34.470232,133.921823],"和田3":[34.465521,133.926397],"日比1":[34.460622,133.922221],"和田5":[34.469275,133.922568],"和田1":[34.470574,133.928691],"奥玉1":[34.48807,133.926383],"玉5":[34.482972,133.928969],"宇野6":[34.494297,133.931779],"東七区":[34.54365,133.936099],"日比4":[34.455821,133.926152],"日比3":[34.457444,133.923827],"羽根崎町":[34.460982,133.926531],"玉4":[34.479432,133.932094],"御崎1":[34.463431,133.92727],"明神町":[34.459945,133.926553],"和田2":[34.469359,133.929105],"玉6":[34.487745,133.93275],"御崎2":[34.457353,133.929604],"向日比2":[34.452873,133.933711],"宇野7":[34.492797,133.940966],"玉3":[34.477804,133.934996],"向日比1":[34.460886,133.93436],"玉2":[34.480966,133.935737],"宇野5":[34.491473,133.939805],"田井2":[34.507785,133.946943],"玉1":[34.480926,133.937833],"深井町":[34.460065,133.939258],"宇野4":[34.484526,133.941578],"田井4":[34.517795,133.947704],"八浜町八浜":[34.551836,133.943829],"宇野3":[34.48633,133.946939],"宇野2":[34.488539,133.944274],"築港3":[34.501393,133.951191],"宇野8":[34.493811,133.946774],"八浜町見石":[34.571829,133.947114],"田井3":[34.512987,133.953403],"宇野1":[34.492315,133.943823],"八浜町波知":[34.549103,133.96953],"田井1":[34.513064,133.950173],"田井5":[34.524792,133.961744],"築港1":[34.493197,133.954378],"築港2":[34.496702,133.95276],"築港4":[34.499781,133.96087],"田井6":[34.511335,133.956725],"築港5":[34.493358,133.957595],"大藪":[34.532734,133.972384],"後閑":[34.533576,133.97693],"山田":[34.547736,133.994251],"西田井地":[34.549597,133.997648],"上山坂":[34.564838,134.003308],"東田井地":[34.551029,133.998659],"沼":[34.528934,133.996985],"東野崎":[34.542609,133.992673],"胸上":[34.552427,134.022291],"梶岡":[34.55822,134.007852],"北方":[34.566374,134.020246],"下山坂":[34.561845,134.019378],"番田":[34.573913,134.033441]}