{"茂平":[34.496447,133.475028],"鋼管町":[34.479243,133.471196],"有田":[34.524005,133.458135],"港町":[34.465142,133.483013],"篠坂":[34.535287,133.467731],"西茂平":[34.486407,133.451656],"押撫":[34.531191,133.460507],"用之江":[34.505648,133.463887],"城見台":[34.50056,133.460006],"大宜":[34.511572,133.472495],"入田":[34.540078,133.481178],"吉浜":[34.520613,133.495003],"平成町":[34.500911,133.48724],"カブト西町":[34.461361,133.491605],"神島":[34.45154,133.478569],"生江浜":[34.509232,133.481315],"西大戸":[34.535573,133.492859],"カブト中央町":[34.484644,133.499188],"旭が丘":[34.509642,133.481249],"東大戸":[34.55111,133.496953],"神島外浦":[34.458251,133.524043],"大河":[34.532953,133.497037],"金浦":[34.513695,133.494718],"カブト東町":[34.488785,133.499278],"相生":[34.520083,133.495788],"笠岡":[34.525276,133.514461],"新賀":[34.564194,133.525328],"カブト南町":[34.471282,133.509768],"大井南":[34.530819,133.510042],"小平井":[34.537779,133.516842],"みの越":[34.552382,133.507015],"中央町":[34.507065,133.507463],"走出":[34.592993,133.539389],"拓海町":[34.489061,133.507897],"美の浜":[34.486784,133.522074],"十一番町":[34.492771,133.514511],"五番町":[34.498308,133.513856],"吉田":[34.540645,133.5392],"春日台":[34.528763,133.51496],"六番町":[34.496644,133.516735],"園井":[34.536876,133.517725],"四番町":[34.497922,133.516963],"十番町":[34.494509,133.515767],"山口":[34.568446,133.532646],"緑町":[34.493318,133.522757],"九番町":[34.495463,133.518888],"七番町":[34.496869,133.519111],"三番町":[34.497573,133.519471],"横島":[34.48752,133.526843],"八番町":[34.495995,133.520191],"二番町":[34.498167,133.521829],"富岡":[34.502039,133.532656],"新横島":[34.491673,133.526185],"一番町":[34.495722,133.523989],"関戸":[34.556001,133.527138],"馬飼":[34.512661,133.53457],"今立":[34.529192,133.541877],"入江":[34.478341,133.527514],"西大島新田":[34.490421,133.528525],"絵師":[34.510427,133.534878],"広浜":[34.511742,133.541465],"西大島":[34.491039,133.55734],"甲弩":[34.592809,133.546672],"大島中":[34.476096,133.570333],"尾坂":[34.553813,133.552835]}