{"成羽町成羽":[34.783401,133.537513],"成羽町佐々木":[34.779548,133.519968],"成羽町星原":[34.779768,133.532728],"成羽町下原":[34.78045,133.5532],"落合町阿部":[34.781283,133.580136],"落合町福地":[34.780629,133.564929],"落合町近似":[34.793341,133.610983],"段町":[34.778617,133.599606],"松山":[34.78409,133.624479],"横町":[34.786786,133.609988],"原田南町":[34.78413,133.615155],"高倉町大瀬八長":[34.806063,133.614971],"中原町":[34.786454,133.614177],"南町":[34.79229,133.615159],"鉄砲町":[34.791672,133.61263],"下谷町":[34.784436,133.620248],"旭町":[34.788928,133.617612],"弓之町":[34.792353,133.614351],"原田北町":[34.787466,133.618638],"下町":[34.796125,133.615843],"中間町":[34.796236,133.615392],"栄町":[34.790845,133.615815],"本町":[34.796621,133.615977],"東町":[34.791438,133.616275],"川端町":[34.801072,133.61613],"内山下":[34.808803,133.624896],"正宗町":[34.790636,133.617899],"松原通":[34.791492,133.617971],"新町":[34.799646,133.617171],"八幡町":[34.793468,133.616699],"鍜冶町":[34.796065,133.616632],"甲賀町":[34.79381,133.616761],"荒神町":[34.794182,133.616836],"大工町":[34.794859,133.617505],"上谷町":[34.782168,133.624293],"片原町":[34.799032,133.617635],"柿木町":[34.794854,133.61788],"間之町":[34.79304,133.618507],"中之町":[34.797205,133.617918],"浜町":[34.79009,133.619535],"石火矢町":[34.799171,133.618426],"向町":[34.796141,133.618781],"頼久寺町":[34.796393,133.618752],"和田町":[34.792154,133.621763],"小高下町":[34.803525,133.631418],"御前町":[34.799533,133.619669],"寺町":[34.795411,133.620065],"伊賀町":[34.796153,133.619999],"奥万田町":[34.795594,133.623794]}