{"新本":[34.667322,133.666406],"山田":[34.676526,133.673757],"久代":[34.679343,133.698096],"秦":[34.679727,133.709887],"福谷":[34.701329,133.711634],"八代":[34.663518,133.710138],"槙谷":[34.740238,133.720594],"富原":[34.666443,133.723352],"下原":[34.661562,133.710036],"宍粟":[34.708748,133.730752],"上原":[34.671285,133.719239],"見延":[34.709087,133.747208],"井尻野":[34.68413,133.739905],"真壁":[34.668172,133.760839],"中原":[34.660336,133.735374],"清音古地":[34.629813,133.738822],"清音上中島":[34.648972,133.734131],"清音柿木":[34.658228,133.740652],"溝口":[34.673584,133.737834],"清音軽部":[34.644657,133.747166],"門田":[34.677729,133.743006],"三輪":[34.663166,133.749848],"総社":[34.685643,133.771323],"駅南1":[34.669676,133.738638],"駅前1":[34.673714,133.741725],"駅前2":[34.670681,133.738168],"小寺":[34.678815,133.75176],"清音黒田":[34.627423,133.74766],"駅南2":[34.664262,133.742136],"中央1":[34.670618,133.747202],"中央2":[34.67369,133.746781],"清音三因":[34.651831,133.755678],"福井":[34.692495,133.758605],"泉":[34.690216,133.756118],"黒尾":[34.696716,133.77018],"総社1":[34.674761,133.750178],"中央6":[34.669735,133.746585],"中央3":[34.67074,133.75028],"総社2":[34.675721,133.754748],"中央4":[34.673478,133.754779],"中央5":[34.670056,133.755455],"西郡":[34.658095,133.7649],"奥坂":[34.730615,133.787306],"総社3":[34.676003,133.758991],"井手":[34.677048,133.773605],"久米":[34.699838,133.779225],"刑部":[34.695083,133.762929],"三須":[34.669591,133.769592],"西阿曽":[34.710343,133.775079],"地頭片山":[34.655119,133.768238],"岡谷":[34.6549,133.778736],"金井戸":[34.681325,133.776328],"西坂台":[34.64432,133.775221],"北溝手":[34.685275,133.776091],"上林":[34.668085,133.787782],"宿":[34.643562,133.797797],"南溝手":[34.680943,133.780698],"窪木":[34.690966,133.786605],"下林":[34.67063,133.795515],"長良":[34.688908,133.795359],"東阿曽":[34.706638,133.798233],"赤浜":[34.687059,133.804138]}