{"和田":[34.740279,134.00482],"西中":[34.770719,134.010947],"上仁保":[34.776515,134.001588],"斗有":[34.790247,133.98598],"山陽7":[34.750494,134.001679],"下仁保":[34.77591,134.0073],"馬屋":[34.741946,133.998496],"鴨前":[34.761064,134.009571],"穂崎":[34.732394,134.015524],"山陽2":[34.748532,134.00528],"山陽4":[34.750659,134.005517],"岩田":[34.743885,134.008392],"山陽6":[34.754427,134.00327],"山陽1":[34.745772,134.008278],"熊崎":[34.75728,134.013621],"西窪田":[34.778668,134.0106],"山陽3":[34.74983,134.010153],"山陽5":[34.751521,134.010573],"下市":[34.752798,134.010685],"河本":[34.75131,134.01162],"津崎":[34.778928,134.018633],"東窪田":[34.778914,134.010627],"正崎":[34.765213,134.013159],"五日市":[34.770852,134.014588],"上市":[34.758055,134.022528],"尾谷":[34.772416,134.023168],"神田":[34.786434,134.024917],"長尾":[34.738115,134.022654],"大苅田":[34.78822,134.02412],"立川":[34.743792,134.031643],"高屋":[34.760769,134.02565],"桜が丘西9":[34.783261,134.030991],"沼田":[34.756061,134.026295],"二井":[34.770167,134.029019],"斎富":[34.755988,134.038254],"桜が丘西8":[34.777305,134.032759],"日古木":[34.76682,134.037596],"中島":[34.76244,134.049033],"南方":[34.748164,134.035942],"桜が丘西10":[34.7842,134.03646],"桜が丘西7":[34.775365,134.034947],"桜が丘西6":[34.77695,134.038037],"桜が丘東6":[34.790514,134.044385],"桜が丘西1":[34.767804,134.0448],"野間":[34.789969,134.03722],"桜が丘東5":[34.784091,134.041531],"桜が丘西5":[34.779991,134.041587],"桜が丘西2":[34.772243,134.036381],"桜が丘西3":[34.773408,134.043168],"桜が丘西4":[34.777017,134.044568],"桜が丘東4":[34.782672,134.046755],"桜が丘東1":[34.773242,134.045872],"桜が丘東2":[34.779437,134.049699],"桜が丘東3":[34.783136,134.049175]}