{"坂根":[34.72809,134.111395],"新庄":[34.705766,134.122459],"香登西":[34.727744,134.118173],"畠田":[34.722332,134.117034],"香登本":[34.731028,134.124721],"福田":[34.721629,134.132858],"大内":[34.73695,134.142367],"伊部":[34.738274,134.167629],"西片上":[34.744763,134.183257],"佐山":[34.699308,134.182378],"浦伊部":[34.736128,134.178143],"久々井":[34.724892,134.204347],"鶴海":[34.706601,134.193944],"東片上":[34.751504,134.20333],"穂浪":[34.730412,134.248451],"閑谷":[34.776838,134.218954],"伊里中":[34.7613,134.221578],"友延":[34.745765,134.224073],"木谷":[34.766971,134.2228],"麻宇那":[34.749972,134.235619],"八木山":[34.78,134.269157],"蕃山":[34.754523,134.260953],"日生町日生":[34.7347,134.274752],"野谷":[34.805955,134.253989],"三石":[34.791802,134.276937],"日生町寒河":[34.749027,134.286754]}