{"西方":[34.984265,133.465797],"上市":[35.012602,133.4328],"高尾":[34.98813,133.458568],"金谷":[34.96323,133.463509],"石蟹":[34.951699,133.480774],"正田":[34.965329,133.47795],"新見":[34.980559,133.477216]}