{"早島":[34.606177,133.817991],"矢尾":[34.621251,133.834877],"前潟":[34.601857,133.837591],"若宮":[34.614702,133.835361]}