{"大字浜中":[34.501564,133.540731],"大字新庄":[34.507955,133.559506],"大字里見":[34.526475,133.572391],"大字新庄グリーンクレスト":[34.512632,133.550238]}