{"小田":[34.602481,133.548272],"宇内":[34.629921,133.555937],"浅海":[34.607473,133.551145],"本堀":[34.611856,133.562545],"西川面":[34.62556,133.568955],"内田":[34.653317,133.588178],"江良":[34.607223,133.569206],"小林":[34.624821,133.58355],"東川面":[34.626334,133.575876],"上高末":[34.679058,133.59295],"下高末":[34.658337,133.614825],"南山田":[34.594835,133.599454],"矢掛":[34.631295,133.609213],"里山田":[34.59909,133.599638],"宇角":[34.652179,133.611889],"中":[34.604856,133.601503],"東三成":[34.61309,133.617945],"横谷":[34.611375,133.630693]}