{"為本":[35.032922,134.087409],"黒坂":[35.039822,134.101188],"福吉":[35.046503,134.100047],"畑屋":[35.037537,134.106927],"太平台":[35.051741,134.113233],"勝間田":[35.03906,134.113356],"東吉田":[35.028271,134.122679],"植月中":[35.05704,134.116598],"平":[35.045035,134.11519],"小矢田":[35.023785,134.138435],"岡":[35.035389,134.13374],"黒土":[35.024768,134.136178]}