{"湯山":[34.856264,133.7386],"吉川":[34.842451,133.763603],"田土":[34.858696,133.740584],"加茂市場":[34.860343,133.765371],"黒山":[34.798408,133.77234],"竹部":[34.828649,133.78375],"高谷":[34.859696,133.780725],"上野":[34.848566,133.784146]}