{"伴南5":[34.452911,132.378094],"伴南3":[34.455456,132.379058],"伴南4":[34.44708,132.380008],"伴西4":[34.464428,132.381095],"伴南2":[34.456371,132.386257],"伴南1":[34.446877,132.387978],"伴西3":[34.466182,132.381949],"伴西2":[34.471542,132.388213],"伴西1":[34.468313,132.390614],"大塚西6":[34.446742,132.3981],"大塚西7":[34.458204,132.395698],"大塚西5":[34.444745,132.390597],"大塚西3":[34.439091,132.401453],"伴中央7":[34.451177,132.395258],"大塚西4":[34.435499,132.400607],"大塚西2":[34.44851,132.400602],"伴北7":[34.481049,132.406285],"伴中央4":[34.460411,132.401982],"大塚西1":[34.445535,132.405014],"伴中央6":[34.458002,132.406482],"伴東4":[34.467488,132.412954],"伴中央2":[34.461618,132.400487],"伴中央5":[34.453221,132.413311],"大塚東2":[34.437572,132.411292],"伴東8":[34.457226,132.417213],"伴東7":[34.464046,132.413738],"大塚東3":[34.436204,132.411683],"伴東3":[34.473506,132.412419],"伴東2":[34.475073,132.417769],"山本新町5":[34.445311,132.43698],"伴東1":[34.470533,132.426156],"伴東5":[34.468501,132.42556],"伴東6":[34.459109,132.425085],"長楽寺3":[34.472158,132.429909],"上安7":[34.482823,132.443758],"長楽寺2":[34.467241,132.431296],"長楽寺1":[34.47144,132.434965],"高取南3":[34.466333,132.431307],"高取北4":[34.476335,132.434488],"山本町":[34.449856,132.448018],"高取南2":[34.464483,132.436112],"山本6":[34.438177,132.442581],"山本新町2":[34.44376,132.439198],"高取北3":[34.475181,132.437171],"山本5":[34.435882,132.449299],"山本新町1":[34.440849,132.440886],"高取北2":[34.47663,132.438628],"山本新町4":[34.44646,132.437626],"高取南1":[34.472431,132.442747],"高取北1":[34.480075,132.442332],"高取南町":[34.457057,132.439378],"山本新町3":[34.449,132.441676],"相田町":[34.460113,132.44669],"山本7":[34.440688,132.446547],"相田6":[34.466681,132.446453],"相田7":[34.463482,132.444231],"長束西4":[34.428663,132.447149],"上安5":[34.487762,132.451979],"上安2":[34.473467,132.448334],"上安町":[34.485399,132.441642],"相田5":[34.468464,132.448673],"山本8":[34.4424,132.449106],"長束西5":[34.432434,132.446977],"上安6":[34.478224,132.447952],"相田4":[34.468428,132.449508],"長束西3":[34.430325,132.450492],"山本4":[34.436938,132.45082],"上安3":[34.479588,132.450815],"上安4":[34.483586,132.452582],"山本9":[34.440028,132.454585],"長束西2":[34.430638,132.452806],"上安1":[34.476131,132.452899],"長束西1":[34.429711,132.452597],"相田3":[34.463828,132.45414],"大町西1":[34.457715,132.466782],"相田2":[34.46633,132.453736],"安東6":[34.479034,132.455181],"山本3":[34.439378,132.456136],"山本1":[34.435183,132.458861],"相田1":[34.468788,132.460049],"祇園4":[34.442939,132.458335],"長束6":[34.43348,132.458241],"安東2":[34.475676,132.458367],"長束5":[34.432524,132.457741],"長束4":[34.42843,132.455967],"安東5":[34.483472,132.458406],"祇園5":[34.446948,132.461519],"安東4":[34.482551,132.458679],"長束3":[34.427382,132.457305],"山本2":[34.438302,132.458033],"安東7":[34.488966,132.462712],"祇園3":[34.439859,132.461806],"安東1":[34.471225,132.461591],"長束2":[34.43156,132.461846],"安東3":[34.480164,132.460705],"大町西2":[34.458625,132.464983],"大町西3":[34.461224,132.465751],"祇園8":[34.450722,132.463879],"毘沙門台4":[34.48413,132.464048],"祇園1":[34.438727,132.462031],"毘沙門台2":[34.476019,132.466263],"長束1":[34.428794,132.46548],"大町東3":[34.465098,132.466628],"西原1":[34.437703,132.465041],"毘沙門台3":[34.483523,132.466725],"毘沙門台1":[34.475891,132.467193],"祇園6":[34.446646,132.465675],"大町東4":[34.468159,132.465898],"西原2":[34.434485,132.469467],"祇園7":[34.448866,132.467806],"祇園2":[34.445691,132.468526],"毘沙門台東1":[34.479751,132.469295],"大町東1":[34.454674,132.468985],"西原4":[34.439081,132.473383],"西原5":[34.449055,132.469556],"緑井3":[34.469176,132.471058],"古市4":[34.452103,132.468309],"大町東2":[34.462468,132.471439],"西原6":[34.439907,132.47353],"古市3":[34.455146,132.471044],"毘沙門台東2":[34.478593,132.470959],"緑井町":[34.472894,132.471118],"西原8":[34.444792,132.474841],"緑井2":[34.466758,132.475046],"西原3":[34.436509,132.474009],"西原9":[34.445978,132.473772],"中須1":[34.457859,132.475538],"古市1":[34.457011,132.476284],"古市2":[34.457447,132.475837],"緑井1":[34.465096,132.47826],"緑井4":[34.470724,132.478314],"中須2":[34.459716,132.477639],"中筋1":[34.454719,132.477329],"西原7":[34.441078,132.476224],"緑井7":[34.474801,132.483224],"東原3":[34.446849,132.481892],"緑井5":[34.4686,132.481859],"中筋2":[34.448965,132.480025],"東原1":[34.442753,132.481201],"中筋3":[34.451679,132.481428],"中筋4":[34.459828,132.481596],"川内2":[34.463438,132.48579],"緑井6":[34.477462,132.489856],"川内1":[34.458225,132.487708],"東野3":[34.451357,132.48663],"東野2":[34.44855,132.487207],"東原2":[34.442989,132.484792],"川内5":[34.467047,132.488875],"東野1":[34.445187,132.487076],"緑井8":[34.477998,132.488909],"八木町":[34.506278,132.50695],"川内3":[34.4621,132.49061],"川内6":[34.473711,132.488632],"川内4":[34.467603,132.491445],"八木3":[34.483056,132.496028],"八木2":[34.478959,132.498451],"八木1":[34.477784,132.496852],"八木4":[34.485603,132.501542],"八木5":[34.483251,132.504042],"八木6":[34.491332,132.504592],"八木9":[34.490025,132.509571],"八木8":[34.494318,132.508368],"八木7":[34.491599,132.505438],"大塚東1":[34.437087,132.408599],"伴中央1":[34.460586,132.408077],"伴西町":[34.452284,132.370331],"伴西5":[34.458147,132.374783],"伴北5":[34.476532,132.393233],"伴中央3":[34.460424,132.392113],"伴北6":[34.482437,132.40022],"伴北4":[34.478875,132.399256],"伴北町":[34.477174,132.404631],"伴東町":[34.457442,132.420292],"沼田町伴":[34.458486,132.374868]}