{"五日市町":[34.421425,132.35957],"屋代町":[34.373605,132.338056],"三宅6":[34.376048,132.339151],"坪井町":[34.385624,132.335651],"観音台1":[34.382965,132.341625],"三宅町":[34.376509,132.337862],"坪井3":[34.380158,132.340199],"屋代2":[34.368962,132.338137],"屋代3":[34.36832,132.344103],"観音台3":[34.385369,132.341626],"屋代1":[34.367906,132.343698],"河内南1":[34.40787,132.34763],"河内南2":[34.408209,132.347162],"倉重2":[34.387763,132.346785],"三宅5":[34.377042,132.343374],"坪井2":[34.378254,132.346243],"倉重町":[34.395529,132.342409],"三宅2":[34.370174,132.346369],"観音台4":[34.386391,132.344572],"観音台2":[34.3837,132.348538],"三宅3":[34.370388,132.348908],"倉重3":[34.389587,132.346829],"薬師が丘4":[34.396239,132.348755],"千同3":[34.381987,132.349706],"隅の浜1":[34.363977,132.348554],"隅の浜2":[34.363547,132.347709],"三宅4":[34.372316,132.350343],"倉重1":[34.385792,132.351057],"坪井1":[34.374871,132.351714],"三筋3":[34.368564,132.346495],"美の里2":[34.356677,132.349203],"三筋1":[34.365603,132.34884],"三筋2":[34.367669,132.348662],"隅の浜3":[34.361401,132.348396],"三宅1":[34.369976,132.349984],"薬師が丘2":[34.393227,132.351356],"美の里1":[34.357504,132.351304],"薬師が丘3":[34.39587,132.352975],"千同1":[34.377526,132.353365],"城山2":[34.387707,132.355202],"千同2":[34.381025,132.354326],"楽々園1":[34.364724,132.354187],"五日市中央1":[34.365558,132.354998],"楽々園4":[34.363082,132.352834],"楽々園2":[34.364348,132.354078],"楽々園5":[34.359799,132.356055],"五日市中央3":[34.370557,132.353947],"薬師が丘1":[34.390681,132.353082],"五日市港4":[34.349944,132.35543],"五日市中央4":[34.372552,132.356803],"楽々園6":[34.357948,132.355977],"五日市中央5":[34.373208,132.357661],"八幡2":[34.391504,132.358317],"八幡が丘2":[34.396334,132.355226],"城山1":[34.385997,132.356277],"五日市中央2":[34.370291,132.35601],"楽々園3":[34.364122,132.356982],"五日市中央6":[34.379733,132.359597],"八幡5":[34.402289,132.357272],"八幡が丘1":[34.392118,132.35675],"八幡4":[34.397192,132.360685],"五日市中央7":[34.380464,132.361763],"五日市4":[34.369574,132.359262],"五日市1":[34.365977,132.363715],"海老園1":[34.362863,132.35952],"海老園3":[34.361664,132.363641],"八幡1":[34.389628,132.361609],"海老園4":[34.356956,132.346639],"藤の木1":[34.419427,132.363317],"五日市5":[34.374792,132.360098],"利松3":[34.401602,132.359567],"五日市町大字石内":[34.441443,132.377113],"八幡3":[34.392971,132.362342],"五日市7":[34.373916,132.362737],"八幡東2":[34.390811,132.364269],"五日市3":[34.367829,132.361127],"五日市6":[34.373216,132.36226],"新宮苑":[34.371194,132.364104],"五日市港3":[34.350652,132.365624],"海老園2":[34.360722,132.364066],"藤の木2":[34.42127,132.360569],"八幡東1":[34.38461,132.368393],"利松1":[34.398419,132.366265],"八幡東3":[34.386915,132.366361],"皆賀4":[34.37788,132.365081],"藤の木4":[34.41833,132.366223],"五日市駅前2":[34.369176,132.366532],"五日市港2":[34.351443,132.368062],"藤の木3":[34.424331,132.365897],"五日市2":[34.36842,132.36553],"海老山町":[34.364433,132.365855],"海老山南1":[34.361612,132.37189],"皆賀3":[34.375982,132.367685],"八幡東4":[34.391631,132.375384],"五日市駅前1":[34.367788,132.370313],"五日市駅前3":[34.369989,132.36893],"旭園":[34.362405,132.370051],"皆賀2":[34.374362,132.368845],"海老山南2":[34.360811,132.372439],"利松2":[34.401383,132.37139],"皆賀1":[34.376123,132.371753],"吉見園":[34.362554,132.372635],"藤垂園":[34.362308,132.373899],"美鈴が丘緑3":[34.39496,132.375486],"石内北1":[34.439629,132.379405],"石内南1":[34.415902,132.38626],"美鈴が丘西1":[34.392493,132.385727],"美鈴が丘緑2":[34.39592,132.377826],"美鈴が丘南1":[34.38956,132.381849],"美鈴が丘南4":[34.389344,132.386882],"美鈴が丘西4":[34.398434,132.38484],"美鈴が丘緑1":[34.396789,132.380116],"美鈴が丘西2":[34.394763,132.384558],"美鈴が丘西3":[34.396377,132.382148],"石内南4":[34.414423,132.390744],"石内南5":[34.412784,132.391458],"美鈴が丘南2":[34.390192,132.384289],"美鈴が丘西5":[34.396245,132.384543],"石内北2":[34.437004,132.384303],"美鈴が丘南3":[34.391404,132.386707],"美鈴が丘東2":[34.393654,132.388259],"美鈴が丘東3":[34.395738,132.388115],"美鈴が丘東1":[34.392483,132.388254],"石内上1":[34.426918,132.395456],"美鈴が丘東5":[34.393787,132.389633],"石内南3":[34.416661,132.393116],"美鈴が丘東4":[34.39569,132.391018],"石内南2":[34.421075,132.393337],"五月が丘5":[34.429631,132.402177],"五月が丘2":[34.422198,132.405344],"五月が丘1":[34.419263,132.406869],"五月が丘3":[34.426149,132.40734],"五月が丘4":[34.428116,132.409228],"石内北3":[34.436778,132.386452],"石内東3":[34.406487,132.395683],"石内東2":[34.406921,132.398949],"石内東1":[34.414386,132.39767],"石内東4":[34.410095,132.397635],"石内北5":[34.438011,132.378317],"石内北4":[34.43417,132.385091],"五日市町上河内":[34.426601,132.325216],"五日市町上小深川":[34.422274,132.359973]}