{"牛田本町6":[34.414667,132.468014],"牛田新町2":[34.423701,132.465381],"牛田新町1":[34.419318,132.473468],"牛田本町5":[34.413368,132.468714],"牛田新町3":[34.425957,132.47634],"牛田本町4":[34.412018,132.469921],"牛田旭1":[34.413473,132.470722],"牛田本町3":[34.409435,132.468462],"二葉の里1":[34.400826,132.471824],"二葉の里2":[34.404452,132.468887],"牛田本町1":[34.410353,132.471109],"牛田旭2":[34.415687,132.477284],"上大須賀町":[34.399965,132.473797],"牛田本町2":[34.408956,132.472074],"牛田南1":[34.406464,132.470393],"二葉の里3":[34.399867,132.477021],"牛田中1":[34.408858,132.47358],"牛田新町4":[34.430219,132.476833],"牛田中2":[34.40918,132.475299],"牛田南2":[34.409222,132.476587],"牛田早稲田1":[34.410175,132.477773],"牛田早稲田2":[34.416043,132.479238],"光が丘":[34.402854,132.480129],"戸坂くるめ木1":[34.4334,132.480171],"若草町":[34.397873,132.485161],"牛田東1":[34.409576,132.477617],"光町1":[34.398681,132.484622],"戸坂千足1":[34.437129,132.484899],"牛田東2":[34.411395,132.482637],"戸坂くるめ木2":[34.43114,132.482624],"光町2":[34.399253,132.48424],"牛田早稲田3":[34.416118,132.48321],"牛田東3":[34.407472,132.483152],"愛宕町":[34.397569,132.48529],"牛田早稲田4":[34.417191,132.484581],"山根町":[34.404433,132.491122],"東蟹屋町":[34.39419,132.487072],"戸坂長尾台":[34.428437,132.486725],"戸坂山崎町":[34.436547,132.485311],"戸坂桜西町":[34.431747,132.483943],"牛田東4":[34.41084,132.48566],"戸坂桜上町":[34.430995,132.486369],"戸坂桜東町":[34.433103,132.486629],"戸坂千足2":[34.437508,132.489372],"戸坂城山町":[34.428423,132.48775],"曙1":[34.396289,132.488295],"戸坂出江2":[34.432663,132.489135],"尾長西1":[34.397417,132.487571],"戸坂中町":[34.434663,132.48843],"曙3":[34.394895,132.488091],"戸坂南1":[34.42537,132.492701],"戸坂出江1":[34.431942,132.48918],"尾長西2":[34.401117,132.49072],"中山西1":[34.407265,132.494118],"尾長東2":[34.397161,132.490664],"戸坂山根1":[34.432893,132.490904],"曙2":[34.395132,132.490622],"中山西2":[34.409183,132.49816],"戸坂惣田1":[34.43876,132.49098],"曙4":[34.394433,132.490508],"中山上1":[34.415974,132.497787],"戸坂山根2":[34.432996,132.49157],"戸坂数甲1":[34.431384,132.49112],"戸坂大上1":[34.427804,132.491444],"尾長東1":[34.396173,132.49198],"中山中町":[34.415106,132.497929],"尾長東3":[34.401739,132.494667],"東山町":[34.398978,132.493516],"曙5":[34.394826,132.492193],"戸坂惣田2":[34.437966,132.493347],"中山南1":[34.407151,132.498787],"戸坂数甲2":[34.431807,132.495231],"戸坂南2":[34.422157,132.494066],"戸坂山根3":[34.432908,132.494972],"戸坂大上2":[34.428475,132.49431],"戸坂大上3":[34.427601,132.492784],"矢賀1":[34.397032,132.495199],"矢賀新町1":[34.391827,132.495629],"戸坂大上4":[34.426418,132.498836],"矢賀新町2":[34.394013,132.496588],"矢賀2":[34.400877,132.498456],"中山北町":[34.419018,132.496108],"戸坂新町2":[34.42855,132.500135],"戸坂新町1":[34.424037,132.495224],"矢賀4":[34.399084,132.499477],"中山新町1":[34.421402,132.497877],"矢賀3":[34.40376,132.499372],"中山上2":[34.42034,132.502521],"矢賀新町4":[34.391923,132.498032],"矢賀新町3":[34.392097,132.499018],"矢賀5":[34.401304,132.500514],"矢賀新町5":[34.390471,132.500868],"中山鏡が丘":[34.414707,132.50111],"中山新町2":[34.4213,132.50161],"中山東1":[34.409957,132.501562],"中山南2":[34.407897,132.500747],"戸坂新町3":[34.42465,132.502016],"中山東3":[34.411291,132.504167],"温品町":[34.40421,132.509896],"中山新町3":[34.42196,132.505522],"矢賀6":[34.40476,132.503633],"中山東2":[34.410222,132.50483],"温品1":[34.40784,132.506882],"上温品2":[34.423174,132.513144],"温品5":[34.414177,132.508146],"温品2":[34.405748,132.506088],"温品6":[34.419733,132.5107],"温品4":[34.409303,132.509932],"温品7":[34.414835,132.511015],"温品3":[34.40996,132.512987],"上温品1":[34.425497,132.517005],"温品8":[34.41412,132.512995],"上温品3":[34.426815,132.518473],"上温品4":[34.427615,132.523085],"馬木1":[34.432613,132.523234],"馬木6":[34.442816,132.533158],"馬木2":[34.435454,132.525553],"馬木3":[34.435961,132.532138],"馬木5":[34.44123,132.53168],"馬木4":[34.4426,132.533442],"福田1":[34.452053,132.539713],"馬木町":[34.438289,132.543043],"馬木7":[34.442599,132.536494],"福田2":[34.450499,132.54125],"馬木9":[34.44222,132.539404],"馬木8":[34.437349,132.54116],"福田町":[34.437017,132.564978],"福田5":[34.456382,132.544462],"福田3":[34.448753,132.546057],"福田4":[34.452648,132.54625],"福田6":[34.457515,132.550948],"福田7":[34.451375,132.552041],"福田8":[34.453945,132.556799]}