{"出島3":[34.349456,132.442302],"出島2":[34.349212,132.450202],"出島4":[34.349341,132.446882],"出島1":[34.363124,132.456948],"宇品海岸1":[34.353554,132.459625],"宇品西6":[34.359087,132.458271],"宇品西2":[34.364609,132.461149],"宇品西5":[34.363136,132.458519],"元宇品町":[34.345511,132.46347],"宇品西4":[34.357275,132.459434],"宇品西3":[34.359796,132.46044],"宇品西1":[34.372758,132.461894],"宇品海岸2":[34.353346,132.463861],"宇品御幸5":[34.35783,132.463531],"宇品御幸4":[34.360674,132.463785],"宇品御幸3":[34.363684,132.464062],"宇品御幸2":[34.366685,132.464336],"宇品御幸1":[34.367694,132.464427],"皆実町6":[34.373374,132.4644],"皆実町2":[34.377249,132.465571],"宇品海岸3":[34.357387,132.475027],"宇品神田5":[34.360186,132.466538],"西翠町":[34.370449,132.464554],"皆実町1":[34.378614,132.47218],"宇品神田4":[34.361765,132.466967],"宇品神田3":[34.363598,132.467134],"宇品神田2":[34.365837,132.467282],"皆実町5":[34.374245,132.46865],"翠1":[34.370325,132.468187],"宇品神田1":[34.366804,132.466751],"皆実町3":[34.375554,132.467965],"翠5":[34.369969,132.470406],"比治山本町":[34.386528,132.47024],"宇品東7":[34.360063,132.46889],"宇品東6":[34.360445,132.468895],"大須賀町":[34.398248,132.47317],"宇品東1":[34.3647,132.469544],"翠2":[34.371257,132.470781],"皆実町4":[34.377008,132.472334],"宇品東5":[34.362665,132.474302],"比治山公園":[34.387405,132.474888],"宇品東2":[34.365304,132.471842],"稲荷町":[34.393516,132.469977],"京橋町":[34.395555,132.473074],"翠4":[34.368885,132.474437],"松川町":[34.389792,132.470118],"翠3":[34.370131,132.473062],"比治山町":[34.388375,132.470497],"的場町1":[34.393111,132.475491],"金屋町":[34.39072,132.473824],"出汐2":[34.377648,132.476331],"松原町":[34.395753,132.476559],"宇品東3":[34.36402,132.474211],"西旭町":[34.372132,132.475327],"的場町2":[34.392126,132.476039],"段原2":[34.386795,132.47686],"段原1":[34.390171,132.476435],"出汐1":[34.381813,132.477377],"段原南1":[34.383673,132.477089],"宇品東4":[34.360294,132.477237],"旭3":[34.369561,132.476293],"猿猴橋町":[34.394232,132.475467],"旭2":[34.372259,132.47822],"丹那町":[34.362624,132.483529],"山城町":[34.369399,132.478344],"荒神町":[34.395044,132.47899],"西荒神町":[34.393294,132.476099],"出汐3":[34.377208,132.478951],"段原3":[34.391095,132.476869],"西蟹屋1":[34.39233,132.47663],"出汐4":[34.377729,132.478375],"霞1":[34.381292,132.482217],"旭1":[34.373582,132.480344],"仁保沖町":[34.36082,132.49611],"段原南2":[34.385476,132.479123],"南大河町":[34.368905,132.48424],"西蟹屋4":[34.390582,132.479333],"段原4":[34.389744,132.479722],"北大河町":[34.372055,132.484438],"東荒神町":[34.394345,132.480433],"段原山崎1":[34.3835,132.479895],"西蟹屋2":[34.393839,132.48135],"東駅町":[34.39031,132.496614],"霞2":[34.37926,132.484126],"西霞町":[34.3775,132.482997],"西蟹屋3":[34.391198,132.482427],"段原山崎2":[34.384168,132.481893],"段原日出1":[34.388372,132.482722],"段原山崎3":[34.384879,132.483431],"南蟹屋1":[34.388487,132.484257],"段原日出2":[34.387736,132.484512],"東雲本町1":[34.3802,132.48581],"西本浦町":[34.375194,132.48713],"南蟹屋2":[34.389822,132.487356],"東霞町":[34.378089,132.485987],"楠那町":[34.362153,132.489125],"丹那新町":[34.369345,132.486068],"上東雲町":[34.38526,132.489357],"本浦町":[34.373254,132.491514],"東雲本町3":[34.378784,132.48867],"東雲本町2":[34.379535,132.488921],"大州1":[34.387562,132.491773],"黄金山町":[34.371236,132.490156],"東本浦町":[34.373871,132.493156],"大州2":[34.390926,132.490973],"東雲1":[34.383705,132.493518],"東雲2":[34.38139,132.495116],"日宇那町":[34.361204,132.495494],"仁保新町1":[34.377618,132.493512],"仁保1":[34.371583,132.493828],"大州3":[34.388558,132.49371],"東雲3":[34.376747,132.498802],"大州5":[34.379765,132.499724],"仁保3":[34.367233,132.499926],"仁保新町2":[34.375359,132.49721],"仁保南2":[34.362498,132.495844],"大州4":[34.387848,132.498896],"仁保2":[34.37022,132.500699],"仁保南1":[34.363947,132.498276],"仁保4":[34.361005,132.49744],"向洋大原町":[34.365347,132.508904],"向洋沖町":[34.359625,132.507661],"小磯町":[34.367956,132.503402],"向洋新町4":[34.361551,132.502672],"向洋新町3":[34.361869,132.509441],"青崎1":[34.370901,132.507752],"向洋中町":[34.367853,132.510842],"向洋本町":[34.368973,132.510993],"青崎2":[34.370043,132.510015],"向洋新町2":[34.364574,132.513066],"東青崎町":[34.375996,132.510802],"向洋新町1":[34.365691,132.515387],"月見町":[34.363192,132.513149],"堀越3":[34.371804,132.514912],"堀越1":[34.374161,132.512629],"堀越2":[34.374029,132.516094]}