{"江波沖町":[34.362074,132.431163],"江波栄町":[34.365247,132.430002],"江波西2":[34.371509,132.430554],"江波南3":[34.364745,132.43211],"江波二本松1":[34.369625,132.433993],"江波二本松2":[34.366838,132.433752],"江波南2":[34.363182,132.436839],"江波西1":[34.370346,132.433853],"舟入南6":[34.37516,132.436909],"江波南1":[34.366519,132.438595],"江波本町":[34.367875,132.437665],"西川口町":[34.382842,132.440569],"舟入南3":[34.377742,132.437906],"舟入南2":[34.379984,132.438999],"江波東1":[34.371882,132.440058],"舟入南5":[34.372362,132.440523],"舟入南4":[34.376047,132.44203],"舟入幸町":[34.382574,132.445632],"江波東2":[34.368496,132.439278],"舟入南1":[34.378897,132.442362],"光南6":[34.363231,132.443764],"南吉島2":[34.361127,132.441665],"舟入川口町":[34.380889,132.444834],"舟入本町":[34.384672,132.446369],"舟入中町":[34.386472,132.446449],"光南2":[34.369302,132.446438],"南吉島1":[34.359579,132.446027],"舟入町":[34.391136,132.443372],"吉島西3":[34.370838,132.447182],"吉島西2":[34.376013,132.446259],"榎町":[34.397118,132.44327],"西十日市町":[34.399004,132.443614],"光南5":[34.36255,132.446424],"光南3":[34.367462,132.442347],"小網町":[34.393593,132.443701],"吉島町":[34.379689,132.44867],"堺町2":[34.394951,132.443826],"広瀬町":[34.400832,132.445137],"河原町":[34.39016,132.447957],"吉島西1":[34.375991,132.448984],"光南4":[34.36503,132.447739],"光南1":[34.368834,132.449276],"広瀬北町":[34.403713,132.44726],"土橋町":[34.392283,132.449303],"堺町1":[34.393974,132.450394],"猫屋町":[34.394373,132.450643],"十日市町1":[34.397543,132.448789],"吉島東2":[34.371697,132.450288],"住吉町":[34.382877,132.450307],"加古町":[34.38806,132.450675],"十日市町2":[34.400573,132.449637],"吉島東1":[34.372015,132.451915],"吉島新町2":[34.368347,132.451144],"寺町":[34.403187,132.451021],"羽衣町":[34.376806,132.451326],"中島町":[34.389508,132.45227],"本川町1":[34.395573,132.451413],"本川町2":[34.397806,132.452119],"吉島東3":[34.368732,132.452648],"吉島新町1":[34.367836,132.453053],"本川町3":[34.39986,132.45165],"大手町5":[34.38124,132.451263],"大手町4":[34.386261,132.450451],"大手町3":[34.388951,132.455104],"基町":[34.398574,132.452696],"千田町1":[34.380676,132.456273],"千田町2":[34.378381,132.457139],"千田町3":[34.376953,132.454071],"大手町1":[34.393823,132.454142],"国泰寺町2":[34.383613,132.45698],"南千田西町":[34.374193,132.457431],"国泰寺町1":[34.3846,132.458846],"大手町2":[34.392106,132.454427],"小町":[34.388127,132.459579],"東千田町1":[34.379337,132.45836],"紙屋町2":[34.395171,132.456963],"中町":[34.389915,132.460528],"西白島町":[34.408178,132.460877],"袋町":[34.391063,132.460567],"本通":[34.392118,132.46193],"紙屋町1":[34.394522,132.459508],"南千田東町":[34.373527,132.459687],"東千田町2":[34.375713,132.460313],"竹屋町":[34.382741,132.462305],"富士見町":[34.387093,132.463506],"南竹屋町":[34.381723,132.462044],"立町":[34.393931,132.461744],"宝町":[34.386759,132.464708],"白島北町":[34.412407,132.465407],"平野町":[34.378794,132.462971],"三川町":[34.390384,132.462805],"上八丁堀":[34.401787,132.465453],"八丁堀":[34.397687,132.464145],"新天地":[34.391022,132.463396],"堀川町":[34.391561,132.465142],"東白島町":[34.403118,132.46701],"胡町":[34.392928,132.4666],"昭和町":[34.38278,132.466216],"流川町":[34.391469,132.464416],"田中町":[34.388692,132.465198],"白島中町":[34.410664,132.466022],"鉄砲町":[34.39674,132.465536],"薬研堀":[34.390995,132.465926],"鶴見町":[34.384873,132.468417],"上幟町":[34.401823,132.46715],"幟町":[34.396423,132.468406],"西平塚町":[34.390436,132.469285],"銀山町":[34.391336,132.46917],"白島九軒町":[34.409054,132.46807],"東平塚町":[34.388003,132.469744],"弥生町":[34.390107,132.467622],"橋本町":[34.39533,132.469985]}