{"あさひが丘6":[34.508279,132.436526],"あさひが丘9":[34.510614,132.436359],"あさひが丘5":[34.501547,132.436493],"あさひが丘3":[34.50512,132.439004],"あさひが丘4":[34.501102,132.438649],"あさひが丘8":[34.510248,132.439674],"安佐町大字後山":[34.506962,132.456138],"あさひが丘7":[34.505692,132.440622],"あさひが丘2":[34.500841,132.440735],"あさひが丘1":[34.50667,132.44598],"安佐町大字筒瀬":[34.49144,132.464527],"亀山西2":[34.535077,132.472228],"可部町大字勝木":[34.542266,132.475255],"亀山9":[34.533604,132.480782],"亀山西1":[34.531941,132.478703],"可部町大字綾ケ谷":[34.544241,132.480255],"亀山8":[34.532352,132.481857],"亀山南5":[34.526037,132.484007],"亀山7":[34.529891,132.487944],"亀山南2":[34.517254,132.497585],"亀山南4":[34.52301,132.493944],"亀山6":[34.529743,132.494989],"亀山南1":[34.516933,132.497604],"亀山南3":[34.521494,132.494442],"口田南1":[34.455408,132.492963],"口田南3":[34.452686,132.497676],"口田南2":[34.459635,132.496093],"亀山4":[34.52331,132.498706],"口田1":[34.463781,132.499929],"口田南7":[34.462329,132.504422],"亀山5":[34.523886,132.504412],"口田2":[34.470096,132.501127],"口田5":[34.471705,132.505044],"口田南4":[34.453672,132.50067],"口田3":[34.466345,132.505768],"亀山2":[34.519586,132.50619],"亀山1":[34.51653,132.504927],"口田町":[34.473432,132.499282],"口田南6":[34.454704,132.505265],"亀山3":[34.521386,132.506429],"落合1":[34.473899,132.514112],"口田南5":[34.448211,132.506397],"可部6":[34.524532,132.507478],"落合2":[34.484333,132.513374],"口田南8":[34.463618,132.505225],"口田4":[34.470273,132.507589],"可部1":[34.514133,132.5092],"口田南9":[34.456997,132.511376],"可部5":[34.520253,132.511701],"可部9":[34.532922,132.514361],"可部4":[34.517957,132.510587],"可部7":[34.5284,132.508889],"落合南1":[34.461375,132.513266],"可部南4":[34.50635,132.513166],"落合3":[34.477148,132.515202],"可部2":[34.51558,132.513669],"落合南2":[34.463693,132.515676],"可部3":[34.517427,132.515172],"真亀3":[34.482788,132.515982],"可部南5":[34.507605,132.515322],"可部町大字城":[34.529132,132.512172],"落合南3":[34.46873,132.517841],"可部町大字南原":[34.540652,132.512213],"真亀4":[34.486685,132.516709],"落合5":[34.47757,132.525808],"可部南1":[34.497003,132.516865],"落合4":[34.476316,132.518596],"可部8":[34.527605,132.516918],"可部東2":[34.511164,132.521274],"落合南町":[34.461912,132.515035],"真亀2":[34.481838,132.518676],"可部南3":[34.499612,132.516263],"可部町大字上町屋":[34.557143,132.517433],"深川1":[34.491118,132.524429],"可部東5":[34.51716,132.520426],"可部南2":[34.502767,132.519678],"可部東4":[34.514235,132.522352],"深川2":[34.491898,132.525706],"三入1":[34.536864,132.524063],"落合南4":[34.466841,132.520046],"落合南5":[34.463479,132.521262],"真亀5":[34.482266,132.520963],"可部東1":[34.50864,132.52155],"真亀1":[34.477595,132.522916],"三入南1":[34.535466,132.524792],"落合南7":[34.469012,132.524182],"亀崎2":[34.483269,132.523439],"深川町":[34.499181,132.521127],"可部東6":[34.521115,132.528599],"可部東3":[34.511219,132.528212],"落合南6":[34.467288,132.527091],"亀崎1":[34.478153,132.526074],"落合南8":[34.471027,132.524777],"亀崎3":[34.485707,132.525378],"三入7":[34.546922,132.53023],"深川4":[34.489565,132.548229],"三入2":[34.542797,132.529725],"落合南9":[34.474247,132.527068],"可部町大字上原":[34.511328,132.534249],"亀崎4":[34.47948,132.527496],"三入3":[34.541671,132.53008],"三入南2":[34.533804,132.532691],"倉掛2":[34.472152,132.531859],"深川3":[34.486318,132.529791],"倉掛1":[34.472025,132.529331],"深川5":[34.481262,132.533908],"倉掛3":[34.478311,132.531647],"深川6":[34.476233,132.539173],"三入6":[34.547249,132.535157],"三入5":[34.54658,132.53594],"可部町大字桐原":[34.530388,132.529513],"三入4":[34.546262,132.537676],"大林1":[34.552608,132.542724],"深川7":[34.4773,132.547221],"大林町":[34.563354,132.551903],"大林2":[34.551535,132.543759],"深川8":[34.477198,132.542789],"大林3":[34.558787,132.548948],"大林4":[34.557922,132.549553],"上深川町":[34.474945,132.558345],"小河原町":[34.465406,132.557048],"狩留家町":[34.483011,132.572146]}