{"東村町":[34.459276,133.239387],"芦田町大字柞磨":[34.521723,133.22971],"高西町川尻":[34.44708,133.235362],"本郷町":[34.463855,133.246637],"高西町4":[34.445822,133.239114],"高西町3":[34.441229,133.239788],"高西町真田":[34.449671,133.239321],"高西町1":[34.447515,133.241732],"今津町":[34.461021,133.247833],"今津町6":[34.449349,133.244183],"高西町南":[34.42902,133.243501],"高西町2":[34.444265,133.243389],"芦田町大字上有地":[34.519274,133.258566],"今津町7":[34.444412,133.244008],"南今津町":[34.441611,133.244639],"南松永町1":[34.443417,133.251155],"松永町2":[34.447748,133.253096],"南松永町2":[34.440619,133.25139],"南松永町3":[34.431602,133.252366],"南松永町4":[34.428499,133.254428],"今津町5":[34.450284,133.250206],"今津町4":[34.449731,133.253484],"芦田町大字下有地":[34.531503,133.27853],"松永町6":[34.442861,133.254529],"松永町3":[34.446498,133.256323],"今津町3":[34.453295,133.257903],"今津町2":[34.451316,133.256596],"松永町1":[34.450791,133.257174],"神村町":[34.458905,133.275831],"松永町7":[34.440338,133.256331],"松永町4":[34.452599,133.263409],"宮前町2":[34.454229,133.263457],"松永町5":[34.442146,133.262906],"宮前町1":[34.452912,133.259044],"新市町大字相方":[34.54686,133.281526],"松永町":[34.451123,133.259095],"柳津町1":[34.439515,133.258941],"柳津町3":[34.439389,133.263097],"柳津町2":[34.439257,133.2661],"柳津町4":[34.436788,133.26713],"柳津町":[34.4335,133.274101],"芦田町大字福田":[34.537879,133.304354],"柳津町5":[34.437717,133.26966],"藤江町":[34.425899,133.2769],"赤坂町大字赤坂":[34.460744,133.29943],"沼隈町大字常石":[34.380615,133.324331],"芦田町大字向陽台":[34.524197,133.288475],"金江町藁江":[34.433262,133.276049],"駅家町大字向永谷":[34.536264,133.300632],"赤坂町大字早戸":[34.462366,133.307261],"駅家町大字大橋":[34.538361,133.30741],"沼隈町大字上山南":[34.429054,133.320307],"駅家町大字今岡":[34.530141,133.314168],"瀬戸町大字山北":[34.477218,133.31992],"瀬戸町大字地頭分":[34.470016,133.322493],"山手町":[34.49729,133.329843],"熊野町":[34.423808,133.339012],"駅家町大字坊寺":[34.537287,133.322096],"沼隈町大字草深":[34.381007,133.325091],"郷分町":[34.508576,133.342988],"瀬戸町大字長和":[34.48319,133.332776],"駅家町大字上山守":[34.530141,133.33632],"沼隈町大字中山南":[34.411962,133.344123],"山手町3":[34.494523,133.331854],"佐波町":[34.4842,133.338791],"山手町1":[34.487864,133.334483],"山手町7":[34.50133,133.336815],"明王台5":[34.475467,133.336343],"山手町4":[34.498211,133.336277],"山手町2":[34.487825,133.337631],"沼隈町大字能登原":[34.392841,133.37112],"明王台4":[34.479584,133.336681],"山手町5":[34.488654,133.34107],"山手町6":[34.49891,133.338613],"駅家町大字下山守":[34.529494,133.337775],"明王台3":[34.476697,133.341361],"明王台2":[34.472878,133.343549],"神島町":[34.48319,133.342959],"明王台1":[34.479481,133.34055],"東明王台":[34.47158,133.345748],"御幸町大字森脇":[34.534598,133.35548],"草戸町":[34.475173,133.347713],"水呑町":[34.44454,133.388295],"鞆町後地":[34.382357,133.377276],"田尻町":[34.427355,133.387188],"鞆町鞆":[34.382397,133.377422],"水呑向丘":[34.440587,133.384585],"駅家町大字近田":[34.541737,133.30829],"新市町大字宮内":[34.568307,133.274719],"新市町大字新市":[34.561275,133.27448],"新市町大字下安井":[34.568908,133.275713],"新市町大字戸手":[34.543932,133.303224],"駅家町大字雨木":[34.587183,133.309784],"駅家町大字助元":[34.584733,133.311639],"駅家町大字新山":[34.56042,133.315033],"駅家町大字弥生ケ丘":[34.54855,133.307365],"駅家町大字服部本郷":[34.597165,133.31042],"駅家町大字中島":[34.551753,133.320709],"駅家町大字服部永谷":[34.579285,133.31308],"駅家町大字江良":[34.538388,133.319013],"駅家町大字法成寺":[34.560935,133.316373],"加茂町":[34.589362,133.356088],"駅家町大字倉光":[34.548269,133.322341],"駅家町大字万能倉":[34.555063,133.335182],"御幸町大字下岩成":[34.54327,133.354466],"御幸町大字上岩成":[34.551427,133.341799],"本庄町中3":[34.488936,133.345894],"北本庄5":[34.502767,133.345624],"北本庄3":[34.49481,133.344785],"本庄町中4":[34.494086,133.34645],"南本庄2":[34.4874,133.347406],"北本庄2":[34.49565,133.350109],"本庄町中2":[34.489594,133.350937],"北本庄1":[34.493023,133.351336],"南本庄4":[34.484843,133.348562],"久松台3":[34.497905,133.349898],"本庄町中1":[34.492197,133.350279],"神辺町":[34.550431,133.374808],"御幸町大字中津原":[34.527571,133.36318],"南本庄5":[34.483183,133.349674],"南本庄1":[34.488086,133.353935],"南本庄3":[34.482564,133.352359],"草戸町1":[34.481917,133.353476],"木之庄町2":[34.497679,133.353607],"木之庄町1":[34.493958,133.354616],"久松台2":[34.506946,133.359224],"長者町":[34.491044,133.352231],"千田町":[34.527121,133.374197],"西町3":[34.49339,133.356651],"久松台1":[34.501717,133.357326],"西町1":[34.485957,133.354496],"西町2":[34.488756,133.355876],"木之庄町3":[34.502067,133.356241],"西桜町2":[34.485313,133.354993],"古野上町":[34.482323,133.35745],"草戸町2":[34.479801,133.35699],"西桜町1":[34.485287,133.356149],"木之庄町6":[34.500779,133.36153],"草戸町3":[34.477652,133.359132],"木之庄町5":[34.498461,133.360647],"横尾町2":[34.519882,133.361188],"地吹町":[34.481884,133.358045],"木之庄町4":[34.495325,133.358482],"草戸町4":[34.47618,133.360796],"丸之内1":[34.490215,133.361749],"三之丸町":[34.488239,133.360622],"東桜町":[34.487111,133.362564],"紅葉町":[34.484943,133.363741],"霞町4":[34.482663,133.36062],"向陽町1":[34.505763,133.359219],"向陽町2":[34.5088,133.362471],"霞町3":[34.482597,133.362739],"野上町2":[34.478064,133.365871],"道三町":[34.481673,133.36475],"丸之内2":[34.493781,133.362065],"北吉津町2":[34.496184,133.364741],"北吉津町3":[34.500399,133.363976],"野上町3":[34.475817,133.366587],"野上町1":[34.480002,133.365338],"霞町2":[34.483083,133.364316],"北吉津町1":[34.49508,133.361274],"横尾町1":[34.518448,133.364235],"沖野上町6":[34.472431,133.364029],"吉津町":[34.496509,133.367534],"北美台":[34.501971,133.36443],"本町":[34.493896,133.365432],"元町":[34.48746,133.365818],"伏見町":[34.488516,133.364761],"沖野上町5":[34.470492,133.366895],"延広町":[34.486171,133.366277],"城見町2":[34.492311,133.36594],"横尾町":[34.522214,133.365408],"草戸町5":[34.46999,133.363853],"城見町1":[34.49113,133.366261],"高美台":[34.501595,133.365441],"霞町1":[34.483089,133.366846],"清水ケ丘":[34.506729,133.368273],"千田町1":[34.509014,133.36734],"宝町":[34.488591,133.367093],"光南町1":[34.480571,133.367249],"千田町3":[34.519334,133.366431],"胡町":[34.493979,133.36563],"千田町2":[34.520088,133.385009],"光南町2":[34.478455,133.367728],"光南町3":[34.475786,133.367437],"大黒町":[34.491449,133.367831],"昭和町":[34.484797,133.369797],"船町":[34.486627,133.368806],"明治町":[34.48309,133.369399],"奈良津町1":[34.504311,133.369051],"今町":[34.489413,133.368215],"北吉津町5":[34.498777,133.3681],"桜馬場町":[34.495133,133.370897],"笠岡町":[34.488472,133.368695],"東町3":[34.494068,133.370881],"御門町1":[34.481163,133.370892],"沖野上町4":[34.470393,133.373698],"緑陽町1":[34.507531,133.368295],"東町2":[34.491867,133.370077],"御門町2":[34.480266,133.371134],"北吉津町4":[34.497342,133.37199],"緑陽町2":[34.509195,133.367738],"東町1":[34.490109,133.368583],"御門町3":[34.477108,133.36955],"御船町1":[34.489097,133.370628],"多治米町6":[34.467119,133.370899],"緑町":[34.475689,133.372142],"南町":[34.483099,133.37238],"住吉町":[34.486272,133.372222],"奈良津町2":[34.506366,133.373924],"寺町":[34.489744,133.373044],"千代田町1":[34.466312,133.368232],"多治米町5":[34.467005,133.37509],"若松町":[34.492617,133.374458],"御船町2":[34.487494,133.372325],"花園町1":[34.481959,133.373137],"千田町4":[34.526324,133.374433],"三吉町2":[34.495638,133.373652],"三吉町1":[34.493669,133.373553],"沖野上町3":[34.471206,133.375681],"花園町2":[34.480436,133.374698],"入船町2":[34.486277,133.375693],"松浜町1":[34.484944,133.375047],"多治米町4":[34.46887,133.375596],"千代田町2":[34.461431,133.376204],"入船町1":[34.488322,133.375318],"奈良津町3":[34.501698,133.37443],"旭町":[34.49071,133.374946],"東吉津町":[34.498069,133.376507],"沖野上町2":[34.473631,133.378106],"松浜町2":[34.481494,133.375227],"三吉町5":[34.497757,133.377546],"三吉町4":[34.495942,133.378201],"松浜町3":[34.480487,133.378252],"三吉町3":[34.493186,133.379528],"三吉町南1":[34.48928,133.380344],"多治米町3":[34.469877,133.379335],"西深津町5":[34.500365,133.37625],"三吉町南2":[34.488003,133.379662],"沖野上町1":[34.475664,133.379288],"入船町3":[34.484567,133.377304],"松浜町4":[34.477736,133.379853],"西新涯町2":[34.459871,133.380508],"多治米町2":[34.469974,133.380226],"川口町5":[34.463326,133.377943],"西新涯町1":[34.460112,133.381644],"港町1":[34.486622,133.382117],"西深津町4":[34.497103,133.384874],"川口町4":[34.463595,133.38801],"多治米町1":[34.472258,133.384703],"東川口町1":[34.477329,133.39141],"東川口町2":[34.478439,133.383247],"西深津町2":[34.495957,133.380102],"西深津町1":[34.492796,133.382427],"東深津町5":[34.490775,133.380409],"港町2":[34.484418,133.383387],"西深津町6":[34.502339,133.384568],"川口町3":[34.465477,133.388723],"王子町2":[34.48898,133.380785],"王子町1":[34.487493,133.380861],"蔵王町":[34.517467,133.40441],"西深津町3":[34.49663,133.382598],"西深津町7":[34.504445,133.38394],"川口町2":[34.46974,133.384002],