{"本郷町善入寺":[34.440988,132.923183],"本郷町南方":[34.402097,132.975787],"本郷町上北方":[34.406576,132.959424],"本郷町船木":[34.440784,132.975395],"南方3":[34.405029,132.970311],"下北方2":[34.409461,132.979759],"南方2":[34.402781,132.974541],"下北方1":[34.405717,132.98213],"沼田西町松江":[34.386447,132.986038],"本郷南7":[34.427168,132.970788],"小泉町":[34.378754,132.992871],"本郷町本郷":[34.42504,133.00088],"南方1":[34.405304,132.983824],"沼田西町惣定":[34.381193,133.000382],"本郷南6":[34.409535,132.987096],"本郷北4":[34.415063,132.987515],"沼田西町小原":[34.403811,132.989136],"本郷北3":[34.408895,132.995722],"本郷南5":[34.407807,132.991941],"本郷南4":[34.404551,132.999274],"本郷北2":[34.41229,132.991325],"本郷南3":[34.406929,132.998483],"沼田東町納所":[34.401644,132.994733],"本郷北1":[34.406782,133.013311],"本郷南2":[34.406942,133.005558],"沼田東町末広":[34.39222,133.014842],"本郷南1":[34.404823,133.01403],"沼田東町釜山":[34.380722,133.016154],"沼田東町片島":[34.391502,133.025628],"長谷5":[34.399413,133.021378],"長谷4":[34.399958,133.022488],"沼田東町本市":[34.395775,133.026341],"長谷町":[34.41151,133.034407],"長谷3":[34.397871,133.031654],"沼田東町七宝":[34.390977,133.040108],"沼田東町末光":[34.377698,133.028948],"長谷2":[34.400768,133.035429],"沼田東町両名":[34.384775,133.032536],"長谷1":[34.400606,133.036505],"沼田2":[34.411742,133.046957],"沼田3":[34.436298,133.054043],"沼田1":[34.400639,133.041698],"青葉台":[34.380802,133.042452],"明神5":[34.39133,133.043143],"新倉2":[34.392372,133.04549],"新倉3":[34.396653,133.04813],"田野浦3":[34.379138,133.042556],"田野浦2":[34.382835,133.047997],"明神4":[34.389141,133.051628],"田野浦1":[34.381442,133.047115],"西野3":[34.405767,133.059129],"明神2":[34.386463,133.054027],"新倉町":[34.392883,133.053434],"明神1":[34.385895,133.057008],"明神3":[34.387823,133.060099],"西野5":[34.418977,133.062593],"新倉1":[34.39371,133.056253],"頼兼1":[34.4,133.059771],"頼兼2":[34.398622,133.058927],"西野2":[34.403902,133.060178],"宮浦5":[34.395902,133.062306],"学園町":[34.391192,133.056621],"宮浦6":[34.394383,133.064534],"皆実2":[34.393506,133.065693],"宗郷3":[34.387621,133.064815],"宗郷4":[34.382053,133.062299],"皆実6":[34.390856,133.067102],"宗郷5":[34.3749,133.063266],"西野1":[34.403014,133.063615],"西野4":[34.405244,133.063702],"宮浦4":[34.398607,133.066083],"皆実3":[34.392326,133.066821],"宮浦1":[34.40115,133.066761],"宗郷町":[34.37745,133.064761],"宗郷2":[34.38509,133.066569],"宗郷1":[34.387059,133.066256],"宮浦3":[34.399842,133.073334],"大畑町":[34.409073,133.065842],"西宮2":[34.411071,133.06968],"皆実1":[34.399394,133.072952],"和田3":[34.382837,133.073578],"八坂町":[34.406973,133.080796],"西宮1":[34.402127,133.069976],"皆実4":[34.392807,133.07154],"宮浦2":[34.400334,133.072996],"和田1":[34.388287,133.070645],"皆実5":[34.391125,133.071429],"西町2":[34.404633,133.076012],"西町1":[34.401019,133.072857],"和田2":[34.382224,133.07755],"宮沖4":[34.393334,133.075065],"宮沖5":[34.390866,133.076083],"宮沖3":[34.395037,133.075507],"宮沖2":[34.396199,133.07594],"宮沖1":[34.397578,133.076046],"港町2":[34.399404,133.075106],"円一町3":[34.396982,133.076959],"貝野町":[34.377794,133.08675],"円一町4":[34.391286,133.076448],"円一町2":[34.39558,133.078326],"本町3":[34.402753,133.080306],"港町1":[34.398811,133.08146],"本町1":[34.401788,133.081595],"円一町5":[34.389974,133.079371],"港町3":[34.39617,133.082488],"円一町1":[34.388672,133.091366],"和田沖町":[34.386663,133.083709],"中之町9":[34.423567,133.111549],"本町2":[34.405577,133.084516],"中之町3":[34.414631,133.103584],"駒ケ原町":[34.408816,133.083438],"城町1":[34.399745,133.08555],"館町1":[34.400876,133.087421],"館町2":[34.402222,133.086455],"城町3":[34.396178,133.087582],"城町2":[34.399792,133.088964],"中之町1":[34.409795,133.093361],"東町1":[34.400281,133.092142],"東町2":[34.402113,133.090655],"古浜2":[34.396708,133.090632],"古浜1":[34.398286,133.089051],"旭町1":[34.398768,133.09307],"東町3":[34.399703,133.095399],"古浜3":[34.397104,133.09306],"中之町4":[34.411851,133.1084],"中之町2":[34.410006,133.098066],"旭町2":[34.398596,133.094111],"糸崎南1":[34.391627,133.100625],"糸崎町":[34.387656,133.126589],"糸崎1":[34.398503,133.100408],"糸崎2":[34.394881,133.099356],"中之町5":[34.417148,133.106079],"糸崎3":[34.396135,133.102519],"糸崎4":[34.392892,133.106073],"糸崎南2":[34.389607,133.1084],"中之町6":[34.420203,133.111722],"中之町7":[34.415261,133.113174],"糸崎5":[34.393533,133.112268],"糸崎7":[34.387047,133.113074],"糸崎6":[34.392996,133.117672],"中之町8":[34.409429,133.127143],"糸崎8":[34.383927,133.120542],"糸崎9":[34.382722,133.11669],"木原町":[34.40295,133.161317],"木原2":[34.391863,133.141197],"木原1":[34.390625,133.141459],"奥野山町":[34.401221,133.1521],"木原3":[34.394124,133.147457],"木原4":[34.394075,133.153627],"木原5":[34.396432,133.153546],"木原6":[34.40213,133.161454]}