{"上下町深江":[34.682646,133.124274],"上下町上下":[34.6953,133.127447],"上下町国留":[34.689889,133.117492],"三郎丸町":[34.541667,133.188933],"河南町":[34.543008,133.194979],"篠根町":[34.55028,133.201011],"河面町":[34.559796,133.194929],"父石町":[34.562038,133.213568],"僧殿町":[34.551859,133.206078],"目崎町":[34.567862,133.218902],"栗柄町":[34.550941,133.252161],"出口町":[34.577279,133.227185],"土生町":[34.569404,133.221172],"府中町":[34.573899,133.228094],"用土町":[34.561392,133.233664],"本山町":[34.584975,133.239474],"府川町":[34.568767,133.241287],"元町":[34.578649,133.239778],"高木町":[34.560581,133.253328],"桜が丘1":[34.57822,133.245878],"鵜飼町":[34.568793,133.253003],"桜が丘2":[34.579666,133.248952],"桜が丘3":[34.581507,133.247301],"中須町":[34.554805,133.256919],"広谷町":[34.570483,133.265334]}