{"比作":[34.233006,132.184707],"穂仁原":[34.230483,132.190151],"木野1":[34.207341,132.203479],"小方町小方":[34.240762,132.201793],"木野2":[34.225523,132.206551],"防鹿":[34.227136,132.200849],"三ツ石町":[34.236445,132.210381],"元町4":[34.202873,132.209992],"御園2":[34.236995,132.215429],"大竹町油見":[34.229158,132.212559],"元町3":[34.204032,132.212597],"小方ケ丘":[34.240087,132.213728],"元町1":[34.206751,132.216763],"黒川2":[34.247157,132.222672],"玖波町":[34.261575,132.234401],"立戸1":[34.222105,132.221353],"小方2":[34.241712,132.219322],"白石1":[34.214529,132.217698],"元町2":[34.20563,132.215801],"小方町黒川":[34.246372,132.215191],"白石2":[34.210313,132.216492],"玖波5":[34.256359,132.226077],"御園台":[34.232833,132.218008],"立戸3":[34.227679,132.220473],"油見2":[34.218223,132.218702],"本町2":[34.208618,132.222184],"御園1":[34.235464,132.21843],"油見1":[34.216698,132.22061],"立戸2":[34.225024,132.221107],"本町1":[34.214695,132.22043],"小方1":[34.237435,132.222819],"油見3":[34.218885,132.222528],"湯舟町":[34.252809,132.220812],"黒川3":[34.248561,132.222731],"新町3":[34.21041,132.223732],"黒川1":[34.247264,132.223592],"晴海2":[34.24428,132.227734],"新町1":[34.215921,132.223489],"御幸町":[34.222759,132.23737],"玖波4":[34.253394,132.226376],"新町2":[34.210368,132.225324],"立戸4":[34.223328,132.223842],"港町1":[34.243846,132.224675],"晴海1":[34.239893,132.224489],"港町2":[34.245414,132.226105],"北栄":[34.223886,132.227653],"西栄1":[34.214318,132.225913],"玖波1":[34.252598,132.22757],"西栄2":[34.218409,132.227798],"玖波6":[34.255039,132.226246],"南栄1":[34.209306,132.226698],"明治新開":[34.249461,132.227882],"西栄3":[34.216586,132.229395],"東栄1":[34.218121,132.231155],"南栄2":[34.211424,132.23093],"玖波2":[34.253707,132.230646],"玖波7":[34.262452,132.232668],"南栄3":[34.210963,132.234083],"玖波3":[34.261809,132.238046],"東栄2":[34.215385,132.238352],"玖波8":[34.263536,132.236671],"東栄3":[34.214786,132.242674]}