{"志和町奥屋":[34.457887,132.623736],"志和町別府":[34.484814,132.64276],"黒瀬町津江":[34.335892,132.637096],"志和町志和西":[34.495497,132.65751],"志和町冠":[34.465442,132.650754],"志和町七条椛坂":[34.467004,132.670226],"黒瀬町兼沢":[34.319204,132.657043],"黒瀬町兼広":[34.322321,132.664337],"志和町志和堀":[34.517503,132.66222],"黒瀬切田が丘2":[34.326725,132.651763],"黒瀬町切田":[34.323591,132.661632],"黒瀬切田が丘3":[34.328367,132.656567],"八本松町吉川":[34.388118,132.683036],"黒瀬桜が丘1":[34.331183,132.652413],"黒瀬町市飯田":[34.317691,132.665255],"志和流通":[34.466741,132.654558],"黒瀬切田が丘1":[34.323346,132.65657],"黒瀬町楢原":[34.32427,132.671312],"黒瀬春日野2":[34.334156,132.656541],"黒瀬春日野1":[34.330031,132.659711],"黒瀬楢原北3":[34.338421,132.658654],"八本松町原":[34.416778,132.685731],"黒瀬町大多田":[34.350452,132.677103],"黒瀬楢原北2":[34.339748,132.662299],"黒瀬松ケ丘":[34.333761,132.659915],"黒瀬楢原西2":[34.334404,132.662671],"志和町志和東":[34.486437,132.681593],"黒瀬楢原西1":[34.331263,132.665872],"黒瀬楢原東2":[34.333664,132.666536],"黒瀬楢原北1":[34.339652,132.666113],"黒瀬町上保田":[34.315597,132.669493],"黒瀬楢原東3":[34.334835,132.669475],"黒瀬楢原東1":[34.331065,132.668815],"八本松西6":[34.44674,132.676862],"八本松西7":[34.446322,132.673996],"八本松西5":[34.443897,132.676405],"黒瀬町丸山":[34.325297,132.682062],"黒瀬町菅田":[34.323493,132.670925],"西条町郷曽":[34.376392,132.723405],"黒瀬町川角":[34.32186,132.68164],"八本松町飯田":[34.445917,132.689783],"八本松西4":[34.442898,132.678802],"八本松西1":[34.445264,132.683303],"八本松町宗吉":[34.464151,132.687727],"八本松西3":[34.443701,132.682461],"黒瀬町乃美尾":[34.323802,132.68269],"八本松西2":[34.444537,132.685288],"志和町内":[34.497224,132.709442],"黒瀬学園台":[34.313539,132.687533],"西条町田口":[34.386672,132.689573],"八本松東7":[34.446508,132.699884],"八本松南2":[34.438955,132.69423],"田口研究団地":[34.389005,132.693566],"八本松南1":[34.444483,132.700866],"八本松南6":[34.436083,132.694363],"八本松南5":[34.436657,132.697004],"八本松南7":[34.430655,132.697954],"黒瀬町南方":[34.332566,132.698495],"八本松飯田9":[34.45738,132.698741],"西条町寺家":[34.436015,132.713935],"八本松南4":[34.437616,132.700278],"八本松南3":[34.440157,132.701899],"八本松飯田8":[34.454724,132.701962],"八本松南8":[34.431847,132.700903],"八本松飯田7":[34.44784,132.705255],"西条町下見":[34.421869,132.736079],"八本松飯田5":[34.455419,132.706121],"八本松東5":[34.444471,132.704623],"八本松東6":[34.445056,132.704938],"黒瀬町宗近柳国":[34.322488,132.719543],"八本松飯田4":[34.460108,132.706431],"八本松東4":[34.441857,132.708129],"八本松飯田1":[34.449735,132.707599],"八本松東3":[34.445694,132.71233],"八本松飯田3":[34.457036,132.713219],"西条下見7":[34.40646,132.709863],"八本松飯田2":[34.45082,132.713108],"八本松町正力":[34.463289,132.72722],"八本松東2":[34.445247,132.717604],"鏡山1":[34.40084,132.712417],"黒瀬町小多田":[34.344351,132.726456],"西条下見6":[34.406264,132.715677],"八本松町米満":[34.451238,132.724219],"八本松東1":[34.442793,132.719197],"黒瀬町国近":[34.336554,132.746448],"西条下見5":[34.409477,132.71879],"西条町馬木":[34.36025,132.723348],"鏡山2":[34.397006,132.728729],"鏡山北":[34.409126,132.724275],"八本松町篠":[34.467473,132.732864],"西大沢2":[34.37566,132.724203],"西大沢1":[34.375795,132.728991],"西条町大沢":[34.364215,132.759155],"高屋町造賀":[34.49369,132.787201],"西条中央8":[34.419338,132.732145],"西条町御薗宇":[34.404625,132.755826],"西条町西条東":[34.42265,132.73877],"西条町森近":[34.381112,132.743816],"西条中央7":[34.417877,132.737424],"西条西本町":[34.428308,132.740285],"西条東北町":[34.431639,132.739863],"西条中央1":[34.422303,132.739704],"西条中央6":[34.415177,132.741029],"西条中央5":[34.415123,132.742757],"西条中央3":[34.419635,132.744432],"西条昭和町":[34.425354,132.744348],"西条中央2":[34.420898,132.744353],"西条岡町":[34.429851,132.742868],"西条町西条":[34.432202,132.746866],"西条町下三永":[34.385442,132.747657],"西条栄町":[34.428774,132.744381],"西条本町":[34.431182,132.748581],"西条中央4":[34.41039,132.745306],"西条町福本":[34.384609,132.745988],"西条町吉行":[34.43593,132.760145],"西条御条町":[34.42385,132.745957],"西条朝日町":[34.427995,132.747624],"高屋町稲木":[34.4506,132.776184],"西条町助実":[34.422982,132.771504],"西条大坪町":[34.423712,132.749666],"西条町土与丸":[34.422021,132.77414],"西条上市町":[34.425579,132.749459],"西条末広町":[34.432864,132.751581],"西条土与丸1":[34.427528,132.751583],"安芸津町大田":[34.313255,132.774954],"西条土与丸6":[34.427591,132.752243],"西条土与丸2":[34.432476,132.753403],"西条土与丸5":[34.431536,132.754461],"西条土与丸3":[34.43534,132.75783],"高屋町桧山":[34.442999,132.772515],"西条土与丸4":[34.43374,132.758311],"三永1":[34.390734,132.763337],"西条吉行東1":[34.434199,132.763052],"三永2":[34.383282,132.763659],"三永3":[34.388421,132.767172],"西条吉行東2":[34.435934,132.767286],"安芸津町小松原":[34.2973,132.794777],"高屋町杵原":[34.458097,132.785908],"高屋町大畠":[34.449861,132.781473],"安芸津町風早":[34.315577,132.796876],"高屋町宮領":[34.439191,132.791637],"安芸津町三津":[34.322782,132.818373],"西条町上三永":[34.393892,132.815423],"高屋うめの辺":[34.457292,132.782379],"高屋町高屋堀":[34.459074,132.810029],"高屋町中島":[34.451888,132.79716],"高屋高美が丘6":[34.463957,132.788978],"高屋高美が丘1":[34.457271,132.790084],"高屋高美が丘9":[34.468366,132.790932],"高屋高美が丘7":[34.463241,132.792192],"高屋高美が丘5":[34.460355,132.791007],"高屋高美が丘2":[34.455753,132.791627],"高屋町郷":[34.443029,132.80256],"高屋高美が丘4":[34.459789,132.796812],"高屋高美が丘3":[34.456425,132.799425],"高屋高美が丘8":[34.461473,132.797378],"高屋町溝口":[34.433241,132.812323],"高屋町貞重":[34.475534,132.832139],"高屋町高屋東":[34.471401,132.844454],"河内町河戸":[34.496657,132.836915],"高屋町重兼":[34.440802,132.825139],"高屋町白市":[34.451046,132.825288],"高屋町小谷":[34.441323,132.852099],"安芸津町木谷":[34.328111,132.845566],"高屋台1":[34.466728,132.834366],"高屋台2":[34.461231,132.834819],"河内町入野":[34.465749,132.857599],"河内町小田":[34.504223,132.891431],"河内町上河内":[34.473271,132.866623],"入野中山台2":[34.453985,132.858715],"入野中山台1":[34.463018,132.858012],"入野中山台5":[34.450001,132.864173],"入野中山台3":[34.455142,132.860443],"入野中山台4":[34.451034,132.864402],"河内臨空団地":[34.44936,132.868477],"河内町中河内":[34.467882,132.889329],"河内町下河内":[34.459058,132.917903],"吉川工業団地":[34.38542,132.687336],"八本松飯田6":[34.450752,132.707405],"鏡山3":[34.396418,132.7362],"寺家産業団地":[34.435118,132.708348]}