{"平和町":[34.822171,132.944208],"山内町":[34.839418,132.954728],"本郷町":[34.845694,132.966521],"殿垣内町":[34.840058,132.965438],"市町":[34.851259,132.979198],"七塚町":[34.824691,132.974844],"田原町":[34.84683,132.979956],"上原町":[34.835632,132.990517],"掛田町":[34.86611,133.00546],"三日市町":[34.851661,133.011049],"板橋町":[34.833519,133.025214],"西本町4":[34.862507,133.011838],"川手町":[34.864841,133.016666],"戸郷町":[34.846003,133.015881],"西本町3":[34.860138,133.012759],"西本町2":[34.858041,133.014181],"東本町4":[34.864465,133.0236],"新庄町":[34.839516,133.033346],"中本町2":[34.860581,133.016498],"西本町1":[34.85356,133.019819],"中本町1":[34.853602,133.020876],"東本町3":[34.863772,133.025743],"東本町1":[34.855463,133.025655],"本町":[34.87319,133.034386],"東本町2":[34.858618,133.031066],"是松町":[34.83249,133.042942],"宮内町":[34.869229,133.035862],"永末町":[34.852712,133.04279],"高門町":[34.837522,133.046414],"西城町入江":[34.932582,133.1149],"西城町中野":[34.940712,133.116607],"西城町西城":[34.930938,133.117511],"西城町大佐":[34.937029,133.117344],"西城町大屋":[34.965428,133.12392],"西城町八鳥":[34.960367,133.134658],"東城町戸宇":[34.893019,133.259374],"東城町川西":[34.888919,133.26497],"東城町粟田":[34.916561,133.260709],"東城町川東":[34.898807,133.278826],"東城町東城":[34.894807,133.273169],"東城町福代":[34.914818,133.299656],"東城町新福代":[34.904833,133.295004]}