{"江田島町津久茂3":[34.247951,132.447581],"江田島町津久茂2":[34.248796,132.450354],"大柿町深江":[34.171761,132.453253],"江田島町津久茂1":[34.254604,132.449965],"大柿町大原":[34.172418,132.473413],"江田島町宮ノ原3":[34.264931,132.453045],"大柿町小古江":[34.183373,132.460492],"江田島町宮ノ原2":[34.251468,132.46527],"江田島町切串5":[34.286884,132.466355],"江田島町切串4":[34.285519,132.472418],"大柿町柿浦":[34.176209,132.476656],"江田島町宮ノ原1":[34.248838,132.467051],"大柿町飛渡瀬":[34.207975,132.471471],"江田島町中央2":[34.24841,132.482182],"大柿町大君":[34.154233,132.488544],"江田島町江南2":[34.201871,132.478685],"江田島町切串3":[34.283321,132.474916],"江田島町江南1":[34.202486,132.478687],"江田島町中央4":[34.240741,132.478687],"江田島町鷲部4":[34.216159,132.477371],"江田島町中央1":[34.247869,132.48123],"江田島町中央3":[34.246674,132.480144],"江田島町鷲部3":[34.222076,132.477876],"江田島町鷲部2":[34.231158,132.479664],"江田島町切串2":[34.279509,132.482028],"江田島町切串1":[34.284423,132.48255],"江田島町中央5":[34.236194,132.484442],"江田島町鷲部1":[34.235995,132.483191],"江田島町小用5":[34.271327,132.493912],"江田島町江南3":[34.200997,132.48532],"江田島町小用2":[34.250188,132.492262],"江田島町小用1":[34.24698,132.489785],"江田島町秋月3":[34.224323,132.491079],"江田島町秋月4":[34.205907,132.489622],"江田島町小用3":[34.252252,132.493183],"江田島町秋月2":[34.230546,132.492451],"江田島町秋月1":[34.23776,132.492825],"江田島町小用4":[34.265279,132.497722]}