{"平谷2":[34.330035,132.561426],"平谷5":[34.333677,132.556901],"平谷4":[34.331627,132.56337],"石神":[34.326808,132.569232],"平谷3":[34.330994,132.562158],"平谷1":[34.326301,132.564452],"柿迫":[34.32982,132.56745],"東山":[34.327258,132.565324],"貴船":[34.330638,132.570483],"出来庭10":[34.332951,132.568666],"出来庭9":[34.333177,132.569917],"川角4":[34.323394,132.573425],"川角1":[34.331417,132.572924],"神田":[34.327979,132.571375],"出来庭8":[34.34291,132.573983],"出来庭4":[34.332935,132.570301],"川角2":[34.32866,132.576249],"川角3":[34.327314,132.576562],"出来庭3":[34.329795,132.578923],"出来庭7":[34.334757,132.57347],"川角5":[34.325968,132.578078],"出来庭2":[34.33102,132.579461],"中溝6":[34.338296,132.578222],"出来庭6":[34.336147,132.57582],"中溝5":[34.342004,132.580496],"出来庭5":[34.336695,132.580553],"呉地5":[34.323576,132.584125],"呉地3":[34.328827,132.579494],"（大字なし）":[34.326109,132.586871],"城之堀2":[34.344446,132.583605],"中溝4":[34.339293,132.585124],"出来庭1":[34.333679,132.581594],"中溝3":[34.337656,132.584943],"呉地2":[34.328162,132.583233],"城之堀3":[34.348283,132.584699],"中溝2":[34.33666,132.583756],"城之堀1":[34.344077,132.583704],"呉地1":[34.328834,132.586507],"呉地4":[34.324144,132.586756],"中溝1":[34.33532,132.587931],"城之堀4":[34.343435,132.587453],"城之堀7":[34.351369,132.589674],"城之堀8":[34.355147,132.586519],"萩原8":[34.342844,132.588636],"城之堀5":[34.347121,132.587185],"萩原6":[34.341071,132.589268],"萩原2":[34.335288,132.599525],"城之堀6":[34.348343,132.590634],"城之堀9":[34.352599,132.589977],"初神4":[34.365069,132.588295],"萩原1":[34.333982,132.589519],"城之堀10":[34.350707,132.590207],"萩原3":[34.339128,132.594074],"初神2":[34.358193,132.590154],"萩原7":[34.343192,132.591785],"萩原9":[34.346064,132.592749],"萩原5":[34.341493,132.598498],"初神3":[34.362264,132.601355],"萩原10":[34.351254,132.594172],"初神1":[34.358114,132.600909],"萩原4":[34.344079,132.607803],"新宮2":[34.36208,132.608564],"新宮1":[34.363758,132.608941],"新宮3":[34.352073,132.613491],"新宮4":[34.358555,132.610321],"新宮5":[34.367318,132.614314],"新宮8":[34.372715,132.622329],"新宮7":[34.370734,132.620371],"新宮6":[34.368197,132.625454],"城之堀":[34.351297,132.589633]}