{"鯛尾2":[34.337883,132.497076],"横浜西2":[34.335793,132.498162],"鯛尾1":[34.338428,132.496848],"植田1":[34.33048,132.504811],"（大字なし）":[34.316058,132.509855],"横浜西1":[34.338968,132.501456],"小屋浦2":[34.303787,132.510961],"横浜中央3":[34.337797,132.505209],"平成ヶ浜4":[34.347619,132.508373],"横浜中央2":[34.342366,132.505308],"植田2":[34.330995,132.506236],"植田4":[34.32835,132.509466],"横浜東1":[34.336297,132.507012],"小屋浦1":[34.300347,132.507195],"横浜中央1":[34.338292,132.507285],"横浜東2":[34.334356,132.507989],"平成ヶ浜3":[34.339517,132.50954],"植田3":[34.330088,132.509175],"小屋浦3":[34.302229,132.510643],"坂西1":[34.33998,132.514067],"平成ヶ浜5":[34.343593,132.511463],"小屋浦4":[34.307262,132.515428],"平成ヶ浜2":[34.341287,132.511936],"北新地3":[34.354031,132.513298],"平成ヶ浜1":[34.342944,132.515461],"北新地1":[34.348286,132.517798],"坂西2":[34.333375,132.516851],"坂西3":[34.329901,132.517432],"坂西4":[34.328821,132.517642],"北新地4":[34.355144,132.519301],"坂東2":[34.339766,132.51962],"坂東1":[34.34153,132.519934],"坂東3":[34.334576,132.521655],"坂東4":[34.333259,132.521768],"北新地2":[34.350555,132.519982]}