{"今田":[34.683734,132.526257],"本地":[34.6576,132.529008],"新都":[34.661287,132.510908],"後有田":[34.683301,132.52565],"寺原":[34.693623,132.513848],"有間":[34.693293,132.515761],"有田":[34.676344,132.547821],"春木":[34.686823,132.533462],"石井谷":[34.654844,132.535701],"古保利":[34.680969,132.54255],"南方":[34.661685,132.57345],"丁保余原":[34.663631,132.572427],"新郷":[34.670248,132.545673],"壬生":[34.675634,132.557525],"川西":[34.695916,132.551997],"川東":[34.677749,132.565018],"新氏神":[34.682837,132.565865],"川井":[34.684142,132.578284]}