{"周東町西長野":[34.079588,132.001947],"周東町差川":[34.07503,132.03344],"周東町下須通":[34.089577,132.015329],"周東町中山":[34.045377,132.049077],"周東町川上":[34.106268,132.02952],"周東町用田":[34.054766,132.052979],"周東町下久原":[34.089957,132.045262],"周東町上久原":[34.078056,132.078051],"周東町田尻":[34.016957,132.053786],"玖珂町":[34.100846,132.084818],"周東町祖生":[34.070377,132.080147],"大谷":[34.157492,132.139508],"持国":[34.167148,132.141573],"叶木":[34.090946,132.137807],"田原":[34.173259,132.156516],"由宇町":[34.040055,132.194275],"御庄":[34.170958,132.149684],"御庄1":[34.165563,132.149537],"御庄2":[34.168621,132.151971],"御庄5":[34.16758,132.15349],"御庄3":[34.170496,132.152025],"御庄4":[34.169035,132.161338],"多田":[34.176186,132.168297],"多田1":[34.17646,132.164403],"多田2":[34.179967,132.168294],"多田3":[34.184763,132.170501],"川西3":[34.154686,132.175476],"関戸":[34.181446,132.176858],"南岩国町4":[34.133397,132.191972],"関戸1":[34.184815,132.176215],"横山2":[34.170115,132.178345],"平田2":[34.145071,132.173395],"横山1":[34.167161,132.173963],"横山3":[34.174102,132.177383],"川西2":[34.15981,132.175078],"川西1":[34.165274,132.176808],"平田3":[34.138934,132.180653],"海土路町1":[34.127433,132.186944],"岩国1":[34.167873,132.181597],"平田1":[34.147506,132.184991],"岩国2":[34.165155,132.182735],"海土路町2":[34.127465,132.187753],"川西4":[34.158229,132.184039],"藤生町5":[34.114189,132.182309],"平田6":[34.137621,132.189846],"岩国3":[34.161062,132.182459],"岩国4":[34.167162,132.185316],"藤生町4":[34.108779,132.182266],"錦見7":[34.161509,132.185515],"平田4":[34.14652,132.190216],"錦見4":[34.161848,132.185549],"長野":[34.051131,132.212965],"錦見1":[34.16627,132.190792],"通津":[34.075339,132.20972],"南岩国町2":[34.142594,132.194551],"錦見5":[34.16109,132.190286],"黒磯町3":[34.102664,132.188693],"黒磯町2":[34.1038,132.196252],"平田5":[34.141807,132.190996],"牛野谷町1":[34.158051,132.192276],"錦見2":[34.168955,132.195595],"錦見6":[34.162203,132.194089],"藤生町3":[34.122068,132.193412],"由宇町北5":[34.047165,132.199269],"錦見8":[34.163447,132.201925],"青木町2":[34.101142,132.199237],"由宇町神東":[33.993627,132.198995],"青木町4":[34.093082,132.193015],"藤生町2":[34.110471,132.19422],"南岩国町5":[34.11909,132.198965],"南岩国町3":[34.130786,132.201739],"保津町2":[34.082744,132.210206],"錦見3":[34.169974,132.195282],"牛野谷町2":[34.156832,132.201082],"青木町3":[34.09381,132.205701],"南岩国町1":[34.133998,132.204575],"藤生町1":[34.114101,132.200012],"牛野谷町3":[34.153952,132.204295],"保津町1":[34.088228,132.208489],"室の木町5":[34.174725,132.19896],"由宇町西3":[34.04322,132.196788],"室の木町4":[34.164041,132.201563],"由宇町北4":[34.047532,132.201206],"由宇町西2":[34.044069,132.195387],"黒磯町1":[34.104849,132.201037],"由宇町西1":[34.038951,132.20517],"青木町1":[34.101341,132.202554],"室の木町3":[34.17803,132.199384],"山手町4":[34.159344,132.205015],"灘町":[34.131343,132.203764],"楠町1":[34.157603,132.204424],"由宇町北6":[34.050484,132.206234],"尾津町4":[34.135222,132.209943],"門前町2":[34.148897,132.211067],"山手町3":[34.162302,132.205854],"門前町1":[34.150048,132.210435],"尾津町2":[34.139221,132.209298],"室の木町1":[34.171444,132.211664],"由宇町南5":[34.040026,132.206553],"楠町2":[34.155005,132.207725],"尾津町1":[34.14522,132.208364],"由宇町中央2":[34.045603,132.207212],"由宇町南4":[34.041235,132.208845],"由宇町北2":[34.049659,132.208977],"由宇町南2":[34.043252,132.208566],"山手町2":[34.165897,132.212663],"由宇町中央1":[34.04417,132.213077],"楠町3":[34.157147,132.211171],"由宇町千鳥ヶ丘3":[34.033484,132.211767],"今津町6":[34.161038,132.210771],"室の木町2":[34.175579,132.210011],"尾津町5":[34.128686,132.215451],"由宇町北1":[34.046865,132.209919],"由宇町南3":[34.042249,132.209509],"今津町5":[34.160127,132.21313],"尾津町3":[34.140281,132.212679],"由宇町千鳥ヶ丘1":[34.034145,132.21458],"由宇町千鳥ヶ丘2":[34.025748,132.208853],"中津町1":[34.157326,132.213829],"門前町3":[34.148683,132.215008],"由宇町北7":[34.049922,132.215258],"今津町4":[34.165492,132.217435],"由宇町港1":[34.043684,132.213895],"山手町1":[34.169084,132.2127],"由宇町南1":[34.043154,132.21355],"由宇町南沖4":[34.036489,132.21494],"由宇町南沖3":[34.039085,132.214794],"川下町1":[34.15884,132.214945],"門前町5":[34.138566,132.217752],"砂山町2":[34.174293,132.217727],"由宇町由宇崎":[34.036287,132.215725],"車町1":[34.158178,132.213921],"今津町3":[34.161887,132.219062],"麻里布町7":[34.171449,132.218905],"由宇町港2":[34.044501,132.217999],"中津町2":[34.154792,132.218735],"由宇町南沖1":[34.040454,132.214781],"門前町4":[34.146863,132.21741],"由宇町南沖2":[34.038207,132.218147],"麻里布町6":[34.168533,132.22081],"今津町1":[34.168201,132.223453],"今津町2":[34.163392,132.223099],"中津町3":[34.153052,132.219745],"麻里布町4":[34.172359,132.223296],"車町2":[34.157944,132.220908],"麻里布町3":[34.170777,132.222746],"車町3":[34.151839,132.22044],"川下町2":[34.158461,132.220515],"麻里布町5":[34.175225,132.224701],"川下町3":[34.162473,132.223242],"麻里布町2":[34.170557,132.225818],"砂山町1":[34.176477,132.221451],"立石町3":[34.176808,132.222361],"麻里布町1":[34.17162,132.225641],"立石町4":[34.181146,132.227453],"三笠町1":[34.166995,132.225173],"川口町1":[34.163654,132.224553],"旭町1":[34.157229,132.228008],"旭町2":[34.16177,132.227717],"元町1":[34.170522,132.226031],"立石町2":[34.176756,132.227048],"三笠町2":[34.168423,132.226132],"装束町3":[34.198853,132.225009],"昭和町1":[34.172348,132.226992],"昭和町2":[34.173766,132.232546],"元町2":[34.16947,132.229195],"昭和町3":[34.177414,132.23061],"新港町5":[34.187524,132.226008],"新港町1":[34.18181,132.229677],"三笠町3":[34.167435,132.23095],"装束町4":[34.200063,132.230034],"新港町4":[34.188019,132.230773],"立石町1":[34.182954,132.232905],"元町3":[34.169249,132.230859],"装束町2":[34.194422,132.229655],"川口町2":[34.165297,132.234531],"装束町5":[34.197686,132.231335],"新港町3":[34.185675,132.234955],"装束町1":[34.195515,132.232636],"旭町3":[34.161879,132.235063],"元町4":[34.171751,132.232379],"飯田町2":[34.173915,132.2436],"新港町2":[34.183724,132.231313],"桂町2":[34.172133,132.237646],"桂町1":[34.170993,132.234132],"日の出町":[34.170833,132.236589],"飯田町3":[34.17864,132.23341],"装束町6":[34.196385,132.235957],"飯田町1":[34.172675,132.24415],"三角町3":[34.159769,132.24536],"由宇町北3":[34.048406,132.206828],"周東町獺越":[34.113685,132.02011],"柱野":[34.1549,132.139376],"由宇町港3":[34.045317,132.218989],"愛宕町1":[34.145727,132.199823],"岩国5":[34.174275,132.183094],"玖珂町有延":[34.089552,132.074651],"玖珂町鞍掛":[34.097316,132.07872],"玖珂町上市":[34.100449,132.085062]}