{"大字山田":[34.402026,131.3872],"大字堀内":[34.41593,131.383743],"大字椿":[34.39957,131.394937],"大字平安古町":[34.409584,131.388911],"大字河添":[34.39932,131.393443],"大字南片河町":[34.413419,131.39213],"大字南古萩町":[34.411957,131.39496],"大字江向":[34.407932,131.401867],"大字北片河町":[34.4148,131.392428],"大字今魚店町":[34.416726,131.397062],"大字呉服町1":[34.412657,131.393682],"大字古魚店町":[34.414223,131.393654],"大字春若町":[34.414602,131.393925],"大字樽屋町":[34.415596,131.396236],"大字油屋町":[34.413969,131.394535],"大字呉服町2":[34.412204,131.395306],"大字恵美須町":[34.413823,131.397115],"大字細工町":[34.415178,131.39616],"大字瓦町":[34.412755,131.397033],"大字北古萩町":[34.422571,131.400212],"大字塩屋町":[34.414543,131.397485],"大字米屋町":[34.414416,131.398491],"大字西田町":[34.412311,131.400016],"大字椿東":[34.427267,131.419635],"大字浜崎新町":[34.419518,131.400279],"大字津守町":[34.414419,131.399452],"大字浜崎町":[34.421298,131.402734],"大字上五間町":[34.414108,131.400694],"大字熊谷町":[34.41696,131.401238],"大字東田町":[34.412705,131.404225],"大字今古萩町":[34.416818,131.402852],"大字下五間町":[34.413266,131.402686],"大字唐樋町":[34.410236,131.403629],"大字橋本町":[34.404068,131.402428],"大字東浜崎町":[34.420498,131.403591],"大字御許町":[34.408765,131.403175],"大字古萩町":[34.413982,131.404695],"大字川島":[34.396643,131.410614],"大字吉田町":[34.413533,131.404841],"大字土原":[34.413135,131.409261]}