{"大字船木":[34.046574,131.214862],"大字東須恵":[33.989724,131.202597],"大字西沖の山":[33.955662,131.209966],"大字妻崎開作":[33.97432,131.213617],"大字際波":[34.000447,131.205207],"厚南北3":[34.000454,131.214326],"厚南北4":[34.002513,131.21499],"厚南中央5":[33.99135,131.216739],"大字中野開作":[33.986154,131.214085],"厚南北2":[33.998342,131.217663],"厚南中央3":[33.993984,131.217843],"厚南北5":[34.001932,131.218578],"西宇部南4":[34.001893,131.223699],"厚南北1":[34.000093,131.21925],"西宇部南3":[34.00012,131.220396],"西宇部北2":[34.003246,131.225515],"西宇部北3":[34.004243,131.225047],"西宇部南2":[33.9997,131.224391],"大字藤曲":[33.971675,131.24098],"西平原4":[33.974785,131.224207],"西宇部北4":[34.011155,131.224003],"西宇部南1":[34.001093,131.228762],"岩鼻町":[33.978454,131.225406],"西平原2":[33.977459,131.226621],"松崎町":[33.985049,131.227971],"西宇部北5":[34.007929,131.225964],"西宇部北6":[34.010503,131.228086],"大字沖ノ旦":[34.001251,131.245171],"西平原1":[33.979819,131.227788],"西平原3":[33.973236,131.226305],"西宇部北7":[34.004112,131.229082],"大字棚井":[34.024924,131.249053],"西宇部北1":[34.003204,131.2308],"東平原2":[33.975044,131.230529],"文京町":[33.971638,131.232179],"居能町3":[33.969277,131.231261],"浜田2":[33.986287,131.231061],"山の手町":[34.007933,131.233076],"居能町1":[33.965817,131.231588],"助田町":[33.962437,131.231681],"居能町2":[33.967028,131.23156],"大字広瀬":[34.000076,131.240104],"浜田3":[33.98835,131.231985],"文京台3":[33.980713,131.231227],"大字東万倉":[34.056592,131.238049],"浜田1":[33.986663,131.233948],"文京台1":[33.982227,131.236533],"上条4":[33.974307,131.23368],"東平原1":[33.977969,131.233411],"大字小串":[33.961186,131.252308],"南浜町2":[33.963911,131.233728],"西中町":[33.96046,131.235275],"上条5":[33.97842,131.2364],"鍋倉町":[33.967664,131.233495],"東藤曲2":[33.971562,131.235195],"大字中山":[33.982432,131.25416],"浜町2":[33.96508,131.237641],"西本町2":[33.958622,131.238219],"南浜町1":[33.962871,131.236901],"文京台2":[33.980695,131.234239],"上条3":[33.973114,131.234321],"東藤曲1":[33.968573,131.23628],"上条2":[33.975447,131.238356],"南中山町":[33.980416,131.23832],"浜町1":[33.965712,131.238191],"北条2":[33.974455,131.237941],"上町2":[33.96024,131.239022],"上条1":[33.976672,131.242054],"西本町1":[33.957188,131.240183],"鵜の島町":[33.96115,131.240063],"大字末信":[34.01471,131.246684],"北条1":[33.973455,131.241454],"小松原町2":[33.963277,131.241366],"大字吉見":[34.048808,131.26427],"中央町3":[33.955069,131.242302],"上町1":[33.957873,131.242154],"小松原町1":[33.964935,131.242531],"港町2":[33.943062,131.249997],"大字沖宇部":[33.946606,131.287849],"若松町":[33.958841,131.244306],"新町":[33.951169,131.245295],"島3":[33.96276,131.243715],"中央町1":[33.955417,131.244247],"中央町2":[33.952681,131.244094],"港町1":[33.946694,131.246962],"下条2":[33.96327,131.244053],"松島町":[33.955054,131.247095],"島2":[33.96067,131.24454],"相生町":[33.953762,131.246449],"朝日町":[33.95634,131.248096],"島1":[33.962006,131.246654],"下条1":[33.962875,131.245271],"東本町1":[33.949345,131.244667],"新天町1":[33.950346,131.245348],"南小串2":[33.960938,131.247859],"西小串1":[33.962973,131.249593],"常盤町1":[33.951331,131.249269],"南小串1":[33.959907,131.248955],"寿町1":[33.954862,131.24739],"東本町2":[33.946666,131.249449],"琴芝町1":[33.95483,131.251822],"新天町2":[33.947808,131.250845],"西小串2":[33.964936,131.250878],"寿町2":[33.95255,131.251692],"明治町1":[33.943929,131.251619],"大字中宇部":[33.97387,131.259146],"常盤町2":[33.94971,131.251573],"東小串1":[33.961832,131.251585],"西琴芝2":[33.95816,131.249799],"錦町":[33.944529,131.253194],"西琴芝1":[33.957362,131.255021],"東小串2":[33.963203,131.25271],"明治町2":[33.94075,131.253915],"寿町3":[33.951639,131.253753],"幸町":[33.938224,131.255247],"琴芝町2":[33.952856,131.254909],"松山町1":[33.945692,131.254854],"昭和町1":[33.941551,131.255086],"北琴芝1":[33.961088,131.252494],"常藤町":[33.949422,131.255238],"北小羽山町1":[33.975956,131.254363],"東琴芝2":[33.954018,131.256174],"南小羽山町1":[33.974313,131.257403],"宮地町":[33.965007,131.257752],"北小羽山町3":[33.981123,131.256557],"明神町3":[33.92721,131.258089],"東見初町":[33.93653,131.249723],"松山町2":[33.943143,131.256477],"中村1":[33.96622,131.261441],"昭和町3":[33.936855,131.257782],"大字上宇部":[33.971553,131.278918],"北小羽山町2":[33.978516,131.259505],"昭和町2":[33.938732,131.256694],"東新川町":[33.94608,131.257684],"神原町1":[33.950518,131.259112],"東琴芝1":[33.955028,131.257611],"南小羽山町3":[33.976029,131.255361],"芝中町":[33.942674,131.258732],"北琴芝2":[33.95969,131.260565],"松山町3":[33.9391,131.258014],"昭和町4":[33.932335,131.259582],"南小羽山町2":[33.978533,131.260787],"西梶返3":[33.952738,131.260858],"東芝中町":[33.939801,131.259437],"松山町4":[33.937246,131.259448],"西梶返2":[33.954356,131.26368],"中村3":[33.961391,131.261571],"明神町2":[33.927338,131.260849],"神原町2":[33.948839,131.262229],"松山町5":[33.934296,131.261962],"恩田町1":[33.943357,131.263234],"西梶返1":[33.95619,131.259658],"笹山町1":[33.942684,131.2648],"岬町1":[33.931845,131.263983],"中村2":[33.964139,131.263675],"海南町":[33.957785,131.265409],"東小羽山町3":[33.98267,131.262743],"東梶返4":[33.951488,131.263695],"明神町1":[33.928223,131.263252],"東小羽山町2":[33.980901,131.263504],"中尾1":[33.969897,131.267673],"笹山町2":[33.938777,131.265245],"恩田町2":[33.943636,131.267061],"東小羽山町1":[33.980032,131.265093],"沼2":[33.960439,131.265754],"八王子町":[33.928389,131.267119],"大字川上":[33.978409,131.280293],"末広町":[33.937089,131.265541],"東小羽山町5":[33.985995,131.264282],"川添3":[33.972832,131.267023],"東小羽山町4":[33.984159,131.265122],"川添2":[33.971735,131.267615],"中尾2":[33.966646,131.265535],"沼1":[33.96206,131.265386],"岬町2":[33.930332,131.265965],"東梶返3":[33.951114,131.271804],"東梶返2":[33.952579,131.269455],"東梶返1":[33.954754,131.272057],"恩田町3":[33.945573,131.267567],"大小路3":[33.967122,131.268843],"恩田町5":[33.941995,131.270282],"常盤台1":[33.958056,131.270765],"寺の前町":[33.962099,131.270154],"五十目山町":[33.936459,131.269373],"岬町3":[33.932154,131.270244],"沼3":[33.961087,131.26909],"大小路1":[33.969094,131.27293],"琴崎町":[33.971557,131.268316],"野原1":[33.947903,131.272357],"恩田町4":[33.946434,131.272175],"川添1":[33.972229,131.269595],"大字車地":[34.059723,131.293302],"山門1":[33.966474,131.271007],"草江1":[33.941494,131.273056],"大字善和":[34.011368,131.2817],"草江3":[33.937658,131.273646],"草江4":[33.935963,131.274604],"山門3":[33.964543,131.272222],"野原2":[33.946001,131.274241],"山門5":[33.96121,131.273664],"上野中町":[33.95287,131.273193],"大字瓜生野":[34.052771,131.285685],"大字木田":[34.059344,131.290086],"常盤台2":[33.955537,131.277089],"山門4":[33.962547,131.275253],"則貞1":[33.943533,131.274926],"大小路2":[33.966631,131.275465],"野中1":[33.951175,131.273917],"山門2":[33.96591,131.275056],"草江2":[33.937638,131.276401],"野中2":[33.948076,131.275066],"則貞6":[33.937288,131.279582],"開6":[33.959049,131.279024],"開1":[33.964554,131.279348],"則貞2":[33.943502,131.279822],"則貞5":[33.941551,131.279775],"開5":[33.954445,131.277977],"野中5":[33.946032,131.278886],"風呂ヶ迫町":[33.966562,131.279114],"野中4":[33.948068,131.280522],"野中3":[33.945551,131.28572],"開4":[33.962223,131.282206],"則貞4":[33.942454,131.282855],"開3":[33.962688,131.285647],"開2":[33.965065,131.284176],"則貞3":[33.945685,131.283223],"亀浦5":[33.93943,131.285516],"大字西岐波":[33.977183,131.286512],"亀浦2":[33.942138,131.286878],"大字小野":[34.118136,131.351095],"大字如意寺":[34.096359,131.297335],"大字櫟原":[34.101794,131.304455],"亀浦1":[33.943847,131.288218],"亀浦4":[33.93889,131.290693],"亀浦3":[33.940679,131.289107],"大字荒瀬":[34.065247,131.29598],"あすとぴあ1":[33.982165,131.295446],"あすとぴあ7":[33.977209,131.297365],"あすとぴあ3":[33.987987,131.303464],"あすとぴあ2":[33.982598,131.296504],"あすとぴあ6":[33.974723,131.30156],"今村北1":[33.958896,131.301448],"あすとぴあ5":[33.975881,131.30324],"あすとぴあ4":[33.982929,131.298901],"今村南1":[33.953064,131.303805],"今村北2":[33.961478,131.304285],"今村北3":[33.962766,131.304238],"今村南3":[33.956496,131.308284],"今村南2":[33.957793,131.306872],"床波1":[33.951507,131.308884],"今村北5":[33.958501,131.306112],"床波2":[33.955283,131.308716],"大字山中":[34.057339,131.335597],"今村北4":[33.960921,131.30872],"床波6":[33.950856,131.309783],"床波3":[33.95574,131.311969],"大字藤河内":[34.079991,131.328929],"床波4":[33.957888,131.318372],"床波5":[33.956325,131.318373],"大字東岐波":[34.001785,131.349481],"大字棯小野":[34.096094,131.349282],"厚南中央4":[33.996046,131.214069],"厚南中央6":[33.991529,131.210579],"厚南中央1":[33.996079,131.220968],"厚南中央2":[33.995416,131.219018],"黒石北1":[33.989999,131.21536],"黒石北3":[33.983882,131.205558],"黒石北4":[33.987155,131.208226],"黒石北2":[33.985946,131.210871],"黒石北5":[33.990072,131.208536],