{"余田":[34.004731,132.07623],"伊陸":[34.019667,132.138881],"新庄":[33.970106,132.092194],"柳井":[33.995212,132.114988],"古開作":[33.969424,132.093733],"伊保庄":[33.957521,132.113837],"ニュータウン南町":[33.967096,132.097287],"南町7":[33.963279,132.100892],"南町6":[33.961263,132.102012],"南町1":[33.96512,132.104717],"旭ケ丘":[33.957274,132.105274],"駅南":[33.965942,132.10434],"南町5":[33.959216,132.102437],"南町3":[33.962851,132.105074],"中央3":[33.968576,132.107131],"中央2":[33.966903,132.109236],"南町2":[33.964583,132.10801],"南町4":[33.962648,132.10873],"柳井津":[33.966506,132.110966],"南浜2":[33.961012,132.109885],"阿月":[33.871643,132.143081],"中央1":[33.965098,132.11195],"南浜1":[33.96431,132.112444],"南浜3":[33.960551,132.114678],"姫田":[33.971818,132.114418],"土手町":[33.965995,132.112169],"天神":[33.964258,132.112884],"北浜":[33.955519,132.117414],"山根":[33.968404,132.11848],"新天地":[33.967326,132.115507],"南浜4":[33.95654,132.118441],"新市南":[33.963783,132.118702],"新市":[33.964683,132.118995],"新市沖":[33.962682,132.118778],"東土手":[33.966321,132.119065],"新市北":[33.964764,132.119515],"片野西":[33.971146,132.122909],"日積":[34.001213,132.186443],"神代":[33.991153,132.174062],"平郡":[33.777754,132.260462]}