{"虹ケ浜3":[33.973853,131.914205],"大字浅江":[33.979241,131.899433],"虹ケ丘6":[33.97444,131.904612],"虹ケ丘5":[33.977851,131.908264],"虹ケ丘7":[33.974565,131.908719],"虹ケ丘4":[33.980021,131.915757],"虹ケ丘3":[33.978218,131.914641],"虹ケ丘2":[33.97416,131.909921],"虹ケ浜2":[33.970331,131.920219],"虹ケ丘1":[33.975412,131.919247],"中村町":[33.976069,131.920887],"虹ケ浜1":[33.972015,131.920672],"光ケ丘":[33.979816,131.923746],"浅江7":[33.967504,131.92489],"浅江3":[33.973853,131.924304],"浅江5":[33.970868,131.926535],"浅江6":[33.965467,131.927043],"丸山町":[33.988853,131.926959],"浅江1":[33.971802,131.930305],"花園1":[33.976743,131.927962],"和田町":[33.983207,131.929644],"浅江2":[33.9723,131.926839],"協和町":[33.984675,131.930297],"大字島田":[33.979297,131.962418],"浅江4":[33.967474,131.92837],"花園2":[33.974211,131.929304],"宝町":[33.987432,131.929294],"木園1":[33.977232,131.931039],"大字三井":[34.003745,131.965848],"宮ノ下町":[33.981575,131.931179],"島田2":[33.973451,131.935254],"島田4":[33.976057,131.93579],"島田7":[33.983721,131.936381],"島田6":[33.981554,131.940012],"島田1":[33.973271,131.935865],"島田3":[33.974212,131.936352],"三井1":[33.989596,131.942708],"島田5":[33.978723,131.942241],"三井2":[33.986447,131.943295],"中央5":[33.961118,131.941801],"中央6":[33.966727,131.946591],"大字光井":[33.963042,131.975687],"中央4":[33.959684,131.945087],"中島田1":[33.982816,131.954226],"中島田2":[33.983373,131.95333],"中島田3":[33.985205,131.950242],"三井3":[33.988642,131.946428],"光井9":[33.959225,131.949666],"中央3":[33.958354,131.947155],"光井8":[33.961198,131.949777],"三井4":[33.986775,131.949306],"光井6":[33.964721,131.957192],"中央2":[33.956286,131.950311],"中央1":[33.954279,131.952386],"三井5":[33.987621,131.950843],"光井7":[33.961499,131.95556],"三井6":[33.985859,131.949096],"光井2":[33.949282,131.954604],"岩狩1":[33.995062,131.955211],"光井4":[33.95952,131.962096],"上島田1":[33.980648,131.957115],"上島田2":[33.98831,131.960595],"岩狩3":[33.996678,131.956741],"光井1":[33.946963,131.963267],"三井7":[33.993159,131.956326],"大字立野":[34.002919,131.970132],"光井3":[33.958498,131.960072],"岩狩2":[33.993982,131.956137],"光井5":[33.961686,131.962212],"三井8":[33.989792,131.95934],"上島田3":[33.987824,131.964379],"大字室積村":[33.906787,132.019865],"上島田4":[33.993278,131.963027],"大字小周防":[34.013934,131.988784],"上島田6":[33.99505,131.96729],"上島田5":[33.989441,131.966728],"室積新開1":[33.940062,131.967316],"室積8":[33.921148,131.969816],"室積6":[33.928679,131.96883],"室積新開2":[33.941042,131.96885],"千坊台1":[33.945987,131.967705],"上島田7":[33.992131,131.969215],"大字岩田立野":[33.995871,131.984536],"室積松原":[33.933867,131.970477],"室積7":[33.924961,131.970818],"上島田8":[33.990716,131.971531],"千坊台3":[33.945909,131.97306],"千坊台2":[33.946062,131.970391],"室積5":[33.926942,131.972215],"室積大町":[33.937979,131.973039],"上島田9":[33.991425,131.970136],"室積4":[33.930357,131.971654],"室積正木":[33.936368,131.972345],"室積3":[33.929961,131.972104],"室積中央町":[33.932598,131.974002],"室積1":[33.930643,131.972638],"室積西ノ庄":[33.936184,131.978835],"大字岩田":[33.992853,132.002895],"室積2":[33.930272,131.978479],"室積沖田":[33.933749,131.97704],"室積神田":[33.932655,131.978118],"室積市延":[33.933942,131.981366],"室積東ノ庄":[33.927562,131.985432],"大字三輪":[33.969293,131.986769],"大字束荷":[34.007089,131.998436],"大字塩田":[33.996263,132.042021]}