{"大字曽根":[33.916602,132.084958],"大字佐賀":[33.893342,132.105666],"大字竪ケ浜":[33.942417,132.066827],"大字佐合島":[33.874023,132.066714],"大字平生町":[33.941548,132.069834],"大字平生村":[33.944652,132.085883],"大字大野南":[33.922513,132.102794],"大字大野北":[33.935033,132.105317],"大字宇佐木":[33.941279,132.107213],"大字小郡":[33.879004,132.119826],"大字尾国":[33.870806,132.12335]}