{"田浦町":[34.00275,134.567348],"前原町":[34.014183,134.567225],"江田町":[34.018297,134.568533],"櫛渕町":[33.94559,134.575564],"新居見町":[33.995523,134.572612],"中郷町":[34.008998,134.577216],"日開野町":[33.999918,134.590651],"中田町":[34.017241,134.590634],"田野町":[33.984374,134.603579],"芝生町":[33.994549,134.589343],"小松島町":[34.011927,134.578873],"神田瀬町":[34.008755,134.581524],"堀川町":[34.006096,134.585735],"松島町":[34.008682,134.585609],"南小松島町":[34.006058,134.588883],"立江町":[33.968288,134.601763],"横須町":[33.998672,134.599531],"金磯町":[33.993849,134.602569],"赤石町":[33.981528,134.607207],"豊浦町":[33.987081,134.623353],"大林町":[33.977062,134.61169],"和田津開町":[33.986411,134.62893],"坂野町":[33.986663,134.646909],"和田島町":[33.993152,134.639127],"間新田町":[33.990057,134.644099],"小松島町馬場ノ本":[34.011788,134.578805],"小松島町房浜":[34.009767,134.582423],"小松島町外開":[34.009565,134.583581],"中田町東山":[34.017241,134.590634],"立江町江ノ上":[33.968326,134.601992],"和田島町前塩田":[33.992663,134.638778]}