{"池田町白地":[34.004761,133.785285],"池田町イタノ":[34.021178,133.783021],"池田町中西":[34.015887,133.78565],"池田町シンヤマ":[34.020447,133.802522],"池田町ウヱノ":[34.030311,133.817619],"池田町マチ":[34.02882,133.81302],"池田町イケミナミ":[34.023583,133.803686],"池田町サラダ":[34.027759,133.813763],"池田町シンマチ":[34.026491,133.814566],"池田町ウヱマツ":[34.022833,133.809654],"池田町ハヤシ":[34.023542,133.815339],"池田町シマ":[34.029548,133.815431],"池田町ヤマダ":[34.029063,133.82342],"池田町州津":[34.038154,133.85308],"池田町トウゲ":[34.026086,133.828378],"池田町白地本名":[34.004834,133.785688],"池田町中西ナガタ":[34.016233,133.785276]}