{"入田町":[34.051949,134.439912],"一宮町":[34.043571,134.480909],"国府町竜王":[34.097305,134.457374],"国府町芝原":[34.094804,134.470403],"国府町佐野塚":[34.109344,134.468278],"国府町西黒田":[34.103769,134.465067],"国府町西矢野":[34.044539,134.477989],"国府町桜間":[34.083054,134.467501],"国府町敷地":[34.0732,134.469434],"国府町池尻":[34.074235,134.472379],"国府町観音寺":[34.068844,134.475161],"国府町矢野":[34.055133,134.480669],"国府町日開":[34.07812,134.482288],"国府町川原田":[34.094246,134.47463],"国府町東黒田":[34.099329,134.489258],"国府町府中":[34.074951,134.485225],"国府町西高輪":[34.08741,134.480174],"国府町延命":[34.05193,134.482802],"国府町中":[34.069537,134.484862],"国府町東高輪":[34.094561,134.489492],"国府町早淵":[34.070534,134.492216],"下町":[34.039169,134.493347],"国府町井戸":[34.084692,134.489068],"国府町花園":[34.087911,134.490748],"上八万町":[34.027103,134.496148],"八多町":[33.994287,134.526489],"国府町和田":[34.072497,134.49576],"名東町3":[34.056954,134.496858],"加茂名町":[34.071499,134.516726],"国府町北岩延":[34.086037,134.499443],"不動北町2":[34.100088,134.497243],"不動西町4":[34.099206,134.497936],"名東町2":[34.05767,134.502029],"不動西町3":[34.089595,134.498869],"国府町南岩延":[34.085004,134.501813],"不動西町1":[34.090571,134.506226],"不動北町1":[34.100973,134.503134],"鮎喰町2":[34.073593,134.502515],"名東町1":[34.061618,134.503964],"不動西町2":[34.089473,134.504594],"不動本町3":[34.100096,134.505786],"南島田町4":[34.077878,134.505633],"中島田町4":[34.086694,134.509264],"鮎喰町1":[34.070013,134.505478],"庄町5":[34.075826,134.506737],"渋野町":[34.011855,134.541839],"不動本町2":[34.095945,134.509886],"南庄町5":[34.071217,134.507185],"応神町西貞方":[34.12302,134.517847],"不動本町1":[34.09392,134.509562],"南島田町3":[34.081141,134.509743],"庄町4":[34.075939,134.509145],"南庄町4":[34.07116,134.509414],"不動東町4":[34.100891,134.509397],"多家良町":[33.995203,134.546986],"八万町":[34.042263,134.540648],"庄町3":[34.074994,134.51183],"不動東町1":[34.092478,134.510983],"北島田町3":[34.089244,134.514058],"中島田町3":[34.085109,134.512109],"庄町2":[34.075535,134.512174],"南庄町3":[34.070625,134.511008],"南島田町2":[34.080525,134.514243],"不動東町2":[34.093489,134.512449],"北島田町2":[34.086302,134.515006],"庄町1":[34.076816,134.516684],"中島田町2":[34.082639,134.514808],"南庄町2":[34.070844,134.514685],"応神町東貞方":[34.115498,134.524207],"不動東町3":[34.094892,134.515637],"南島田町1":[34.080684,134.515683],"北島田町1":[34.084349,134.51879],"中島田町1":[34.082079,134.517194],"南庄町1":[34.071735,134.517034],"蔵本町3":[34.077847,134.517384],"蔵本元町2":[34.079904,134.520357],"北矢三町3":[34.08615,134.522341],"北矢三町4":[34.086212,134.519258],"蔵本町2":[34.0779,134.519062],"不動東町5":[34.097416,134.527322],"南蔵本町3":[34.0731,134.518731],"蔵本元町3":[34.081532,134.519848],"南蔵本町2":[34.073345,134.520777],"方上町":[34.023282,134.546491],"蔵本町1":[34.077996,134.519868],"南矢三町3":[34.083165,134.523759],"南蔵本町1":[34.074781,134.52027],"蔵本元町1":[34.07824,134.520355],"応神町吉成":[34.119858,134.533517],"応神町応神産業団地":[34.121121,134.525462],"佐古八番町":[34.076522,134.523148],"北矢三町2":[34.087174,134.525619],"南佐古八番町":[34.073162,134.523174],"南佐古七番町":[34.07341,134.526248],"佐古七番町":[34.076872,134.525495],"南矢三町2":[34.080891,134.5288],"春日3":[34.089679,134.527654],"北山町":[34.030738,134.540192],"北矢三町1":[34.086375,134.529772],"佐古六番町":[34.077327,134.529404],"応神町中原":[34.110402,134.539984],"南佐古六番町":[34.075358,134.528234],"春日2":[34.090957,134.530437],"南矢三町1":[34.08267,134.532512],"大谷町":[34.035807,134.54226],"南佐古五番町":[34.076513,134.529526],"北田宮4":[34.089835,134.530349],"春日町":[34.098387,134.530811],"佐古五番町":[34.079806,134.5319],"南佐古四番町":[34.074322,134.532006],"飯谷町":[33.964445,134.54597],"春日1":[34.091749,134.537742],"南田宮4":[34.084419,134.534761],"北佐古二番町":[34.083361,134.537687],"佐古四番町":[34.080275,134.534675],"南佐古三番町":[34.075545,134.535089],"佐古三番町":[34.079098,134.536973],"北田宮3":[34.087198,134.538889],"南田宮3":[34.086452,134.539063],"南二軒屋町":[34.053447,134.54722],"南佐古二番町":[34.075915,134.538708],"城南町3":[34.053416,134.543345],"城南町1":[34.056318,134.545524],"佐古二番町":[34.079977,134.539626],"丈六町":[34.011348,134.556355],"北佐古一番町":[34.080652,134.541217],"眉山町":[34.072451,134.542916],"城南町2":[34.055551,134.54449],"応神町古川":[34.110213,134.551517],"佐古一番町":[34.076453,134.543523],"城南町4":[34.052373,134.542219],"北田宮2":[34.091685,134.54486],"南佐古一番町":[34.075356,134.541281],"南田宮2":[34.079816,134.543104],"西須賀町":[34.029622,134.550351],"南二軒屋町3":[34.05121,134.545027],"西大工町5":[34.074718,134.543359],"西二軒屋町2":[34.05669,134.545039],"西新町5":[34.075102,134.543257],"勢見町2":[34.060427,134.544216],"寺町":[34.07184,134.544881],"南出来島町2":[34.077274,134.544712],"出来島本町4":[34.078556,134.543673],"西大工町4":[34.073719,134.544257],"三軒屋町":[34.040038,134.551742],"伊賀町3":[34.06314,134.545109],"南二軒屋町2":[34.053802,134.546028],"西船場町5":[34.075629,134.544102],"伊賀町4":[34.062115,134.545087],"出来島本町3":[34.079387,134.545056],"西新町4":[34.074139,134.544898],"伊賀町1":[34.066549,134.545237],"東山手町3":[34.067687,134.546661],"伊賀町2":[34.064652,134.545179],"南二軒屋町1":[34.055261,134.546613],"出来島本町2":[34.078867,134.545828],"勝占町":[34.016278,134.556414],"西船場町4":[34.074368,134.545517],"中前川町5":[34.081375,134.548678],"南田宮1":[34.0831,134.544387],"西大工町3":[34.07309,134.544873],"新町橋2":[34.070271,134.546796],"北出来島町2":[34.079011,134.546347],"南前川町5":[34.079879,134.546696],"問屋町":[34.04809,134.551913],"西山手町":[34.070948,134.545172],"東山手町2":[34.068537,134.54632],"東山手町1":[34.069446,134.545941],"西二軒屋町1":[34.05708,134.546028],"南出来島町1":[34.076195,134.546898],"西新町3":[34.073482,134.545513],"二軒屋町2":[34.058636,134.547734],"北田宮1":[34.087442,134.548518],"西大工町2":[34.071678,134.545905],"西大工町1":[34.071284,134.546302],"弓町4":[34.06115,134.546114],"弓町3":[34.063097,134.545819],"西船場町3":[34.073788,134.546062],"弓町2":[34.064632,134.545905],"沖浜町":[34.056022,134.553033],"西新町2":[34.072168,134.546622],"弓町1":[34.066852,134.545998],"出来島本町1":[34.077598,134.547586],"藍場町2":[34.074739,134.547405],"幟町1":[34.066814,134.546755],"幟町4":[34.06176,134.546524],"幟町3":[34.063097,134.546597],"東大工町1":[34.069682,134.546691],"二軒屋町3":[34.057197,134.546926],"西船場町2":[34.072314,134.546923],"勢見町1":[34.060738,134.546498],"幟町2":[34.064664,134.546704],"二軒屋町1":[34.059338,134.547758],"西新町1":[34.071584,134.547053],"東大工町2":[34.068724,134.54707],"寺島本町西2":[34.075492,134.548094],"大道2":[34.064368,134.54751],"北出来島町1":[34.078222,134.547772],"新町橋1":[34.071613,134.548025],"西船場町1":[34.071775,134.547372],"南新町1":[34.069787,134.547323],"大道4":[34.061727,134.547475],"東大工町3":[34.067905,134.547433],"富田橋8":[34.055809,134.547872],"東新町1":[34.070217,134.548098],"大道3":[34.063086,134.54749],"大道1":[34.06667,134.547578],"下助任町5":[34.083247,134.548383],"南新町2":[34.068469,134.547721],"東出来島町":[34.078407,134.548696],"紺屋町":[34.066837,134.549571],"富田橋7":[34.057829,134.549953],"中吉野町4":[34.086061,134.550968],"上助任町":[34.089522,134.550129],"鷹匠町5":[34.06088,134.548181],"鷹匠町4":[34.061406,134.548035],"鷹匠町6":[34.058826,134.548042],"徳島町城内":[34.076171,134.556971],"籠屋町2":[34.068009,134.54826],"鷹匠町3":[34.063643,134.548177],"藍場町1":[34.073459,134.549593],"鷹匠町2":[34.064347,134.548206],"鷹匠町1":[34.066524,134.548271],"東新町2":[34.068926,134.548747],"籠屋町1":[34.068854,134.548429],"東船場町1":[34.07051,134.548836],"寺島本町西1":[34.074205,134.549295],"栄町6":[34.058903,134.548651],"南前川町4":[34.079323,134.549891],"栄町5":[34.060504,134.54868],"栄町4":[34.061649,134.54877],"元町1":[34.073052,134.550366],"富田町2":[34.06772,134.549398],"田宮町灘":[34.088483,134.548497],"栄町3":[34.063028,134.548845],"栄町2":[34.064327,134.548895],"栄町1":[34.066621,134.549121],"富田町1":[34.068167,134.549523],"北前川町5":[34.081894,134.548761],"銀座":[34.068386,134.549704],"中前川町4":[34.080093,134.550463],"秋田町6":[34.058862,134.549382],"東船場町2":[34.06895,134.550032],"秋田町5":[34.060375,134.549412],"下助任町4":[34.08326,134.551407],"北前川町4":[34.081602,134.550538],"元町2":[34.072371,134.549764],"秋田町4":[34.061835,134.549478],"秋田町3":[34.063261,134.549541],"秋田町2":[34.064775,134.550329],"沖浜3":[34.051223,134.552041],"秋田町1":[34.065606,134.550389],"南内町3":[34.070669,134.550056],"中通町3":[34.071415,134.550589],"伊月町6":[34.058824,134.549886],"伊月町5":[34.059977,134.549899],"通町3":[34.071908,134.550346],"両国橋":[34.067602,134.550174],"伊月町4":[34.061264,134.55025],"中央通1":[34.063249,134.550431],"伊月町3":[34.06282,134.550622],"仲之町1":[34.066957,134.551079],"南仲之町1":[34.065521,134.550915],"川内町":[34.096841,134.589364],