{"大麻町桧":[34.164264,134.498862],"大麻町板東":[34.151594,134.513469],"大麻町津慈":[34.140643,134.515327],"大麻町萩原":[34.153215,134.512647],"大麻町川崎":[34.137842,134.519999],"大麻町市場":[34.13583,134.525791],"大麻町池谷":[34.158466,134.53765],"大麻町三俣":[34.142061,134.529308],"大麻町高畑":[34.153247,134.529447],"大麻町松村":[34.151708,134.536773],"大麻町西馬詰":[34.142175,134.539707],"大麻町大谷":[34.157406,134.53817],"大麻町中馬詰":[34.142066,134.540416],"大麻町東馬詰":[34.147034,134.551718],"大麻町牛屋島":[34.147656,134.548869],"大麻町姫田":[34.160863,134.545468],"撫養町木津":[34.195335,134.576293],"大津町大幸":[34.151113,134.560542],"大津町大代":[34.167417,134.568166],"大津町段関":[34.161794,134.566764],"瀬戸町北泊":[34.227736,134.583674],"瀬戸町湊谷":[34.228397,134.568256],"瀬戸町明神":[34.209533,134.578862],"瀬戸町堂浦":[34.220654,134.584416],"大津町備前島":[34.155659,134.583554],"大津町矢倉":[34.150103,134.593545],"大津町木津野":[34.170397,134.597986],"撫養町黒崎":[34.182187,134.593352],"鳴門町高島":[34.203851,134.600658],"大津町吉永":[34.168072,134.602853],"瀬戸町中島田":[34.237965,134.601023],"瀬戸町小島田":[34.228734,134.592656],"撫養町南浜":[34.165202,134.6108],"大津町徳長":[34.149503,134.602043],"撫養町斎田":[34.178215,134.609241],"鳴門町三ツ石":[34.205852,134.612983],"瀬戸町大島田":[34.242232,134.612224],"撫養町大桑島":[34.185874,134.609043],"撫養町小桑島":[34.17931,134.609926],"大津町長江":[34.160169,134.60498],"瀬戸町撫佐":[34.238498,134.613824],"里浦町粟津":[34.150603,134.610217],"撫養町林崎":[34.177688,134.61083],"撫養町北浜":[34.182739,134.614678],"里浦町里浦":[34.179047,134.630138],"撫養町立岩":[34.176428,134.623772],"瀬戸町室":[34.235696,134.616499],"鳴門町土佐泊浦":[34.204661,134.614733],"撫養町弁財天":[34.184617,134.616845],"撫養町岡崎":[34.185447,134.618404],"瀬戸町明神下本城":[34.209596,134.578703],"撫養町南浜東浜":[34.167103,134.606301],"大麻町板東浄土寺":[34.158662,134.50863],"大麻町板東八幡":[34.151668,134.513551],"大津町大幸井利ノ口外":[34.150861,134.560473],"大麻町市場砂原":[34.134563,134.530409],"大麻町川崎中筋":[34.138886,134.520358],"大麻町市場川縁":[34.137438,134.526359],"大麻町市場川向三":[34.136159,134.525919],"大麻町大谷中筋":[34.159763,134.540152],"撫養町南浜大工野":[34.159545,134.609184],"大津町徳長水神ノ越":[34.14871,134.602819],"大津町矢倉堤外":[34.149548,134.596917],"撫養町林崎南殿町":[34.175669,134.610975],"撫養町林崎北殿町":[34.177787,134.610626],"撫養町弁財天派名":[34.184599,134.616597],"撫養町弁財天ハマ":[34.183776,134.61527],"大麻町大谷東山谷":[34.165268,134.540961],"大麻町大谷中通":[34.15902,134.538868],"撫養町南浜蛭子前西":[34.17137,134.591569],"撫養町小桑島前浜":[34.181108,134.612005],"大津町木津野東川田":[34.170374,134.597963]}