{"上大野町":[33.934222,134.58705],"長生町":[33.907624,134.625887],"羽ノ浦町古毛":[33.941905,134.577086],"中大野町":[33.933623,134.594872],"下大野町":[33.934206,134.613917],"羽ノ浦町明見":[33.941846,134.60369],"羽ノ浦町岩脇":[33.94859,134.62867],"上中町":[33.932161,134.63303],"羽ノ浦町宮倉":[33.952873,134.617072],"羽ノ浦町春日野":[33.960121,134.620687],"橘町":[33.871843,134.643304],"羽ノ浦町古庄":[33.941673,134.634006],"羽ノ浦町中庄":[33.952159,134.643453],"宝田町":[33.918463,134.645473],"那賀川町黒地":[33.963234,134.644507],"那賀川町原":[33.949346,134.64565],"柳島町":[33.927612,134.650936],"福井町":[33.861518,134.642194],"那賀川町西原":[33.94808,134.64615],"那賀川町島尻":[33.982076,134.65028],"津乃峰町":[33.884997,134.655099],"那賀川町八幡":[33.957981,134.648824],"那賀川町小延":[33.971409,134.648913],"那賀川町大京原":[33.94828,134.657227],"見能林町":[33.890462,134.670639],"那賀川町敷地":[33.96498,134.650246],"那賀川町日向":[33.960126,134.650744],"那賀川町今津浦":[33.96241,134.654188],"那賀川町古津":[33.951184,134.657068],"那賀川町手島":[33.957359,134.654551],"富岡町":[33.922324,134.660893],"那賀川町豊香野":[33.966703,134.650342],"那賀川町江野島":[33.973329,134.658546],"横見町":[33.929415,134.667351],"那賀川町色ケ島":[33.967324,134.661134],"那賀川町三栗":[33.943214,134.657144],"那賀川町苅屋":[33.956355,134.672558],"那賀川町赤池":[33.940694,134.664782],"那賀川町芳崎":[33.959573,134.668829],"那賀川町上福井":[33.950032,134.690373],"那賀川町中島":[33.947236,134.689568],"那賀川町工地":[33.956172,134.678253],"大潟町":[33.887741,134.664079],"領家町":[33.918558,134.67052],"那賀川町北中島":[33.94618,134.673539],"学原町":[33.910826,134.667892],"日開野町":[33.918929,134.671559],"住吉町":[33.930101,134.674009],"才見町":[33.909832,134.671969],"那賀川町みどり台":[33.958093,134.674716],"西路見町":[33.920932,134.690527],"七見町":[33.919711,134.684288],"出来町":[33.929876,134.68042],"原ケ崎町":[33.930427,134.678106],"辰己町":[33.934677,134.695093],"向原町":[33.922799,134.701781],"黒津地町":[33.930717,134.680703],"中林町":[33.912836,134.699542],"畭町":[33.921167,134.689861],"福村町":[33.92226,134.693956],"羽ノ浦町古毛萱原":[33.935721,134.574528],"長生町川ハタ":[33.905868,134.627074],"長生町西方":[33.925737,134.624721],"長生町宮ノ本":[33.9116,134.630081],"長生町寿嘉":[33.90782,134.626122],"長生町戸崎":[33.914266,134.636723],"長生町おわた":[33.914966,134.639471],"橘町豊浜":[33.8719,134.643376],"津乃峰町戎山":[33.883657,134.654299],"津乃峰町新浜":[33.887729,134.661609],"那賀川町色ケ島大久保":[33.968972,134.660053],"富岡町佃町":[33.926076,134.666366],"那賀川町色ケ島塩ケ崎":[33.967685,134.661121],"見能林町林崎":[33.889307,134.666623],"黒津地町末広":[33.930569,134.679792],"向原町下ノ浜":[33.929389,134.697553]}