{"鴨島町粟島":[34.071644,134.333866],"鴨島町西麻植":[34.07562,134.348004],"鴨島町樋山地":[34.036586,134.338913],"鴨島町知恵島":[34.07551,134.343575],"鴨島町敷地":[34.057282,134.349602],"川島町山田":[34.053324,134.336838],"鴨島町上下島":[34.068443,134.3623],"鴨島町飯尾":[34.064647,134.362979],"鴨島町鴨島":[34.075852,134.351997],"鴨島町森藤":[34.056257,134.371328],"鴨島町喜来":[34.077436,134.372078],"鴨島町中島":[34.065071,134.371135],"鴨島町内原":[34.068049,134.373042],"鴨島町山路":[34.06284,134.384842],"鴨島町牛島":[34.086068,134.389604],"鴨島町麻植塚":[34.071557,134.380155],"鴨島町上浦":[34.06593,134.4021],"鴨島町西麻植青柳":[34.075865,134.348204]}