{"奥河内":[33.743927,134.537646],"日和佐浦":[33.733736,134.540632],"西河内":[33.739229,134.532117],"北河内":[33.743835,134.537196],"恵比須浜":[33.744452,134.559712],"奥河内井ノ上":[33.744181,134.537827],"北河内本村":[33.744675,134.538069]}