{"東中富":[34.12486,134.473063],"富吉":[34.134889,134.489909],"奥野":[34.114399,134.50419],"徳命":[34.112763,134.50487],"矢上":[34.138496,134.51024],"乙瀬":[34.141268,134.506231],"笠木":[34.134577,134.511529],"住吉":[34.121036,134.50468],"勝瑞":[34.128951,134.529475],"東中富直道傍示":[34.124454,134.472921],"乙瀬乾":[34.146754,134.492454],"住吉神蔵":[34.120899,134.504611],"乙瀬井利口":[34.141514,134.506448]}