{"高房":[34.126774,134.535906],"中村":[34.131196,134.536301],"新喜来":[34.139299,134.545458],"江尻":[34.123252,134.554794],"鯛浜":[34.112813,134.551583],"北村":[34.139846,134.559692],"太郎八須":[34.135254,134.560815],"中村八丁野":[34.12979,134.536809],"中村江口":[34.126026,134.539683],"新喜来北古田":[34.137688,134.545104],"中村牛飼原":[34.123673,134.561528],"高房川ノ上":[34.129584,134.535015],"北村鍋井":[34.140221,134.558053],"高房東堤下":[34.127949,134.543464]}