{"貞光":[34.05099,134.092795],"半田":[34.041971,134.051359],"貞光せせらぎ":[34.043525,134.067335],"貞光江ノ脇":[34.043015,134.068349]}