{"仁尾町家の浦":[34.218544,133.630704],"詫間町大浜":[34.220449,133.620526],"詫間町香田":[34.234276,133.643658],"仁尾町仁尾":[34.191892,133.660758],"詫間町詫間":[34.212791,133.687968],"豊中町岡本":[34.149409,133.687894],"豊中町下高野":[34.159115,133.68654],"豊中町比地大":[34.170593,133.703052],"豊中町本山甲":[34.137543,133.704071],"高瀬町比地":[34.172169,133.691131],"詫間町松崎":[34.218224,133.699607],"豊中町笠田竹田":[34.157949,133.697222],"豊中町上高野":[34.144569,133.714],"豊中町笠田笠岡":[34.155944,133.714838],"豊中町本山乙":[34.132657,133.714852],"三野町大見":[34.215394,133.70347],"高瀬町下勝間":[34.166248,133.716684],"山本町大野":[34.132218,133.717823],"高瀬町羽方":[34.138612,133.721252],"三野町吉津":[34.211253,133.679643],"仁尾町仁尾丁":[34.197647,133.646044],"仁尾町仁尾乙":[34.192744,133.660961]}