{"沙弥島":[34.347129,133.823891],"番の州緑町":[34.350174,133.832172],"番の州町":[34.352712,133.858032],"川崎町":[34.328608,133.831232],"番の州公園":[34.323417,133.834136],"坂出町":[34.322212,133.830343],"御供所町3":[34.322209,133.836728],"常盤町2":[34.318439,133.837616],"御供所町2":[34.319415,133.838247],"川津町":[34.29202,133.885154],"常盤町1":[34.316965,133.842768],"西大浜北4":[34.322056,133.839728],"沖の浜":[34.325332,133.843523],"八幡町4":[34.311574,133.842004],"八幡町3":[34.315619,133.843583],"西大浜南3":[34.320113,133.842621],"御供所町1":[34.318889,133.842369],"八幡町2":[34.312113,133.842567],"西大浜北3":[34.321591,133.841882],"新浜町":[34.310743,133.847986],"八幡町1":[34.31431,133.845159],"富士見町2":[34.307574,133.84977],"西大浜南2":[34.31924,133.844515],"西大浜北2":[34.321691,133.844001],"白金町2":[34.31513,133.847753],"宮下町":[34.318687,133.847882],"白金町3":[34.316296,133.847644],"築港町2":[34.326626,133.85011],"西大浜北1":[34.322965,133.847437],"西大浜南1":[34.319469,133.84764],"白金町1":[34.314462,133.848513],"瀬居町":[34.353328,133.858198],"築港町1":[34.324808,133.845489],"中央町":[34.31965,133.851934],"寿町3":[34.317185,133.849779],"寿町2":[34.315261,133.850705],"富士見町1":[34.312354,133.85044],"小山町":[34.297143,133.854292],"花町":[34.30555,133.851066],"寿町1":[34.314895,133.850812],"青葉町":[34.306708,133.854636],"文京町2":[34.309481,133.854935],"本町3":[34.317388,133.85252],"文京町1":[34.312847,133.854675],"本町2":[34.315429,133.853015],"本町1":[34.313287,133.852588],"池園町":[34.301854,133.855141],"入船町1":[34.323703,133.851829],"元町3":[34.317838,133.855478],"元町2":[34.315388,133.854764],"元町1":[34.314691,133.855825],"入船町2":[34.324404,133.859852],"大池町":[34.301032,133.856925],"久米町1":[34.319075,133.862361],"元町4":[34.315729,133.856048],"駒止町1":[34.311258,133.857928],"駒止町2":[34.310846,133.85836],"笠指町":[34.306763,133.858466],"福江町2":[34.305739,133.858739],"京町3":[34.317963,133.859263],"京町2":[34.316348,133.859252],"京町1":[34.314528,133.859462],"福江町3":[34.305699,133.865533],"昭和町2":[34.327118,133.86228],"福江町1":[34.306884,133.86228],"谷町1":[34.312744,133.863264],"室町1":[34.314583,133.863186],"室町3":[34.318303,133.862443],"室町2":[34.315855,133.862348],"久米町2":[34.321867,133.86641],"江尻町":[34.31889,133.880617],"旭町2":[34.315776,133.865945],"旭町3":[34.317604,133.865831],"谷町2":[34.308113,133.864524],"旭町1":[34.314704,133.865726],"昭和町1":[34.319946,133.869694],"谷町3":[34.309681,133.867166],"横津町1":[34.314991,133.868954],"横津町2":[34.316423,133.869605],"横津町3":[34.317878,133.869848],"林田町":[34.326749,133.882632],"西庄町":[34.309851,133.900232],"大屋冨町":[34.352389,133.906482],"府中町":[34.275897,133.929761],"王越町乃生":[34.363487,133.916181],"加茂町":[34.302349,133.913022],"高屋町":[34.343812,133.899188],"神谷町":[34.321237,133.911885],"青海町":[34.344496,133.918651],"王越町木沢":[34.373083,133.92856]}