{"豊浜町和田浜":[34.075023,133.640656],"瀬戸町2":[34.119371,133.636565],"瀬戸町4":[34.113795,133.634903],"豊浜町和田":[34.070792,133.650478],"港町1":[34.12796,133.642703],"港町2":[34.126217,133.642464],"豊浜町姫浜":[34.083046,133.638465],"観音寺町":[34.13065,133.649162],"瀬戸町1":[34.122213,133.639264],"琴浪町1":[34.124358,133.641853],"有明町":[34.127878,133.640468],"瀬戸町3":[34.115444,133.640926],"琴浪町2":[34.122559,133.640557],"三本松町4":[34.116788,133.641911],"八幡町2":[34.135947,133.651561],"三本松町2":[34.122124,133.644883],"三本松町1":[34.122942,133.644934],"三本松町3":[34.116226,133.645355],"柞田町":[34.113653,133.6744],"西本町1":[34.128808,133.645799],"西本町2":[34.126661,133.645383],"大野原町花稲":[34.100659,133.647446],"南町1":[34.12374,133.650924],"南町5":[34.122606,133.649069],"大野原町大野原":[34.100648,133.664601],"南町4":[34.120976,133.647397],"八幡町1":[34.133526,133.651682],"室本町":[34.138033,133.651464],"南町3":[34.119092,133.649518],"南町2":[34.120234,133.650404],"栄町2":[34.123463,133.652248],"八幡町3":[34.13434,133.654533],"昭和町3":[34.120024,133.654847],"栄町3":[34.125878,133.65875],"栄町1":[34.125825,133.659803],"昭和町1":[34.122866,133.657966],"茂西町2":[34.133425,133.656336],"幸町":[34.131086,133.655282],"茂西町1":[34.131516,133.656662],"昭和町2":[34.121534,133.657983],"坂本町7":[34.127075,133.660302],"天神町3":[34.131325,133.6588],"天神町2":[34.130933,133.660431],"坂本町6":[34.125233,133.662608],"茂木町4":[34.132604,133.660623],"茂木町5":[34.134712,133.664063],"天神町1":[34.130234,133.661486],"坂本町5":[34.124112,133.66415],"茂木町3":[34.132876,133.663212],"坂本町2":[34.128735,133.667654],"坂本町1":[34.126766,133.660892],"坂本町3":[34.127767,133.668282],"茂木町2":[34.131839,133.66597],"村黒町":[34.127812,133.677689],"出作町":[34.122995,133.666134],"坂本町4":[34.126429,133.667251],"茂木町1":[34.130544,133.668303],"植田町":[34.124463,133.687479],"流岡町":[34.132013,133.685107],"吉岡町":[34.132511,133.692506],"池之尻町":[34.119298,133.69125],"古川町":[34.130409,133.699002],"本大町":[34.131464,133.702848]}