{"国分寺町国分":[34.298621,133.942233],"亀水町":[34.370868,133.961606],"国分寺町新名":[34.27876,133.960066],"国分寺町柏原":[34.283788,133.953272],"中山町":[34.347403,133.973869],"国分寺町新居":[34.322625,133.97267],"生島町":[34.358898,133.970452],"国分寺町福家":[34.266162,133.980902],"鬼無町佐藤":[34.330388,133.985722],"神在川窪町":[34.360315,133.988333],"鬼無町山口":[34.324158,133.982735],"御厩町":[34.313792,133.98901],"中間町":[34.285335,134.002066],"植松町":[34.352237,133.982403],"香西北町":[34.352932,133.997443],"鬼無町鬼無":[34.319928,133.993611],"岡本町":[34.267921,133.991944],"香南町西庄":[34.220318,134.00572],"鬼無町佐料":[34.33479,133.995607],"香西西町":[34.344822,133.99723],"西山崎町":[34.278707,134.00364],"鬼無町是竹":[34.338946,133.996351],"香南町池内":[34.252541,134.004596],"檀紙町":[34.296291,134.008907],"飯田町":[34.323719,133.997475],"鬼無町藤井":[34.331768,134.002399],"香西本町":[34.34916,133.999687],"香西南町":[34.342841,134.003554],"円座町":[34.287639,134.013949],"川部町":[34.254871,134.005332],"鶴市町":[34.33378,134.01359],"香南町横井":[34.240872,134.00658],"香南町由佐":[34.234958,134.024052],"香西東町":[34.343411,134.010491],"成合町":[34.300412,134.025486],"郷東町":[34.341367,134.016567],"勅使町":[34.303161,134.027416],"香南町吉光":[34.245702,134.021662],"香南町岡":[34.224175,134.036299],"一宮町":[34.28492,134.03696],"香川町大野":[34.267762,134.032018],"西春日町":[34.326312,134.032399],"西宝町3":[34.342445,134.026987],"寺井町":[34.283315,134.036912],"西宝町1":[34.340826,134.031978],"西町":[34.346477,134.019761],"香川町川東下":[34.243499,134.034587],"茜町":[34.349868,134.02733],"西宝町2":[34.339151,134.032063],"鹿角町":[34.299872,134.038909],"峰山町":[34.330333,134.028338],"松並町":[34.319748,134.03098],"新北町":[34.354001,134.024998],"田村町":[34.304735,134.03676],"香川町川東上":[34.221963,134.035888],"香川町寺井":[34.273553,134.032646],"紙町":[34.317641,134.039754],"宮脇町2":[34.335918,134.038009],"瀬戸内町":[34.349113,134.037677],"香川町浅野":[34.263159,134.04167],"扇町3":[34.345794,134.029011],"西ハゼ町":[34.320152,134.038037],"昭和町2":[34.343011,134.032003],"三名町":[34.2905,134.03921],"室新町":[34.324107,134.033407],"宮脇町1":[34.338489,134.039351],"仏生山町":[34.268631,134.044214],"昭和町1":[34.343873,134.035421],"紫雲町":[34.341624,134.034855],"扇町2":[34.345192,134.038888],"扇町1":[34.345955,134.038575],"上天神町":[34.313755,134.043367],"浜ノ町":[34.351197,134.047275],"幸町":[34.342974,134.037778],"太田下町":[34.303211,134.039452],"番町5":[34.338926,134.04298],"太田上町":[34.302407,134.040738],"東ハゼ町":[34.321104,134.042898],"番町4":[34.34044,134.043295],"番町3":[34.341884,134.043964],"番町2":[34.34464,134.044779],"亀岡町":[34.335864,134.042893],"錦町2":[34.347875,134.042771],"香川町川内原":[34.23805,134.044718],"三条町":[34.316347,134.05074],"室町":[34.326353,134.044818],"栗林町1":[34.327528,134.04319],"中野町":[34.334755,134.046427],"香川町東谷":[34.21656,134.058695],"出作町":[34.28347,134.053814],"錦町1":[34.348986,134.045757],"多肥上町":[34.274353,134.051765],"中央町":[34.33649,134.046558],"上之町1":[34.321124,134.046209],"天神前":[34.339644,134.0466],"サンポート":[34.353313,134.047788],"番町1":[34.344251,134.047814],"花ノ宮町3":[34.325874,134.046525],"紺屋町":[34.344567,134.049249],"花ノ宮町1":[34.326705,134.050656],"磨屋町":[34.345127,134.049477],"古新町":[34.3457,134.049598],"兵庫町":[34.346281,134.049904],"西内町":[34.348252,134.047851],"西の丸町":[34.350598,134.048248],"上之町2":[34.321726,134.049589],"藤塚町1":[34.334726,134.049429],"花ノ宮町2":[34.324705,134.050249],"旅篭町":[34.335499,134.047965],"中新町":[34.33635,134.048204],"栗林町3":[34.328633,134.050924],"亀井町":[34.341672,134.048915],"多肥下町":[34.304786,134.062747],"栗林町2":[34.329555,134.05108],"寿町2":[34.346835,134.048938],"鍛冶屋町":[34.342273,134.049203],"田町":[34.338556,134.049411],"寿町1":[34.350571,134.04915],"丸の内":[34.34683,134.053917],"南新町":[34.34154,134.049707],"東田町":[34.335521,134.05084],"伏石町":[34.307047,134.063399],"玉藻町":[34.352121,134.054922],"藤塚町2":[34.335283,134.052279],"常磐町1":[34.338687,134.052547],"観光通1":[34.336542,134.052984],"上之町3":[34.323577,134.052852],"常磐町2":[34.337309,134.052609],"内町":[34.345944,134.053927],"丸亀町":[34.345861,134.050753],"瓦町2":[34.340227,134.05276],"藤塚町":[34.335112,134.050185],"瓦町1":[34.341809,134.053062],"古馬場町":[34.342334,134.053401],"塩上町":[34.335909,134.052644],"御坊町":[34.342702,134.054465],"今新町":[34.343854,134.054395],"桜町2":[34.327809,134.05586],"片原町":[34.345276,134.055077],"大工町":[34.344449,134.054434],"百間町":[34.345009,134.054561],"藤塚町3":[34.335805,134.054291],"桜町1":[34.331176,134.05416],"塩上町1":[34.337405,134.053971],"八坂町":[34.339972,134.054217],"福田町":[34.342409,134.05443],"観光通2":[34.335627,134.05806],"三谷町":[34.269573,134.081912],"今里町":[34.322779,134.059087],"本町":[34.348693,134.055889],"北浜町":[34.351004,134.056831],"花園町3":[34.331476,134.059543],"今里町1":[34.326464,134.059879],"鶴屋町":[34.347163,134.055464],"楠上町2":[34.32986,134.057574],"塩上町2":[34.338658,134.056282],"花園町2":[34.332849,134.060117],"塩屋町":[34.343816,134.05545],"花園町1":[34.333283,134.060237],"楠上町1":[34.331655,134.058947],"通町":[34.345756,134.05588],"城東町2":[34.350384,134.059744],"朝日町4":[34.352391,134.06883],"築地町":[34.341011,134.058359],"城東町1":[34.347562,134.057936],"末広町":[34.343877,134.058269],"井口町":[34.345328,134.058354],"多賀町1":[34.335977,134.058809],"東浜町1":[34.345444,134.057753],"塩上町3":[34.338398,134.058419],"松縄町":[34.325503,134.067081],"西植田町":[34.225846,134.057739],"上福岡町":[34.333833,134.060662],"福岡町1":[34.346681,134.063077],"多賀町2":[34.335935,134.060076],"上林町":[34.28856,134.07674],"松島町1":[34.341116,134.061965],"松福町1":[34.342915,134.06258],"今里町2":[34.325313,134.065669],"林町":[34.299478,134.079778],"観光町":[34.335864,134.064524],"朝日町1":[34.349894,134.062443],"多賀町3":[34.336322,134.065182],"松島町2":[34.336874,134.066539],"松福町2":[34.343016,134.067684],"木太町":[34.328203,134.086179],"朝日新町":[34.358092,134.06973],"福岡町2":[34.346535,134.068612],"朝日町2":[34.348931,134.065979],"朝日町3":[34.349505,134.068965],"福岡町4":[34.342181,134.074076],"松島町3":[34.339979,134.070443],"松島町":[34.333704,134.069089],"福岡町3":[34.345805,134.074583],"朝日町5":[34.350103,134.07057],"由良町":[34.285018,134.096217],"朝日町6":[34.358477,134.078653],"六条町":[34.300813,134.09091],"屋島西町":[34.346775,134.093892],"川島本町":[34.277337,134.086874],"元山町":[34.313148,134.092807],"川島東町":[34.254339,134.095934],"下田井町":[34.298746,134.099419],"春日町":[34.337517,134.095503],"東山崎町":[34.308419,134.103249],"小村町":[34.289479,134.105366],"屋島東町":[34.376624,134.102216],"新田町":[34.313506,134.101601],"十川西町":[34.275083,134.108686],"前田西町":[34.301165,134.120594],"十川東町":[34.256836,134.110846],"屋島中町":[34.345791,134.101476],"亀田町":[34.286608,134.10639],"前田東町":[34.288573,134.10671],"亀田南町":[34.284819,134.105529],"高松町":[34.336019,134.118852],"牟礼町牟礼":[34.34199,134.139299],"牟礼町大町":[34.33581,134.138639],"牟礼町原":[34.330967,134.144635],"香川町安原下第三号":[34.217487,134.03336],"香川町安原下第一号":[34.210467,134.038302],"仏生山町甲":[34.272105,134.048711]}