{"碑殿町":[34.226486,133.738103],"吉原町":[34.226888,133.75855],"弘田町":[34.232838,133.767353],"善通寺町":[34.222699,133.774217],"中村町":[34.23384,133.774761],"仙遊町2":[34.230969,133.771745],"中村町1":[34.231685,133.772652],"下吉田町":[34.234184,133.779236],"稲木町":[34.238035,133.788661],"善通寺町4":[34.226558,133.773573],"善通寺町3":[34.226003,133.776892],"仙遊町1":[34.231438,133.77302],"善通寺町5":[34.227807,133.775969],"金蔵寺町":[34.238905,133.792302],"南町3":[34.223726,133.777606],"南町2":[34.219324,133.777045],"善通寺町6":[34.227463,133.778099],"善通寺町7":[34.228464,133.779809],"善通寺町2":[34.22649,133.778413],"文京町4":[34.222673,133.780152],"上吉田町8":[34.233861,133.780256],"善通寺町1":[34.226929,133.780859],"上吉田町4":[34.229244,133.782131],"上吉田町3":[34.228283,133.783588],"生野町":[34.217986,133.789372],"上吉田町5":[34.230537,133.784363],"文京町3":[34.226504,133.784129],"南町1":[34.222091,133.782298],"上吉田町7":[34.23471,133.786003],"生野本町2":[34.224948,133.788917],"上吉田町2":[34.228777,133.785063],"上吉田町6":[34.232221,133.787725],"原田町":[34.254754,133.787955],"文京町2":[34.226509,133.786976],"上吉田町1":[34.231174,133.788376],"上吉田町":[34.232419,133.792879],"大麻町":[34.195523,133.814158],"文京町1":[34.228433,133.789925],"生野本町1":[34.226535,133.79069],"与北町":[34.234929,133.816819],"木徳町":[34.240172,133.806471],"櫛梨町":[34.211143,133.806799]}