{"甲":[34.487325,134.178708],"淵崎":[34.488541,134.190958],"上庄":[34.490803,134.194233],"淵崎甲":[34.48891,134.192243]}