{"大字田中":[34.262434,134.126272],"大字池戸":[34.290822,134.134332],"大字朝倉":[34.242602,134.132974],"大字氷上":[34.251505,134.13641],"大字平木":[34.273179,134.134964],"大字井上":[34.306013,134.151004],"大字鹿伏":[34.274153,134.143168],"大字上高岡":[34.24782,134.146687],"大字下高岡":[34.267048,134.154047],"大字鹿庭":[34.243969,134.162309],"大字井戸":[34.2607,134.163488]}