{"羽床下":[34.239506,133.913619],"小野":[34.245865,133.896559],"滝宮":[34.255612,133.908446],"北":[34.238402,133.927652],"羽床上":[34.232113,133.914146],"萱原":[34.251879,133.938708],"陶":[34.259662,133.967002],"山田下":[34.22771,133.934901],"千疋":[34.22522,133.996308],"畑田":[34.259786,133.991352]}