{"大字見立":[34.24679,133.715343],"大字奥白方":[34.245336,133.738851],"大字西白方":[34.252575,133.734575],"西港町":[34.272686,133.739045],"大字山階":[34.252065,133.742],"大字東白方":[34.269292,133.742709],"東浜":[34.271384,133.748505],"西浜":[34.271086,133.74737],"大字青木":[34.254706,133.755253],"東港町":[34.278459,133.749272],"大通り":[34.273343,133.751873],"本通3":[34.263519,133.749754],"本通1":[34.269156,133.750341],"仲ノ町":[34.272458,133.7523],"日の出町":[34.277249,133.752352],"本通2":[34.265172,133.753239],"元町":[34.270108,133.752993],"大字三井":[34.251057,133.76507],"大字庄":[34.260698,133.75503],"京町":[34.267558,133.75474],"家中":[34.275356,133.756179],"東新町":[34.277304,133.754507],"栄町1":[34.273928,133.755869],"栄町3":[34.2709,133.75573],"桜川1":[34.264563,133.759245],"堀江2":[34.277424,133.755863],"堀江3":[34.27931,133.760706],"堀江1":[34.276889,133.758218],"桜川2":[34.265264,133.761377],"堀江5":[34.284095,133.76162],"栄町2":[34.274546,133.757896],"寿町":[34.268542,133.760558],"大字道福寺":[34.26044,133.766355],"幸町":[34.273288,133.760923],"堀江4":[34.282542,133.765275],"北鴨3":[34.279933,133.766273],"北鴨1":[34.274824,133.766215],"若葉町":[34.272505,133.766385],"大字南鴨":[34.271741,133.767649],"大字葛原":[34.248929,133.770975],"北鴨2":[34.276278,133.769121]}