{"（大字なし）":[34.193903,133.815677],"下櫛梨":[34.219133,133.816441],"上櫛梨":[34.210176,133.819161],"五條":[34.185046,133.835413],"苗田":[34.199773,133.815507],"榎井":[34.190861,133.832322],"（大字なし）琴平":[34.186492,133.821079]}