{"公文":[34.221221,133.819658],"西高篠":[34.208428,133.827943],"東高篠":[34.217561,133.834259],"四條":[34.191834,133.834724],"五條":[34.184151,133.837192],"吉野下":[34.195429,133.840954],"買田":[34.182383,133.83646],"岸上":[34.181758,133.845774],"真野":[34.16939,133.86059],"吉野":[34.182304,133.877629],"神野":[34.159912,133.882649],"炭所西":[34.181054,133.879718]}