{"津島町嵐":[33.077515,132.488219],"津島町針木":[33.067852,132.485315],"津島町柿之浦":[33.056635,132.484444],"津島町塩定":[33.059973,132.490299],"津島町下畑地":[33.084326,132.521499],"津島町上畑地":[33.087595,132.519183],"津島町岩松":[33.129289,132.527881],"津島町浦知":[33.064251,132.490095],"津島町北灘":[33.138879,132.500411],"津島町近家":[33.134985,132.503454],"津島町高田":[33.129977,132.539337],"大浦":[33.234733,132.552866],"吉田町沖村":[33.287341,132.536916],"寄松":[33.200358,132.543442],"吉田町浅川":[33.265391,132.533002],"祝森":[33.167109,132.549735],"宮下":[33.200153,132.552785],"吉田町知永":[33.264903,132.554619],"吉田町鶴間":[33.272399,132.537743],"坂下津":[33.217332,132.552979],"吉田町立間尻":[33.272019,132.542331],"吉田町立間":[33.291412,132.54599],"保田":[33.184116,132.554786],"吉田町西小路":[33.279734,132.539337],"吉田町東小路":[33.281776,132.541781],"吉田町北小路":[33.282795,132.541723],"吉田町魚棚":[33.275306,132.540205],"吉田町本町":[33.273892,132.542886],"吉田町裡町":[33.274818,132.54285],"別当5":[33.210832,132.545939],"別当4":[33.212165,132.547389],"別当6":[33.209017,132.548108],"別当3":[33.210978,132.547656],"保手3":[33.213463,132.551317],"別当2":[33.209959,132.548314],"保手4":[33.213652,132.549918],"保手5":[33.211815,132.550453],"別当1":[33.208826,132.550113],"川内":[33.195538,132.5661],"保手2":[33.212,132.552698],"築地町1":[33.225114,132.555598],"長堀2":[33.210629,132.555938],"長堀3":[33.20891,132.552081],"築地町2":[33.224512,132.555269],"夏目町3":[33.20623,132.553114],"高串":[33.250958,132.571545],"住吉町3":[33.229509,132.552988],"保手1":[33.213232,132.553735],"夏目町1":[33.207522,132.554891],"長堀1":[33.210154,132.556218],"夏目町2":[33.206079,132.554176],"弁天町2":[33.223742,132.557666],"住吉町2":[33.227977,132.556576],"住吉町":[33.230019,132.555243],"中沢町2":[33.206989,132.555947],"新田町4":[33.214132,132.555587],"明倫町1":[33.219714,132.557162],"並松2":[33.206323,132.557132],"明倫町2":[33.219986,132.558501],"明倫町5":[33.216502,132.557997],"中沢町1":[33.209051,132.557571],"弁天町3":[33.224148,132.557398],"新田町3":[33.211823,132.558327],"文京町":[33.217534,132.561381],"新田町2":[33.21375,132.559001],"住吉町1":[33.22721,132.558503],"並松1":[33.208055,132.558027],"藤江":[33.232627,132.56],"明倫町4":[33.217774,132.558966],"弁天町1":[33.223053,132.558426],"栄町港2":[33.222776,132.562665],"桝形町3":[33.221035,132.560796],"明倫町3":[33.220009,132.55921],"山際3":[33.208916,132.559096],"山際4":[33.210207,132.559699],"新田町1":[33.212159,132.559828],"朝日町4":[33.225455,132.559486],"須賀通":[33.228293,132.562098],"寿町2":[33.223995,132.560481],"山際2":[33.209447,132.560907],"曙町":[33.223338,132.560763],"佐伯町2":[33.215134,132.561771],"元結掛2":[33.210304,132.561665],"山際1":[33.209001,132.561625],"山際":[33.207675,132.560456],"朝日町3":[33.225526,132.560458],"天赦公園":[33.215827,132.56097],"元結掛1":[33.212617,132.561891],"桝形町1":[33.218864,132.562093],"朝日町2":[33.225592,132.561401],"桝形町2":[33.220365,132.561922],"栄町港3":[33.223898,132.563434],"寿町1":[33.225183,132.56292],"佐伯町1":[33.215446,132.562836],"朝日町1":[33.225666,132.562437],"神田川原":[33.213851,132.567007],"丸之内4":[33.220711,132.562687],"丸之内3":[33.217577,132.563599],"御殿町":[33.216278,132.565261],"丸之内5":[33.222088,132.564994],"御徒町":[33.213791,132.563457],"伊吹町":[33.236068,132.573879],"丸之内1":[33.217984,132.567264],"栄町港1":[33.223024,132.564328],"御幸町1":[33.227189,132.564922],"御幸町2":[33.226518,132.564282],"桜町":[33.215545,132.564933],"和霊町":[33.229148,132.57633],"妙典寺前":[33.206986,132.569355],"恵美須町2":[33.224696,132.565267],"丸之内2":[33.217514,132.565218],"恵美須町1":[33.223364,132.56587],"鶴島町":[33.226199,132.566867],"新町2":[33.223728,132.567614],"和霊公園":[33.227696,132.565454],"新町1":[33.223043,132.568056],"錦町":[33.224048,132.567551],"京町":[33.216321,132.569173],"広小路":[33.216895,132.568637],"中央町2":[33.222096,132.568724],"和霊元町1":[33.22699,132.567733],"堀端町":[33.217638,132.568108],"和霊元町4":[33.229541,132.568076],"中央町1":[33.221125,132.569352],"和霊元町2":[33.227481,132.568474],"賀古町2":[33.215801,132.569648],"本町追手2":[33.219935,132.570103],"天神町":[33.226791,132.571031],"賀古町1":[33.215554,132.57045],"和霊元町3":[33.227788,132.569375],"丸穂町4":[33.222007,132.569712],"和霊中町3":[33.231139,132.570633],"丸穂町3":[33.223446,132.570789],"和霊中町2":[33.230327,132.570005],"本町追手1":[33.218747,132.571053],"丸穂町2":[33.222957,132.570823],"笹町2":[33.213895,132.569836],"和霊中町1":[33.230686,132.570718],"大宮町2":[33.22084,132.570709],"愛宕町3":[33.217488,132.570893],"三間町是能":[33.287211,132.588848],"笹町1":[33.213609,132.571017],"愛宕町2":[33.216619,132.57146],"大宮町3":[33.221564,132.572031],"大宮町1":[33.220911,132.573129],"泉町3":[33.234223,132.571288],"泉町1":[33.232586,132.572077],"和霊東町3":[33.231809,132.572872],"和霊東町1":[33.229402,132.572916],"宇和津町3":[33.217226,132.57254],"丸穂町1":[33.22335,132.580423],"愛宕町1":[33.215701,132.572039],"野川":[33.216343,132.575997],"三間町曽根":[33.28454,132.593687],"泉町4":[33.234199,132.572568],"泉町2":[33.234028,132.572734],"大超寺奥":[33.208862,132.580679],"和霊東町2":[33.231286,132.574316],"丸穂":[33.221532,132.576132],"宇和津町2":[33.216105,132.573975],"宇和津町1":[33.216589,132.577985],"柿原":[33.241326,132.589195],"光満":[33.256654,132.57784],"三間町成家":[33.291584,132.596733],"三間町務田":[33.28508,132.596165],"三間町大藤":[33.299739,132.591589],"三間町戸雁":[33.297348,132.60146],"三間町迫目":[33.281289,132.608173],"三間町宮野下":[33.294238,132.613959],"吉田町東小路甲":[33.277216,132.540213]}