{"保内町広早":[33.524706,132.381202],"保内町川之石":[33.477388,132.39694],"保内町宮内":[33.484271,132.398208],"保内町喜木津":[33.530666,132.395054],"向灘":[33.465532,132.423823],"舌間":[33.446138,132.413581],"栗野浦":[33.450291,132.42384],"保内町磯崎":[33.544212,132.415648],"保内町喜木":[33.482623,132.406397],"合田":[33.440584,132.416906],"川上町白石":[33.430484,132.412399],"保内町須川":[33.484283,132.429329],"川上町川名津":[33.430575,132.420068],"（大字なし）":[33.462101,132.44315],"八代":[33.434552,132.429071],"北浜1":[33.461716,132.422497],"大谷口2":[33.455558,132.422157],"大平":[33.46815,132.42905],"大谷口1":[33.456411,132.423126],"広瀬1":[33.454793,132.426236],"広瀬3":[33.453126,132.427449],"広瀬2":[33.455741,132.426831],"古町1":[33.455458,132.430205],"古町2":[33.454693,132.430124],"産業通":[33.455392,132.432735],"江戸岡1":[33.458087,132.434134],"矢野町":[33.457227,132.424212],"五反田":[33.439838,132.440929],"元城団地":[33.446188,132.435784],"江戸岡2":[33.456854,132.434864],"高野地":[33.467376,132.442462],"松柏":[33.463547,132.44655],"国木":[33.450813,132.459916],"郷":[33.477498,132.481206],"川之内":[33.467341,132.478506],"広瀬4":[33.449845,132.426813],"八代1":[33.44914,132.430646],"（大字なし）東新川":[33.456695,132.430093]}