{"磯浦町":[33.955443,133.251183],"新居浜乙":[33.943701,133.243136],"大生院":[33.910332,133.262393],"萩生":[33.910952,133.263856],"星越町":[33.946682,133.271566],"王子町":[33.953979,133.262687],"惣開町":[33.970731,133.2494],"新田町2":[33.956288,133.261731],"新田町3":[33.957408,133.260135],"新田町1":[33.959495,133.263319],"西原町3":[33.965707,133.266371],"前田町":[33.955718,133.268896],"西原町2":[33.967477,133.268714],"西原町1":[33.964157,133.270225],"北新町":[33.957627,133.26947],"江口町":[33.956355,133.270356],"中須賀町2":[33.968917,133.273475],"河内町":[33.953256,133.2764],"中須賀町1":[33.964683,133.273141],"大江町":[33.970794,133.274991],"西町":[33.969103,133.275873],"西の土居町2":[33.949931,133.277623],"泉池町":[33.964971,133.273934],"泉宮町":[33.962839,133.277743],"大永山":[33.9157,133.281983],"宮西町":[33.960955,133.278525],"一宮町2":[33.959263,133.277973],"久保田町2":[33.95626,133.279485],"菊本町1":[33.970741,133.282272],"港町":[33.971441,133.276345],"若水町2":[33.96898,133.282015],"滝の宮町":[33.945265,133.279215],"若水町1":[33.966291,133.281329],"徳常町":[33.964521,133.283602],"本郷2":[33.937311,133.282979],"横水町":[33.939594,133.280956],"本郷3":[33.932371,133.283933],"西の土居町1":[33.949883,133.282651],"一宮町1":[33.9595,133.280566],"中萩町":[33.9267,133.283571],"繁本町":[33.96236,133.279121],"上原4":[33.916808,133.284326],"久保田町1":[33.956675,133.286177],"菊本町2":[33.984323,133.278674],"久保田町3":[33.955454,133.286641],"上原3":[33.926628,133.2807],"上原1":[33.923792,133.283568],"政枝町3":[33.940122,133.284894],"上原2":[33.919735,133.287318],"新須賀町2":[33.967784,133.289018],"高木町":[33.9518,133.287657],"政枝町2":[33.944245,133.285634],"新須賀町1":[33.964819,133.291016],"本郷1":[33.935752,133.285336],"新須賀町3":[33.969435,133.283248],"政枝町1":[33.948181,133.284709],"田所町":[33.963519,133.291814],"中村1":[33.932896,133.290054],"御蔵町":[33.915519,133.285897],"八雲町":[33.960555,133.292082],"中村松木2":[33.939163,133.289978],"庄内町1":[33.958625,133.288642],"中村2":[33.929063,133.291842],"中村3":[33.927311,133.29223],"新須賀町4":[33.969705,133.289815],"中村松木1":[33.939254,133.286117],"中村4":[33.922986,133.291115],"庄内町4":[33.953923,133.28799],"土橋1":[33.934893,133.293865],"坂井町1":[33.945906,133.291584],"清水町":[33.982085,133.292133],"山田町":[33.919903,133.297403],"庄内町3":[33.955862,133.299601],"土橋2":[33.933592,133.294515],"庄内町5":[33.951869,133.295151],"庄内町2":[33.959459,133.294177],"松木町":[33.940538,133.293862],"平形町":[33.961286,133.295389],"坂井町2":[33.94793,133.294407],"垣生6":[33.985579,133.316226],"南小松原町":[33.970708,133.296338],"坂井町3":[33.947454,133.295184],"篠場町":[33.92295,133.297702],"松の木町":[33.97965,133.299634],"西喜光地町":[33.937411,133.297391],"沢津町3":[33.978486,133.299651],"沢津町1":[33.973968,133.295971],"東雲町1":[33.968642,133.295503],"松原町":[33.937518,133.30029],"庄内町6":[33.95462,133.299681],"瀬戸町":[33.94513,133.296698],"西連寺町1":[33.928164,133.299193],"沢津町2":[33.974774,133.300613],"西泉町":[33.928908,133.298054],"喜光地町1":[33.934226,133.295322],"喜光地町2":[33.93311,133.302657],"東雲町2":[33.963308,133.302178],"高津町":[33.971488,133.301918],"桜木町":[33.969282,133.29719],"下泉町1":[33.946978,133.302009],"西連寺町2":[33.923555,133.30069],"寿町":[33.941672,133.299298],"東雲町3":[33.960208,133.300771],"宮原町":[33.931839,133.300728],"城下町":[33.951983,133.302762],"郷5":[33.956911,133.30299],"山根町":[33.919402,133.300453],"宇高町4":[33.979764,133.305001],"宇高町3":[33.979239,133.305536],"立川町":[33.913212,133.31167],"中西町":[33.926476,133.301034],"宇高町2":[33.972656,133.305923],"星原町":[33.938094,133.302269],"中筋町2":[33.921361,133.305169],"上泉町":[33.936673,133.310538],"宇高町1":[33.970108,133.306733],"下泉町2":[33.948442,133.306497],"中筋町1":[33.928794,133.303209],"郷4":[33.958421,133.304736],"北内町1":[33.932742,133.308146],"郷1":[33.963483,133.303963],"観音原町":[33.950295,133.318562],"岸の上町1":[33.944609,133.312041],"八幡1":[33.977758,133.313828],"八幡2":[33.981745,133.312486],"北内町4":[33.928389,133.308636],"宇高町5":[33.972557,133.306906],"外山町":[33.938365,133.31376],"高田2":[33.971458,133.310692],"高田1":[33.969022,133.308567],"郷2":[33.965785,133.308815],"郷3":[33.960845,133.31115],"北内町3":[33.929151,133.31134],"北内町2":[33.933397,133.31157],"岸の上町2":[33.943377,133.311962],"角野新田町3":[33.922768,133.311739],"東田1":[33.94803,133.321057],"清住町":[33.961651,133.31177],"田の上4":[33.975356,133.315494],"角野新田町2":[33.926548,133.314725],"吉岡町":[33.932593,133.312918],"八幡3":[33.984247,133.31522],"田の上1":[33.968772,133.316719],"垣生1":[33.980037,133.314046],"種子川町":[33.922693,133.314757],"東田2":[33.941201,133.322929],"神郷2":[33.965366,133.318778],"垣生2":[33.977311,133.316955],"角野新田町1":[33.92614,133.316858],"神郷1":[33.96694,133.318153],"田の上2":[33.973756,133.318593],"田の上3":[33.974888,133.318226],"国領1":[33.938439,133.320881],"船木":[33.941823,133.324267],"種子川山":[33.917403,133.319887],"垣生5":[33.986737,133.319099],"垣生4":[33.983607,133.318976],"角野":[33.929431,133.319522],"又野2":[33.969866,133.32453],"落神町":[33.964776,133.322639],"松神子1":[33.972796,133.322337],"垣生3":[33.981327,133.324806],"又野1":[33.970685,133.325079],"松神子4":[33.976281,133.32128],"光明寺1":[33.94785,133.322025],"松神子2":[33.975866,133.324369],"松神子3":[33.976035,133.325709],"長岩町":[33.978379,133.327412],"七宝台町":[33.942642,133.332026],"郷":[33.959065,133.309187],"又野3":[33.970466,133.327972],"光明寺2":[33.954647,133.334696],"多喜浜2":[33.981449,133.329714],"多喜浜1":[33.975882,133.338602],"多喜浜3":[33.976335,133.338542],"楠崎1":[33.975113,133.338791],"楠崎2":[33.972667,133.339492],"黒島":[33.991498,133.338524],"黒島1":[33.984565,133.342819],"多喜浜6":[33.978044,133.347848],"多喜浜4":[33.974595,133.344182],"黒島2":[33.98367,133.345753],"多喜浜5":[33.974204,133.347983],"阿島1":[33.98037,133.355521],"大島":[33.995308,133.368614],"阿島2":[33.975149,133.357694],"阿島3":[33.968889,133.360115],"阿島4":[33.964403,133.375177],"荷内町":[33.975641,133.380867],"阿島":[33.976602,133.380458],"東田3":[33.943351,133.322708]}