{"市坪西町":[33.806621,132.743592],"市坪南3":[33.806341,132.754678],"市坪北2":[33.812301,132.752221],"市坪南2":[33.810838,132.751988],"市坪南1":[33.810847,132.754507],"市坪北1":[33.812487,132.754818],"古川西3":[33.807276,132.760312],"和泉南4":[33.814942,132.76026],"和泉南3":[33.816393,132.760412],"古川西1":[33.809891,132.760189],"古川西2":[33.808045,132.760395],"和泉南5":[33.813212,132.7605],"和泉南6":[33.811941,132.760228],"和泉北4":[33.818846,132.758448],"古川南3":[33.804132,132.767849],"古川南2":[33.805951,132.76972],"朝生田町7":[33.82075,132.765229],"古川北4":[33.80939,132.767675],"古川南1":[33.807969,132.76758],"和泉南1":[33.81793,132.767518],"和泉南2":[33.816143,132.766187],"古川北2":[33.813424,132.767335],"古川北1":[33.817019,132.767732],"古川北3":[33.810431,132.767281],"朝生田町4":[33.82212,132.765178],"拓川町":[33.82508,132.767341],"北井門5":[33.802533,132.772735],"朝生田町6":[33.821222,132.769427],"朝生田町3":[33.822143,132.767545],"井門町":[33.800766,132.776298],"立花4":[33.829299,132.770894],"立花6":[33.826518,132.771167],"朝生田町2":[33.824318,132.770889],"居相3":[33.811433,132.770733],"西石井4":[33.812449,132.770151],"西石井3":[33.818766,132.770385],"居相4":[33.806997,132.77238],"居相6":[33.806194,132.772392],"朝生田町5":[33.820682,132.772163],"立花5":[33.827088,132.771877],"立花1":[33.831694,132.769832],"西石井5":[33.813164,132.772361],"西石井2":[33.819196,132.772296],"居相2":[33.810888,132.772362],"立花2":[33.828108,132.773593],"朝生田町1":[33.823181,132.775726],"立花3":[33.825341,132.774655],"居相1":[33.809456,132.77545],"北井門4":[33.801517,132.77403],"西石井6":[33.81247,132.774642],"居相5":[33.806925,132.774723],"西石井1":[33.81611,132.774768],"北井門3":[33.804933,132.777188],"天山3":[33.818062,132.776873],"祇園町":[33.827651,132.774691],"東石井5":[33.814128,132.777404],"中村4":[33.829331,132.778461],"中村3":[33.830739,132.779074],"中村5":[33.824535,132.778365],"東石井7":[33.806595,132.776883],"中村2":[33.833091,132.779357],"中村1":[33.834152,132.779707],"東石井6":[33.811422,132.779006],"天山1":[33.822327,132.780122],"天山2":[33.822249,132.781618],"東石井2":[33.815953,132.782336],"東石井3":[33.813613,132.783001],"北土居5":[33.806334,132.781256],"北井門1":[33.804953,132.781582],"東石井1":[33.818433,132.781604],"北井門2":[33.801615,132.783247],"東石井4":[33.812735,132.78294],"小坂4":[33.829425,132.783011],"小坂5":[33.826051,132.783026],"小坂3":[33.82991,132.782841],"小坂1":[33.833795,132.781956],"越智3":[33.80852,132.782715],"星岡3":[33.814132,132.782954],"日の出町":[33.83717,132.781319],"小坂2":[33.831914,132.782987],"福音寺町":[33.822894,132.799088],"北土居4":[33.805612,132.78555],"星岡2":[33.817437,132.785424],"北土居3":[33.801554,132.785577],"枝松5":[33.829114,132.785966],"枝松1":[33.836575,132.787384],"枝松2":[33.834783,132.786399],"枝松3":[33.832229,132.786056],"枝松4":[33.830238,132.786554],"枝松6":[33.825223,132.786392],"越智2":[33.810012,132.785448],"星岡4":[33.812272,132.78915],"森松町":[33.78433,132.802579],"星岡5":[33.810014,132.788587],"樽味4":[33.83972,132.790782],"樽味1":[33.841982,132.791846],"星岡1":[33.819597,132.789472],"土居町":[33.798171,132.791195],"越智1":[33.80796,132.789055],"北土居1":[33.80675,132.789219],"北土居2":[33.801034,132.786013],"束本2":[33.82898,132.788534],"松末2":[33.823871,132.791453],"束本1":[33.830877,132.788745],"星岡町":[33.808251,132.789011],"桑原1":[33.836216,132.789476],"桑原6":[33.833673,132.789815],"松末1":[33.829003,132.792393],"北久米町":[33.820003,132.799112],"樽味2":[33.841262,132.793036],"桑原7":[33.828897,132.795271],"今在家1":[33.808279,132.793509],"今在家4":[33.803366,132.794066],"今在家2":[33.806335,132.793554],"今在家3":[33.804263,132.793808],"桑原2":[33.836293,132.793112],"桑原5":[33.830498,132.792516],"樽味3":[33.839398,132.795353],"東野1":[33.843534,132.795347],"三町3":[33.823576,132.803056],"三町2":[33.827122,132.797474],"三町1":[33.827877,132.797288],"桑原3":[33.831648,132.797358],"桑原4":[33.831192,132.796611],"来住町":[33.807422,132.798149],"正円寺4":[33.836147,132.796348],"南久米町":[33.809611,132.805854],"正円寺1":[33.84027,132.798572],"今在家町":[33.809031,132.794701],"南土居町":[33.79937,132.806592],"上野町":[33.778557,132.804114],"畑寺2":[33.830338,132.802736],"畑寺3":[33.827441,132.802666],"正円寺2":[33.83917,132.79868],"南高井町":[33.792988,132.818659],"西野町":[33.763353,132.807296],"正円寺3":[33.838162,132.800309],"新石手":[33.846413,132.802669],"畑寺1":[33.835445,132.802691],"東野2":[33.843589,132.800919],"畑寺4":[33.825418,132.804269],"東野6":[33.835306,132.80225],"東野5":[33.83824,132.802262],"石手白石":[33.846245,132.805172],"石手1":[33.849918,132.801222],"東野3":[33.843169,132.811964],"東野4":[33.841876,132.806717],"畑寺町":[33.84022,132.807493],"溝辺町":[33.850696,132.804402],"大橋町":[33.782059,132.814901],"鷹子町":[33.814773,132.817189],"恵原町":[33.760041,132.819196],"久米窪田町":[33.807667,132.816707],"高井町":[33.794077,132.809083],"高野町":[33.85087,132.807152],"上高野町":[33.859281,132.810462],"上川原町":[33.779377,132.809574],"浄瑠璃町":[33.750392,132.824021],"小村町":[33.778082,132.81733],"東方町":[33.748778,132.826953],"食場町":[33.863327,132.816072],"平井町":[33.812585,132.842148],"中野町":[33.779246,132.837202],"末町":[33.869344,132.823627],"水泥町":[33.804567,132.831689],"津吉町":[33.773155,132.836347],"南梅本町":[33.803032,132.849159],"北梅本町":[33.812956,132.851472],"小野町":[33.838758,132.853686],"泊町":[33.87928,132.681673],"由良町":[33.903446,132.680804],"西垣生町":[33.808635,132.693851],"門田町":[33.921864,132.694754],"南吉田町":[33.832939,132.697711],"北吉田町":[33.846121,132.700067],"高浜町1":[33.877212,132.704163],"高浜町5":[33.888318,132.705596],"高浜町3":[33.884503,132.704603],"大可賀3":[33.84587,132.700691],"高浜町2":[33.883992,132.702755],"高浜町4":[33.885476,132.70461],"梅津寺町":[33.870273,132.710496],"高浜町6":[33.890931,132.708946],"三津ふ頭":[33.862278,132.710155],"東垣生町":[33.813854,132.711419],"別府町":[33.844589,132.730293],"高岡町":[33.826795,132.725729],"海岸通":[33.851627,132.704908],"三津1":[33.86553,132.713188],"新浜町":[33.871581,132.715901],"勝岡町":[33.898942,132.730365],"三津2":[33.863712,132.713908],"石風呂町":[33.873823,132.7199],"三津3":[33.86133,132.715787],"梅田町":[33.860499,132.715294],"須賀町":[33.858233,132.718171],"松江町":[33.855278,132.715538],"大可賀1":[33.853997,132.715296],"大可賀2":[33.852798,132.715205],"住吉2":[33.864186,132.71681],"清住2":[33.849321,132.720157],"北斎院町":[33.836263,132.738788],"太山寺町":[33.887962,132.73364],"清住1":[33.854267,132.719391],"神田町":[33.861907,132.718971],"辰巳町":[33.86741,132.719945],"住吉1":[33.862721,132.718907],"久保田町":[33.822704,132.723903],"松ノ木1":[33.870296,132.722335],"三杉町":[33.863058,132.722694],"中須賀3":[33.864361,132.721828],"古三津6":[33.855466,132.72419],"祓川1":[33.857474,132.722761],"山西町":[33.851378,132.734553],"祓川2":[33.861699,132.722451],"春美町":[33.869215,132.723515],"松ノ木2":[33.870916,132.723059],"中須賀2":[33.867418,132.722921],"中須賀1":[33.863964,132.725787],"古三津1":[33.860467,132.726181],"会津町":[33.86086,132.728742],"高山町":[33.867948,132.727569],"桜ケ丘":[33.867739,132.729887],"古三津5":[33.856295,132.728864],"富久町":[33.822832,132.733135],"南斎院町":[33.831669,132.738737],"内浜町":[33.866703,132.728699],"古三津2":[33.857202,132.728644],"空港通7":[33.827835,132.72809],"空港通6":[33.826792,132.732028],"東山町":[33.863844,132.736224],"古三津3":[33.860325,132.734751],"ひばりケ丘":[33.86175,132.7322],"古三津4":[33.854988,132.734382],"和気町2":[33.902418,132.734217],"船ケ谷町":[33.871758,132.736478],"衣山5":[33.848763,132.738856],"空港通5":[33.825696,132.734414],"みどりケ丘":[33.859101,132.733725],"衣山4":[33.850484,132.738906],"針田町":[33.819941,132.738375],"青葉台":[33.857268,132.736271],"南江戸6":[33.843958,132.735655],"久万ノ台":[33.861764,132.75004],"空港通4":[33.82988,132.736792],"和気町1":[33.891515,132.740742],"朝日ケ丘1":[33.845146,132.73665],"安城寺町":[33.875146,132.746992],"西長戸町":[33.864297,132.74833],"馬木町":[33.892915,132.747749],"南江戸町":[33.838441,132.737802],"空港通3":[33.827741,132.738795],"余戸東5":[33.815826,132.737783],"堀江町":[33.898876,132.750826],"衣山3":[33.853499,132.741285],"土居田町":[33.821359,132.754329],"生石町":[33.831053,132.74524],"空港通2":[33.827983,132.744862],"衣山2":[33.851951,132.744061],"朝日ケ丘2":[33.848531,132.745766],"美沢2":[33.848874,132.745801],"保免西2":[33.817337,132.742924],"保免西4":[33.814366,132.742875],"高木町":[33.888281,132.746762],"保免西3":[33.814791,132.744923],"保免西1":[33.818693,132.745523],"保免中3":[33.814646,132.749128],"中央2":[33.855476,132.748357],"衣山1":[33.85402,132.748134],"志津川町":[33.876619,132.748441],"朝美1":[33.84319,132.746542],"南江戸3":[33.839559,132.744777],