{"森":[33.741508,132.681521],"中村":[33.732468,132.691554],"本郡":[33.74505,132.6944],"尾崎":[33.74679,132.697121],"市場":[33.738166,132.697509],"米湊":[33.75331,132.709642],"三島町":[33.750162,132.697118],"灘町":[33.754974,132.699226],"湊町":[33.764163,132.700979],"下吾川":[33.770179,132.71439],"稲荷":[33.744499,132.713595],"上吾川":[33.752961,132.710159],"下三谷":[33.756849,132.726426],"上三谷":[33.755734,132.73842],"上野":[33.762167,132.748154],"宮下":[33.772113,132.756257],"八倉":[33.785147,132.763764]}