{"三瓶町有網代":[33.377135,132.415559],"三瓶町安土":[33.376981,132.421826],"三瓶町垣生":[33.382648,132.416637],"三瓶町朝立":[33.391842,132.429631],"三瓶町津布理":[33.380471,132.42312],"宇和町郷内":[33.385263,132.456794],"宇和町岩木":[33.393005,132.477953],"宇和町西山田":[33.381785,132.461661],"宇和町山田":[33.375843,132.471569],"宇和町伊延":[33.424327,132.500495],"宇和町小原":[33.392617,132.479058],"宇和町小野田":[33.360181,132.487315],"宇和町野田":[33.358287,132.495151],"宇和町清沢":[33.388337,132.489582],"宇和町杢所":[33.402378,132.501158],"宇和町田苗真土":[33.409604,132.502118],"宇和町永長":[33.378022,132.499572],"宇和町久枝":[33.356957,132.499561],"宇和町岡山":[33.423841,132.502004],"宇和町河内":[33.426281,132.503182],"宇和町伊賀上":[33.358684,132.520004],"宇和町れんげ":[33.386556,132.499721],"宇和町下松葉":[33.378321,132.505431],"宇和町上松葉":[33.380882,132.507383],"宇和町坂戸":[33.386487,132.506054],"宇和町神領":[33.365055,132.505907],"宇和町大江":[33.411545,132.510571],"宇和町ひまわり":[33.369592,132.505596],"宇和町久保":[33.440958,132.52201],"宇和町卯之町2":[33.361842,132.506121],"宇和町瀬戸":[33.422579,132.512534],"宇和町卯之町3":[33.361421,132.511579],"宇和町卯之町1":[33.36944,132.506526],"宇和町信里":[33.440189,132.519019],"宇和町加茂":[33.402761,132.512124],"宇和町東多田":[33.422568,132.512164],"宇和町卯之町4":[33.361541,132.520379],"宇和町明石":[33.360967,132.525525],"宇和町卯之町5":[33.359591,132.525233],"宇和町田野中":[33.400689,132.534387],"宇和町皆田":[33.341867,132.54225],"宇和町稲生":[33.357288,132.525686],"宇和町新城":[33.386374,132.527705],"宇和町伊崎":[33.398077,132.532931],"宇和町常定寺":[33.389366,132.533694],"宇和町平野":[33.403183,132.541822],"宇和町窪":[33.392686,132.538074],"宇和町下川":[33.342831,132.560106],"宇和町明間":[33.347982,132.589847],"野村町野村":[33.376155,132.646981],"野村町平野":[33.38999,132.64739],"野村町阿下":[33.380478,132.649017],"野村町蔵良":[33.389786,132.655024]}