{"土居町上野":[33.951996,133.40623],"土居町北野":[33.953409,133.397994],"土居町天満":[33.970017,133.426094],"土居町畑野":[33.948357,133.415305],"土居町土居":[33.960915,133.429573],"土居町浦山":[33.950407,133.427867],"土居町入野":[33.95481,133.428509],"土居町蕪崎":[33.977831,133.438324],"土居町中村":[33.95827,133.446852],"土居町小林":[33.95398,133.446643],"土居町藤原":[33.961396,133.446403],"土居町津根":[33.964177,133.460548],"土居町野田":[33.968438,133.461963],"豊岡町長田":[33.959107,133.470038],"豊岡町岡銅":[33.960883,133.475365],"豊岡町五良野":[33.960724,133.479855],"豊岡町豊田":[33.965027,133.481826],"豊岡町大町":[33.961918,133.48381],"寒川町":[33.964724,133.524308],"三島中央1":[33.985658,133.544095],"具定町":[33.964373,133.527035],"中之庄町":[33.974731,133.536898],"三島金子1":[33.982008,133.538967],"三島金子2":[33.980753,133.539611],"三島金子3":[33.977162,133.538377],"中曽根町":[33.970539,133.552718],"三島中央4":[33.979979,133.541408],"三島中央5":[33.97861,133.539935],"三島中央3":[33.981465,133.544299],"村松町":[33.999116,133.557275],"三島中央2":[33.981449,133.545745],"三島宮川1":[33.986438,133.549712],"三島宮川3":[33.982515,133.549486],"三島宮川4":[33.983106,133.553478],"三島宮川2":[33.985299,133.550729],"三島紙屋町":[33.990245,133.555847],"川之江町":[34.007258,133.569096],"三島朝日1":[33.986997,133.55566],"三島朝日3":[33.985265,133.556799],"上柏町":[33.97792,133.55833],"三島朝日2":[33.989895,133.55675],"妻鳥町":[33.999687,133.559103],"下柏町":[33.983956,133.562079],"金生町下分":[33.99959,133.591507],"上分町":[33.994257,133.589729],"川之江町長須":[34.034922,133.596099],"金田町金川":[33.966541,133.601934],"金田町三角寺":[33.969368,133.595117],"金生町山田井":[34.020082,133.605439],"川之江町余木":[34.040384,133.597072],"金田町半田":[33.992435,133.604988],"柴生町":[34.008068,133.629209],"川滝町下山":[33.988747,133.637902],"川滝町領家":[33.98631,133.641336],"下川町":[33.999242,133.632698]}