{"東明神":[33.675533,132.890437],"西明神":[33.670007,132.892185],"久万":[33.660224,132.898649],"入野":[33.66063,132.896663],"下野尻":[33.640511,132.91009],"菅生":[33.6706,132.900888],"上野尻":[33.651877,132.901458]}