{"八倉":[33.779615,132.776735],"田ノ浦":[33.767344,132.775613],"重光":[33.787351,132.783473],"麻生":[33.778413,132.784713],"三角":[33.765288,132.779197],"原町":[33.769433,132.788514],"拾町":[33.778919,132.783277],"上原町":[33.767476,132.788733],"高尾田":[33.781607,132.804964],"宮内":[33.762465,132.791986],"川井":[33.763358,132.787938]}