{"大字北川原":[33.800512,132.708428],"大字筒井":[33.798159,132.70923],"大字北黒田":[33.785278,132.704624],"大字浜":[33.787396,132.702566],"大字南黒田":[33.776876,132.711455],"大字西古泉":[33.798963,132.711008],"大字東古泉":[33.789121,132.718899],"大字昌農内":[33.799713,132.717604],"大字西高柳":[33.806445,132.715833],"大字大溝":[33.778159,132.717483],"大字恵久美":[33.794117,132.721579],"大字永田":[33.785346,132.726362],"大字横田":[33.779939,132.731758],"大字上高柳":[33.800657,132.725755],"大字鶴吉":[33.786446,132.744958],"大字神崎":[33.78738,132.736807],"大字大間":[33.796904,132.739394],"大字中川原":[33.80103,132.752529],"大字出作":[33.790895,132.750308],"大字徳丸":[33.791229,132.759985]}