{"内子":[33.556975,132.655213],"五十崎":[33.527987,132.656713],"城廻":[33.556595,132.659164],"知清":[33.555031,132.662067],"平岡":[33.530189,132.668689],"五百木":[33.559578,132.662862],"重松":[33.532489,132.670032]}