{"大字内深田":[33.267177,132.663097],"大字奈良":[33.251285,132.677533],"大字中野川":[33.249159,132.675558],"大字清延":[33.257438,132.674797],"大字近永":[33.251687,132.677395],"大字芝":[33.249916,132.679772],"大字国遠":[33.267365,132.684673],"大字成藤":[33.270788,132.677343],"大字永野市":[33.249414,132.691004],"大字出目":[33.267502,132.692502],"大字興野々":[33.252171,132.705482]}