{"西浜":[33.506061,133.902894],"津久茂町":[33.501781,133.890631],"黒鳥":[33.508758,133.900697],"桜ケ丘町":[33.504117,133.893843],"千歳町":[33.500312,133.897149],"本町5":[33.501243,133.897572],"染井町":[33.502662,133.897836],"植野":[33.515099,133.893634],"井ノ口乙":[33.535825,133.913226],"宝永町":[33.506426,133.899501],"清和町":[33.499503,133.900384],"本町4":[33.501284,133.901379],"庄之芝町":[33.502679,133.902413],"幸町":[33.503426,133.901916],"寿町":[33.498395,133.904763],"土居":[33.505264,133.915356],"本町3":[33.500154,133.905648],"矢ノ丸4":[33.504818,133.906538],"久世町":[33.500901,133.905886],"僧津":[33.5218,133.909595],"矢ノ丸2":[33.502207,133.907297],"東浜":[33.504112,133.913647],"日ノ出町":[33.496378,133.911166],"本町2":[33.497986,133.909553],"本町1":[33.50053,133.911033],"矢ノ丸1":[33.502132,133.911105],"矢ノ丸3":[33.503757,133.911582],"花園町":[33.505902,133.911166],"港町1":[33.498666,133.912756],"港町2":[33.502127,133.913831],"川北甲":[33.508041,133.923045],"伊尾木":[33.508282,133.951972],"下山":[33.471676,133.949189],"穴内乙":[33.502787,133.881664],"井ノ口甲":[33.527938,133.903667],"川北乙":[33.52762,133.919885],"川北":[33.508538,133.927681]}