{"春野町弘岡上":[33.506215,133.460849],"春野町森山":[33.491249,133.484343],"春野町弘岡中":[33.523311,133.474508],"針木西":[33.530235,133.469189],"宗安寺":[33.574986,133.478803],"針木北2":[33.536363,133.472948],"春野町西畑":[33.471004,133.471961],"針木南":[33.533586,133.474876],"朝倉丙":[33.55225,133.470754],"針木北1":[33.537369,133.478206],"針木本町":[33.536625,133.477975],"春野町弘岡下":[33.50106,133.486581],"春野町仁ノ":[33.46902,133.4952],"朝倉戊":[33.538021,133.491146],"針木東町":[33.534606,133.478287],"朝倉西町2":[33.53952,133.482275],"朝倉己":[33.538334,133.495721],"朝倉丁":[33.545258,133.484451],"大谷公園町":[33.53779,133.482356],"尾立":[33.568479,133.486174],"朝倉西町1":[33.54457,133.485072],"鵜来巣":[33.540499,133.486043],"槙山町":[33.53908,133.487409],"春野町秋山":[33.482774,133.502774],"曙町2":[33.550548,133.488348],"朝倉乙":[33.546164,133.485022],"柴巻":[33.589544,133.50051],"春野町西分":[33.498854,133.494097],"岩ヶ淵":[33.556828,133.489683],"蓮台":[33.584194,133.492199],"朝倉本町2":[33.545987,133.489679],"鳥越":[33.562437,133.49238],"朝倉甲":[33.54204,133.503642],"若草町":[33.543324,133.490521],"口細山":[33.568679,133.496769],"若草南町":[33.543183,133.491405],"西塚ノ原":[33.564817,133.494586],"上本宮町":[33.554464,133.497554],"曙町1":[33.548794,133.495594],"朝倉本町1":[33.548412,133.494461],"朝倉横町":[33.545141,133.496086],"大谷":[33.557182,133.494642],"朝倉南町":[33.543571,133.496024],"塚ノ原":[33.561759,133.498522],"横内":[33.565434,133.502734],"福井町":[33.577435,133.502196],"鴨部高町":[33.552072,133.498259],"朝倉東町":[33.544859,133.500097],"神田":[33.539743,133.524033],"鴨部上町":[33.551513,133.500385],"鴨部3":[33.546894,133.502907],"本宮町":[33.555774,133.501868],"長尾山町":[33.559752,133.501748],"鴨部1":[33.550951,133.510042],"佐々木町":[33.560754,133.503307],"春野町芳原":[33.511084,133.512302],"円行寺":[33.580662,133.515195],"鴨部2":[33.549579,133.505902],"鴨部":[33.547994,133.511124],"春野町甲殿":[33.478207,133.517206],"水源町":[33.556912,133.50345],"旭天神町":[33.561891,133.504436],"旭上町":[33.557864,133.505459],"旭町3":[33.555988,133.508489],"下島町":[33.554657,133.508706],"南元町":[33.556595,133.508292],"鏡川町":[33.553803,133.504158],"元町":[33.557661,133.507784],"万々":[33.573203,133.518349],"春野町西諸木":[33.492885,133.510358],"福井扇町":[33.566541,133.512155],"旭駅前町":[33.556577,133.509574],"北端町":[33.559675,133.510326],"旭町2":[33.555897,133.512238],"中須賀町":[33.558813,133.514081],"縄手町":[33.554966,133.513447],"赤石町":[33.55696,133.511652],"城山町":[33.550244,133.516364],"春野町東諸木":[33.48289,133.521826],"中万々":[33.569012,133.519988],"山手町":[33.559302,133.514658],"福井東町":[33.565509,133.517092],"石立町":[33.553436,133.518491],"旭町1":[33.556924,133.515704],"春野町平和":[33.501847,133.520687],"井口町":[33.558142,133.517712],"みづき1":[33.581042,133.518078],"玉水町":[33.555466,133.5167],"春野町南ケ丘4":[33.519415,133.517271],"平和町":[33.560364,133.516174],"春野町南ケ丘3":[33.515955,133.51649],"西久万":[33.573459,133.52431],"三ノ丸":[33.561836,133.516305],"みづき3":[33.582998,133.521429],"春野町内ノ谷":[33.498668,133.52606],"南万々":[33.566914,133.521048],"春野町南ケ丘8":[33.519835,133.520455],"本丁筋":[33.557065,133.516351],"東城山町":[33.551155,133.520281],"山ノ端町":[33.56147,133.522702],"宮前町":[33.559523,133.519245],"水通町":[33.556407,133.516776],"新屋敷2":[33.563064,133.522618],"春野町南ケ丘5":[33.517949,133.518264],"三谷":[33.597323,133.535558],"上町5":[33.557532,133.518559],"春野町南ケ丘2":[33.51539,133.518339],"通町":[33.555955,133.516909],"南久万":[33.572093,133.522742],"東石立町":[33.552816,133.525647],"みづき2":[33.58113,133.523023],"西町":[33.559453,133.522268],"上町4":[33.55767,133.520312],"春野町南ケ丘1":[33.515352,133.520578],"春野町南ケ丘6":[33.518828,133.520533],"河ノ瀬町":[33.55076,133.526031],"春野町南ケ丘7":[33.518473,133.522867],"春野町南ケ丘9":[33.520968,133.522535],"南河ノ瀬町":[33.548623,133.524825],"八反町2":[33.567369,133.524422],"上町3":[33.555079,133.522668],"新屋敷1":[33.565972,133.524512],"大膳町":[33.558983,133.524613],"宇津野":[33.58184,133.531469],"中久万":[33.571935,133.527786],"北八反町":[33.569682,133.523754],"加賀野井2":[33.578232,133.527146],"越前町2":[33.561418,133.525237],"上町2":[33.555085,133.524386],"八反町1":[33.567368,133.526552],"長浜蒔絵台2":[33.513912,133.52952],"長浜蒔絵台1":[33.515008,133.528292],"幸崎":[33.543826,133.525202],"加賀野井1":[33.580147,133.52938],"長浜":[33.50048,133.547972],"越前町1":[33.560267,133.526888],"城北町":[33.565463,133.527291],"小石木町":[33.551074,133.532321],"桜馬場":[33.561818,133.527122],"上町1":[33.556307,133.527195],"中秦泉寺":[33.579649,133.537923],"東久万":[33.575426,133.532176],"大原町":[33.551154,133.530397],"宝町":[33.568577,133.529088],"丸ノ内1":[33.561363,133.533517],"小津町":[33.563665,133.530778],"深谷町":[33.536508,133.539388],"南中山":[33.536564,133.536035],"升形":[33.557835,133.528715],"鷹匠町2":[33.55648,133.531697],"一ツ橋町2":[33.574695,133.529998],"北中山":[33.540385,133.535845],"伊勢崎町":[33.569917,133.531691],"横浜":[33.53036,133.555297],"西秦泉寺":[33.575624,133.536593],"丸ノ内2":[33.562494,133.5333],"一ツ橋町1":[33.573116,133.532381],"本町5":[33.557424,133.531488],"幸町":[33.569346,133.532083],"入明町":[33.565604,133.532251],"横浜新町2":[33.519556,133.53291],"横浜新町3":[33.514179,133.53517],"七ツ淵":[33.598397,133.549779],"大川筋2":[33.564906,133.535892],"吉田町":[33.572301,133.535314],"横浜新町1":[33.5195,133.534694],"相模町":[33.570062,133.535439],"本町4":[33.556891,133.533637],"三園町":[33.573693,133.534684],"中水道":[33.568,133.536098],"洞ヶ島町":[33.566747,133.533702],"筆山町":[33.552112,133.53961],"高見町":[33.54123,133.539639],"鷹匠町1":[33.556555,133.536899],"北秦泉寺":[33.584106,133.54255],"永国寺町":[33.563406,133.536142],"北高見町":[33.546982,133.538896],"追手筋2":[33.560942,133.536833],"帯屋町2":[33.559962,133.537086],"寿町":[33.566518,133.535468],"天神町":[33.554152,133.541158],"本町3":[33.557486,133.536599],"横浜新町4":[33.51831,133.537976],"唐人町":[33.556277,133.548488],"愛宕山":[33.576351,133.539211],"愛宕町4":[33.57449,133.538052],"横浜新町5":[33.514408,133.539869],"塩屋崎町2":[33.549474,133.541828],"愛宕町3":[33.572194,133.537966],"愛宕町1":[33.565967,133.538029],"横浜西町":[33.515866,133.545474],"愛宕町2":[33.567532,133.539908],"本町2":[33.557894,133.537966],"横浜南町":[33.512113,133.541129],"廿代町":[33.563463,133.541982],"大川筋1":[33.563942,133.542421],"与力町":[33.556895,133.53996],"北竹島町":[33.544515,133.543097],"追手筋1":[33.562021,133.542289],"前里":[33.576436,133.541328],"新本町1":[33.569781,133.543648],"帯屋町1":[33.561299,133.542132],"愛宕山南町":[33.572893,133.542256],"本町1":[33.558209,133.539853],"昭和町":[33.570205,133.543711],"北本町1":[33.56582,133.542191],"和泉町":[33.571157,133.543586],"瀬戸南町1":[33.510248,133.543588],"六泉寺町":[33.536899,133.546933],"塩屋崎町1":[33.55086,133.542278],"栄田町1":[33.567688,133.542036],"堺町":[33.559274,133.541799],"瀬戸西町3":[33.510935,133.54387],"孕西町":[33.536172,133.544178],"瀬戸西町1":[33.515122,133.545033],"秦南町1":[33.575692,133.545333],"竹島町":[33.540664,133.545179],"瀬戸南町2":[33.505586,133.544346],"東秦泉寺":[33.578499,133.548855],"梅ノ辻":[33.553329,133.544624],"百石町2":[33.546694,133.545413],"瀬戸西町2":[33.513379,133.544197],"はりまや町1":[33.560256,133.546398],"南はりまや町1":[33.558981,133.544233],"北本町2":[33.566469,133.547353],"百石町1":[33.550348,133.544864],"栄田町2":[33.567547,133.544624],"重倉":[33.602929,133.561995],"はりまや町2":[33.561261,133.546539],"はりまや町3":[33.56376,133.546773],"駅前町":[33.565723,133.543961],"百石町4":[33.54354,133.547351],"土居町":[33.55509,133.54623],"桟橋通1":[33.550989,133.547454],"新本町2":[33.569171,133.548191],"南はりまや町2":[33.558629,133.546218],"百石町3":[33.545282,133.548027],"瀬戸":[33.508322,133.546818],"塩田町":[33.570609,133.54694],"瀬戸2":[33.504354,133.547131],"相生町":[33.564076,133.546817],"瀬戸1":[33.516766,133.545936],"桟橋通2":[33.548273,133.548989],"南竹島町":[33.537101,133.547422],"瀬戸東町3":[33.509415,133.550153],"薊野":[33.599965,133.559874],"横浜東町":[33.521792,133.546887],"秦南町2":[33.575777,133.547961],"栄田町3":[33.56747,133.547952],"瀬戸東町2":[33.51267,133.549633],"久礼野":[33.623311,133.566132],"瀬戸東町1":[33.516128,133.548036],"南ノ丸町":[33.541939,133.549864],"役知町":[33.553989,133.550588],"桟橋通3":[33.546988,133.551719],"潮新町1":[33.551868,133.550446],"九反田":[33.556144,133.551592],"菜園場町":[33.559818,133.550085],"比島町3":[33.572569,133.551319],"比島町4":[33.573966,133.552048],"桜井町1":[33.563036,133.549862],"薊野北町1":[33.579036,133.55376],"北本町3":[33.563718,133.550276],"桟橋通4":[33.542365,133.552389],"薊野西町1":[33.575059,133.550901],"桟橋通5":[33.536867,133.549364],"比島町1":[33.568193,133.55109],"比島町2":[33.572352,133.553944],"薊野北町3":[33.584937,133.555803],"潮新町2":[33.550261,133.552594],