{"永野":[33.466543,133.34157],"積善寺":[33.470239,133.343028],"家俊":[33.463061,133.359154],"宮ノ内":[33.47207,133.357843],"西鴨地":[33.469781,133.355383],"本村":[33.469425,133.36408],"東鴨地":[33.476746,133.362446],"太郎丸":[33.464709,133.365026],"甲原":[33.486995,133.376082],"北地":[33.489521,133.391981],"波介":[33.486624,133.42511],"出間":[33.479141,133.394037],"高岡町丁":[33.518837,133.428416],"蓮池":[33.490382,133.41396],"高岡町乙":[33.49841,133.428525],"高岡町甲":[33.494337,133.421599],"高岡町丙":[33.497571,133.437651],"用石":[33.487608,133.439524],"宇佐町宇佐":[33.439429,133.434188],"塚地":[33.477889,133.441384],"宇佐町渭浜":[33.445209,133.433525],"宇佐町井尻":[33.436873,133.443096],"宇佐町福島":[33.440682,133.43552],"宇佐町竜":[33.431607,133.452729],"中島":[33.491607,133.449406],"新居":[33.458915,133.473264]}