{"爪白":[32.794694,132.854532],"三崎":[32.794498,132.872278],"竜串":[32.78716,132.8728],"斧積":[32.814185,132.87931],"三崎浦4":[32.791072,132.875675],"三崎浦3":[32.789355,132.877032],"三崎浦1":[32.791094,132.880652],"三崎浦2":[32.789437,132.882643],"上野":[32.829893,132.900588],"下益野":[32.799125,132.912395],"横道":[32.815635,132.920331],"加久見":[32.789527,132.943308],"大岐":[32.821089,132.944767],"養老":[32.781765,132.932396],"戎町":[32.774007,132.955576],"西町":[32.781983,132.946372],"加久見新町":[32.791556,132.95039],"加久見入沢町":[32.787376,132.949139],"浜町":[32.778653,132.948621],"汐見町":[32.782205,132.949125],"小江町":[32.779857,132.950876],"越前町":[32.783621,132.952135],"以布利":[32.79373,132.970542],"寿町":[32.779647,132.953063],"幸町":[32.780884,132.953555],"栄町":[32.77829,132.955935],"中浜":[32.754975,132.96824],"市場町":[32.776299,132.956459],"本町":[32.777525,132.956396],"中央町":[32.778738,132.955439],"天神町":[32.779466,132.955511],"元町":[32.779932,132.958294],"旭町":[32.789944,132.963571],"清水":[32.777306,132.960655],"厚生町":[32.774521,132.96911],"緑ケ丘":[32.78385,132.966243],"大浜":[32.753273,132.967231],"松尾":[32.734855,132.98645],"グリーンハイツ":[32.788321,132.974129],"浦尻":[32.788157,132.975968],"窪津":[32.772365,133.006956],"足摺岬":[32.726497,133.019804],"大谷":[32.75996,133.013344],"津呂":[32.760825,133.014527]}