{"須崎":[33.381842,133.296818],"池ノ内":[33.39997,133.285277],"多ノ郷甲":[33.405414,133.291002],"下分乙":[33.384779,133.272736],"下分甲":[33.38736,133.277714],"西町2":[33.387837,133.28021],"西町1":[33.387688,133.282439],"泉町":[33.392213,133.282011],"幸町":[33.389596,133.283151],"山手町":[33.402521,133.283772],"中町1":[33.389454,133.284424],"栄町":[33.392095,133.283205],"西糺町":[33.392938,133.285561],"大間本町":[33.404337,133.286224],"中町2":[33.38846,133.284677],"横町":[33.390053,133.284492],"浜町1":[33.388051,133.292327],"大間西町":[33.403615,133.286676],"大間東町":[33.409294,133.289062],"赤崎町":[33.415222,133.292608],"西古市町":[33.389681,133.286402],"南古市町":[33.388751,133.288764],"東糺町":[33.391207,133.287599],"東古市町":[33.389465,133.288705],"潮田町":[33.404515,133.288811],"鍛治町":[33.391451,133.290546],"緑町":[33.41395,133.292017],"原町2":[33.392856,133.292474],"浜町2":[33.387993,133.291107],"青木町":[33.389481,133.290682],"桐間西":[33.408663,133.29308],"西崎町":[33.412074,133.293649],"原町1":[33.391307,133.293454],"新町1":[33.390488,133.292248],"港町":[33.392709,133.295131],"新町2":[33.390525,133.293763],"桐間南":[33.407526,133.2974],"吾井郷乙":[33.416576,133.292286],"妙見町":[33.414068,133.29813],"神田":[33.406241,133.292664],"桐間東":[33.410764,133.297035],"押岡":[33.407785,133.331009],"土崎町":[33.414604,133.301506],"多ノ郷乙":[33.390104,133.304851],"多ノ郷":[33.405836,133.291325]}