{"野市町深渕":[33.571828,133.689901],"野市町上岡":[33.556792,133.685767],"野市町下井":[33.548845,133.708514],"野市町西野":[33.56245,133.702379],"吉川町吉原":[33.5519,133.689353],"野市町父養寺":[33.58714,133.698811],"野市町西佐古":[33.590753,133.708096],"野市町母代寺":[33.582728,133.707835],"野市町大谷":[33.569337,133.704628],"野市町東野":[33.562014,133.702583],"野市町東佐古":[33.585818,133.712982],"吉川町古川":[33.54454,133.704586],"野市町新宮":[33.565739,133.718371],"野市町みどり野1":[33.565122,133.714152],"赤岡町":[33.540631,133.729672],"野市町土居":[33.557879,133.725047],"野市町中山田":[33.566875,133.723083],"野市町兎田":[33.57477,133.724201],"野市町みどり野2":[33.563675,133.715566],"野市町みどり野3":[33.563696,133.716994],"野市町みどり野4":[33.563353,133.719226],"野市町本村":[33.579643,133.733385],"野市町中ノ村":[33.569437,133.731613],"野市町みどり野東2":[33.566182,133.72101],"野市町みどり野東1":[33.566642,133.723101],"野市町みどり野東3":[33.566935,133.722773],"香我美町山北":[33.579495,133.744483],"香我美町徳王子":[33.554068,133.751414],"香我美町岸本":[33.54636,133.74819],"香我美町下分":[33.572771,133.751526],"香我美町上分":[33.566565,133.759832],"夜須町坪井":[33.540534,133.761224],"夜須町千切":[33.536355,133.761949],"夜須町西山":[33.548458,133.770545],"夜須町手結山":[33.521379,133.773453],"夜須町手結":[33.527041,133.760159],"香我美町口西川":[33.586421,133.756399],"夜須町出口":[33.540317,133.767567],"夜須町十ノ木":[33.548083,133.772846],"夜須町上夜須":[33.553824,133.778309]}