{"大字唐浜":[33.438939,133.975552],"大字安田":[33.439367,133.984444]}