{"大字河内":[33.543933,134.298538],"大字生見":[33.52811,134.282812],"大字白浜":[33.543301,134.296257],"大字甲浦":[33.550274,134.301736]}