{"吉野":[33.75311,133.562875],"寺家":[33.752885,133.572284],"北山":[33.76078,133.58979],"本山":[33.75627,133.596],"大石":[33.753171,133.598037],"井窪":[33.755412,133.603077],"下津野":[33.760181,133.597319],"吉延":[33.740924,133.607359],"高角":[33.749144,133.609431],"木能津":[33.755452,133.619721],"上関":[33.772667,133.619055],"古田":[33.748383,133.618695]}