{"御坊畑":[33.019638,132.986086],"上田の口":[33.010436,132.986683],"下田の口":[33.01536,133.002179],"田野浦":[32.993575,133.001988],"出口":[32.987471,132.99941],"入野":[33.028304,133.005715],"加持":[33.046407,133.009457],"浮鞭":[33.039359,133.039606],"上川口":[33.039564,133.05973],"有井川":[33.040731,133.070788],"伊田":[33.034671,133.077201],"藤縄":[33.099401,133.095255],"佐賀":[33.084506,133.100732],"灘":[33.039114,133.09117],"白濱":[33.057582,133.098449],"伊與喜":[33.104182,133.09818],"熊井":[33.100484,133.097876]}