{"土樋1":[38.247116,140.880866],"土樋":[38.246058,140.885678],"荒町":[38.248179,140.886635],"清水小路":[38.251288,140.881804],"五橋3":[38.252257,140.885819],"東七番丁":[38.251748,140.883484],"新寺1":[38.256835,140.884853],"連坊小路":[38.25057,140.895164],"東八番丁":[38.250578,140.884587],"石名坂":[38.246032,140.888295],"石垣町":[38.247082,140.886068],"連坊1":[38.253212,140.890061],"堰場":[38.242201,140.886659],"新寺3":[38.25528,140.890529],"東九番丁":[38.250374,140.885059],"新寺2":[38.256818,140.890584],"弓ノ町":[38.246809,140.887717],"河原町1":[38.237308,140.889821],"舟丁":[38.244772,140.888108],"南鍛冶町":[38.24762,140.88907],"南材木町":[38.243807,140.889477],"穀町":[38.245609,140.889765],"元茶畑":[38.250197,140.892287],"南石切町":[38.242237,140.889717],"河原町2":[38.238819,140.894245],"新弓ノ町":[38.24166,140.891267],"畳屋丁":[38.244753,140.891644],"南染師町":[38.243038,140.890029],"成田町":[38.247309,140.897712],"五十人町":[38.245309,140.897205],"連坊2":[38.251399,140.895842],"三百人町":[38.246281,140.897473],"新寺4":[38.254297,140.894609],"八軒小路":[38.242253,140.891444],"新寺5":[38.255639,140.896077],"表柴田町":[38.248103,140.896746],"若林2":[38.230515,140.898933],"若林1":[38.234444,140.898591],"南小泉":[38.240541,140.925681],"裏柴田町":[38.249056,140.896094],"六十人町":[38.24433,140.896979],"二軒茶屋":[38.253981,140.897091],"文化町":[38.24355,140.899384],"古城1":[38.237967,140.897679],"木ノ下1":[38.249687,140.899908],"古城2":[38.237815,140.903589],"木ノ下4":[38.249259,140.903242],"南小泉3":[38.240173,140.902501],"椌木通":[38.248106,140.901157],"若林3":[38.232863,140.903146],"保春院前丁":[38.24434,140.900957],"西新丁":[38.247716,140.899863],"南小泉1":[38.243204,140.902252],"若林4":[38.227958,140.90325],"木ノ下2":[38.25016,140.902099],"東新丁":[38.248276,140.902563],"若林5":[38.2315,140.906785],"一本杉町":[38.246248,140.905634],"木ノ下5":[38.248469,140.904909],"南小泉4":[38.239527,140.90381],"木ノ下3":[38.252607,140.906344],"若林7":[38.224101,140.908198],"南小泉2":[38.240773,140.907388],"大和町1":[38.24856,140.909379],"古城3":[38.235394,140.911359],"若林6":[38.226841,140.907954],"白萩町":[38.251472,140.910498],"沖野2":[38.230643,140.916888],"遠見塚1":[38.23803,140.914723],"遠見塚2":[38.239815,140.917197],"沖野3":[38.226299,140.916013],"沖野4":[38.222039,140.910057],"中倉1":[38.244623,140.913146],"日辺":[38.207537,140.921266],"沖野1":[38.231396,140.915782],"沖野5":[38.224197,140.912913],"大和町2":[38.246781,140.915724],"志波町":[38.251284,140.914212],"上飯田1":[38.221128,140.920394],"遠見塚東":[38.239776,140.919008],"上飯田2":[38.219944,140.911819],"沖野6":[38.224185,140.921862],"中倉2":[38.243981,140.91864],"大和町4":[38.250865,140.917978],"霞目1":[38.239409,140.921189],"遠見塚3":[38.243586,140.920979],"沖野7":[38.227427,140.922597],"大和町3":[38.248254,140.920455],"卸町1":[38.252259,140.919357],"かすみ町":[38.239318,140.926228],"中倉3":[38.24648,140.922644],"上飯田":[38.218996,140.922798],"上飯田3":[38.213373,140.924498],"卸町3":[38.258817,140.926558],"卸町2":[38.253453,140.927191],"大和町5":[38.250762,140.926825],"沖野":[38.227657,140.930178],"上飯田4":[38.216246,140.931341],"蒲町":[38.244606,140.936083],"今泉":[38.202698,140.940101],"今泉2":[38.211618,140.930141],"今泉1":[38.213294,140.931909],"六丁の目元町":[38.250711,140.934965],"霞目":[38.23376,140.936127],"霞目2":[38.234231,140.93212],"卸町4":[38.260628,140.935956],"卸町5":[38.255736,140.931635],"六郷":[38.213675,140.93543],"下飯田":[38.215134,140.944086],"六丁の目西町":[38.254771,140.937658],"伊在":[38.246239,140.935016],"荒井":[38.238839,140.944228],"六丁の目南町":[38.249223,140.943865],"種次":[38.188065,140.946028],"長喜城":[38.237443,140.937625],"六丁の目中町":[38.252879,140.945483],"卸町東1":[38.257141,140.941742],"二木":[38.213632,140.944457],"卸町東3":[38.254754,140.944477],"飯田":[38.215841,140.943175],"三本塚":[38.210365,140.948648],"六丁目":[38.247838,140.950284],"卸町東2":[38.259128,140.949461],"六丁の目東町":[38.249872,140.956797],"六丁の目北町":[38.253426,140.95221],"卸町東4":[38.256131,140.951498],"藤塚":[38.185217,140.957766],"鶴代町":[38.258581,140.955398],"卸町東5":[38.253994,140.957043],"井土":[38.199153,140.963979],"荒浜":[38.212169,140.979667],"荒浜新2":[38.218119,140.976724],"荒浜新1":[38.219905,140.976606],"荒井3":[38.239321,140.942418],"荒井南":[38.236081,140.942797]}