{"秋保町境野":[38.246522,140.700961],"秋保町湯元":[38.233677,140.691388],"秋保町湯向":[38.229489,140.725222],"茂庭":[38.222857,140.776974],"坪沼":[38.189318,140.771216],"茂庭台5":[38.241518,140.784928],"茂庭台1":[38.229931,140.788159],"茂庭台4":[38.239676,140.787493],"茂庭台2":[38.231075,140.786149],"茂庭台3":[38.239209,140.789313],"人来田3":[38.218832,140.805996],"人来田2":[38.222767,140.8029],"人来田1":[38.22435,140.803336],"日本平":[38.222669,140.813552],"旗立3":[38.226885,140.812652],"山田自由ケ丘":[38.226695,140.820287],"太白3":[38.22928,140.81813],"太白2":[38.234647,140.818787],"羽黒台":[38.219449,140.825498],"山田本町":[38.215652,140.83155],"旗立1":[38.223463,140.822382],"旗立2":[38.223398,140.814257],"太白1":[38.232071,140.822632],"鈎取":[38.217873,140.847785],"佐保山":[38.233768,140.824432],"ひより台":[38.228182,140.829337],"上野山2":[38.224989,140.829024],"山田北前町":[38.220618,140.826592],"上野山3":[38.230133,140.829282],"上野山1":[38.222732,140.834271],"山田上ノ台町":[38.2198,140.834589],"御堂平":[38.229992,140.836293],"八木山南3":[38.235304,140.835828],"八木山南5":[38.233822,140.833622],"鈎取本町2":[38.223985,140.835236],"山田":[38.210968,140.840703],"八木山南1":[38.239037,140.833133],"山田新町":[38.216571,140.835918],"八木山南6":[38.232306,140.835516],"鈎取本町1":[38.220741,140.84446],"長町":[38.248044,140.852297],"八木山南4":[38.233826,140.837711],"八木山本町2":[38.237564,140.848353],"鈎取3":[38.227946,140.840207],"鈎取4":[38.223769,140.842668],"八木山南2":[38.23596,140.838383],"金剛沢3":[38.233086,140.845817],"鈎取2":[38.224561,140.844744],"金剛沢2":[38.231329,140.84471],"八木山本町1":[38.244256,140.849893],"鈎取1":[38.222269,140.848517],"金剛沢1":[38.230011,140.849942],"大谷地":[38.224846,140.847999],"八木山東2":[38.232661,140.847669],"富田":[38.2063,140.855085],"西多賀4":[38.221744,140.853422],"西多賀5":[38.216641,140.855936],"三神峯2":[38.228496,140.850702],"八木山東1":[38.235305,140.850559],"西の平2":[38.229986,140.855979],"松が丘":[38.241186,140.853782],"西多賀3":[38.222218,140.85689],"若葉町":[38.238251,140.854138],"桜木町":[38.242332,140.85715],"西の平1":[38.227519,140.857768],"恵和町":[38.237203,140.857319],"八木山香澄町":[38.24663,140.865387],"三神峯1":[38.225293,140.860598],"青山1":[38.241129,140.859376],"芦の口":[38.232055,140.857387],"富沢":[38.214229,140.856675],"西多賀2":[38.221848,140.861334],"大塒町":[38.233981,140.8619],"富沢3":[38.217256,140.864612],"八木山松波町":[38.24319,140.858782],"青山2":[38.238342,140.864105],"土手内3":[38.231069,140.859795],"土手内1":[38.226328,140.86407],"西多賀1":[38.224314,140.860022],"向山1":[38.248762,140.867357],"八木山弥生町":[38.239405,140.865675],"緑ケ丘4":[38.23629,140.866779],"柳生5":[38.193448,140.864429],"緑ケ丘2":[38.232426,140.864221],"富沢2":[38.218757,140.865015],"土手内2":[38.230241,140.862557],"柳生6":[38.199886,140.864655],"八木山緑町":[38.245454,140.865769],"柳生":[38.200249,140.874479],"緑ケ丘3":[38.235202,140.869398],"泉崎2":[38.223687,140.867645],"砂押町":[38.227123,140.867081],"富沢南1":[38.212993,140.869737],"緑ケ丘1":[38.22941,140.869502],"富沢南2":[38.2121,140.869387],"富沢4":[38.215272,140.870433],"大野田":[38.213917,140.873334],"長嶺":[38.237342,140.870081],"柳生7":[38.19702,140.869658],"柳生4":[38.196521,140.869629],"富沢1":[38.217637,140.870779],"向山2":[38.247678,140.868275],"向山3":[38.242744,140.873164],"砂押南町":[38.226694,140.869119],"泉崎1":[38.222614,140.870954],"萩ケ丘":[38.242546,140.873895],"鹿野3":[38.224679,140.873583],"南大野田":[38.209003,140.875448],"鹿野本町":[38.233288,140.875552],"鹿野2":[38.228256,140.874592],"二ツ沢":[38.233645,140.872486],"柳生3":[38.188867,140.871375],"茂ケ崎2":[38.239689,140.874343],"柳生2":[38.1957,140.872058],"柳生1":[38.198622,140.874343],"長町南4":[38.223306,140.874343],"向山4":[38.243728,140.87935],"茂ケ崎3":[38.236099,140.877376],"鹿野1":[38.232973,140.877914],"西中田7":[38.193335,140.879278],"長町7":[38.226692,140.881383],"西中田5":[38.196622,140.880306],"茂ケ崎1":[38.240966,140.880524],"長町南3":[38.221724,140.878117],"西中田3":[38.198996,140.880825],"長町8":[38.229505,140.880013],"越路":[38.243243,140.882646],"門前町":[38.236054,140.882039],"西中田2":[38.202041,140.881628],"茂ケ崎4":[38.240696,140.881842],"大野田3":[38.210295,140.882209],"大野田2":[38.212266,140.880067],"大野田1":[38.216609,140.88044],"西中田6":[38.193715,140.882989],"長町南2":[38.217192,140.882637],"長町南1":[38.225107,140.881225],"根岸町":[38.236891,140.886795],"西中田4":[38.196214,140.883256],"太子堂":[38.212003,140.882926],"長町2":[38.235212,140.884444],"長町4":[38.231807,140.883789],"西中田1":[38.200045,140.883088],"長町6":[38.225608,140.884901],"長町5":[38.230342,140.88663],"中田7":[38.189423,140.885167],"東大野田":[38.209869,140.891584],"諏訪町":[38.213326,140.885913],"中田1":[38.204666,140.885145],"中田6":[38.193625,140.891077],"あすと長町3":[38.220774,140.886389],"中田3":[38.197743,140.887147],"中田5":[38.197308,140.891255],"長町3":[38.231572,140.886404],"長町1":[38.234439,140.885808],"あすと長町2":[38.225503,140.886326],"郡山7":[38.214821,140.892721],"あすと長町1":[38.229477,140.887762],"郡山6":[38.220691,140.890711],"郡山8":[38.21183,140.892187],"中田2":[38.202371,140.891576],"郡山2":[38.222254,140.891222],"中田4":[38.198436,140.891414],"あすと長町4":[38.226882,140.888593],"郡山1":[38.225723,140.891298],"八本松1":[38.225574,140.897796],"八本松2":[38.229923,140.890207],"郡山5":[38.220424,140.895098],"中田町":[38.189393,140.906924],"郡山3":[38.225299,140.895244],"東中田6":[38.197729,140.896343],"東中田2":[38.200411,140.901345],"東中田1":[38.204894,140.900515],"郡山":[38.219204,140.898604],"郡山4":[38.224635,140.8997],"東中田5":[38.200061,140.901192],"東郡山2":[38.21827,140.907462],"東郡山1":[38.218768,140.908301],"袋原":[38.19672,140.907995],"東中田3":[38.200992,140.9059],"東中田4":[38.198865,140.90759],"袋原1":[38.200744,140.908963],"袋原2":[38.199167,140.916627],"袋原4":[38.198974,140.915982],"四郎丸":[38.189153,140.914675],"袋原3":[38.200461,140.913482],"袋原6":[38.195419,140.914944],"袋原5":[38.196708,140.917866],"秋保町長袋":[38.274666,140.651775]}