{"住吉台西3":[38.331831,140.776386],"住吉台西2":[38.328811,140.779872],"住吉台西4":[38.332365,140.784046],"西田中":[38.331924,140.795955],"住吉台西1":[38.328234,140.78392],"住吉台東1":[38.32691,140.790748],"住吉台東3":[38.333017,140.787822],"住吉台東2":[38.328991,140.787247],"住吉台東4":[38.330532,140.793011],"住吉台東5":[38.329866,140.793701],"館1":[38.308013,140.800315],"実沢":[38.334733,140.841649],"館2":[38.314914,140.797563],"館3":[38.320669,140.80009],"小角":[38.332568,140.817819],"館4":[38.321176,140.805152],"館7":[38.309804,140.800863],"館6":[38.317144,140.802373],"館5":[38.320557,140.804083],"根白石":[38.366169,140.820989],"北中山4":[38.312922,140.812748],"北中山3":[38.315579,140.813539],"南中山5":[38.312521,140.816238],"北中山2":[38.318724,140.819898],"南中山6":[38.310373,140.823837],"南中山4":[38.31307,140.823072],"紫山4":[38.34835,140.822714],"北中山1":[38.318557,140.827151],"寺岡4":[38.341556,140.826507],"紫山5":[38.353598,140.827312],"紫山3":[38.34522,140.826206],"寺岡3":[38.33904,140.827217],"南中山2":[38.308438,140.832246],"南中山3":[38.312059,140.828713],"南中山1":[38.303922,140.831411],"紫山2":[38.346988,140.831639],"長命ケ丘6":[38.316267,140.833397],"寺岡2":[38.335993,140.834736],"紫山1":[38.344486,140.837008],"寺岡5":[38.343276,140.831108],"長命ケ丘3":[38.31013,140.84374],"寺岡6":[38.342878,140.838007],"長命ケ丘5":[38.316038,140.83802],"長命ケ丘4":[38.314354,140.840849],"長命ケ丘1":[38.317768,140.844153],"寺岡1":[38.335258,140.839423],"上谷刈":[38.310986,140.880087],"古内":[38.320702,140.849361],"長命ケ丘2":[38.310078,140.845659],"明通1":[38.345894,140.847682],"高森1":[38.336988,140.844099],"高森2":[38.342651,140.844571],"長命ケ丘東":[38.311428,140.846372],"明通2":[38.356978,140.847934],"高森3":[38.34339,140.849097],"高森4":[38.335641,140.849787],"加茂5":[38.314311,140.84833],"野村":[38.325815,140.86998],"加茂4":[38.312819,140.856087],"加茂3":[38.315433,140.853704],"明通3":[38.357174,140.856856],"高森6":[38.342458,140.853791],"高森5":[38.337618,140.853246],"加茂2":[38.315247,140.866561],"高森7":[38.34116,140.858286],"高森8":[38.338182,140.856115],"加茂1":[38.31337,140.86862],"桂2":[38.338507,140.861698],"北高森":[38.347798,140.862568],"七北田":[38.322387,140.893539],"桂3":[38.340688,140.865694],"明通4":[38.353009,140.865002],"桂1":[38.337988,140.866296],"泉ケ丘5":[38.361189,140.865256],"虹の丘4":[38.306698,140.866882],"桂4":[38.342244,140.869946],"泉ケ丘2":[38.354504,140.870247],"泉ケ丘4":[38.360075,140.867796],"将監10":[38.337163,140.873847],"将監13":[38.339938,140.869474],"虹の丘3":[38.302013,140.869741],"虹の丘2":[38.305322,140.870255],"上谷刈3":[38.318874,140.870774],"上谷刈5":[38.314844,140.877103],"将監9":[38.3304,140.876065],"泉ケ丘1":[38.351254,140.872955],"上谷刈4":[38.315018,140.876095],"泉ケ丘3":[38.35876,140.872419],"将監12":[38.339749,140.87517],"将監殿5":[38.343904,140.875898],"泉中央南":[38.319442,140.872371],"虹の丘1":[38.30756,140.878701],"将監11":[38.338385,140.874146],"みずほ台":[38.313525,140.882473],"将監殿4":[38.342161,140.875765],"上谷刈2":[38.317404,140.873706],"大沢3":[38.354543,140.878524],"泉中央1":[38.320509,140.882325],"大沢2":[38.350893,140.879449],"将監殿2":[38.343206,140.878174],"上谷刈1":[38.316781,140.876661],"将監8":[38.333532,140.87992],"将監7":[38.335262,140.880202],"将監6":[38.336617,140.880057],"将監5":[38.338715,140.880195],"将監殿3":[38.340787,140.880809],"上谷刈6":[38.313535,140.881175],"泉中央2":[38.328539,140.883039],"大沢1":[38.350837,140.882988],"将監殿1":[38.3378,140.883918],"将監2":[38.331293,140.884841],"黒松2":[38.309481,140.885243],"八乙女中央1":[38.312832,140.885439],"将監3":[38.332781,140.887144],"八乙女中央2":[38.317115,140.883942],"将監4":[38.33574,140.886492],"明石南6":[38.347627,140.883571],"黒松1":[38.303834,140.885517],"明石南5":[38.343832,140.886183],"八乙女中央5":[38.310638,140.888751],"八乙女中央3":[38.314845,140.889066],"泉中央3":[38.325395,140.888951],"泉中央4":[38.322135,140.887418],"明石南4":[38.345391,140.888872],"市名坂":[38.313159,140.900804],"将監1":[38.330624,140.890058],"黒松3":[38.306665,140.887834],"明石南3":[38.343419,140.887807],"旭丘堤2":[38.302681,140.891422],"八乙女中央4":[38.31247,140.89163],"旭丘堤1":[38.301183,140.892427],"明石南1":[38.341545,140.891545],"明石南2":[38.342212,140.892663],"東黒松":[38.305727,140.892958],"八乙女2":[38.30945,140.893051],"八乙女1":[38.311855,140.89416],"向陽台1":[38.336692,140.893219],"南光台3":[38.297445,140.897755],"山の寺2":[38.333381,140.900541],"南光台2":[38.295608,140.898403],"高玉町":[38.316703,140.89253],"向陽台2":[38.341748,140.894457],"南光台4":[38.29963,140.897689],"南光台1":[38.292238,140.898724],"友愛町":[38.314744,140.896405],"南光台5":[38.305462,140.896321],"八乙女4":[38.310977,140.900065],"山の寺1":[38.332916,140.901138],"松森":[38.313627,140.929167],"八乙女3":[38.30881,140.89881],"向陽台4":[38.336947,140.902672],"向陽台3":[38.339475,140.901297],"天神沢1":[38.325443,140.901744],"南光台6":[38.304395,140.900607],"向陽台5":[38.336371,140.902232],"天神沢2":[38.329056,140.901062],"南光台7":[38.301262,140.905345],"南光台南1":[38.29765,140.902503],"南光台南2":[38.296966,140.904886],"本田町":[38.321847,140.905784],"山の寺3":[38.335082,140.905479],"永和台":[38.326947,140.906551],"南光台南3":[38.295433,140.908898],"歩坂町":[38.321276,140.911395],"南光台東1":[38.299089,140.910176],"松陵3":[38.331119,140.913472],"松陵2":[38.330354,140.913355],"松陵1":[38.323457,140.913429],"南光台東2":[38.300369,140.917849],"松陵4":[38.334547,140.91805],"松陵5":[38.330736,140.918405],"鶴が丘2":[38.320331,140.921033],"南光台東3":[38.301588,140.916689],"鶴が丘4":[38.325603,140.924263],"鶴が丘3":[38.323742,140.924101],"鶴が丘1":[38.317059,140.929881]}