{"呼子町殿ノ浦":[33.531689,129.894535],"呼子町呼子":[33.534919,129.892833],"鎮西町横竹":[33.527,129.893395],"東山":[33.418903,129.897571],"枝去木":[33.488568,129.916614],"鎮西町石室":[33.497233,129.898792],"鎮西町中野":[33.533339,129.898932],"鎮西町丸田":[33.540338,129.901744],"唐川":[33.414521,129.917063],"北波多成渕":[33.402072,129.938019],"熊ノ峰":[33.40894,129.917745],"竹木場":[33.428181,129.932602],"重河内":[33.414568,129.924816],"横野":[33.539157,129.924115],"見借":[33.431277,129.942275],"中里":[33.523005,129.923823],"浦":[33.483951,129.940449],"佐志":[33.462006,129.937692],"北波多下平野":[33.383558,129.928511],"北波多上平野":[33.386713,129.93731],"屋形石":[33.530543,129.941108],"鎮西町高野":[33.49317,129.924418],"鎮西町岩野":[33.493138,129.925918],"菅牟田":[33.412102,129.937214],"佐志浜町":[33.476229,129.935678],"北波多山彦":[33.380066,129.942392],"佐志南":[33.469946,129.937484],"佐志中通":[33.473272,129.938067],"唐房1":[33.482493,129.937686],"山田":[33.410067,129.948616],"佐志中里":[33.472772,129.93604],"北波多田中":[33.38509,129.950935],"北波多竹有":[33.382299,129.945412],"唐房3":[33.483331,129.938612],"唐房2":[33.483159,129.937999],"唐房7":[33.485104,129.938253],"唐房4":[33.483622,129.939056],"唐房5":[33.483796,129.939244],"八幡町":[33.465116,129.93783],"桜町":[33.470333,129.937891],"橋本町":[33.467205,129.939164],"唐房6":[33.485231,129.939284],"畑島":[33.395465,129.956703],"北波多稗田":[33.369586,129.954547],"湊町":[33.526745,129.955916],"中瀬通":[33.47183,129.953019],"北波多徳須恵":[33.379176,129.952785],"相賀":[33.506822,129.961175],"鳩川":[33.495242,129.944687],"神田":[33.443285,129.960272],"二タ子":[33.454917,129.954542],"西唐津1":[33.463669,129.955539],"西唐津2":[33.463715,129.956388],"西唐津3":[33.466113,129.953303],"菜畑":[33.453017,129.963406],"藤崎通":[33.46912,129.95228],"妙見町":[33.467184,129.955997],"二タ子2":[33.461497,129.957799],"北波多大杉":[33.382682,129.951987],"海岸通":[33.47212,129.960702],"北波多岸山":[33.371623,129.976672],"二タ子1":[33.456156,129.959926],"千々賀":[33.402187,129.969552],"石志":[33.392961,129.973309],"二タ子3":[33.461245,129.964177],"西大島町":[33.480395,129.96351],"西旗町":[33.456376,129.962027],"朝日町":[33.451668,129.964148],"熊原町":[33.446974,129.965759],"東大島町":[33.473252,129.965238],"旭が丘":[33.433246,129.967828],"山下町":[33.451373,129.963639],"町田1":[33.442972,129.966598],"西浜町":[33.45753,129.963041],"桜馬場":[33.44858,129.963826],"南富士見町":[33.455058,129.964503],"江川町":[33.452347,129.964854],"元旗町":[33.453391,129.965589],"新興町":[33.445791,129.971272],"坊主町":[33.454189,129.967808],"富士見町":[33.455362,129.967052],"神集島":[33.540652,129.972879],"西寺町":[33.449978,129.966296],"町田2":[33.442576,129.967842],"弓鷹町":[33.44912,129.968718],"町田":[33.438014,129.974876],"平野町":[33.447276,129.967722],"町田3":[33.441012,129.972408],"新町":[33.448416,129.966895],"西城内":[33.45095,129.968754],"八百屋町":[33.448274,129.967558],"刀町":[33.448869,129.968671],"米屋町":[33.448222,129.96834],"北城内":[33.453329,129.972301],"紺屋町":[33.447195,129.968675],"長谷":[33.434724,129.976054],"呉服町":[33.448318,129.969376],"高砂町":[33.446533,129.970981],"南城内":[33.452151,129.9702],"京町":[33.446546,129.971487],"山本":[33.390016,129.983884],"相知町佐里":[33.341546,129.994674],"中町":[33.448853,129.972147],"養母田":[33.413485,129.98487],"町田5":[33.442814,129.972911],"大名小路":[33.451641,129.97311],"本町":[33.448548,129.971427],"町田4":[33.439033,129.974875],"和多田本村":[33.432919,129.982916],"木綿町":[33.446686,129.971945],"材木町":[33.446726,129.976283],"十人町":[33.444859,129.976822],"元石町":[33.442336,129.980607],"魚屋町":[33.446686,129.972404],"橋本":[33.40152,129.973245],"千代田町":[33.449542,129.975713],"東城内":[33.451234,129.977982],"栄町":[33.447858,129.979533],"大石町":[33.445585,129.976894],"相知町牟田部":[33.362456,130.006579],"和多田西山":[33.424366,129.981266],"和多田用尺":[33.437921,129.983717],"船宮町":[33.443576,129.979892],"水主町":[33.444001,129.97896],"久里":[33.401306,129.980684],"養母田鬼塚":[33.419877,129.987551],"東町":[33.444198,129.984762],"和多田大土井":[33.425018,129.990103],"東唐津1":[33.45156,129.982826],"和多田先石":[33.435971,129.990068],"東唐津4":[33.445301,129.987893],"東唐津2":[33.448922,129.982199],"和多田海士町":[33.443038,129.986281],"和多田南先石":[33.434828,129.987202],"双水":[33.394678,130.001158],"和多田天満町1":[33.431225,129.98806],"東唐津3":[33.447888,129.983901],"和多田百人町":[33.441693,129.987861],"中原":[33.416044,129.992202],"和多田天満町2":[33.430864,129.986352],"高島":[33.473517,129.99201],"和多田東百人町":[33.439804,129.989671],"相知町久保":[33.355569,130.001887],"相知町大野":[33.381662,130.006703],"松南町":[33.438581,130.002054],"原":[33.41695,130.00943],"夕日":[33.399724,130.000366],"柏崎":[33.409134,130.00946],"相知町相知":[33.346731,130.022174],"鏡":[33.425457,130.002129],"鏡新開":[33.434402,130.001337],"相知町平山下":[33.324783,130.012172],"相知町黒岩":[33.372867,130.006867],"相知町山崎":[33.355869,130.007153],"宇木":[33.378546,130.028093],"相知町伊岐佐":[33.359745,130.048477],"相知町中山":[33.350227,130.022098],"浜玉町浜崎":[33.450895,130.043289],"半田":[33.412602,130.029077],"相知町長部田":[33.336274,130.037057],"相知町千束":[33.351715,130.035427],"相知町横枕":[33.349329,130.030637],"相知町鷹取":[33.344749,130.024687],"浜玉町横田下":[33.431379,130.042698],"相知町湯屋":[33.342899,130.038699],"浜玉町東山田":[33.424772,130.058486],"浜玉町渕上":[33.455354,130.042657],"相知町町切":[33.325515,130.050965],"相知町田頭":[33.335949,130.045838],"厳木町本山":[33.334438,130.038272],"浜玉町横田上":[33.433887,130.047429],"相知町楠":[33.326745,130.05685],"浜玉町大江":[33.450604,130.049826],"浜玉町谷口":[33.449535,130.059208],"浜玉町南山":[33.442718,130.063308],"厳木町厳木":[33.324979,130.056983],"浜玉町五反田":[33.441694,130.068945],"浜玉町岡口":[33.44654,130.069875]}