{"東山代町川内野":[33.307054,129.775106],"山代町東分":[33.308761,129.793429],"山代町西大久保":[33.321725,129.778545],"山代町西分":[33.322132,129.784835],"山代町立岩":[33.3355,129.799875],"山代町久原":[33.314554,129.80742],"山代町城":[33.289611,129.812074],"山代町峰":[33.296393,129.813427],"山代町楠久":[33.296734,129.815212],"東山代町大久保":[33.273328,129.832613],"山代町福川内":[33.290728,129.817778],"東山代町滝川内":[33.258759,129.818756],"東山代町里":[33.290307,129.828788],"二里町大里乙":[33.257384,129.846822],"二里町中里甲":[33.242096,129.842825],"山代町楠久津":[33.297584,129.825448],"東山代町東大久保":[33.278509,129.834015],"瀬戸町":[33.301892,129.851995],"黒川町塩屋":[33.330656,129.850997],"東山代町浦川内":[33.27884,129.836844],"東山代町脇野":[33.27185,129.838469],"東山代町長浜":[33.279057,129.847954],"東山代町天神":[33.280535,129.843195],"黒川町黒塩":[33.312763,129.846742],"黒川町福田":[33.349545,129.860688],"波多津町煤屋":[33.358745,129.858287],"黒川町小黒川":[33.329298,129.85063],"黒川町大黒川":[33.331215,129.871993],"東山代町日尾":[33.27055,129.857019],"二里町中里乙":[33.244623,129.858342],"木須町":[33.286454,129.856496],"二里町大里甲":[33.261864,129.867974],"二里町八谷搦":[33.272414,129.870074],"波多津町辻":[33.385799,129.869163],"波多津町馬蛤潟":[33.36531,129.856542],"黒川町椿原":[33.317604,129.871616],"波多津町内野":[33.345546,129.883796],"波多津町畑津":[33.3649,129.878052],"松島町":[33.281852,129.874122],"新天町":[33.271739,129.874503],"立花町":[33.257927,129.87663],"大川内町丙":[33.261277,129.89745],"脇田町":[33.300343,129.882912],"蓮池町":[33.272495,129.871867],"伊万里町甲":[33.272835,129.872448],"伊万里町乙":[33.276657,129.880361],"大坪町丙":[33.258624,129.908623],"大坪町甲":[33.276454,129.893865],"大川内町乙":[33.258238,129.897649],"大坪町乙":[33.274486,129.891279],"大川内町甲":[33.259163,129.900078],"南波多町府招":[33.291092,129.90879]}