{"西多久町大字板屋":[33.270705,130.073066],"北多久町大字小侍":[33.29274,130.089607],"多久町":[33.270639,130.106439],"南多久町大字長尾":[33.269081,130.118368],"北多久町大字多久原":[33.283953,130.130953],"南多久町大字下多久":[33.267634,130.136041],"北多久町メイプルタウン":[33.288946,130.124194],"東多久町大字別府":[33.28435,130.146988],"東多久町大字納所":[33.273763,130.161568],"南多久町大字花祭":[33.265446,130.141952]}