{"小城町晴気":[33.285215,130.185438],"小城町畑田":[33.31289,130.147598],"牛津町上砥川":[33.245295,130.176183],"小城町池上":[33.26386,130.192977],"小城町岩蔵":[33.334854,130.192622],"小城町栗原":[33.272091,130.183764],"牛津町下砥川":[33.220767,130.184993],"小城町船田":[33.269482,130.198268],"牛津町勝":[33.252959,130.203497],"芦刈町三王崎":[33.224237,130.207978],"小城町":[33.297535,130.213028],"芦刈町浜枝川":[33.23045,130.209469],"芦刈町永田":[33.202651,130.215069],"小城町松尾":[33.309334,130.209702],"牛津町牛津":[33.241892,130.210957],"三日月町石木":[33.273304,130.20456],"牛津町柿樋瀬":[33.248084,130.218078],"三日月町久米":[33.293826,130.214173],"牛津町乙柳":[33.262836,130.213315],"三日月町長神田":[33.276509,130.226021],"芦刈町芦溝":[33.239362,130.220437],"三日月町甲柳原":[33.273009,130.212354],"三日月町織島":[33.305143,130.233035],"芦刈町道免":[33.200802,130.224047],"三日月町樋口":[33.263847,130.230802],"芦刈町下古賀":[33.217389,130.227293],"三日月町三ヶ島":[33.275154,130.232367],"三日月町金田":[33.255579,130.240224],"三日月町道辺":[33.287272,130.237807],"三日月町堀江":[33.26481,130.241544]}