{"山内町大字宮野":[33.194404,129.936615],"山内町大字大野":[33.200251,129.944146],"山内町大字鳥海":[33.200074,129.972631],"山内町大字三間坂":[33.198735,129.952857],"西川登町大字小田志":[33.1358,129.989272],"山内町大字犬走":[33.191294,129.98601],"武雄町大字武雄":[33.190556,130.012578],"東川登町大字永野":[33.166028,130.015595],"西川登町大字神六":[33.140171,129.978885],"東川登町大字袴野":[33.156861,130.004773],"朝日町大字中野":[33.221469,130.026461],"武雄町大字富岡":[33.203784,130.024765],"武雄町大字昭和":[33.19461,130.023848],"朝日町大字甘久":[33.210344,130.037643],"武雄町大字永島":[33.18171,130.036884],"北方町大字大崎":[33.220565,130.057274],"橘町大字永島":[33.168609,130.037665],"橘町大字片白":[33.183726,130.053675],"橘町大字大日":[33.176397,130.053911],"橘町大字芦原":[33.196001,130.059728],"北方町大字志久":[33.218694,130.087357]}