{"神埼町姉川":[33.286455,130.352503],"神埼町尾崎":[33.328152,130.350772],"神埼町城原":[33.339858,130.361308],"千代田町境原":[33.266454,130.355324],"千代田町下西":[33.263507,130.346425],"神埼町横武":[33.303351,130.36227],"千代田町餘江":[33.25764,130.358495],"神埼町竹":[33.309313,130.367409],"千代田町姉":[33.269607,130.362953],"千代田町黒井":[33.275646,130.36525],"神埼町本告牟田":[33.298072,130.364116],"神埼町的":[33.346249,130.372566],"千代田町直鳥":[33.268958,130.369308],"神埼町志波屋":[33.359166,130.370334],"神埼町鶴":[33.325226,130.372778],"千代田町用作":[33.254727,130.37958],"神埼町永歌":[33.293469,130.378654],"神埼町枝ヶ里":[33.304213,130.374791],"神埼町西小津ヶ里":[33.301527,130.374168],"神埼町神埼":[33.307018,130.37447],"千代田町嘉納":[33.277568,130.381058],"神埼町田道ヶ里":[33.316309,130.371996],"千代田町崎村":[33.254702,130.386901],"神埼町本堀":[33.289646,130.384824],"千代田町詫田":[33.271867,130.384776],"千代田町下板":[33.282325,130.398836],"千代田町渡瀬":[33.261653,130.397831],"千代田町迎島":[33.258697,130.409804],"千代田町柳島":[33.270094,130.408989]}