{"三津":[33.348804,130.392141],"田手":[33.303506,130.397991],"大曲":[33.342174,130.40108],"吉田":[33.334779,130.413265],"箱川":[33.300863,130.401817],"豆田":[33.310426,130.405944],"松隈":[33.376278,130.402486],"石動":[33.355299,130.412326],"立野":[33.32217,130.413813]}