{"大字園部":[33.417864,130.523611],"大字宮浦":[33.416455,130.528607],"大字小倉":[33.43952,130.535067],"けやき台4":[33.435487,130.52966],"大字長野":[33.412394,130.529308],"けやき台2":[33.431746,130.529669],"けやき台3":[33.435635,130.53269],"けやき台1":[33.433892,130.533249]}