{"原明":[33.185915,129.854313],"立部":[33.208564,129.85319],"大木宿":[33.222707,129.850282],"北ノ川内":[33.196725,129.849215],"蔵宿":[33.207871,129.85064],"二ノ瀬":[33.239286,129.852355],"黒川":[33.19344,129.85401],"広瀬":[33.215635,129.861646],"南原":[33.188012,129.872205],"南山":[33.181335,129.868535],"広瀬山":[33.212372,129.883914],"黒牟田":[33.199006,129.876291],"戸杓":[33.179153,129.880799],"本町":[33.182044,129.885016],"丸尾":[33.194696,129.88259],"赤坂":[33.194513,129.875138],"岩谷川内1":[33.185043,129.891776],"桑古場":[33.179585,129.886827],"戸矢":[33.163825,129.90288],"岩谷川内3":[33.185898,129.895856],"岩谷川内2":[33.185795,129.89431],"大野":[33.176375,129.889575],"中の原1":[33.186657,129.893039],"中の原2":[33.185448,129.892611],"白川2":[33.190176,129.895916],"稗古場2":[33.187674,129.895202],"赤絵町1":[33.188444,129.896231],"白川1":[33.19039,129.896762],"中樽3":[33.186029,129.90644],"稗古場1":[33.189019,129.895802],"赤絵町2":[33.187513,129.896107],"幸平1":[33.190126,129.897976],"幸平2":[33.189786,129.89863],"大樽1":[33.190765,129.899522],"大樽2":[33.19033,129.900509],"上幸平1":[33.192725,129.90269],"上幸平2":[33.191536,129.903034],"中樽1":[33.190494,129.906853],"泉山1":[33.196693,129.912357],"中樽2":[33.180437,129.913341],"泉山2":[33.192019,129.912193]}