{"大字堤":[33.178141,130.10667],"大字馬洗":[33.190604,130.118816],"大字大渡":[33.192006,130.102904],"大字湯崎":[33.176752,130.106477],"大字辺田":[33.172075,130.111733],"大字今泉":[33.193693,130.124775],"大字廿治":[33.178213,130.131647],"大字福田":[33.18722,130.159448],"大字横手":[33.171751,130.128558],"大字東郷":[33.190277,130.149696],"大字福吉":[33.186658,130.153489],"大字遠江":[33.171528,130.164792]}