{"高舘熊野堂":[38.202013,140.861107],"高舘川上":[38.178471,140.820785],"相互台3":[38.204802,140.807002],"相互台4":[38.208133,140.808393],"相互台2":[38.204181,140.809563],"愛島笠島":[38.155896,140.853082],"相互台1":[38.210945,140.81295],"相互台東1":[38.210206,140.818657],"愛島台6":[38.147259,140.820039],"相互台東2":[38.212671,140.817681],"愛島台2":[38.14434,140.82074],"愛島台1":[38.143894,140.822421],"ゆりが丘5":[38.200814,140.82766],"ゆりが丘4":[38.199155,140.82964],"愛島北目":[38.133968,140.862237],"ゆりが丘1":[38.207776,140.833547],"ゆりが丘2":[38.203938,140.835919],"ゆりが丘3":[38.204788,140.837841],"みどり台1":[38.195419,140.834456],"みどり台2":[38.199244,140.83637],"愛島塩手":[38.16236,140.854813],"高舘吉田":[38.179289,140.873499],"那智が丘3":[38.191178,140.838624],"那智が丘5":[38.197887,140.840261],"那智が丘4":[38.195033,140.840769],"みどり台3":[38.201108,140.842768],"那智が丘2":[38.193787,140.843485],"那智が丘1":[38.194518,140.846588],"愛島郷1":[38.160866,140.860209],"愛島郷2":[38.157628,140.85885],"愛の杜2":[38.156927,140.860149],"愛島小豆島":[38.150797,140.877176],"愛の杜1":[38.16022,140.862462],"手倉田":[38.171365,140.882112],"名取が丘5":[38.156269,140.873244],"箱塚2":[38.157795,140.872238],"本郷":[38.131634,140.893995],"田高":[38.180157,140.892353],"植松":[38.145039,140.902562],"名取が丘6":[38.152331,140.875275],"箱塚1":[38.162195,140.875727],"植松4":[38.144848,140.880736],"堀内":[38.122518,140.883625],"名取が丘4":[38.157562,140.877392],"名取が丘3":[38.153843,140.878089],"飯野坂7":[38.154995,140.882187],"大手町6":[38.170342,140.879479],"小山3":[38.163152,140.879586],"大手町5":[38.168965,140.880387],"小山2":[38.164647,140.881292],"大手町3":[38.165996,140.881115],"大手町4":[38.166988,140.880861],"名取が丘1":[38.158713,140.881885],"植松2":[38.153988,140.882023],"飯野坂5":[38.158667,140.88295],"名取が丘2":[38.156862,140.882565],"上余田":[38.187546,140.898753],"植松3":[38.150134,140.883267],"小山1":[38.164101,140.883129],"大手町2":[38.165543,140.883314],"大手町1":[38.169972,140.882384],"植松1":[38.153837,140.885133],"飯野坂4":[38.159136,140.884946],"増田8":[38.179967,140.884905],"増田6":[38.179214,140.885558],"増田4":[38.174674,140.885915],"増田2":[38.172576,140.885776],"飯野坂1":[38.162995,140.88825],"飯野坂6":[38.156548,140.885945],"増田1":[38.167324,140.889676],"飯野坂2":[38.161163,140.888795],"飯野坂3":[38.159736,140.888742],"増田9":[38.181576,140.890414],"増田7":[38.179633,140.890361],"増田3":[38.171297,140.889793],"増田5":[38.176119,140.890098],"飯野坂":[38.157906,140.894107],"増田":[38.167484,140.89294],"杜せきのした5":[38.162088,140.904166],"杜せきのした2":[38.166144,140.897909],"杜せきのした1":[38.167031,140.894197],"下余田":[38.176209,140.910846],"下増田":[38.156191,140.941591],"杜せきのした3":[38.165733,140.900659],"杜せきのした4":[38.163411,140.906656],"杉ケ袋":[38.158849,140.929409],"美田園7":[38.157853,140.909903],"大曲":[38.175652,140.92377],"高柳":[38.180904,140.927832],"美田園6":[38.15857,140.914493],"美田園2":[38.158968,140.921809],"牛野":[38.171137,140.929701],"美田園5":[38.158231,140.921252],"小塚原":[38.168702,140.94845],"閖上":[38.173428,140.961299],"閖上1":[38.17898,140.949138],"閖上7":[38.173542,140.950442],"閖上5":[38.171355,140.955213],"閖上6":[38.172263,140.953129],"閖上2":[38.177064,140.953929],"閖上3":[38.174278,140.954019],"閖上4":[38.175329,140.957277]}