{"新田":[38.292115,140.965665],"南宮":[38.301237,140.974475],"山王":[38.29843,140.981787],"高橋2":[38.284655,140.975938],"高橋1":[38.288145,140.976196],"高橋3":[38.283801,140.979707],"高橋4":[38.28943,140.984518],"市川":[38.311519,140.993827],"高橋5":[38.283864,140.981768],"城南1":[38.300071,140.986935],"城南2":[38.29704,140.988317],"浮島":[38.302342,140.987917],"東田中":[38.292346,140.992749],"高崎2":[38.2971,140.993751],"八幡":[38.287789,140.991756],"八幡1":[38.284055,140.992222],"東田中1":[38.292244,140.995047],"町前1":[38.283887,140.995845],"浮島1":[38.301228,140.994955],"浮島2":[38.302256,140.998589],"高崎1":[38.299551,140.995617],"東田中2":[38.292131,141.00063],"高崎3":[38.29939,140.99975],"八幡2":[38.288535,140.99864],"中央1":[38.294023,141.001808],"留ケ谷1":[38.301173,141.003608],"留ケ谷2":[38.304738,141.008297],"町前4":[38.282403,141.004654],"町前2":[38.2845,141.001797],"八幡3":[38.289968,141.005408],"中央2":[38.295938,141.005236],"町前3":[38.285804,141.008122],"留ケ谷3":[38.303292,141.007111],"中央3":[38.292324,141.008194],"明月1":[38.283437,141.008473],"宮内1":[38.281397,141.010119],"八幡4":[38.291861,141.014005],"伝上山2":[38.298443,141.010169],"伝上山1":[38.295562,141.010176],"伝上山4":[38.304284,141.008662],"桜木3":[38.287433,141.013037],"伝上山3":[38.302849,141.012914],"桜木1":[38.291024,141.014169],"下馬1":[38.306224,141.014123],"明月2":[38.283878,141.013824],"桜木2":[38.290091,141.016209],"鶴ケ谷1":[38.299262,141.015317],"下馬2":[38.305133,141.015537],"鶴ケ谷2":[38.297875,141.015932],"下馬5":[38.299592,141.015817],"下馬4":[38.303654,141.020714],"鶴ケ谷3":[38.294315,141.018341],"丸山1":[38.29684,141.020281],"下馬3":[38.306606,141.019764],"栄1":[38.289636,141.023227],"栄2":[38.288182,141.02348],"笠神2":[38.302358,141.026109],"笠神1":[38.307458,141.02779],"丸山2":[38.292617,141.03049],"栄4":[38.289467,141.025754],"笠神3":[38.300926,141.029209],"大代1":[38.292222,141.033515],"笠神4":[38.302108,141.033089],"笠神5":[38.299765,141.034351],"大代2":[38.293019,141.031902],"大代3":[38.29228,141.032002],"大代4":[38.297879,141.035265],"大代6":[38.290832,141.039459],"大代5":[38.293946,141.036977],"岩切":[38.305723,140.960754],"高橋":[38.292386,140.978308],"栄3":[38.280951,141.019656],"宮内2":[38.281397,141.014181],"高崎":[38.292842,140.983666]}