{"富ケ丘3":[38.370389,140.863577],"日吉台1":[38.370541,140.864077],"日吉台2":[38.377255,140.867945],"富ケ丘2":[38.36353,140.868927],"富ケ丘4":[38.370763,140.867603],"日吉台3":[38.381305,140.868893],"鷹乃杜1":[38.363334,140.871035],"富谷":[38.405171,140.905596],"鷹乃杜2":[38.367492,140.869424],"杜乃橋1":[38.384291,140.873003],"富ケ丘1":[38.360682,140.871046],"鷹乃杜3":[38.369454,140.869079],"鷹乃杜4":[38.370881,140.873181],"一ノ関":[38.411256,140.884338],"杜乃橋2":[38.384592,140.874448],"大清水1":[38.371735,140.87506],"あけの平1":[38.38057,140.873037],"あけの平2":[38.375181,140.874625],"上桜木1":[38.359252,140.873801],"あけの平3":[38.373372,140.876514],"上桜木2":[38.363474,140.882029],"大清水2":[38.368777,140.878395],"二ノ関":[38.418632,140.878908],"とちの木2":[38.386702,140.882727],"とちの木1":[38.387298,140.883064],"ひより台1":[38.403067,140.884315],"明石台4":[38.353152,140.887505],"成田2":[38.363928,140.887811],"ひより台2":[38.403644,140.89088],"明石台3":[38.349755,140.883168],"志戸田":[38.422287,140.889027],"明石台5":[38.350434,140.88771],"三ノ関":[38.412257,140.887632],"成田9":[38.35868,140.883259],"成田1":[38.360547,140.890895],"太子堂1":[38.411467,140.893118],"明石台2":[38.344267,140.893756],"太子堂2":[38.414588,140.892135],"成田3":[38.366177,140.899603],"成田8":[38.35941,140.891984],"成田4":[38.362468,140.896221],"東向陽台3":[38.34108,140.89835],"明石台6":[38.351191,140.893842],"明石":[38.356807,140.909954],"成田7":[38.356781,140.900077],"明石台1":[38.341927,140.899311],"穀田":[38.384656,140.893843],"成田5":[38.361807,140.899796],"東向陽台2":[38.341311,140.9018],"成田6":[38.361636,140.902905],"東向陽台1":[38.33806,140.905946],"西成田":[38.383669,140.90213],"大童":[38.400494,140.914618],"石積":[38.348831,140.926894],"今泉":[38.403692,140.924253],"大亀":[38.361181,140.935137]}