{"厳原町久田":[34.186913,129.282254],"厳原町西里":[34.209639,129.288085],"厳原町桟原":[34.213988,129.289141],"厳原町宮谷":[34.209456,129.289867],"厳原町今屋敷":[34.201806,129.290261],"厳原町久田道":[34.19929,129.288583],"厳原町国分":[34.200803,129.289522],"厳原町北里":[34.217214,129.295632],"厳原町東里":[34.198019,129.291462],"厳原町中村":[34.207469,129.291266],"厳原町日吉":[34.208574,129.290981],"厳原町田渕":[34.203179,129.290918],"厳原町大手橋":[34.202305,129.290943],"厳原町天道茂":[34.205646,129.290733],"厳原町南室":[34.221546,129.297444],"厳原町小浦":[34.223039,129.300814],"厳原町曲":[34.220619,129.30746]}