{"宇久町本飯良":[33.268518,129.092208],"宇久町飯良":[33.257153,129.095201],"宇久町神浦":[33.255699,129.093343],"宇久町小浜":[33.250217,129.129176],"宇久町平":[33.263503,129.131731],"鹿町町大屋":[33.283574,129.59073],"鹿町町口ノ里":[33.308577,129.609855],"鹿町町中野":[33.268288,129.609214],"鹿町町船ノ村":[33.278309,129.614716],"鹿町町鹿町":[33.29253,129.613339],"江迎町末橘":[33.317267,129.612632],"江迎町埋立":[33.312021,129.614041],"鹿町町土肥ノ浦":[33.306422,129.620982],"鹿町町深江":[33.302058,129.628085],"江迎町上川内":[33.310458,129.619244],"江迎町梶ノ村":[33.330203,129.630939],"鹿町町深江潟":[33.309236,129.624859],"江迎町長坂":[33.305902,129.629303],"江迎町乱橋":[33.296279,129.63783],"鹿町町新深江":[33.306981,129.627614],"江迎町飯良坂":[33.324183,129.63935],"江迎町三浦":[33.302846,129.631532],"江迎町中尾":[33.313152,129.642381],"江迎町北田":[33.333041,129.642696],"江迎町根引":[33.325806,129.647241],"大潟町":[33.181485,129.663663],"江迎町小川内":[33.295169,129.657175],"江迎町北平":[33.300814,129.637071],"江迎町赤坂":[33.284433,129.653865],"江迎町奥川内":[33.3009,129.666041],"光町":[33.206877,129.651109],"相浦町":[33.195639,129.666488],"江迎町栗越":[33.315098,129.656967],"江迎町箙尾":[33.319126,129.665223],"江迎町志戸氏":[33.285004,129.663565],"棚方町":[33.21143,129.660511],"俵ヶ浦町":[33.123922,129.677319],"日野町":[33.16854,129.683203],"江迎町猪調":[33.285886,129.674482],"下本山町":[33.20473,129.684764],"川下町":[33.19133,129.670081],"江迎町田ノ元":[33.273597,129.689487],"江迎町七腕":[33.299537,129.672166],"野崎町":[33.119978,129.691446],"椎木町":[33.177191,129.666782],"木宮町":[33.196241,129.668364],"上相浦町":[33.196166,129.67037],"愛宕町":[33.199902,129.669535],"新田町":[33.189881,129.676472],"八の久保町":[33.216236,129.679896],"母ヶ浦町":[33.181312,129.684626],"竹辺町":[33.200317,129.679381],"中里町":[33.204324,129.682371],"鹿子前町":[33.160178,129.690162],"小野町":[33.179106,129.700321],"星和台町":[33.175161,129.681887],"船越町":[33.140925,129.700067],"下船越町":[33.13289,129.701936],"岳野町":[33.223099,129.688481],"長坂町":[33.167785,129.687555],"上本山町":[33.214605,129.68846],"踊石町":[33.220028,129.688478],"吉井町立石":[33.273022,129.689029],"赤崎町":[33.155195,129.700792],"庵浦町":[33.130639,129.70878],"吉岡町":[33.207018,129.692034],"小島町":[33.167221,129.702556],"立神町":[33.161271,129.697639],"牧の地町":[33.222526,129.703388],"鵜渡越町":[33.174255,129.705142],"皆瀬町":[33.211575,129.696682],"小川内町":[33.233725,129.705047],"神島町":[33.166519,129.705719],"御船町":[33.168205,129.706479],"十文野町":[33.21613,129.702785],"横尾町":[33.197324,129.72138],"矢岳町":[33.173274,129.713239],"白仁田町":[33.234309,129.712941],"野中町":[33.212687,129.713332],"金比良町":[33.17004,129.706887],"福田町":[33.18134,129.713876],"菰田町":[33.238909,129.713501],"清水町":[33.183071,129.714405],"中通町":[33.18677,129.712879],"東大久保町":[33.176486,129.712508],"今福町":[33.171793,129.711079],"石坂町":[33.184118,129.714899],"比良町":[33.176752,129.714177],"西大久保町":[33.176319,129.711731],"瀬戸越町":[33.20698,129.71804],"楠木町":[33.218442,129.719513],"保立町":[33.18603,129.717144],"長尾町":[33.174537,129.712426],"平瀬町":[33.172564,129.715735],"泉町":[33.174717,129.713516],"木場田町":[33.180488,129.714503],"梅田町":[33.193298,129.720001],"原分町":[33.216719,129.720196],"園田町":[33.176213,129.713546],"田原町":[33.208503,129.715768],"上町":[33.17606,129.714832],"万徳町":[33.182686,129.715775],"元町":[33.174784,129.715705],"天満町":[33.177933,129.716196],"八幡町":[33.181809,129.721129],"高砂町":[33.178769,129.714719],"相生町":[33.177007,129.716771],"浜田町":[33.174877,129.716004],"松浦町":[33.175581,129.719018],"城山町":[33.183682,129.71834],"谷郷町":[33.17708,129.719518],"湊町":[33.171879,129.719247],"俵町":[33.192114,129.720341],"宮田町":[33.184842,129.72009],"常盤町":[33.174578,129.720193],"栄町":[33.172678,129.720227],"島地町":[33.169092,129.721605],"宮地町":[33.174558,129.722284],"万津町":[33.164252,129.720024],"松山町":[33.189977,129.724907],"島瀬町":[33.171914,129.722247],"熊野町":[33.177689,129.719999],"春日町":[33.197225,129.725576],"折橋町":[33.188078,129.72763],"本島町":[33.171081,129.722828],"山県町":[33.168284,129.722212],"塩浜町":[33.167399,129.722917],"瀬戸越4":[33.205542,129.726604],"花園町":[33.184024,129.726058],"祇園町":[33.174406,129.727284],"干尽町":[33.160217,129.726016],"上京町":[33.170149,129.723848],"新港町":[33.162874,129.721516],"天神町":[33.141011,129.734634],"光月町":[33.173423,129.724063],"下京町":[33.169628,129.724261],"三浦町":[33.168454,129.729026],"戸尾町":[33.168942,129.727957],"名切町":[33.182107,129.726685],"宮崎町":[33.171292,129.724782],"京坪町":[33.170912,129.725492],"桜木町":[33.197135,129.734029],"知見寺町":[33.223854,129.744712],"松川町":[33.172183,129.7298],"高天町":[33.173737,129.727906],"松瀬町":[33.214941,129.737635],"白南風町":[33.167659,129.73093],"高梨町":[33.185958,129.737697],"瀬戸越3":[33.208449,129.73042],"山手町":[33.186394,129.737153],"大野町":[33.210505,129.73236],"潮見町":[33.16228,129.732531],"須佐町":[33.181503,129.737037],"峰坂町":[33.170046,129.731245],"勝富町":[33.173535,129.729009],"福石町":[33.159038,129.733964],"瀬戸越1":[33.2078,129.737916],"針尾西町":[33.097425,129.742391],"瀬戸越2":[33.209024,129.732092],"山祇町":[33.169557,129.740074],"白木町":[33.172977,129.73896],"世知原町長田代":[33.24044,129.737805],"小佐世保町":[33.172531,129.74111],"若葉町":[33.163324,129.737687],"稲荷町":[33.162353,129.737841],"大黒町":[33.151713,129.737945],"須田尾町":[33.168165,129.740234],"天神5":[33.148647,129.739895],"天神4":[33.140645,129.738443],"世知原町上野原":[33.23276,129.747006],"東浜町":[33.136454,129.745365],"松原町":[33.206975,129.745196],"大宮町":[33.158852,129.745174],"東山町":[33.155979,129.741475],"藤原町":[33.16261,129.744562],"十郎新町":[33.138052,129.74288],"天神1":[33.152978,129.742565],"赤木町":[33.195075,129.745849],"天神2":[33.151334,129.744318],"針尾中町":[33.089333,129.754343],"田代町":[33.189019,129.756116],"木風町":[33.168009,129.744621],"矢峰町":[33.207727,129.749861],"天神3":[33.149109,129.745353],"柚木元町":[33.21165,129.755465],"針尾北町":[33.096942,129.759731],"大和町":[33.157905,129.754796],"烏帽子町":[33.181333,129.778803],"沖新町":[33.150152,129.74904],"白岳町":[33.155486,129.755779],"小舟町":[33.207471,129.761256],"日宇町":[33.158725,129.759904],"針尾東町":[33.061722,129.779756],"柚木町":[33.210789,129.766131],"江上町":[33.09244,129.778052],"有福町":[33.129448,129.78989],"大塔町":[33.155003,129.77481],"大岳台町":[33.146658,129.764953],"下宇戸町":[33.183588,129.778118],"筒井町":[33.220767,129.775497],"黒髪町":[33.16901,129.783158],"卸本町":[33.15059,129.774179],"上柚木町":[33.213967,129.771723],"もみじが丘町":[33.159827,129.782424],"指方町":[33.097761,129.788311],"高花町":[33.202138,129.782185],"早岐3":[33.139801,129.795316],"田の浦町":[33.153861,129.79072],"ハウステンボス町":[33.095639,129.791228],"川谷町":[33.187297,129.785676],"若竹台町":[33.143244,129.790713],"勝海町":[33.141051,129.791048],"崎岡町":[33.115925,129.806874],"潜木町":[33.21687,129.793252],"陣の内町":[33.145411,129.796991],"平松町":[33.166667,129.807956],"里美町":[33.18745,129.812114],"戸ヶ倉町":[33.199025,129.797793],"南風崎町":[33.086056,129.800058],"広田4":[33.121686,129.798643],"広田2":[33.126538,129.799158],"早岐2":[33.141273,129.79991],"長畑町":[33.085735,129.814759],"早苗町":[33.148174,129.796242],"早岐1":[33.13421,129.799754],"宮津町":[33.077161,129.811284],"広田1":[33.130813,129.79932],"権常寺1":[33.133279,129.801663],"上原町":[33.145597,129.811527],"広田3":[33.122947,129.805636],"権常寺町":[33.135714,129.815026],"広田町":[33.129661,129.817218],"花高1":[33.139288,129.807601],"花高2":[33.143964,129.809129],"重尾町":[33.125799,129.807618],"浦川内町":[33.116102,129.80967],"桑木場町":[33.156373,129.818059],"花高3":[33.143249,129.815225],"城間町":[33.096723,129.81607],"中原町":[33.133126,129.812377],"心野町":[33.175758,129.8274],"花高4":[33.141774,129.814924],"横手町":[33.171589,129.837177],"口の尾町":[33.165796,129.819962],"萩坂町":[33.091842,129.823865],"下の原町":[33.126951,129.822715],"奥山町":[33.086582,129.831046],"瀬道町":[33.108534,129.822616],"新替町":[33.14368,129.825857],"三川内本町":[33.148406,129.830186],"三川内町":[33.136519,129.847601],"塩浸町":[33.144382,129.826459],"吉福町":[33.165269,129.84207],"新行江町":[33.149921,129.832633],"三川内新町":[33.140156,129.840309],"木原町":[33.166875,129.85595],"江永町":[33.157475,129.853446]}