{"多良見町西川内":[32.827423,129.94762],"多良見町市布":[32.817881,129.965705],"多良見町中里":[32.825882,129.976259],"多良見町木床":[32.838046,129.981822],"多良見町囲":[32.828625,129.980622],"多良見町化屋":[32.824032,129.992524],"久山町":[32.826802,130.00145],"多良見町シーサイド":[32.838974,129.993624],"久山台":[32.825827,129.996784],"津久葉町":[32.8268,130.008141],"青葉台":[32.827664,130.003727],"貝津町":[32.815571,130.020983],"若葉町":[32.827489,130.008945],"貝津ヶ丘":[32.829955,130.009919],"土師野尾町":[32.813964,130.033175],"下大渡野町":[32.87081,130.028114],"津水町":[32.848819,130.011848],"破籠井町":[32.863141,130.025383],"真崎町":[32.860521,130.021436],"堂崎町":[32.842752,130.017484],"上大渡野町":[32.88766,130.023553],"馬渡町":[32.842636,130.016392],"白岩町":[32.847796,130.024004],"堀の内町":[32.855772,130.023555],"小船越町":[32.844115,130.03725],"本明町":[32.865222,130.040774],"山川町":[32.849087,130.028029],"本野町":[32.890807,130.039449],"大さこ町":[32.860586,130.02682],"大字真崎本村名":[32.859276,130.023605],"西栄田町":[32.85929,130.027826],"飯盛町野中":[32.799737,130.031138],"栄田町":[32.859637,130.033145],"中尾町":[32.848927,130.031904],"平山町":[32.830205,130.035139],"飯盛町山口":[32.803705,130.042506],"永昌町":[32.848314,130.04234],"宇都町":[32.840012,130.047791],"栗面町":[32.830887,130.050634],"永昌東町":[32.852943,130.043912],"小ケ倉町":[32.813494,130.052218],"目代町":[32.882876,130.053319],"天満町":[32.849693,130.047755],"高城町":[32.845337,130.053984],"新道町":[32.83381,130.047569],"西小路町":[32.841107,130.053246],"日の出町":[32.85637,130.053036],"城見町":[32.846626,130.051984],"東小路町":[32.841685,130.054704],"原口町":[32.839434,130.054602],"小川町":[32.81887,130.056558],"泉町":[32.848218,130.058682],"金谷町":[32.847222,130.053407],"福田町":[32.848806,130.065305],"野中町":[32.837223,130.056784],"西郷町":[32.834323,130.060677],"八天町":[32.847943,130.060083],"栄町":[32.840625,130.055761],"本町":[32.84502,130.055395],"上野町":[32.837361,130.05724],"東本町":[32.844382,130.059041],"八坂町":[32.842635,130.057562],"上町":[32.841356,130.057084],"旭町":[32.844363,130.060212],"厚生町":[32.842512,130.058612],"船越町":[32.836029,130.06812],"立石町":[32.837317,130.061863],"幸町":[32.840002,130.071133],"仲沖町":[32.842681,130.076929],"鷲崎町":[32.832312,130.068331],"御手水町":[32.877405,130.062939],"小豆崎町":[32.852181,130.072454],"中田町":[32.868741,130.072772],"川床町":[32.807637,130.086478],"西里町":[32.856926,130.079178],"長野町":[32.832339,130.075149],"長田町":[32.865223,130.077663],"川内町":[32.834212,130.07574],"正久寺町":[32.872244,130.089999],"宗方町":[32.800891,130.101414],"小野島町":[32.842359,130.094879],"小野町":[32.83345,130.088707],"高天町":[32.875102,130.095412],"白原町":[32.88225,130.093553],"黒崎町":[32.835097,130.09739],"白浜町":[32.878883,130.099391],"猿崎町":[32.878723,130.102709],"高来町船津":[32.886095,130.107503],"高来町西平原":[32.895968,130.103188],"赤崎町":[32.831739,130.107771],"森山町下井牟田":[32.823468,130.106474],"高来町大戸":[32.885355,130.108139],"高来町峰":[32.887745,130.114379],"高来町冨地戸":[32.887085,130.110444],"高来町上与":[32.899774,130.116103],"高来町下与":[32.891107,130.117244],"高来町西尾":[32.903093,130.115271],"高来町小船津":[32.898799,130.125304],"高来町小峰":[32.903946,130.126894],"高来町黒崎":[32.903637,130.132227],"高来町善住寺":[32.91322,130.132981],"高来町法川":[32.908795,130.13478],"高来町町名":[32.904847,130.138655],"高来町東平原":[32.910188,130.14073],"高来町里":[32.904149,130.139824],"高来町三部壱":[32.906018,130.144439],"高来町神津倉":[32.914282,130.143063],"高来町泉":[32.903778,130.145986],"高来町汲水":[32.913133,130.148592],"高来町溝口":[32.905286,130.150595],"高来町坂元":[32.914608,130.147077],"高来町山道":[32.908904,130.153027],"高来町金崎":[32.903716,130.156239],"小長井町大峰":[32.911701,130.158306],"高来町水ノ浦":[32.907802,130.159907]}