{"上折橋町":[32.786713,130.340476],"出の川町":[32.811502,130.345255],"六ツ木町":[32.791829,130.348043],"中野町":[32.82406,130.349871],"出平町":[32.808499,130.347757],"下折橋町":[32.790017,130.347],"西町":[32.805875,130.341794],"山寺町":[32.807916,130.353442],"寺中町":[32.821744,130.349672],"津吹町":[32.814674,130.34486],"中尾町":[32.804159,130.347543],"下宮町":[32.812161,130.35407],"宇土町":[32.799578,130.349636],"中原町":[32.817598,130.352785],"稗田町":[32.809277,130.355242],"杉山町":[32.795441,130.353938],"洗切町":[32.824536,130.352804],"白谷町":[32.750652,130.350002],"仁田町":[32.754993,130.354793],"亀の甲町":[32.82253,130.352565],"本光寺町":[32.788426,130.355847],"原町":[32.798945,130.356024],"本町":[32.803771,130.358733],"天神元町":[32.750009,130.353295],"小山町":[32.787069,130.356225],"前浜町":[32.811916,130.362919],"御手水町":[32.817164,130.356508],"青葉町":[32.783073,130.353406],"柏野町":[32.797814,130.357472],"札の元町":[32.750513,130.355153],"三会町":[32.823178,130.354358],"大手原町":[32.81196,130.362168],"柿の木町":[32.792622,130.35907],"萩が丘1":[32.78214,130.356081],"大下町":[32.755953,130.362967],"南柏野町":[32.794796,130.360524],"城見町":[32.787177,130.35948],"門内町":[32.751787,130.358287],"萩が丘2":[32.782686,130.360947],"新湊2":[32.763193,130.366022],"萩原2":[32.78635,130.365211],"上新丁3":[32.791446,130.360578],"上の原3":[32.776995,130.363951],"北門町":[32.801608,130.360524],"上新丁2":[32.789858,130.361143],"南下川尻町":[32.76546,130.371009],"桜門町":[32.793908,130.362776],"緑町":[32.769352,130.362526],"上新丁1":[32.786933,130.360532],"新山4":[32.77051,130.362411],"新山2":[32.773198,130.364112],"新山3":[32.770409,130.363375],"城内3":[32.797643,130.364898],"下新丁":[32.786616,130.363093],"中安徳町":[32.74516,130.370943],"城西中の丁":[32.789777,130.363271],"古丁":[32.787707,130.3633],"萩原3":[32.783519,130.365973],"上の原1":[32.781033,130.366818],"城内2":[32.795866,130.36573],"下の丁":[32.7899,130.364036],"鎌田町":[32.747288,130.369223],"城内1":[32.787967,130.368855],"北安徳町":[32.74913,130.375863],"北原町":[32.78628,130.36376],"江戸丁":[32.788739,130.36529],"上の原2":[32.780672,130.36668],"南安徳町":[32.742519,130.368568],"梅園町":[32.752648,130.367719],"新建":[32.787385,130.364352],"崩山町":[32.778646,130.36765],"浦の川":[32.786706,130.365435],"新山1":[32.774785,130.366013],"南崩山町":[32.757799,130.367549],"寺町":[32.784225,130.367434],"新馬場町":[32.797919,130.369295],"今川町":[32.787143,130.368358],"萩原1":[32.786369,130.365525],"親和町":[32.76347,130.368651],"秩父が浦町":[32.756768,130.371365],"新湊1":[32.76287,130.369733],"先魁町":[32.792065,130.367978],"栄町":[32.77215,130.369294],"下川尻町":[32.770475,130.369024],"田町":[32.795314,130.370291],"白土町":[32.780028,130.367107],"上の町":[32.787856,130.37057],"加美町":[32.78474,130.368701],"宮の町":[32.792232,130.37197],"湖南町":[32.778674,130.369573],"西八幡町":[32.776094,130.370226],"桜町":[32.786349,130.368986],"湊道2":[32.780636,130.370775],"中堀町":[32.78167,130.370974],"中町":[32.788648,130.370632],"堀町":[32.784844,130.369627],"万町":[32.787328,130.369871],"船泊町":[32.757269,130.370647],"片町":[32.789043,130.371478],"新町1":[32.787503,130.370074],"坂上町":[32.778393,130.371808],"白山町":[32.773987,130.372896],"新町2":[32.785254,130.371958],"広馬場町":[32.775719,130.373835],"坂下町":[32.776907,130.372111],"高島1":[32.786656,130.372732],"八幡町":[32.775874,130.372821],"湊町":[32.771698,130.374544],"湊道1":[32.780963,130.372689],"高島2":[32.786505,130.373325],"弁天町1":[32.781627,130.373394],"新田町":[32.789618,130.375263],"浦田1":[32.778047,130.373473],"浦田2":[32.776762,130.374224],"蛭子町1":[32.779027,130.373517],"浜の町":[32.738361,130.374328],"元船津町":[32.776783,130.374505],"中組町":[32.773722,130.374054],"弁天町2":[32.782461,130.377262],"平成町":[32.742892,130.375337],"白土桃山1":[32.779875,130.375693],"蛭子町2":[32.778071,130.374212],"湊新地町":[32.77394,130.377597],"白土桃山2":[32.779481,130.375638],"津町":[32.776521,130.375316],"有馬船津町":[32.777207,130.375226],"霊南1":[32.779657,130.378665],"霊南2":[32.77901,130.37711],"有明町大三東甲":[32.82941,130.350516]}