{"加津佐町乙":[32.629002,130.163282],"加津佐町丙":[32.632882,130.16712],"加津佐町己":[32.631116,130.165034],"口之津町乙":[32.599365,130.188638],"加津佐町戊":[32.632474,130.170893],"口之津町甲":[32.602086,130.188043],"口之津町丙":[32.611769,130.186852],"口之津町丁":[32.609595,130.19443],"西有家町長野":[32.67307,130.290374],"西有家町慈恩寺":[32.672532,130.298286],"西有家町須川":[32.653655,130.299839],"西有家町里坊":[32.664961,130.30059],"西有家町見岳":[32.677986,130.298257],"有家町山川":[32.661966,130.313959],"有家町尾上":[32.675731,130.306331],"有家町久保":[32.669225,130.304276],"有家町中須川":[32.66266,130.30483],"有家町小川":[32.659007,130.314833],"有家町蒲河":[32.662527,130.32079]}