{"崎戸町本郷":[33.007312,129.5628],"崎戸町蠣浦郷":[33.024299,129.585634],"大島町":[33.037343,129.624713]}