{"高田郷":[32.801835,129.861822],"斉藤郷":[32.840547,129.870159],"嬉里郷":[32.825261,129.874077],"岡郷":[32.841341,129.870183],"吉無田郷":[32.818225,129.881827],"まなび野1":[32.807764,129.875715],"まなび野2":[32.813748,129.87804],"丸田郷":[32.829844,129.892876],"まなび野3":[32.811966,129.878834],"三根郷":[32.817112,129.898048],"平木場郷":[32.822256,129.897519],"本川内郷":[32.823002,129.897039]}