{"子々川郷":[32.847971,129.815299],"日並郷":[32.847092,129.832001],"左底郷":[32.828559,129.832238],"久留里郷":[32.837409,129.84211],"野田郷":[32.827803,129.846673],"元村郷":[32.81649,129.845812],"浦郷":[32.831326,129.84644],"西時津郷":[32.839351,129.853254],"浜田郷":[32.830062,129.867294]}