{"皿山郷":[33.138296,129.855616],"長野郷":[33.123399,129.872752],"志折郷":[33.108209,129.868554],"村木郷":[33.145424,129.88865],"稗木場郷":[33.132067,129.881102],"中山郷":[33.106152,129.868478],"岳辺田郷":[33.112574,129.879005],"川内郷":[33.123353,129.886348],"田ノ頭郷":[33.126545,129.893212],"宿郷":[33.136556,129.896932],"折敷瀬郷":[33.147937,129.907915],"金屋郷":[33.126044,129.912232],"井石郷":[33.124159,129.927677],"湯無田郷":[33.139133,129.925562],"中尾郷":[33.121652,129.93089],"小樽郷":[33.135077,129.934825],"永尾郷":[33.128974,129.946142]}