{"大茂免":[33.263411,129.645788],"志方免":[33.233611,129.642258],"沖田免":[33.230375,129.644237],"古川免":[33.238024,129.646559],"小浦免":[33.208015,129.652188],"須崎免":[33.225897,129.652834],"市場免":[33.235026,129.648619],"江里免":[33.271358,129.654871],"本田原免":[33.241643,129.65077],"鴨川免":[33.252522,129.658782],"市瀬免":[33.258968,129.66409],"羽須和免":[33.234017,129.655771],"口石免":[33.219184,129.672861],"野寄免":[33.241488,129.6687],"中川原免":[33.251579,129.66213],"栗林免":[33.245716,129.661311],"平野免":[33.234407,129.663736],"松瀬免":[33.262866,129.666456],"石木場免":[33.251015,129.666157],"角山免":[33.244183,129.670033],"神田免":[33.25917,129.66942],"木場免":[33.238067,129.685591],"皆瀬免":[33.261639,129.676482],"迎木場免":[33.232743,129.690264],"八口免":[33.256477,129.685224]}