{"青方郷":[32.985539,129.075699],"相河郷":[32.974491,129.05971],"奈摩郷":[33.018008,129.074961],"網上郷":[33.021892,129.069535],"鯛ノ浦郷":[32.952696,129.101156],"七目郷":[32.978502,129.090574],"阿瀬津郷":[32.952528,129.111867],"有川郷":[32.981673,129.115851],"小河原郷":[32.988997,129.130009],"太田郷":[32.956555,129.149182]}