{"植木町豊岡":[32.912847,130.661686],"植木町鈴麦":[32.923591,130.64822],"植木町木留":[32.878869,130.672157],"植木町平原":[32.920432,130.656598],"植木町轟":[32.897014,130.674485],"植木町上古閑":[32.881,130.661773],"植木町那知":[32.88989,130.660102],"植木町清水":[32.955245,130.693084],"万楽寺町":[32.866702,130.672719],"植木町辺田野":[32.87371,130.668041],"植木町富応":[32.915856,130.68104],"植木町円台寺":[32.883658,130.661735],"植木町滴水":[32.887953,130.691865],"植木町山本":[32.916618,130.690708],"植木町大和":[32.882872,130.675148],"植木町後古閑":[32.899747,130.674914],"立福寺町":[32.862762,130.686798],"貢町":[32.843577,130.694569],"植木町鞍掛":[32.907714,130.683485],"太郎迫町":[32.860588,130.678972],"植木町内":[32.939599,130.693415],"植木町平野":[32.887857,130.682635],"植木町荻迫":[32.883615,130.683295],"和泉町":[32.850173,130.698133],"植木町鐙田":[32.874443,130.701609],"植木町舞尾":[32.898919,130.691605],"北迫町":[32.870869,130.69552],"植木町一木":[32.906422,130.692066],"植木町投刀塚":[32.885046,130.692744],"硯川町":[32.863164,130.689612],"釜尾町":[32.840573,130.69936],"植木町味取":[32.924468,130.696721],"植木町亀甲":[32.93563,130.725149],"植木町今藤":[32.938051,130.706049],"植木町岩野":[32.906528,130.709062],"植木町植木":[32.905087,130.69261],"鹿子木町":[32.873108,130.700081],"小糸山町":[32.885641,130.708608],"改寄町":[32.890999,130.719917],"植木町広住":[32.898206,130.715899],"明徳町":[32.884177,130.721914],"下硯川町":[32.854344,130.708789],"植木町色出":[32.950888,130.705019],"徳王町":[32.838202,130.698878],"植木町豊田":[32.937548,130.715528],"楠野町":[32.874456,130.712255],"池田3":[32.834707,130.709622],"植木町大井":[32.923777,130.710958],"四方寄町":[32.858859,130.720684],"下硯川1":[32.848663,130.707397],"徳王1":[32.83783,130.709445],"下硯川2":[32.854415,130.708128],"西梶尾町":[32.868284,130.71732],"植木町有泉":[32.929704,130.727108],"植木町小野":[32.904089,130.715518],"植木町宮原":[32.974021,130.717212],"徳王2":[32.842527,130.708969],"植木町正清":[32.963024,130.718614],"大窪1":[32.846092,130.715326],"植木町米塚":[32.953584,130.728078],"大窪2":[32.850716,130.711708],"津浦町":[32.830782,130.715416],"飛田2":[32.854875,130.716682],"山室1":[32.838859,130.710508],"高平1":[32.835959,130.715332],"大窪3":[32.848672,130.713502],"飛田1":[32.853931,130.715527],"大鳥居町":[32.881573,130.728346],"高平3":[32.838781,130.720118],"山室2":[32.844506,130.716157],"植木町伊知坊":[32.949697,130.727622],"高平2":[32.834667,130.720712],"植木町舟島":[32.945115,130.727895],"打越町":[32.831348,130.719056],"大窪5":[32.850743,130.716727],"大窪4":[32.848626,130.716682],"梶尾町":[32.869488,130.731367],"清水町大字打越":[32.822639,130.718353],"山室3":[32.841866,130.717066],"植木町石川":[32.90037,130.722367],"植木町平井":[32.935172,130.729796],"山室5":[32.844462,130.717781],"飛田3":[32.850885,130.7195],"植木町田底":[32.956284,130.727291],"山室4":[32.842656,130.72085],"山室6":[32.84434,130.721082],"飛田町":[32.855675,130.719223],"室園町":[32.825203,130.727346],"鶴羽田町":[32.863583,130.731046],"飛田4":[32.852374,130.724844],"八景水谷1":[32.851185,130.725353],"清水亀井町":[32.837887,130.725714],"清水町大字室園":[32.826863,130.721103],"清水町大字松崎":[32.832089,130.720954],"鶴羽田5":[32.863164,130.724496],"清水本町":[32.835511,130.727244],"鶴羽田2":[32.860396,130.725248],"植木町古閑":[32.924752,130.727707],"鶴羽田1":[32.856115,130.727085],"八景水谷2":[32.84623,130.732854],"八景水谷3":[32.84829,130.729557],"鶴羽田4":[32.864241,130.730671],"鶴羽田3":[32.862013,130.730562],"八景水谷4":[32.850617,130.72846],"清水東町":[32.838835,130.729331],"清水万石3":[32.831612,130.728277],"清水万石1":[32.827574,130.728333],"清水万石4":[32.834825,130.734845],"清水万石2":[32.831272,130.729432],"清水万石5":[32.837298,130.733598],"兎谷1":[32.839508,130.732369],"清水新地4":[32.849333,130.736862],"清水新地1":[32.84976,130.732245],"清水新地2":[32.847887,130.736101],"兎谷2":[32.839702,130.739896],"清水岩倉1":[32.840801,130.739467],"清水新地5":[32.855356,130.744905],"清水岩倉2":[32.841902,130.743692],"清水新地3":[32.848029,130.740654],"清水新地6":[32.851949,130.74239],"龍田陳内2":[32.826612,130.747838],"龍田3":[32.836787,130.747942],"麻生田1":[32.847102,130.740986],"麻生田3":[32.849731,130.74657],"兎谷3":[32.842541,130.747378],"龍田陳内1":[32.82201,130.749162],"清水岩倉3":[32.843133,130.747486],"清水新地7":[32.856161,130.749891],"麻生田2":[32.84779,130.749428],"麻生田5":[32.854772,130.751537],"楡木2":[32.844716,130.753342],"麻生田4":[32.852151,130.751699],"黒髪7":[32.820408,130.74756],"龍田陳内3":[32.829034,130.753248],"楡木1":[32.843031,130.751658],"龍田2":[32.832736,130.756482],"楡木3":[32.848883,130.753599],"龍田陳内4":[32.82403,130.755001],"龍田4":[32.842729,130.754157],"楡木5":[32.854688,130.757494],"楡木4":[32.853636,130.756286],"龍田1":[32.828165,130.761538],"楠3":[32.847926,130.757535],"龍田6":[32.836781,130.758637],"楠1":[32.845055,130.757908],"楠5":[32.849977,130.759468],"龍田5":[32.841918,130.758209],"楡木6":[32.856487,130.759787],"龍田8":[32.84092,130.761841],"龍田7":[32.837531,130.765627],"楠4":[32.847595,130.75997],"楠2":[32.845925,130.760239],"楠6":[32.850914,130.76283],"楠7":[32.848752,130.762774],"龍田9":[32.847085,130.766251],"武蔵ケ丘2":[32.852213,130.766259],"楠8":[32.848207,130.766872],"龍田弓削1":[32.841868,130.769903],"武蔵ケ丘1":[32.850576,130.769717],"武蔵ケ丘3":[32.853724,130.768821],"龍田弓削2":[32.844942,130.772116],"武蔵ケ丘4":[32.855591,130.772756],"武蔵ケ丘5":[32.854116,130.775129],"龍田町弓削":[32.853395,130.788884],"武蔵ケ丘6":[32.853075,130.774944],"武蔵ケ丘8":[32.857125,130.778368],"武蔵ケ丘7":[32.855082,130.777041],"武蔵ケ丘9":[32.857856,130.786312]}