{"新港2":[32.763249,130.582041],"新港1":[32.767256,130.591028],"沖新町":[32.777497,130.609191],"小島下町":[32.781923,130.639756],"松尾町近津":[32.802396,130.625548],"河内町河内":[32.811568,130.609283],"中原町":[32.77467,130.627418],"松尾町平山":[32.808528,130.634488],"中島町":[32.762527,130.638971],"小島9":[32.779314,130.63087],"小島7":[32.779617,130.634646],"小島8":[32.784169,130.637053],"小島6":[32.775904,130.638226],"小島上町":[32.775378,130.642563],"小島5":[32.782192,130.642662],"小島3":[32.773783,130.643271],"松尾2":[32.785894,130.643751],"小島4":[32.780351,130.643638],"城山薬師2":[32.771347,130.649872],"城山大塘7":[32.7835,130.643948],"城山下代5":[32.781537,130.64761],"小島2":[32.777264,130.648733],"小島1":[32.780145,130.648995],"城山大塘5":[32.783256,130.650476],"城山大塘6":[32.785306,130.64802],"城山半田4":[32.77223,130.657552],"谷尾崎町":[32.80216,130.679936],"城山下代4":[32.781237,130.65236],"城山下代3":[32.776867,130.655368],"松尾1":[32.787444,130.648928],"城山大塘3":[32.784294,130.655166],"城山薬師1":[32.771215,130.652147],"城山大塘4":[32.784886,130.651959],"上高橋2":[32.789647,130.663836],"高橋町2":[32.78668,130.660245],"城山下代1":[32.780238,130.656221],"城山下代2":[32.779515,130.655845],"城山半田3":[32.770577,130.657593],"城山大塘2":[32.781662,130.656461],"池上町":[32.796431,130.675406],"高橋町1":[32.784809,130.659109],"河内町岳":[32.818645,130.656432],"島崎7":[32.813491,130.677848],"城山半田1":[32.775207,130.659262],"城山大塘1":[32.780493,130.658887],"上代9":[32.78278,130.661827],"城山半田2":[32.773224,130.664429],"上代10":[32.78138,130.661521],"上代6":[32.776069,130.665043],"上高橋1":[32.784835,130.664764],"上代8":[32.783094,130.66605],"上代7":[32.781213,130.665715],"上代5":[32.775866,130.671183],"上代4":[32.776686,130.671247],"上代3":[32.778936,130.673553],"上代1":[32.783761,130.673082],"島崎5":[32.811253,130.686491],"新土河原2":[32.774552,130.675982],"野中3":[32.777975,130.674175],"花園7":[32.825389,130.693195],"上代2":[32.779265,130.674809],"春日7":[32.785313,130.683107],"春日8":[32.788007,130.681109],"田崎町":[32.782768,130.678736],"花園6":[32.82102,130.690803],"野中2":[32.777847,130.678009],"島崎6":[32.812794,130.691094],"八島町":[32.780111,130.67803],"新土河原1":[32.772867,130.676445],"八島2":[32.780021,130.683029],"島崎3":[32.804377,130.684659],"島崎4":[32.808985,130.687119],"戸坂町":[32.799581,130.683731],"田崎3":[32.782022,130.683467],"野中1":[32.776803,130.680953],"蓮台寺5":[32.773596,130.685642],"田崎2":[32.783605,130.683504],"春日6":[32.7896,130.683706],"蓮台寺4":[32.777925,130.688468],"横手4":[32.803998,130.68952],"春日5":[32.790572,130.686214],"春日4":[32.793709,130.691487],"田崎1":[32.780572,130.686273],"八島1":[32.779666,130.685028],"横手5":[32.804994,130.688984],"横手3":[32.801345,130.689621],"横手2":[32.794729,130.692507],"蓮台寺3":[32.771791,130.689513],"花園4":[32.816449,130.69273],"島崎2":[32.810782,130.69283],"蓮台寺2":[32.77321,130.690203],"春日3":[32.793131,130.691078],"田崎本町":[32.785217,130.688357],"花園3":[32.814633,130.68987],"春日2":[32.787412,130.690099],"蓮台寺1":[32.775213,130.690301],"二本木5":[32.77933,130.688749],"二本木3":[32.783838,130.69352],"二本木2":[32.785145,130.693449],"二本木4":[32.779486,130.691669],"横手1":[32.801078,130.690666],"二本木1":[32.787703,130.692913],"春日1":[32.794886,130.6932],"花園5":[32.822031,130.694376],"池田4":[32.836102,130.698831],"花園2":[32.815185,130.69547],"池亀町":[32.823219,130.698561],"花園1":[32.814776,130.698547],"上熊本3":[32.824214,130.701989],"池田3":[32.831969,130.705891],"上熊本2":[32.811047,130.701312],"池田2":[32.830049,130.710159],"上熊本1":[32.811627,130.702797],"京町本丁":[32.818758,130.705817],"池田1":[32.826285,130.707889],"出町":[32.826886,130.709731],"稗田町":[32.822442,130.708289],"津浦町":[32.82476,130.708965],"西松尾町":[32.798226,130.609448],"上松尾町":[32.78452,130.619509],"中松尾町":[32.793297,130.644932]}