{"画図町大字重富":[32.758335,130.734316],"画図町大字下無田":[32.753312,130.744411],"画図町大字所島":[32.768161,130.737603],"江津2":[32.775824,130.735567],"江津4":[32.772607,130.736839],"出水4":[32.779226,130.735062],"江津1":[32.778878,130.737982],"江津3":[32.774365,130.739993],"画図町大字下江津":[32.771161,130.739472],"下江津2":[32.770716,130.740223],"下江津3":[32.769949,130.741211],"下江津1":[32.771495,130.741035],"下江津8":[32.767812,130.742431],"渡鹿8":[32.815678,130.744264],"湖東3":[32.774718,130.744015],"神水本町":[32.781605,130.744731],"画図町大字上無田":[32.76591,130.74798],"下江津4":[32.770275,130.745044],"下江津5":[32.771983,130.745123],"保田窪本町":[32.809467,130.748574],"渡鹿9":[32.81439,130.744343],"下江津7":[32.769027,130.744664],"新南部1":[32.817305,130.744682],"保田窪2":[32.80705,130.74563],"湖東2":[32.777824,130.749072],"新南部2":[32.817402,130.747708],"健軍5":[32.777594,130.75108],"湖東1":[32.779118,130.748731],"広木町":[32.770014,130.751885],"新南部3":[32.81397,130.749312],"下江津6":[32.770435,130.748538],"画図東1":[32.766994,130.750689],"健軍2":[32.783086,130.753792],"健軍4":[32.780299,130.753406],"京塚本町":[32.795465,130.75139],"健軍1":[32.785084,130.753482],"新南部4":[32.817339,130.750482],"新南部5":[32.820923,130.749107],"帯山4":[32.807082,130.749174],"保田窪3":[32.811156,130.753256],"画図東2":[32.764582,130.751683],"尾ノ上1":[32.7891,130.752817],"西原1":[32.814687,130.755312],"水源1":[32.775852,130.756801],"保田窪5":[32.812425,130.757453],"下南部1":[32.822968,130.750915],"新南部6":[32.817877,130.753185],"東京塚町":[32.797893,130.756618],"保田窪4":[32.810108,130.759034],"西原2":[32.816864,130.758728],"新生1":[32.777654,130.757233],"尾ノ上2":[32.793321,130.758653],"錦ケ丘":[32.788878,130.759415],"下南部3":[32.825446,130.763277],"尾ノ上3":[32.797444,130.759348],"健軍3":[32.778622,130.761244],"健軍本町":[32.784438,130.7604],"下南部2":[32.823359,130.755795],"西原3":[32.821306,130.760733],"八反田1":[32.813738,130.760086],"三郎1":[32.801547,130.758674],"南町":[32.773202,130.760211],"水源2":[32.775091,130.75897],"新生2":[32.777311,130.759325],"若葉5":[32.769912,130.764537],"尾ノ上4":[32.79513,130.763267],"御領1":[32.820029,130.763246],"長嶺西1":[32.812115,130.764926],"三郎2":[32.799855,130.761633],"東町1":[32.790932,130.761495],"月出2":[32.804055,130.764184],"栄町":[32.775126,130.760008],"八反田2":[32.817196,130.765853],"月出1":[32.802191,130.764838],"若葉6":[32.768199,130.766193],"若葉1":[32.776195,130.762399],"長嶺南1":[32.812688,130.768314],"東町4":[32.786852,130.76451],"若葉4":[32.773122,130.764823],"上南部1":[32.834716,130.765868],"秋津町秋田":[32.764883,130.77887],"若葉3":[32.775181,130.76477],"長嶺南2":[32.810365,130.769089],"御領2":[32.822659,130.768788],"東本町":[32.779808,130.76465],"長嶺西2":[32.81337,130.767893],"上南部2":[32.832658,130.771273],"若葉2":[32.775798,130.765053],"新外1":[32.800218,130.766766],"新外3":[32.798581,130.767214],"山ノ内1":[32.797809,130.768055],"月出3":[32.806597,130.767557],"東町2":[32.794843,130.768309],"八反田3":[32.823344,130.773564],"東野3":[32.774354,130.769322],"秋津1":[32.768045,130.76738],"秋津新町":[32.778767,130.767973],"山ノ内3":[32.796461,130.769868],"東町3":[32.785729,130.770112],"月出4":[32.803127,130.77032],"東野1":[32.777385,130.769364],"御領3":[32.824198,130.7711],"秋津2":[32.769645,130.770007],"新外4":[32.801063,130.77023],"新外2":[32.80157,130.769742],"御領8":[32.836052,130.777529],"長嶺西3":[32.814699,130.769262],"上南部4":[32.83989,130.774276],"月出7":[32.806672,130.769224],"長嶺東1":[32.815253,130.77194],"御領5":[32.828249,130.774653],"昭和町":[32.779145,130.772662],"山ノ内2":[32.799581,130.771757],"御領4":[32.824093,130.773489],"長嶺南3":[32.813097,130.774529],"山ノ神1":[32.797104,130.774616],"月出8":[32.808458,130.770904],"月出6":[32.806895,130.774291],"榎町":[32.794078,130.776199],"山ノ内4":[32.797475,130.77282],"佐土原1":[32.793341,130.776],"東野4":[32.773504,130.773999],"東野2":[32.776615,130.774104],"秋津3":[32.772524,130.7752],"花立5":[32.785538,130.774102],"月出5":[32.804266,130.773864],"長嶺東2":[32.819985,130.774857],"上南部3":[32.83621,130.776515],"長嶺南4":[32.808647,130.776432],"小峯1":[32.802078,130.776667],"花立3":[32.78438,130.774084],"御領6":[32.829988,130.777477],"小峯3":[32.8014,130.775814],"花立1":[32.780107,130.773995],"吉原町":[32.843867,130.778139],"長嶺南7":[32.814375,130.779361],"小峯2":[32.80386,130.777325],"長嶺東7":[32.828088,130.779348],"長嶺東3":[32.817748,130.776987],"沼山津1":[32.773309,130.77655],"長嶺東4":[32.818977,130.779683],"花立2":[32.780984,130.778067],"花立4":[32.784669,130.776973],"花立6":[32.788784,130.778424],"山ノ神2":[32.798031,130.78093],"石原町":[32.843374,130.780212],"上南部町":[32.841122,130.775388],"長嶺南6":[32.808371,130.780364],"佐土原2":[32.791888,130.782507],"石原1":[32.84221,130.78029],"長嶺東5":[32.820439,130.783301],"御領7":[32.834166,130.778301],"佐土原3":[32.795763,130.782528],"沼山津2":[32.774282,130.779686],"小峯4":[32.799879,130.779928],"桜木1":[32.778495,130.780324],"長嶺南5":[32.808046,130.781066],"桜木6":[32.790008,130.783412],"長嶺東8":[32.828432,130.78238],"桜木3":[32.782621,130.781112],"桜木2":[32.781025,130.781604],"桜木5":[32.786883,130.781276],"沼山津3":[32.774574,130.783321],"中江町":[32.845897,130.781199],"神園2":[32.835321,130.783846],"神園1":[32.837673,130.787952],"長嶺南8":[32.820591,130.786374],"秋津町沼山津":[32.770926,130.788544],"石原2":[32.843201,130.789463],"戸島西3":[32.819821,130.787088],"長嶺東6":[32.822817,130.785969],"戸島西2":[32.813484,130.784935],"長嶺東9":[32.834404,130.78454],"戸島西1":[32.81118,130.789407],"戸島西6":[32.806718,130.791371],"石原3":[32.844693,130.786455],"桜木4":[32.780185,130.786175],"小山1":[32.83281,130.787299],"戸島西7":[32.806329,130.792984],"小山2":[32.826614,130.792291],"沼山津4":[32.777917,130.787436],"小山3":[32.824269,130.786401],"戸島西4":[32.815884,130.790938],"弓削町":[32.845913,130.79549],"小山6":[32.834463,130.800768],"戸島4":[32.822472,130.790637],"戸島西5":[32.809122,130.794175],"小山5":[32.829006,130.796214],"戸島3":[32.820114,130.796771],"平山町":[32.839851,130.805137],"戸島2":[32.818453,130.796765],"小山4":[32.830112,130.79791],"戸島1":[32.814184,130.799782],"戸島町":[32.817379,130.828587],"戸島5":[32.827653,130.804221],"鹿帰瀬町":[32.843986,130.80504],"戸島本町":[32.818075,130.803418],"小山7":[32.828225,130.80324],"戸島7":[32.814592,130.805685],"戸島6":[32.81628,130.80866],"小山町":[32.831099,130.826612]}