{"大島":[32.993081,130.433653],"宮内出目":[32.995651,130.448156],"大島町4":[32.99794,130.42874],"四ツ山町1":[33.002324,130.428305],"大島町3":[32.996464,130.431006],"四ツ山町2":[33.002946,130.430987],"四ツ山町3":[33.004936,130.431935],"荒尾":[32.980375,130.463102],"西原町3":[33.000867,130.433894],"日の出町":[32.999828,130.433175],"西原町2":[33.003183,130.43367],"昭和町":[32.997576,130.432574],"増永":[32.979217,130.464774],"一部":[32.969047,130.443939],"蔵満":[32.961032,130.443523],"大正町1":[32.997478,130.434732],"牛水":[32.95017,130.456705],"大正町2":[32.998955,130.434901],"万田":[32.997692,130.446273],"西原町1":[33.004209,130.435522],"大平町1":[32.989734,130.437448],"原万田":[33.000661,130.457247],"大平町2":[32.987949,130.438025],"宮内":[32.985903,130.449901],"大平町3":[32.991006,130.439568],"住吉町":[32.99125,130.445048],"水野":[32.95719,130.459697],"東屋形1":[32.983576,130.450334],"東屋形2":[32.984033,130.453154],"桜山町1":[32.964495,130.454418],"東屋形4":[32.980459,130.455796],"高浜":[32.944977,130.466345],"東屋形3":[32.983275,130.455274],"桜山町2":[32.965555,130.456772],"下井手":[33.002143,130.470285],"桜山町3":[32.96369,130.459894],"菰屋":[32.954456,130.465435],"桜山町4":[32.964664,130.462732],"川登":[32.972016,130.489543],"本井手":[32.997323,130.481743],"緑ケ丘1":[32.984468,130.470353],"緑ケ丘2":[32.984013,130.472316],"緑ケ丘3":[32.98629,130.475003],"野原":[32.96095,130.492256],"緑ケ丘4":[32.986118,130.477228],"平山":[32.991714,130.510821],"緑ケ丘5":[32.987865,130.478959],"八幡台3":[32.966466,130.483106],"八幡台2":[32.964905,130.485334],"上井手":[33.001016,130.495998],"八幡台1":[32.962956,130.487149],"府本":[32.980935,130.523169],"八幡台4":[32.966575,130.484623],"樺":[32.962417,130.493681],"金山":[32.951977,130.508906],"上平山":[33.011,130.515783]}