{"岱明町下沖洲":[32.904635,130.487588],"岱明町扇崎":[32.914705,130.496819],"岱明町鍋":[32.908225,130.503661],"岱明町三崎":[32.924199,130.507767],"岱明町大野下":[32.916913,130.508135],"岱明町西照寺":[32.940742,130.5114],"岱明町上":[32.93356,130.518543],"岱明町古閑":[32.934644,130.51122],"岱明町浜田":[32.906676,130.511991],"岱明町高道":[32.902737,130.524773],"岱明町中土":[32.916617,130.516017],"岱明町庄山":[32.933538,130.521601],"岱明町開田":[32.941981,130.521273],"岱明町山下":[32.919146,130.526652],"滑石":[32.900126,130.53737],"岱明町野口":[32.921908,130.539966],"築地":[32.933453,130.538598],"岱明町下前原":[32.9249,130.53442],"大浜町":[32.898304,130.549083],"山田":[32.938611,130.547074],"小浜":[32.909401,130.540978],"中尾":[32.933023,130.548409],"中":[32.926028,130.541754],"六田":[32.922589,130.549937],"立願寺":[32.938226,130.557719],"小島":[32.916007,130.554997],"石貫":[32.967108,130.565824],"亀甲":[32.926503,130.555006],"松木":[32.92308,130.556524],"岩崎":[32.931632,130.563665],"富尾":[32.940809,130.561402],"千田川原":[32.918026,130.562565],"小野尻":[32.917041,130.563101],"繁根木":[32.926297,130.560119],"永徳寺":[32.923921,130.561268],"川島":[32.907544,130.561929],"北牟田":[32.899019,130.566476],"横島町横島":[32.893886,130.557697],"横島町大園":[32.893043,130.558608],"河崎":[32.934755,130.57815],"高瀬":[32.930957,130.565318],"玉名":[32.957045,130.584295],"伊倉北方":[32.91569,130.563238],"秋丸":[32.930979,130.566873],"伊倉南方":[32.895659,130.575595],"大倉":[32.926933,130.565913],"向津留":[32.929592,130.571784],"両迫間":[32.938955,130.587305],"片諏訪":[32.901264,130.577721],"宮原":[32.907625,130.588285],"青木":[32.962738,130.585697],"寺田":[32.922524,130.597836],"横田":[32.90195,130.585709],"青野":[32.907012,130.600852],"津留":[32.92835,130.593866],"溝上":[32.96827,130.593185],"川部田":[32.946213,130.586403],"下小田":[32.947263,130.586427],"上小田":[32.958698,130.598816],"山部田":[32.946788,130.600484],"下":[32.940386,130.592776],"田崎":[32.922141,130.603435],"月田":[32.977453,130.600332],"安楽寺":[32.919678,130.606313],"中坂門田":[32.908269,130.616296],"北坂門田":[32.913301,130.611573],"南坂門田":[32.907641,130.608709]}