{"車帰":[32.91573,130.985337],"的石":[32.929204,131.007786],"無田":[32.916318,130.988635],"赤水":[32.925887,131.005016],"跡ケ瀬":[32.935522,131.010002],"狩尾":[32.956314,131.040639],"永草":[32.933667,131.030827],"三久保":[32.97038,131.032728],"乙姫":[32.940658,131.042886],"西小園":[32.976482,131.032749],"西湯浦":[32.993876,131.040727],"小里":[32.976428,131.05568],"内牧":[32.962334,131.057767],"黒川":[32.950814,131.085148],"湯浦":[32.992236,131.049754],"南宮原":[32.985691,131.052087],"小池":[32.975006,131.067968],"黒流町":[32.970225,131.067572],"今町":[32.970177,131.0717],"小倉":[32.981581,131.082105],"小野田":[32.967959,131.095204],"役犬原":[32.958339,131.082802],"蔵原":[32.927938,131.094406],"山田":[32.975068,131.099717],"竹原":[32.937452,131.093726],"西町":[32.940797,131.10577],"一の宮町宮地":[32.93297,131.114573],"一の宮町中通":[32.969509,131.129258],"一の宮町手野":[32.978759,131.117474],"一の宮町坂梨":[32.933193,131.145492],"一の宮町三野":[32.963267,131.151797],"一の宮町中坂梨":[32.949783,131.142112],"一の宮町北坂梨":[32.956915,131.14831]}