{"野々島":[32.90268,130.729667],"上生":[32.918618,130.736766],"須屋":[32.870807,130.755706],"御代志":[32.910349,130.755055],"合生":[32.918634,130.772114],"栄":[32.91111,130.789951],"豊岡":[32.878742,130.777531],"幾久富":[32.869734,130.773801],"上庄":[32.913644,130.803936],"竹迫":[32.893794,130.842327],"福原":[32.891798,130.833421]}