{"牛深町":[32.186998,130.028296],"本渡町本渡":[32.447916,130.186259],"本渡町本戸馬場":[32.47062,130.18956],"本渡町本泉":[32.479895,130.179792],"本町下河内":[32.473379,130.168234],"佐伊津町":[32.478122,130.2039],"川原町":[32.457476,130.185262],"船之尾町":[32.456903,130.188602],"北原町":[32.465191,130.188574],"川原新町":[32.452814,130.18439],"山の手町":[32.449722,130.18772],"城下町":[32.459844,130.187177],"丸尾町":[32.467846,130.186112],"本渡町広瀬":[32.47773,130.204427],"浜崎町":[32.462403,130.188252],"古川町":[32.455191,130.187073],"諏訪町":[32.453732,130.190187],"南町":[32.45086,130.193282],"亀場町亀川":[32.448489,130.201694],"中村町":[32.468875,130.18992],"大浜町":[32.459796,130.1927],"八幡町":[32.46652,130.191337],"今釜町":[32.463844,130.194345],"中央新町":[32.457111,130.190218],"小松原町":[32.460025,130.192178],"東浜町":[32.457756,130.19493],"浄南町":[32.448302,130.19686],"栄町":[32.456828,130.192263],"亀場町食場":[32.434497,130.190878],"南新町":[32.45452,130.196982],"今釜新町":[32.460468,130.199133],"港町":[32.455579,130.200526],"太田町":[32.451249,130.198834],"東町":[32.453847,130.201855],"楠浦町":[32.433192,130.208497],"北浜町":[32.469328,130.206519],"瀬戸町":[32.452419,130.208403],"志柿町":[32.446853,130.205264]}