{"泗水町南田島":[32.930529,130.742207],"泗水町田島":[32.936255,130.753279],"七城町蘇崎":[32.946139,130.739237],"泗水町豊水":[32.923411,130.77477],"泗水町亀尾":[32.939261,130.775808],"泗水町吉富":[32.940135,130.798108],"七城町甲佐町":[32.968094,130.772986],"西寺":[32.970996,130.799567],"泗水町福本":[32.91068,130.791054],"木柑子":[32.943156,130.786973],"長田":[32.962545,130.794402],"野間口":[32.978565,130.786872],"広瀬":[32.953921,130.793498],"出田":[32.944305,130.803821],"泗水町永":[32.910652,130.818228],"七城町山崎":[32.985531,130.793181],"袈裟尾":[32.983619,130.803925],"村田":[32.962856,130.799015],"泗水町住吉":[32.911881,130.825726],"大琳寺":[32.976665,130.809747],"隈府":[32.987856,130.819169],"深川":[32.96882,130.808222],"泗水町富納":[32.931934,130.80637],"玉祥寺":[32.991285,130.808754],"赤星":[32.960275,130.820052],"稗方":[32.996331,130.80368],"北宮":[32.97209,130.812576],"西迫間":[32.997143,130.813481],"片角":[32.97316,130.814793],"豊間":[32.995039,130.828804],"今":[32.972592,130.824377],"亘":[32.986202,130.827068],"森北":[32.946214,130.825933],"旭志伊坂":[32.932352,130.83009],"藤田":[32.976344,130.830795],"木庭":[32.987987,130.840361],"旭志川辺":[32.916085,130.838449],"大平":[32.99711,130.839615]}