{"大字船岡":[38.051447,140.775943],"船岡土手内1":[38.060124,140.771839],"大字本船迫":[38.06829,140.781162],"大字成田":[38.088603,140.779043],"西船迫2":[38.064632,140.764567],"北船岡3":[38.061512,140.761973],"西船迫3":[38.067112,140.764224],"船岡西1":[38.057179,140.765083],"大字小成田":[38.086082,140.775484],"船岡西2":[38.053628,140.764794],"北船岡2":[38.062094,140.765055],"西船迫4":[38.074323,140.769738],"西船迫1":[38.067717,140.770619],"船岡中央1":[38.058107,140.770994],"北船岡1":[38.063194,140.768378],"船岡南1":[38.052916,140.768554],"船岡中央3":[38.055058,140.771099],"船岡中央2":[38.056048,140.771126],"船岡南2":[38.05046,140.774908],"大字船迫":[38.079414,140.794493],"船岡東3":[38.053298,140.773704],"船岡東2":[38.05633,140.775775],"船岡東1":[38.060331,140.778718],"船岡土手内2":[38.061142,140.776237],"船岡土手内3":[38.063566,140.788118],"船岡東4":[38.056249,140.779455],"船岡新栄5":[38.049702,140.781798],"東船迫2":[38.064451,140.782548],"大字海老穴":[38.088679,140.791458],"船岡新栄4":[38.05052,140.784257],"船岡新栄3":[38.052878,140.783405],"船岡新栄2":[38.057077,140.783349],"船岡新栄1":[38.059144,140.782652],"船岡新栄6":[38.048883,140.783242],"東船迫1":[38.068525,140.786162],"大字上名生":[38.059649,140.791627],"大字中名生":[38.053887,140.792976],"松ケ越1":[38.085629,140.801043],"大字槻木":[38.083458,140.80829],"松ケ越2":[38.086083,140.80041],"大字下名生":[38.060188,140.807627],"剣崎1":[38.062485,140.802306],"剣崎2":[38.061458,140.802219],"槻木白幡5":[38.069943,140.803694],"槻木西3":[38.071793,140.804113],"槻木西1":[38.076364,140.807404],"槻木西2":[38.074978,140.806175],"槻木白幡4":[38.072805,140.808453],"槻木駅西3":[38.080563,140.80987],"槻木駅西1":[38.07994,140.810549],"槻木白幡3":[38.07132,140.81129],"槻木白幡1":[38.074842,140.809728],"槻木上町2":[38.077134,140.810907],"槻木駅西2":[38.082756,140.812267],"槻木新町1":[38.08125,140.812633],"槻木白幡2":[38.073462,140.813502],"槻木上町3":[38.076342,140.814246],"槻木上町1":[38.077748,140.813869],"槻木下町1":[38.081169,140.815928],"槻木下町2":[38.079301,140.816889],"大字四日市場":[38.08588,140.833605],"槻木東1":[38.082749,140.816827],"槻木下町3":[38.077805,140.81713],"槻木東2":[38.081399,140.818614],"槻木東3":[38.080108,140.819625]}