{"大字前川":[38.182579,140.64735],"青根温泉":[38.14723,140.539609],"大字今宿":[38.192311,140.614802],"大字川内":[38.184388,140.650517],"大字小野":[38.188163,140.665245],"大字支倉":[38.17379,140.694319],"支倉台1":[38.197976,140.739458]}