{"大字長洲":[32.937379,130.449627],"大字有明":[32.921119,130.450065],"大字梅田":[32.933823,130.456671],"大字高浜":[32.935315,130.463174],"大字清源寺":[32.915878,130.476375],"大字名石浜":[32.904967,130.4733],"大字永塩":[32.946935,130.487906],"大字姫ケ浦":[32.913623,130.46407],"大字上沖洲":[32.909612,130.47922],"大字宮野":[32.934031,130.488375],"大字腹赤":[32.919264,130.482244],"大字折崎":[32.933842,130.49781]}