{"大字杉水":[32.916504,130.856655],"大字室":[32.871665,130.870882],"大字下町":[32.855986,130.861343],"大字平川":[32.904183,130.893074],"大字灰塚":[32.864196,130.861815],"大字大津":[32.890669,130.906198],"大字町":[32.858412,130.86992],"大字矢護川":[32.917847,130.89805],"大字新":[32.870708,130.870843],"大字陣内":[32.865987,130.886779],"大字岩坂":[32.860203,130.896007],"大字中島":[32.853578,130.876201],"大字引水":[32.878885,130.879154],"美咲野1":[32.887623,130.881125],"美咲野3":[32.887498,130.882199],"美咲野2":[32.885232,130.886324],"大字森":[32.879492,130.897752],"大字高尾野":[32.894216,130.923611],"大字錦野":[32.864184,130.919512],"大字吹田":[32.873336,130.910766],"大字古城":[32.890902,130.926524],"大字真木":[32.91684,130.9272],"大字大林":[32.878986,130.921943],"大字瀬田":[32.880951,130.930836],"大字外牧":[32.872764,130.953254]}