{"字下滝":[37.920197,140.751673],"字敷文西":[37.923347,140.749028],"舘矢間山田":[37.936646,140.759143],"字玉貫":[37.916779,140.755892],"字小保田":[37.907138,140.756977],"字下滝南":[37.921105,140.758236],"字山崎":[37.91152,140.759136],"舘矢間松掛":[37.94353,140.75698],"字菱川内":[37.914691,140.760282],"字虚空蔵中":[37.90482,140.757935],"字飯塚":[37.904453,140.760976],"字雁歌":[37.906475,140.763208],"字大川口":[37.907854,140.760271],"字田町北":[37.920204,140.76274],"字虚空蔵下":[37.904707,140.759623],"字中ノ内":[37.899461,140.763],"舘矢間舘山":[37.927069,140.770784],"字船場":[37.921661,140.761101],"字大舘1":[37.929304,140.763877],"字垂松":[37.903119,140.765014],"字日向上":[37.901312,140.763896],"字片岸":[37.908724,140.762274],"字田町南":[37.915892,140.764524],"字高畑":[37.915463,140.762984],"字町西":[37.914452,140.762137],"字山崎前":[37.911017,140.762408],"字飯泉":[37.905206,140.763063],"字大舘3":[37.925137,140.765223],"字吉田":[37.900782,140.766264],"字大舘2":[37.927706,140.76655],"字町東":[37.915351,140.763384],"字花田":[37.910474,140.766063],"字鳥屋":[37.911462,140.768682],"字除":[37.914273,140.764749],"字竹谷":[37.90501,140.764647],"字除北":[37.914737,140.769182],"字四反田":[37.897396,140.767487],"字除南":[37.913907,140.766781],"舘矢間木沼":[37.93256,140.776578],"字日向":[37.900304,140.769128],"字中島":[37.894497,140.771055],"字千刈場":[37.913722,140.770327],"字塚田":[37.895612,140.768855],"字銀杏":[37.899367,140.769933],"字和田東":[37.892593,140.769627],"字後屋敷":[37.897846,140.770446],"字上地":[37.900995,140.771465],"木沼":[37.943805,140.774216],"字神明南":[37.914486,140.77212],"字神明":[37.914395,140.774353],"字矢洗":[37.914281,140.784087],"字畑中":[37.899481,140.774093],"字上林西":[37.894489,140.772727],"字渕ノ上":[37.909336,140.776941],"字上林東":[37.895649,140.774321],"字新町":[37.909932,140.777524],"字石渕":[37.912234,140.77664],"字羽入":[37.901697,140.778891],"字羽入前":[37.899522,140.778343],"字越田":[37.902366,140.781887],"字作田":[37.906826,140.780486],"字大古町北":[37.912223,140.77915],"字宮ノ脇":[37.905178,140.779646],"字羽山":[37.904215,140.784449],"字寺内":[37.908172,140.784382],"字寺内前":[37.907924,140.786595],"字平":[37.910215,140.789293],"字虚空蔵上":[37.905678,140.755876],"字うるし原":[37.913347,140.755404],"字蛭田":[37.91013,140.778351]}