{"大字豊秋":[32.727632,130.774317],"大字陣":[32.719351,130.77975],"大字高木":[32.735265,130.806548],"大字小坂":[32.727709,130.778289],"大字滝川":[32.714989,130.800727],"大字御船":[32.714283,130.801797],"大字辺田見":[32.713741,130.809708],"大字木倉":[32.725921,130.826944],"大字滝尾":[32.700762,130.823714]}