{"大字犬渕":[32.740191,130.700121],"大字下仲間":[32.742304,130.726501],"大字上仲間":[32.741921,130.740103],"大字鯰":[32.747308,130.747411],"大字上島":[32.734393,130.765743],"大字下六嘉":[32.753585,130.774197],"大字上六嘉":[32.731933,130.774929],"大字北甘木":[32.744489,130.788694],"大字井寺":[32.749988,130.794138]}