{"大字女島":[32.282882,130.495627],"大字鶴木山":[32.311472,130.476814],"大字計石":[32.303879,130.494284],"大字湯浦":[32.267263,130.506238],"大字白岩":[32.308393,130.499482],"大字芦北":[32.289419,130.50192],"大字花岡":[32.305038,130.496331],"大字道川内":[32.308739,130.506554],"大字佐敷":[32.301382,130.508607],"大字宮崎":[32.269985,130.514708],"大字乙千屋":[32.31204,130.513746],"大字豊岡":[32.263942,130.507641],"大字八幡":[32.294346,130.52964],"大字宮浦":[32.30444,130.526573]}