{"逢隈小山":[38.063469,140.835641],"逢隈神宮寺":[38.051885,140.853035],"字北猿田":[38.032826,140.840961],"逢隈上郡":[38.054829,140.853002],"逢隈田沢":[38.068808,140.865786],"字南猿田":[38.027731,140.836077],"字愛宕前":[38.035889,140.845316],"字雪穴":[38.029983,140.846588],"字卑下入":[38.025888,140.849045],"字龍円寺前":[38.023499,140.847149],"字鳥居前":[38.038282,140.844736],"長瀞":[38.016429,140.857908],"吉田":[37.999374,140.883808],"字沼頭":[38.033744,140.846935],"字祝田":[38.038024,140.851238],"字泉ケ入":[38.028139,140.850047],"逢隈鹿島":[38.04193,140.84815],"字先達前":[38.040019,140.8498],"字舘南":[38.030098,140.852802],"字倉庭":[38.040799,140.849],"逢隈下郡":[38.069479,140.847975],"字旧舘":[38.033237,140.850452],"字堀ノ内":[38.024145,140.853302],"字旭山":[38.028691,140.850897],"字見田内":[38.040486,140.852752],"字桜小路":[38.042002,140.853669],"字境堤":[38.024312,140.8548],"字下小路":[38.037496,140.853386],"字南町":[38.028994,140.853522],"字台田":[38.026857,140.854633],"字中町":[38.03477,140.854658],"字上町":[38.030261,140.853771],"字五日町":[38.035415,140.855164],"字亀井戸":[38.03002,140.853893],"字新井町":[38.042821,140.855446],"字南町東":[38.026839,140.854858],"字中町東":[38.034305,140.86076],"字裏城戸":[38.030241,140.860966],"字北新町":[38.038991,140.858217],"字新町":[38.037056,140.859168],"字西郷":[38.041662,140.863142],"逢隈":[38.066856,140.86152],"字道田西":[38.039541,140.861693],"字上茨田":[38.035961,140.862987],"字茨田後":[38.038038,140.862842],"字上中野地":[38.028332,140.863505],"字下茨田":[38.036971,140.866218],"字道田中":[38.039402,140.864697],"逢隈中泉":[38.088069,140.881225],"逢隈牛袋":[38.080894,140.894413],"逢隈十文字":[38.073399,140.884192],"字下浜街道":[38.031142,140.869603],"逢隈榎袋":[38.063513,140.873918],"字悠里":[38.044229,140.868787],"字東郷":[38.04165,140.868814],"字狐塚":[38.038215,140.869013],"字江下":[38.038944,140.871901],"字北新田":[38.032955,140.873302],"逢隈高屋":[38.039841,140.90199],"逢隈鷺屋":[38.054657,140.883414],"逢隈蕨":[38.057869,140.888041],"荒浜":[38.040412,140.912392],"字道田東":[38.039724,140.865524],"字旭":[38.029063,140.852644],"字油田":[38.028153,140.861154],"字上浜街道":[38.030921,140.863121]}