{"八手庭":[37.996011,140.868671],"小平":[37.980759,140.852718],"山寺":[37.967159,140.88402],"大平":[37.987092,140.852524],"鷲足":[37.978023,140.87559],"高瀬":[37.939301,140.857474],"坂元":[37.902042,140.927085],"浅生原":[37.96644,140.884409],"真庭":[37.937901,140.894548],"つばめの杜5":[37.965718,140.880526],"つばめの杜4":[37.962079,140.883906],"つばめの杜3":[37.963552,140.887945],"つばめの杜2":[37.964329,140.889855],"つばめの杜1":[37.966262,140.8827]}