{"湊浜":[38.290106,141.043991],"遠山3":[38.298393,141.040181],"遠山5":[38.303936,141.040753],"遠山4":[38.302178,141.039296],"遠山2":[38.293802,141.04198],"境山2":[38.302891,141.045561],"東宮浜":[38.312594,141.057899],"遠山1":[38.294717,141.044434],"境山1":[38.299696,141.047041],"松ヶ浜":[38.287732,141.052703],"湊浜2":[38.289452,141.048999],"湊浜1":[38.286981,141.047959],"汐見台3":[38.298148,141.051488],"汐見台4":[38.300584,141.050296],"汐見台1":[38.296682,141.055252],"汐見台5":[38.300646,141.056067],"汐見台2":[38.29885,141.054413],"菖蒲田浜":[38.294523,141.064957],"汐見台南1":[38.29368,141.060957],"汐見台6":[38.298648,141.058123],"汐見台7":[38.300079,141.060371],"汐見台南2":[38.29074,141.062971],"吉田浜":[38.313401,141.076431],"代ヶ崎浜":[38.312789,141.066493],"花渕浜":[38.300779,141.083821],"笹山":[38.295357,141.066503]}