{"大字上青江":[33.077718,131.823449],"大字津久見":[33.062146,131.869019],"大字下青江":[33.070387,131.842897],"中町":[33.077843,131.846907],"岡町":[33.079096,131.845698],"小園町":[33.074658,131.843285],"徳浦本町":[33.093086,131.851666],"門前町":[33.076688,131.85113],"志手町":[33.080282,131.850339],"大字徳浦":[33.082703,131.860127],"地蔵町":[33.078184,131.850635],"合ノ元町":[33.087729,131.853392],"新町":[33.076897,131.854511],"入船西町":[33.080633,131.855004],"徳浦宮町":[33.090539,131.857036],"セメント町":[33.077482,131.85885],"井無田町":[33.075785,131.854451],"大字堅浦":[33.095302,131.860332],"元町":[33.075198,131.859539],"入船東町":[33.080727,131.859877],"立花町":[33.065634,131.860309],"上宮本町":[33.070315,131.862085],"港町":[33.07614,131.86266],"中田町":[33.068912,131.86301],"宮本町":[33.072295,131.865266],"中央町":[33.075353,131.865301],"文京町":[33.070533,131.866435],"大友町":[33.071189,131.866585],"高洲町":[33.077122,131.866932],"岩屋町":[33.073291,131.867585],"大字津久見浦":[33.074732,131.868256],"大字千怒":[33.069221,131.890788]}