{"大字八坂":[33.408891,131.57821],"大字相原":[33.396331,131.58637],"大字中":[33.407756,131.579022],"大字本庄":[33.420179,131.581864],"大字溝井":[33.434219,131.594748],"大字日野":[33.394858,131.608771],"大字南杵築":[33.412561,131.619337],"大字馬場尾":[33.425272,131.598517],"大字鴨川":[33.431124,131.599655],"大字熊野":[33.389317,131.643648],"大字猪尾":[33.412105,131.627534],"大字宮司":[33.428158,131.61496],"大字杵築":[33.413947,131.625474],"大字大内":[33.425382,131.632816],"大字片野":[33.407478,131.624848],"大字守江":[33.432362,131.669572],"大字狩宿":[33.425287,131.704282],"大字奈多":[33.446695,131.715416],"大字横城":[33.439043,131.698133]}