{"大字清水":[33.550435,131.26179],"大字今仁":[33.532652,131.272987],"大字木部":[33.543343,131.271302],"大字富山":[33.561886,131.28333],"大字佐野":[33.545358,131.279966],"大字南敷田":[33.544052,131.286066],"大字宮熊":[33.575368,131.289806],"大字赤尾":[33.533595,131.293012],"大字大根川":[33.543235,131.285711],"大字上敷田":[33.552044,131.2875],"大字中敷田":[33.557598,131.290158],"大字下敷田":[33.563717,131.291204],"大字下庄":[33.564477,131.298032],"大字猿渡":[33.542558,131.306369],"大字上庄":[33.556935,131.300164],"大字山下":[33.531878,131.314458],"大字下元重":[33.52671,131.311049],"大字下高家":[33.568684,131.323506],"大字西高家":[33.574651,131.303621],"大字上元重":[33.52042,131.312388],"大字上時枝":[33.548065,131.310363],"大字下時枝":[33.554323,131.307482],"大字上高家":[33.565324,131.323618],"大字上高":[33.548765,131.321633],"大字東高家":[33.56608,131.324086],"大字四日市":[33.527734,131.334595],"大字下高":[33.555756,131.32373],"大字浜高家":[33.576342,131.319474],"大字吉松":[33.537814,131.325836],"大字尾永井":[33.563766,131.331537],"大字森山":[33.553749,131.334755],"大字山本":[33.512776,131.333532],"大字下乙女":[33.577201,131.29635],"大字城井":[33.54295,131.33932],"大字上拝田":[33.504413,131.328274],"大字下拝田":[33.509656,131.340653],"大字葛原":[33.537777,131.34088],"大字乙女新田":[33.572047,131.337679],"大字石田":[33.532758,131.337735],"大字閤":[33.525076,131.339849],"大字大塚":[33.518598,131.337133],"大字上乙女":[33.561314,131.340423],"大字辛島":[33.528052,131.342527],"大字中原":[33.521064,131.339341],"大字荒木":[33.553512,131.341781],"大字別府":[33.522636,131.345658],"大字上田":[33.532461,131.350069],"大字樋田":[33.519085,131.349579],"大字高砂新田":[33.570945,131.352627],"大字順風新田":[33.570134,131.344362],"大字芝原":[33.536506,131.344558],"大字法鏡寺":[33.529144,131.350136],"大字畑田":[33.543088,131.3521],"大字住江":[33.569991,131.361819],"大字川部":[33.539296,131.364094],"大字江須賀":[33.565294,131.369096],"大字郡中新田":[33.57064,131.360346],"大字北宇佐":[33.534289,131.386707],"大字小向野":[33.515567,131.358756],"大字神子山新田":[33.56921,131.367536],"住吉町1":[33.565491,131.362877],"大字高森":[33.552987,131.365285],"住吉町2":[33.566877,131.362733],"住吉町3":[33.568352,131.362607],"沖須町3":[33.568178,131.363481],"沖須町2":[33.567271,131.364011],"沖須町1":[33.566238,131.364343],"大字南宇佐":[33.528431,131.386329],"子安町4":[33.568594,131.367076],"子安町3":[33.56815,131.366095],"子安町2":[33.567317,131.365515],"子安町1":[33.566698,131.365933],"貴船町1":[33.56773,131.368438],"貴船町2":[33.568692,131.36817],"大字金屋":[33.561149,131.370721],"大字長洲":[33.569858,131.368544],"大字西大堀":[33.557839,131.393903],"大字蜷木":[33.549644,131.405991],"大字佐々礼":[33.567619,131.401599],"大字和気":[33.534498,131.399677],"大字橋津":[33.535237,131.40174],"大字松崎":[33.567765,131.413313],"大字岩保新田":[33.568192,131.410309],"大字岩崎":[33.532405,131.409246],"大字南鶴田新田":[33.557042,131.4109],"大字北鶴田新田":[33.563653,131.411347],"大字久兵衛新田":[33.567876,131.423914],"大字山":[33.531916,131.420052],"大字西木":[33.536191,131.42052],"大字青森":[33.546381,131.420522],"大字苅宇田":[33.541918,131.422716],"大字横田":[33.541919,131.423622],"大字東大堀":[33.548797,131.422949]}