{"湯布院町川西":[33.24298,131.3265],"湯布院町川北":[33.263297,131.356178],"湯布院町中川":[33.240813,131.327513],"湯布院町川南":[33.25486,131.360311],"湯布院町川上":[33.26824,131.363481],"挾間町篠原":[33.196304,131.479089],"挾間町鬼瀬":[33.198375,131.499295],"挾間町向原":[33.196274,131.517506],"挾間町赤野":[33.210518,131.514662],"挾間町谷":[33.179917,131.507146],"挾間町来鉢":[33.221886,131.525212],"挾間町鬼崎":[33.19177,131.516804],"挾間町挾間":[33.199041,131.526504],"挾間町北方":[33.205863,131.525697],"挾間町古野":[33.213682,131.533067],"挾間町三船":[33.219067,131.53313],"挾間町下市":[33.201091,131.534278],"挾間町七蔵司":[33.224542,131.522642],"挾間町高崎":[33.224043,131.536243],"挾間町医大ケ丘3":[33.207511,131.533506],"挾間町医大ケ丘2":[33.208289,131.534618],"挾間町医大ケ丘1":[33.21021,131.534527]}