{"大瓜":[38.484637,140.868342],"大衡":[38.459971,140.884947],"中央平":[38.461788,140.887975],"奥田":[38.459847,140.913275],"駒場":[38.480422,140.925106],"桔梗平":[38.46906,140.922835],"大森":[38.473304,140.943536],"ときわ台南":[38.46278,140.883968],"ときわ台":[38.465495,140.884516]}