{"大字豊岡":[33.361467,131.495396],"大字平道":[33.356385,131.49689],"（大字なし）":[33.368856,131.526294],"大字川崎":[33.366516,131.54297],"大字藤原":[33.406877,131.552565],"大字大神":[33.353219,131.586854],"大字真那井":[33.379803,131.615106]}