{"字西佳原":[38.57095,140.852239],"字上川原一番":[38.57555,140.846781],"羽場":[38.581089,140.851211],"米泉":[38.580703,140.844188],"字上川原二番":[38.575099,140.845213],"字下川原向":[38.56603,140.847106],"字焼橋":[38.574871,140.848833],"字木伏":[38.557252,140.856361],"字住吉":[38.56088,140.856256],"城生":[38.578111,140.866989],"字一本柳":[38.571612,140.852519],"字穴畑":[38.571513,140.853814],"字大門":[38.576063,140.856697],"字木伏川原三番":[38.560771,140.850558],"字押登目":[38.553248,140.854773],"字新木伏":[38.555434,140.853524],"字西田六番":[38.572213,140.853376],"字西田二番":[38.573901,140.855488],"字西田一番":[38.572996,140.85533],"字木伏川原外":[38.559756,140.853353],"字下川原一番":[38.570727,140.853674],"字旧舘一番":[38.568831,140.856282],"字一本柳南":[38.569849,140.85423],"字西田四番":[38.569422,140.854607],"字西田三番":[38.571803,140.854921],"字新川原":[38.555457,140.859396],"字百目木二番":[38.564982,140.856353],"字町西":[38.569782,140.855627],"菜切谷":[38.580168,140.866672],"字片貝川原二番":[38.552722,140.856647],"字南町":[38.570094,140.85855],"字百目木三番":[38.565983,140.856449],"字西町":[38.571584,140.857564],"字旧舘二番":[38.560813,140.857413],"字百目木一番":[38.562311,140.856976],"字矢越":[38.574692,140.869626],"字南川原":[38.553116,140.862597],"字薬師堂":[38.554013,140.865538],"字北町二番":[38.571586,140.863105],"字片貝川原外":[38.552358,140.860503],"字赤塚":[38.562549,140.86846],"字岡町":[38.571957,140.862028],"字町裏":[38.570078,140.864459],"字片貝川原別":[38.553929,140.86006],"字北町三番":[38.573364,140.861084],"上狼塚":[38.57492,140.880496],"字北町一番":[38.572466,140.863758],"字一本杉":[38.567709,140.871897],"字雁原":[38.572784,140.880788],"字鹿島西":[38.555501,140.865898],"字鹿島越":[38.554891,140.866433],"四日市場":[38.566619,140.876608],"下狼塚":[38.564831,140.891719],"平柳":[38.562684,140.905304]}