{"大字山田":[33.281228,131.140124],"大字四日市":[33.282391,131.139286],"大字塚脇":[33.269489,131.162117],"大字帆足":[33.28479,131.162339],"大字森":[33.299882,131.1608],"大字大隈":[33.269783,131.169454],"大字岩室":[33.276512,131.16898]}