{"字三十軒屋敷":[38.549878,141.070814],"字三十軒屋敷添":[38.546984,141.069945],"字五反田":[38.545486,141.085201],"字台所橋道下":[38.540949,141.096394],"字関谷沖名":[38.544009,141.096166],"字西谷地":[38.548172,141.091641],"字今左ェ門沖名":[38.55184,141.095724],"字赤間屋敷":[38.549663,141.098399],"字掃部沖名":[38.54875,141.101317],"字中島乙":[38.552114,141.10854],"字一本柳":[38.547679,141.104715],"字中島":[38.552105,141.098156],"字新中島乙":[38.552855,141.112509],"字北田":[38.551047,141.115809],"字蔵人沖名":[38.546652,141.116836],"字桜町裏":[38.549224,141.117355],"字六軒町裏":[38.54282,141.121952],"字渋江":[38.541302,141.122546],"字桑木荒":[38.531558,141.124007],"字新町裏":[38.537791,141.128298],"字裏桜町":[38.549318,141.124533],"字表桜町":[38.547806,141.123939],"字六軒町":[38.544191,141.125418],"字新町":[38.540848,141.124855],"字田沼町":[38.545891,141.126512],"涌谷":[38.538077,141.144705],"字田町裏":[38.537192,141.129372],"字立町":[38.542495,141.129243],"字練丑町":[38.544098,141.126851],"字柳町":[38.536862,141.130752],"字本町":[38.542364,141.129671],"字追廻町":[38.543598,141.130058],"字下道":[38.535776,141.132151],"字長柄町":[38.536986,141.131864],"字浦町":[38.535976,141.132595],"字中下道":[38.531428,141.134967],"字下新田":[38.529668,141.13625],"字砂田前":[38.533575,141.140335],"字薔薇島":[38.529351,141.144048],"字八百刈":[38.52883,141.143692],"字花勝山一号":[38.52553,141.145229],"字砂田土手外":[38.529221,141.147418],"字中島甲":[38.55225,141.098752],"字北田中谷地三号":[38.552282,141.11217],"字北田甲":[38.552324,141.116198],"字川原町上":[38.537776,141.130513],"字刈萱町":[38.544392,141.128492],"字川原町下":[38.538222,141.132638],"字砂田":[38.528739,141.145381],"字下道砂押一号":[38.533726,141.1399],"字弥治内袋":[38.529588,141.14897],"字桜町裏三号":[38.553428,141.118975],"字九軒":[38.54822,141.083269],"字九軒添":[38.549147,141.081717],"字古道下二本杉":[38.540937,141.12405],"字源右エ門沖名二号":[38.542043,141.12149]}