{"関根":[38.566037,141.003635],"北浦":[38.564317,141.017344],"青生":[38.529748,141.061304],"牛飼":[38.558622,141.054056],"南小牛田":[38.551795,141.090372],"字桜木町":[38.536436,141.058898],"字藤ケ崎町":[38.538712,141.064216],"北浦1":[38.542431,141.060717],"字素山町":[38.537262,141.063512],"藤ケ崎1":[38.543613,141.061689],"字化粧坂":[38.536927,141.064266],"字志賀町1":[38.532827,141.068188],"字志賀町3":[38.530182,141.070617],"字志賀町2":[38.53113,141.071149],"字峯山":[38.534345,141.075447],"字新藤ケ崎":[38.539385,141.069337],"字新妻の神":[38.532724,141.073422],"字峯山浦":[38.53466,141.076437],"字上意江":[38.531843,141.075745],"字役田":[38.53271,141.078521],"字西舘":[38.531124,141.075149],"字北原":[38.531009,141.078541],"字叔廼前":[38.526579,141.083186],"字大所":[38.530027,141.082054],"字塔ノ越":[38.527086,141.083979],"字新大所":[38.529528,141.084558],"字藤ケ崎":[38.541127,141.064102],"字素山":[38.540447,141.063768],"字小町井":[38.538478,141.065463],"字学田":[38.537917,141.068636],"字志賀殿":[38.531873,141.071483],"字妻の神":[38.532381,141.074445],"字砂子田":[38.532127,141.078657],"字内役田":[38.531556,141.078745]}