{"大字岡松":[32.04591,130.75738],"大字亀沢":[32.034672,130.756777],"大字内竪":[32.054799,130.764555],"大字柳水流":[32.036044,130.759565],"大字向江":[32.05277,130.775497],"大字浦":[32.040893,130.776618],"大字水流":[32.052879,130.770457],"大字島内":[32.047358,130.789647],"大字西郷":[32.049956,130.799345],"大字永山":[32.046292,130.8088],"大字湯田":[32.052221,130.802787],"大字灰塚":[32.039641,130.807061],"大字西長江浦":[32.036112,130.810547],"大字栗下":[32.035476,130.823082],"大字榎田":[32.055858,130.813263],"大字小田":[32.051555,130.824186],"大字東長江浦":[32.037597,130.8133],"大字末永":[32.028451,130.838698],"大字大明司":[32.048794,130.847219],"大字池島":[32.03605,130.834212],"大字上江":[32.028059,130.868091],"大字今西":[32.038526,130.851899],"大字坂元":[32.050022,130.853495],"大字前田":[32.042123,130.864433],"大字原田":[32.051625,130.867373],"大字杉水流":[32.048875,130.871668],"大字大河平":[32.05177,130.877035]}