{"岡元町":[32.566653,131.572074],"小川町":[32.57443,131.579012],"細見町":[32.570013,131.588101],"舞野町":[32.576716,131.602783],"貝の畑町":[32.565275,131.603038],"平田町":[32.577487,131.608395],"吉野町":[32.568015,131.624018],"下三輪町":[32.56133,131.616175],"高野町":[32.578219,131.615814],"天下町":[32.571748,131.633245],"小峰町":[32.5856,131.624205],"小野町":[32.544124,131.655691],"古城町5":[32.564303,131.656672],"西階町3":[32.566513,131.634199],"野田町":[32.580485,131.640458],"松山町":[32.585837,131.64558],"野田2":[32.578114,131.633366],"三須町":[32.560578,131.650644],"野田3":[32.576806,131.636244],"西階町2":[32.569628,131.640644],"宇和田町":[32.60352,131.647972],"野田1":[32.580207,131.636882],"大貫町6":[32.56758,131.647838],"西階町1":[32.571786,131.644877],"野地町6":[32.580111,131.643338],"祝子町":[32.60347,131.661448],"野地町2":[32.577661,131.64421],"野地町4":[32.580463,131.647128],"古川町":[32.585337,131.655595],"野地町1":[32.576175,131.645553],"柚木町":[32.601985,131.655022],"大貫町4":[32.578948,131.653223],"大貫町5":[32.574172,131.652593],"野地町3":[32.579702,131.648602],"野地町5":[32.580273,131.652729],"大貫町3":[32.573244,131.656837],"上伊形町":[32.523488,131.663752],"片田町":[32.550873,131.666469],"大貫町2":[32.57779,131.657831],"岡富町":[32.583784,131.658168],"古城町3":[32.566769,131.656507],"大貫町1":[32.577991,131.65991],"富美山町":[32.594448,131.667881],"古城町4":[32.566462,131.661405],"山月町5":[32.601275,131.664948],"石田町":[32.534473,131.670768],"尾崎町":[32.604043,131.668264],"本小路":[32.582069,131.663107],"天神小路":[32.581295,131.659334],"古城町1":[32.571561,131.660215],"土々呂町5":[32.51079,131.678485],"古城町2":[32.567594,131.661114],"桜小路":[32.578555,131.663726],"北小路":[32.584318,131.666372],"出口町":[32.573443,131.662227],"東本小路":[32.578997,131.664962],"西小路":[32.573318,131.66357],"伊形町":[32.534016,131.67274],"恒富町1":[32.570741,131.664534],"恒富町2":[32.569857,131.664794],"恒富町3":[32.568885,131.664832],"北新小路":[32.574427,131.664694],"愛宕山":[32.565329,131.664305],"恒富町4":[32.56777,131.665913],"上大瀬町":[32.573631,131.663228],"高千穂通":[32.586301,131.668071],"桜ケ丘3":[32.611937,131.669592],"新小路1":[32.571446,131.666319],"下伊形町":[32.524886,131.674943],"柳沢町2":[32.579323,131.66647],"愛宕町3":[32.566068,131.672592],"若葉町1":[32.553836,131.669291],"大瀬町1":[32.574218,131.665807],"南町2":[32.580369,131.666538],"北町2":[32.582379,131.665989],"新小路2":[32.570925,131.666833],"本町2":[32.579532,131.666347],"愛宕町2":[32.568751,131.670359],"春日町1":[32.576974,131.669372],"中川原町5":[32.598665,131.674463],"若葉町2":[32.55225,131.67066],"土々呂町6":[32.506698,131.676131],"大瀬町2":[32.572573,131.666448],"春日町2":[32.576472,131.669377],"春日町3":[32.576198,131.669276],"三ツ瀬町1":[32.574737,131.668593],"中町2":[32.581442,131.666064],"山下町2":[32.590224,131.670301],"沖田町":[32.548415,131.666289],"三ツ瀬町2":[32.574011,131.66858],"大瀬町3":[32.571113,131.667762],"北町1":[32.582521,131.667834],"夏田町":[32.60591,131.672852],"本町1":[32.58022,131.668175],"中町1":[32.581775,131.667891],"南町1":[32.580783,131.668009],"永池町1":[32.573236,131.668477],"永池町2":[32.572408,131.668361],"柳沢町1":[32.579743,131.668284],"塩浜町3":[32.540255,131.675011],"山下町3":[32.592563,131.671038],"愛宕町1":[32.570518,131.669412],"山月町2":[32.597325,131.66992],"山月町4":[32.600113,131.668681],"山月町1":[32.593722,131.669868],"塩浜町2":[32.543454,131.676054],"山下町1":[32.587828,131.669653],"中央通1":[32.5829,131.669021],"山月町3":[32.597727,131.670156],"安賀多町5":[32.571743,131.669099],"中央通2":[32.581629,131.668999],"鶴ケ丘2":[32.542527,131.672967],"祇園町2":[32.586474,131.669222],"祇園町1":[32.583862,131.669172],"中央通3":[32.579589,131.669726],"櫛津町":[32.50366,131.680187],"安賀多町4":[32.57319,131.669184],"桜ケ丘2":[32.610312,131.673232],"安賀多町2":[32.576527,131.670212],"安賀多町3":[32.574934,131.669356],"平原町1":[32.554982,131.676046],"船倉町1":[32.582404,131.670256],"中川原町2":[32.595346,131.671779],"平原町3":[32.549445,131.675808],"新町":[32.581269,131.671401],"恵比須町":[32.58667,131.670855],"旭町1":[32.575116,131.670903],"安賀多町1":[32.57747,131.669998],"博労町":[32.585848,131.670295],"紺屋町1":[32.584141,131.669757],"構口町2":[32.557575,131.676269],"栄町":[32.589384,131.670683],"稲葉崎町5":[32.613347,131.677783],"平原町2":[32.55289,131.675923],"旭町2":[32.572297,131.670316],"旭町3":[32.570455,131.671031],"中島町1":[32.575808,131.672831],"幸町1":[32.587257,131.67253],"大峡町":[32.626144,131.67285],"萩町":[32.59258,131.672397],"幸町3":[32.589746,131.672251],"旭町7":[32.564898,131.676874],"船倉町2":[32.582831,131.671638],"瀬之口町1":[32.586034,131.672137],"幸町2":[32.58841,131.672313],"中川原町1":[32.593452,131.672386],"旭町4":[32.573649,131.673589],"伊達町1":[32.562578,131.676589],"別府町":[32.569697,131.686702],"須崎町":[32.582294,131.673773],"紺屋町2":[32.584343,131.673187],"共栄町":[32.563624,131.676325],"伊達町2":[32.561637,131.676381],"旭町6":[32.571031,131.67681],"中川原町3":[32.597086,131.674896],"伊達町3":[32.561112,131.67653],"稲葉崎町3":[32.610549,131.679261],"鶴ケ丘1":[32.546922,131.673686],"桜ケ丘1":[32.607167,131.677137],"瀬之口町2":[32.58572,131.673129],"日の出町2":[32.592251,131.675894],"桜園町":[32.594781,131.676704],"構口町1":[32.55993,131.67617],"中島町2":[32.578793,131.675691],"日の出町1":[32.587877,131.676349],"樫山町3":[32.60374,131.676758],"稲葉崎町6":[32.61914,131.680228],"北一ケ岡1":[32.528239,131.677799],"中島町3":[32.578092,131.675953],"塩浜町4":[32.535463,131.674021],"中島町4":[32.576701,131.676038],"昭和町1":[32.585493,131.677466],"平原町4":[32.547198,131.674298],"南一ケ岡3":[32.519565,131.676561],"旭町5":[32.572965,131.676737],"南一ケ岡7":[32.514077,131.677472],"北一ケ岡4":[32.525589,131.678762],"樫山町1":[32.601796,131.677611],"稲葉崎町1":[32.605976,131.678641],"中川原町4":[32.599432,131.676436],"北一ケ岡2":[32.526577,131.678523],"塩浜町1":[32.543644,131.679447],"南一ケ岡4":[32.517558,131.678716],"中の瀬町1":[32.59787,131.678961],"惣領町":[32.579656,131.680316],"川原崎町":[32.589695,131.683616],"南一ケ岡2":[32.522848,131.67941],"旭ケ丘3":[32.532726,131.679748],"平原町5":[32.548693,131.677945],"土々呂町2":[32.513091,131.68166],"昭和町2":[32.586888,131.679551],"出北1":[32.576466,131.683264],"浜町":[32.558515,131.68297],"旭ケ丘4":[32.531727,131.68],"土々呂町4":[32.509313,131.683814],"出北2":[32.574526,131.683414],"出北3":[32.572966,131.683409],"出北4":[32.571067,131.682787],"樫山町2":[32.603344,131.67864],"旭ケ丘5":[32.529457,131.6806],"中の瀬町2":[32.595496,131.679685],"南一ケ岡5":[32.514114,131.681237],"大門町":[32.603462,131.683285],"南一ケ岡1":[32.522001,131.681038],"緑ケ丘4":[32.549854,131.682511],"昭和町3":[32.590167,131.687116],"緑ケ丘5":[32.548146,131.681986],"北一ケ岡3":[32.525859,131.680827],"南一ケ岡6":[32.519265,131.681154],"旭ケ丘6":[32.524822,131.681991],"差木野町":[32.634485,131.693325],"稲葉崎町2":[32.607056,131.682684],"緑ケ丘3":[32.552018,131.683266],"稲葉崎町4":[32.612383,131.682292],"土々呂町3":[32.51125,131.68326],"新浜町1":[32.526611,131.685957],"土々呂町1":[32.518275,131.684376],"松原町2":[32.522539,131.68242],"妙見町":[32.506002,131.691506],"粟野名町":[32.594343,131.688387],"松原町4":[32.520414,131.681609],"緑ケ丘2":[32.558076,131.685434],"旭ケ丘1":[32.530614,131.680948],"浜砂1":[32.578518,131.682787],"浜砂2":[32.580124,131.684457],"旭ケ丘2":[32.524967,131.682571],"無鹿町1":[32.609267,131.687657],"新浜町2":[32.520292,131.688896],"緑ケ丘1":[32.561045,131.685606],"松原町3":[32.520041,131.688129],"松原町1":[32.523313,131.68716],"柚の木田町":[32.601495,131.691156],"長浜町4":[32.570183,131.690397],"出北6":[32.577918,131.692333],"卸本町":[32.578403,131.687293],"出北5":[32.572388,131.685849],"長浜町3":[32.575214,131.696209],"浜砂3":[32.580758,131.689965],"方財町":[32.589059,131.708675],"大武町":[32.595456,131.702537],"東浜砂町":[32.577687,131.697033],"鯛名町":[32.505974,131.699489],"無鹿町2":[32.613974,131.698875],"川島町":[32.624177,131.714411],"長浜町2":[32.573455,131.693661],"牧町":[32.598122,131.698397],"長浜町1":[32.57455,131.693947],"須佐町":[32.64457,131.69231],"鹿小路":[32.631274,131.699294],"二ツ島町":[32.60861,131.704515],"赤水町":[32.505992,131.701847],"白石町":[32.619242,131.717527],"東海町":[32.593553,131.713087],"水尻町":[32.610785,131.709869],"追内町":[32.609596,131.723423]}