{"大字吉野方":[31.625753,131.325172],"大字楠原":[31.625184,131.348887],"大字板敷":[31.643433,131.352941],"飫肥8":[31.625129,131.35145],"飫肥7":[31.623589,131.352179],"飫肥9":[31.626789,131.351177],"飫肥10":[31.631753,131.354245],"飫肥4":[31.628655,131.35418],"大字星倉":[31.615478,131.37987],"飫肥5":[31.625705,131.355192],"飫肥6":[31.623459,131.355957],"南郷町脇本":[31.524789,131.365115],"飫肥3":[31.62918,131.358377],"飫肥2":[31.628117,131.359303],"飫肥1":[31.624402,131.357747],"今町1":[31.630293,131.360639],"大字西弁分":[31.590269,131.37479],"星倉1":[31.629214,131.365365],"今町2":[31.63078,131.365752],"時任町":[31.61532,131.364477],"大字上方":[31.568325,131.362406],"大字下方":[31.558576,131.390926],"南郷町潟上":[31.512945,131.375235],"星倉2":[31.62575,131.36991],"吾田西4":[31.612145,131.370519],"南郷町贄波":[31.512227,131.375476],"星倉3":[31.621491,131.371545],"西弁分5":[31.594505,131.371941],"大字戸高":[31.605497,131.372756],"西弁分1":[31.598412,131.37377],"星倉4":[31.617339,131.373101],"南郷町南町":[31.533235,131.372561],"吾田西3":[31.607115,131.374245],"大字殿所":[31.602139,131.395726],"南郷町中村乙":[31.543147,131.382505],"大字隈谷乙":[31.58911,131.373271],"星倉5":[31.618843,131.374672],"吾田西2":[31.611216,131.374609],"南郷町東町":[31.536518,131.374398],"西弁分4":[31.590803,131.373317],"西弁分2":[31.595304,131.374953],"南郷町西町":[31.541404,131.378434],"星倉6":[31.616941,131.377364],"吾田東9":[31.610867,131.378228],"吾田西1":[31.606131,131.377768],"大字松永":[31.63543,131.389496],"戸高2":[31.597641,131.377663],"吾田東10":[31.614795,131.376869],"西弁分3":[31.593118,131.378527],"吾田東8":[31.611454,131.379217],"大堂津1":[31.559733,131.381007],"戸高1":[31.598802,131.379271],"戸高3":[31.595283,131.380366],"吾田東5":[31.608661,131.380896],"吾田東11":[31.61405,131.379379],"吾田東4":[31.607588,131.380764],"中央通2":[31.604257,131.379822],"中央通1":[31.601279,131.3822],"大字平野":[31.601623,131.395655],"戸高4":[31.596826,131.382063],"大堂津5":[31.547925,131.380546],"大堂津4":[31.555042,131.381408],"吾田東7":[31.610277,131.382356],"吾田東6":[31.609508,131.381649],"吾田東1":[31.606485,131.382527],"大堂津3":[31.557003,131.382522],"大字東弁分乙":[31.630708,131.40385],"上平野町3":[31.595161,131.383821],"上平野町1":[31.597984,131.385196],"大堂津2":[31.559735,131.390111],"吾田東3":[31.608354,131.383922],"吾田東2":[31.604767,131.388562],"大字東弁分甲":[31.622793,131.404121],"上平野町2":[31.594135,131.388792],"大字益安":[31.617821,131.40446],"中平野1":[31.589814,131.392468],"大字隈谷甲":[31.561475,131.389032],"中平野2":[31.593089,131.394],"油津":[31.593168,131.40577],"中平野3":[31.592264,131.394901],"岩崎1":[31.588657,131.396601],"木山1":[31.590219,131.39853],"中平野4":[31.594236,131.395261],"岩崎2":[31.589277,131.398769],"木山2":[31.592889,131.399219],"天福2":[31.583068,131.397959],"西町2":[31.5802,131.399778],"天福1":[31.585305,131.397309],"木山3":[31.594022,131.399405],"瀬貝1":[31.595571,131.400606],"岩崎3":[31.588174,131.400925],"瀬西1":[31.585886,131.400183],"園田1":[31.592088,131.401145],"瀬貝3":[31.592317,131.404941],"乙姫町":[31.583277,131.401042],"瀬西2":[31.58487,131.400361],"西町1":[31.582324,131.401444],"園田2":[31.590255,131.40234],"材木町":[31.585722,131.401594],"瀬貝2":[31.595121,131.402889],"園田3":[31.588807,131.404797],"油津2":[31.582527,131.404181],"油津1":[31.584774,131.402037],"大字平山":[31.594352,131.407479],"春日町":[31.588054,131.403807],"油津3":[31.582768,131.406571],"梅ケ浜1":[31.58869,131.408073],"梅ケ浜2":[31.581857,131.410351],"油津4":[31.578054,131.409054],"梅ケ浜3":[31.579092,131.409829],"大字風田":[31.615585,131.429104],"南郷町中村甲":[31.546399,131.377005]}