{"大字塩見":[32.414568,131.610915],"大字富高":[32.437913,131.62627],"大字平岩":[32.368777,131.626766],"大字財光寺":[32.394428,131.637555],"大字日知屋":[32.444853,131.641021],"比良町5":[32.414526,131.617473],"比良町4":[32.41163,131.620778],"比良町1":[32.414169,131.620684],"春原町2":[32.42486,131.621457],"比良町3":[32.412234,131.624537],"春原町1":[32.423707,131.622903],"比良町2":[32.413265,131.624941],"南町":[32.419135,131.623339],"本町":[32.422961,131.627672],"迎洋園2":[32.432099,131.625184],"上町":[32.425212,131.627558],"都町":[32.427306,131.627295],"北町2":[32.432872,131.627167],"中町":[32.419516,131.626746],"不動寺":[32.441269,131.627805],"北町":[32.428248,131.626134],"迎洋園1":[32.435063,131.626357],"大字財光寺沖町":[32.409382,131.627077],"北町1":[32.430754,131.627809],"大字財光寺往還町":[32.412236,131.627355],"山下町1":[32.414909,131.627491],"北町3":[32.434781,131.627247],"亀崎西1":[32.439292,131.628804],"大王町1":[32.444408,131.630497],"鶴町1":[32.427311,131.629605],"原町1":[32.421953,131.629904],"亀崎1":[32.431328,131.632264],"高砂町":[32.420427,131.63065],"亀崎西2":[32.437157,131.631084],"向江町1":[32.429886,131.630583],"亀崎2":[32.432423,131.628042],"大王町6":[32.437799,131.631279],"原町2":[32.421416,131.631513],"鶴町2":[32.426465,131.63235],"大王町2":[32.447245,131.635322],"大王町3":[32.443497,131.632064],"大王町5":[32.438475,131.633416],"亀崎3":[32.435352,131.633191],"新生町1":[32.421347,131.633956],"亀崎東3":[32.436623,131.635151],"亀崎4":[32.434051,131.634477],"大王町4":[32.442063,131.634046],"原町3":[32.422969,131.633588],"鶴町3":[32.425263,131.635272],"向江町2":[32.429705,131.634903],"原町4":[32.422653,131.635509],"新生町2":[32.420689,131.636019],"亀崎東2":[32.435488,131.636774],"亀崎東4":[32.438451,131.64001],"亀崎東1":[32.436421,131.638493],"江良町1":[32.421562,131.638888],"江良町3":[32.420033,131.639175],"永江町1":[32.426073,131.640837],"永江町2":[32.423183,131.639212],"永江町3":[32.423614,131.642234],"江良町2":[32.421851,131.642696],"江良町4":[32.420978,131.642924],"梶木町1":[32.452956,131.643668],"亀崎東5":[32.440351,131.641377],"浜町3":[32.416071,131.649346],"山手町":[32.417884,131.645712],"船場町":[32.445585,131.652389],"曽根町1":[32.420772,131.645871],"梶木町2":[32.456227,131.645811],"浜町1":[32.419892,131.648127],"曽根町2":[32.423578,131.647026],"浜町2":[32.417889,131.648713],"曽根町3":[32.42156,131.649937],"伊勢ケ浜":[32.415153,131.651505],"中堀町1":[32.420472,131.65042],"中堀町2":[32.419021,131.650861],"中堀町3":[32.417965,131.652804],"大字日知屋古田町":[32.424495,131.651514],"曽根町4":[32.423315,131.654646],"平野町1":[32.4215,131.653722],"平野町2":[32.418537,131.653862],"大字細島":[32.422792,131.674465],"竹島町":[32.441434,131.659306]}