{"庄内町":[31.776231,131.028877],"横市町":[31.753509,131.044948],"平塚町":[31.713652,131.031377],"蓑原町":[31.731944,131.041808],"南横市町":[31.741558,131.049537],"乙房町":[31.75843,131.06139],"関之尾町":[31.763551,131.024688],"今町":[31.69967,131.043044],"五十町":[31.714116,131.044149],"梅北町":[31.681207,131.074277],"久保原町":[31.721184,131.036877],"菓子野町":[31.777044,131.061551],"都原町":[31.737731,131.048648],"山田町山田":[31.817668,131.034786],"鷹尾5":[31.72746,131.0394],"南鷹尾町":[31.717333,131.047298],"大岩田町":[31.713257,131.054093],"鷹尾4":[31.728359,131.042945],"鷹尾3":[31.72936,131.047043],"鷹尾2":[31.722802,131.046848],"都島町":[31.723244,131.052647],"山田町中霧島":[31.797015,131.056269],"志比田町":[31.749134,131.057287],"鷹尾1":[31.726074,131.05453],"下長飯町":[31.700887,131.056272],"西町":[31.717851,131.052853],"松元町":[31.724047,131.060815],"宮丸町":[31.730924,131.059195],"丸谷町":[31.809134,131.054368],"野々美谷町":[31.798189,131.088887],"甲斐元町":[31.71521,131.063544],"八幡町":[31.720821,131.060683],"大王町":[31.732426,131.067083],"平江町":[31.73571,131.069406],"姫城町":[31.716043,131.068633],"牟田町":[31.72774,131.063306],"高崎町大牟田":[31.859606,131.085667],"上町":[31.72411,131.064719],"中町":[31.728009,131.067595],"蔵原町":[31.723627,131.068569],"下川東2":[31.742273,131.073266],"下川東4":[31.748764,131.077363],"吉尾町":[31.755553,131.085908],"下川東1":[31.739829,131.070958],"下川東3":[31.744379,131.075156],"早鈴町":[31.718378,131.081101],"前田町":[31.732052,131.071807],"天神町":[31.72482,131.070644],"東町":[31.721747,131.073046],"中原町":[31.730751,131.073736],"栄町":[31.733636,131.081432],"小松原町":[31.735133,131.07219],"上川東1":[31.739044,131.077143],"安久町":[31.689607,131.085301],"北原町":[31.7328,131.081119],"上川東2":[31.740271,131.079739],"金田町":[31.777216,131.087273],"上東町":[31.724949,131.077462],"妻ケ丘町":[31.725885,131.080229],"上川東3":[31.744485,131.079324],"若葉町":[31.722728,131.087342],"上川東4":[31.748636,131.085007],"千町":[31.738135,131.085831],"祝吉1":[31.740214,131.082976],"太郎坊町":[31.784021,131.098966],"祝吉2":[31.746074,131.084283],"花繰町":[31.724668,131.088755],"上長飯町":[31.71695,131.097504],"高崎町縄瀬":[31.859523,131.09014],"菖蒲原町":[31.730241,131.088837],"年見町":[31.735553,131.08974],"都北町":[31.766945,131.106296],"祝吉3":[31.740533,131.085515],"郡元3":[31.747219,131.087764],"祝吉町":[31.738557,131.087036],"郡元2":[31.742327,131.088095],"郡元町":[31.740315,131.09293],"上水流町":[31.809859,131.10644],"一万城町":[31.724957,131.099982],"郡元4":[31.747402,131.093908],"郡元1":[31.743685,131.091047],"豊満町":[31.69111,131.105864],"広原町":[31.726027,131.099993],"立野町":[31.729263,131.103649],"早水町":[31.736441,131.101521],"神之山町":[31.757139,131.104978],"高木町":[31.780286,131.112925],"下水流町":[31.822005,131.114801],"高城町桜木":[31.778687,131.132835],"高城町石山":[31.823809,131.13437],"高城町穂満坊":[31.799653,131.134151],"高城町大井手":[31.787857,131.153396],"山之口町富吉":[31.770131,131.149231],"高城町高城":[31.800891,131.13319],"山之口町花木":[31.776265,131.169019],"山之口町山之口":[31.797682,131.170048]}