{"大字宮村":[31.704832,131.126283],"大字樺山":[31.726155,131.134871],"稗田":[31.732724,131.101954],"大字蓼池":[31.742587,131.123463],"花見原":[31.73769,131.10183],"中原":[31.736737,131.108574],"新馬場":[31.73896,131.115332],"今市":[31.740302,131.110673],"五本松":[31.731238,131.125011],"大字餅原":[31.749934,131.126615],"大字長田":[31.738069,131.148369]}