{"大字蒲牟田":[31.924088,131.017762],"大字広原":[31.93456,130.999312],"大字西麓":[31.927437,131.028496]}