{"大字川南":[32.205156,131.526862],"大字平田":[32.198278,131.54924]}