{"大字新田":[32.074767,131.416586],"大字上富田":[32.068169,131.506049],"大字下富田":[32.062943,131.501652],"大字三納代":[32.072406,131.491321],"富田西3":[32.064139,131.487578],"富田西2":[32.067103,131.487797],"富田南4":[32.063813,131.489677],"富田西1":[32.068272,131.4877],"富田南1":[32.066367,131.490248],"富田1":[32.06765,131.49101],"富田南2":[32.066159,131.49163],"富田2":[32.069859,131.492805],"富田南3":[32.066563,131.493595],"富田3":[32.071133,131.49481],"富田東1":[32.068683,131.494696],"富田東3":[32.068132,131.49539],"富田東2":[32.070166,131.495296],"富田北1":[32.072349,131.49633],"富田東4":[32.06934,131.496464],"富田北2":[32.069923,131.497636],"大字日置":[32.079187,131.512192]}