{"大字上江":[32.137158,131.508003],"大字南高鍋":[32.115883,131.529431],"大字持田":[32.133645,131.530667],"大字北高鍋":[32.1163,131.52593],"大字高鍋町":[32.12144,131.506891],"大字蚊口浦":[32.12387,131.531411]}