{"大字門川尾末":[32.461525,131.632901],"南ケ丘2":[32.458958,131.644012],"栄ケ丘3":[32.478248,131.642],"南ケ丘1":[32.459379,131.644411],"栄ケ丘2":[32.480055,131.644051],"大字加草":[32.483495,131.654166],"西栄町5":[32.479065,131.645031],"平城西":[32.478069,131.644326],"栄ケ丘1":[32.480985,131.645825],"平城東":[32.472553,131.646555],"城ケ丘":[32.477015,131.648691],"南町3":[32.459638,131.646484],"西栄町4":[32.479412,131.646901],"上町2":[32.465438,131.646593],"南町4":[32.460404,131.648439],"上町3":[32.466259,131.646409],"南町1":[32.462402,131.647767],"上町5":[32.469023,131.646919],"南町2":[32.463217,131.645369],"上町4":[32.467449,131.647956],"宮ケ原5":[32.485861,131.650567],"西栄町1":[32.475555,131.649979],"上町1":[32.466068,131.647759],"宮ケ原1":[32.481927,131.651407],"西栄町2":[32.479382,131.65065],"上町6":[32.468676,131.648596],"西栄町3":[32.480731,131.650826],"本町1":[32.471295,131.650396],"本町2":[32.4717,131.650275],"中須2":[32.467272,131.649286],"中須5":[32.470126,131.651992],"南町6":[32.464434,131.650246],"南町5":[32.457539,131.649575],"中須3":[32.468245,131.649962],"宮ケ原2":[32.48358,131.651827],"中須4":[32.468685,131.65134],"中須1":[32.467693,131.650364],"東栄町1":[32.475665,131.651921],"東栄町2":[32.477115,131.653348],"東栄町3":[32.478498,131.654212],"東栄町4":[32.48047,131.655474],"宮ケ原3":[32.483435,131.653443],"宮ケ原4":[32.482578,131.653355],"加草1":[32.487557,131.663742],"加草5":[32.484413,131.666509],"加草4":[32.48594,131.665731],"加草2":[32.48918,131.663919],"須賀崎3":[32.491597,131.667296],"加草3":[32.489132,131.664756],"須賀崎2":[32.488609,131.668757],"須賀崎1":[32.487048,131.667649],"庵川西1":[32.485402,131.670077],"庵川西6":[32.483207,131.674073],"大字庵川":[32.484153,131.684401],"須賀崎4":[32.489996,131.669528],"須賀崎5":[32.490912,131.671644],"庵川西2":[32.486622,131.671977],"庵川西5":[32.483665,131.672607],"庵川西3":[32.489814,131.671803],"庵川西4":[32.484792,131.674141]}