{"浦宿浜":[38.437987,141.433008],"針浜":[38.417277,141.437226],"旭が丘2":[38.431759,141.433148],"旭が丘1":[38.436074,141.432706],"鷲神浜":[38.438564,141.444882],"女川浜":[38.459703,141.442461],"清水町":[38.456028,141.44545],"宮ケ崎":[38.452831,141.453441],"石浜":[38.452414,141.460251],"高白浜":[38.424463,141.460301],"桐ケ崎":[38.441353,141.47672],"寿町":[38.441179,141.443319],"桜ケ丘":[38.43907,141.443256],"黄金町":[38.44231,141.444712],"小乗浜":[38.436652,141.450947]}