{"志津川":[38.680458,141.457094],"入谷":[38.683065,141.425608]}