{"古江町":[31.399995,130.77015],"根木原町":[31.428791,130.777239],"船間町":[31.388256,130.7776],"花岡町":[31.415169,130.786152],"古里町":[31.392992,130.787758],"天神町":[31.374287,130.789749],"花里町":[31.429798,130.792643],"海道町":[31.4084,130.788773],"白水町":[31.387384,130.804606],"小野原町":[31.375944,130.803384],"高須町":[31.348026,130.805248],"有武町":[31.425072,130.796115],"永小原町":[31.317686,130.808991],"小薄町":[31.416238,130.797339],"高牧町":[31.405044,130.815528],"浜田町":[31.34763,130.815843],"野里町":[31.368337,130.812201],"上野町":[31.369451,130.822976],"郷之原町":[31.391805,130.827642],"大姶良町":[31.323779,130.837562],"大浦町":[31.399801,130.843352],"横山町":[31.342422,130.844239],"今坂町":[31.382302,130.826293],"上祓川町":[31.446009,130.862663],"田崎町":[31.366591,130.871199],"祓川町":[31.419413,130.872909],"西原2":[31.389291,130.836692],"西原4":[31.383236,130.830133],"上谷町":[31.394814,130.845649],"下堀町":[31.352759,130.858175],"田淵町":[31.33794,130.84687],"獅子目町":[31.321831,130.851546],"西原3":[31.382929,130.843862],"西原1":[31.387818,130.844854],"西祓川町":[31.399744,130.855844],"新生町":[31.37951,130.847426],"南町":[31.321736,130.878313],"北田町":[31.387685,130.850086],"新栄町":[31.374757,130.855939],"打馬1":[31.3931,130.856509],"西大手町":[31.390271,130.849926],"向江町":[31.386508,130.850454],"打馬2":[31.394176,130.85774],"池園町":[31.330155,130.874007],"下祓川町":[31.409444,130.873883],"共栄町":[31.375099,130.857981],"大手町":[31.391012,130.852078],"本町":[31.38661,130.854444],"古前城町":[31.390348,130.858624],"星塚町":[31.337829,130.867705],"朝日町":[31.380621,130.85526],"曽田町":[31.38356,130.856243],"白崎町":[31.373893,130.861822],"寿1":[31.389623,130.86078],"王子町":[31.402686,130.866714],"寿5":[31.382584,130.865941],"寿2":[31.389931,130.865329],"新川町":[31.377286,130.878112],"寿6":[31.381225,130.864548],"川西町":[31.352821,130.889234],"名貫町":[31.346197,130.876082],"下高隈町":[31.441532,130.882256],"札元1":[31.393426,130.870375],"寿3":[31.387723,130.872392],"寿7":[31.383321,130.872741],"札元2":[31.402973,130.875772],"萩塚町":[31.335817,130.873648],"飯隈町":[31.33855,130.882354],"東原町":[31.438331,130.893745],"吾平町上名":[31.288273,130.92796],"永野田町":[31.348195,130.890215],"寿4":[31.388755,130.880456],"寿8":[31.383866,130.880765],"旭原町":[31.411647,130.890669],"川東町":[31.361364,130.903798],"笠之原町":[31.384392,130.89391],"吾平町麓":[31.330681,130.901602],"吾平町下名":[31.34478,130.915036],"串良町細山田":[31.439668,130.934254],"串良町有里":[31.394801,130.946702],"串良町上小原":[31.367786,130.942901],"串良町下小原":[31.366863,130.957757],"串良町岡崎":[31.377847,130.968903]}