{"入佐町":[31.588274,130.40698],"直木町":[31.579511,130.42752],"上谷口町":[31.592308,130.463007],"福山町":[31.604414,130.457469],"石谷町":[31.606828,130.457271],"四元町":[31.576634,130.446581],"下福元町":[31.483713,130.51188],"有屋田町":[31.674828,130.453623],"松陽台町":[31.596242,130.460224],"郡山岳町":[31.677652,130.454832],"西俣町":[31.676339,130.460621],"春山町":[31.587172,130.459575],"郡山町":[31.684071,130.46251],"小山田町":[31.651401,130.507258],"五ヶ別府町":[31.590461,130.49376],"犬迫町":[31.645438,130.513976],"中山町":[31.538748,130.506531],"油須木町":[31.681656,130.485438],"上福元町":[31.532844,130.513883],"皇徳寺台5":[31.565494,130.483704],"小野町":[31.614906,130.521551],"花尾町":[31.702249,130.489183],"西別府町":[31.588519,130.503418],"皇徳寺台4":[31.564768,130.487218],"皇徳寺台3":[31.558053,130.489326],"星ヶ峯5":[31.57829,130.486033],"星ヶ峯4":[31.577478,130.494119],"山田町":[31.558211,130.50224],"東俣町":[31.685964,130.49852],"平川町":[31.452769,130.515343],"星ヶ峯3":[31.579322,130.496663],"星ヶ峯6":[31.57115,130.492751],"田上8":[31.586957,130.514686],"皇徳寺台2":[31.554255,130.49206],"錦江台1":[31.506915,130.501591],"星ヶ峯2":[31.573378,130.500105],"坂之上8":[31.498904,130.500798],"喜入一倉町":[31.353165,130.53334],"田上町":[31.568815,130.51348],"川田町":[31.679545,130.508193],"錦江台3":[31.499338,130.49839],"喜入瀬々串町":[31.42445,130.523283],"皇徳寺台1":[31.559726,130.500309],"坂之上7":[31.490618,130.505275],"錦江台2":[31.504263,130.500828],"西陵8":[31.583099,130.503727],"坂之上6":[31.496406,130.506252],"坂之上3":[31.502079,130.504308],"星ヶ峯1":[31.569534,130.507164],"坂之上4":[31.501117,130.508069],"西陵6":[31.579036,130.507259],"坂之上2":[31.503103,130.508663],"西陵7":[31.587392,130.506017],"慈眼寺町":[31.511507,130.507509],"中山2":[31.54376,130.513375],"和田2":[31.51076,130.512545],"小野3":[31.612212,130.525848],"西陵5":[31.58051,130.507905],"武岡5":[31.597409,130.512033],"西谷山1":[31.524308,130.50873],"皆与志町":[31.674506,130.542328],"光山2":[31.490573,130.511888],"西谷山2":[31.520904,130.509081],"光山1":[31.494912,130.512611],"谷山中央6":[31.51511,130.511413],"西陵2":[31.578592,130.515255],"坂之上5":[31.497725,130.513386],"中山1":[31.546204,130.515769],"清和2":[31.537009,130.512486],"七ツ島1":[31.486207,130.519283],"和田1":[31.515105,130.516211],"谷山中央7":[31.519424,130.514565],"武岡4":[31.594308,130.514175],"西陵4":[31.580366,130.512035],"坂之上1":[31.502445,130.516335],"小野4":[31.611295,130.526794],"自由ヶ丘2":[31.54256,130.512618],"桜ヶ丘2":[31.555218,130.516133],"西陵3":[31.582621,130.514572],"谷山中央8":[31.525194,130.513447],"桜ヶ丘3":[31.549709,130.515367],"桜ヶ丘1":[31.561931,130.511733],"清和1":[31.533476,130.514422],"武岡3":[31.590575,130.517444],"自由ヶ丘1":[31.541793,130.514749],"伊敷町":[31.634013,130.522251],"谷山中央5":[31.515749,130.515204],"田上5":[31.578056,130.527455],"和田3":[31.514373,130.518227],"武岡6":[31.59667,130.515849],"希望ヶ丘町":[31.536313,130.519815],"東谷山5":[31.531585,130.518202],"武岡2":[31.592449,130.519543],"田上台4":[31.573778,130.521119],"西陵1":[31.580712,130.519324],"魚見町":[31.54016,130.526683],"桜ヶ丘4":[31.552156,130.519325],"東谷山7":[31.539996,130.520359],"桜ヶ丘5":[31.550205,130.522193],"谷山中央1":[31.523127,130.5187],"谷山中央4":[31.517243,130.517463],"南栄6":[31.501315,130.518391],"小野2":[31.613895,130.527573],"東谷山3":[31.529359,130.521555],"向陽2":[31.556534,130.520213],"明和2":[31.59917,130.521587],"谷山港2":[31.497274,130.525655],"南栄5":[31.508642,130.520674],"田上台3":[31.572407,130.521948],"田上7":[31.582489,130.522765],"谷山中央3":[31.51763,130.520138],"七ツ島2":[31.467878,130.521361],"向陽1":[31.55914,130.515542],"伊敷7":[31.628954,130.52391],"広木2":[31.563012,130.515887],"宇宿9":[31.553569,130.525686],"桜ヶ丘6":[31.545986,130.523416],"原良町":[31.594704,130.527807],"広木3":[31.562563,130.515812],"卸本町":[31.519716,130.525232],"東谷山6":[31.537391,130.523829],"武岡1":[31.587947,130.527371],"東谷山4":[31.534576,130.52442],"伊敷6":[31.623263,130.524753],"明和3":[31.608362,130.526432],"宇宿6":[31.548496,130.531894],"谷山港1":[31.496856,130.533049],"伊敷8":[31.634334,130.521678],"桜ヶ丘7":[31.554696,130.522566],"東谷山2":[31.532656,130.526126],"谷山中央2":[31.52629,130.525123],"原良7":[31.596823,130.526853],"常盤町":[31.586461,130.532385],"原良6":[31.598502,130.529113],"広木1":[31.563066,130.523977],"田上台2":[31.57043,130.526108],"千年2":[31.643332,130.52809],"南栄4":[31.511909,130.533939],"千年1":[31.636428,130.527146],"小原町":[31.541615,130.532952],"明和1":[31.600445,130.530872],"宇宿8":[31.554074,130.526909],"小松原2":[31.531588,130.527455],"南栄1":[31.522435,130.528509],"田上4":[31.573878,130.526974],"紫原7":[31.564739,130.523646],"明和4":[31.603712,130.529283],"田上6":[31.578514,130.529142],"喜入中名町":[31.385878,130.54019],"花野光ヶ丘2":[31.646924,130.528445],"伊敷5":[31.631349,130.531585],"常盤1":[31.587543,130.535461],"桜ヶ丘8":[31.544861,130.530809],"南栄3":[31.516067,130.53542],"紫原5":[31.563739,130.524604],"常盤2":[31.590979,130.534768],"東谷山1":[31.541383,130.534117],"谷山港3":[31.495264,130.535569],"西伊敷2":[31.634635,130.531732],"西伊敷1":[31.632847,130.530388],"伊敷1":[31.615437,130.528974],"田上台1":[31.572296,130.530333],"明和5":[31.607095,130.532697],"喜入町":[31.376383,130.544409],"田上3":[31.575851,130.530294],"西伊敷3":[31.637968,130.527369],"紫原6":[31.562885,130.535963],"南栄2":[31.519677,130.53582],"伊敷3":[31.623009,130.53192],"西紫原町":[31.554893,130.530993],"宇宿7":[31.550277,130.534493],"小野1":[31.609683,130.531587],"紫原4":[31.558273,130.535075],"伊敷2":[31.620739,130.532658],"田上1":[31.576925,130.534189],"原良4":[31.594231,130.532351],"唐湊1":[31.572449,130.537486],"小松原1":[31.538375,130.535933],"伊敷台1":[31.622988,130.535832],"永吉3":[31.604516,130.53306],"花野光ヶ丘1":[31.652171,130.531312],"東開町":[31.531549,130.54196],"岡之原町":[31.671162,130.554245],"下伊敷1":[31.613108,130.538198],"唐湊2":[31.567668,130.535486],"原良5":[31.596233,130.532055],"武3":[31.578865,130.537111],"伊敷台3":[31.632115,130.538065],"田上2":[31.57574,130.536267],"下伊敷3":[31.616597,130.532277],"西伊敷4":[31.64289,130.536068],"唐湊3":[31.569654,130.537571],"宇宿5":[31.543873,130.535559],"伊敷4":[31.634354,130.536511],"原良3":[31.594932,130.53391],"永吉2":[31.603099,130.536896],"伊敷台2":[31.627338,130.536322],"紫原3":[31.553379,130.53817],"紫原2":[31.555475,130.538627],"西伊敷6":[31.645571,130.538326],"永吉1":[31.60064,130.537882],"原良2":[31.598502,130.53555],"宇宿4":[31.548547,130.538481],"宇宿3":[31.54366,130.540695],"武2":[31.584304,130.538179],"西伊敷7":[31.651588,130.541013],"下伊敷2":[31.623887,130.544306],"草牟田町":[31.607519,130.537289],"城西3":[31.594584,130.535555],"薬師2":[31.59314,130.533887],"本名町":[31.684334,130.560057],"西田3":[31.586673,130.538632],"唐湊4":[31.565383,130.541698],"原良1":[31.598322,130.53908],"伊敷台4":[31.629452,130.547779],"宇宿2":[31.542272,130.548036],"日之出町":[31.552202,130.541871],"西伊敷5":[31.6426,130.540431],"紫原1":[31.558748,130.543891],"上荒田町":[31.576675,130.547581],"武1":[31.581441,130.541254],"城西2":[31.59763,130.539761],"草牟田2":[31.604483,130.544834],"宇宿1":[31.552027,130.544033],"伊敷台5":[31.62899,130.542035],"草牟田1":[31.599559,130.546169],"川上町":[31.652505,130.564423],"玉里町":[31.611361,130.545485],"南新町":[31.554907,130.543484],"城西1":[31.593016,130.542406],"郡元町":[31.56081,130.545144],"薬師1":[31.592657,130.54209],"西田2":[31.588302,130.542813],"郡元1":[31.563677,130.544982],"玉里団地1":[31.61921,130.545655],"新照院町":[31.59715,130.548775],"伊敷台6":[31.628132,130.546842],"緑ヶ丘町":[31.657328,130.549375],"喜入前之浜町":[31.347368,130.556713],"中央町":[31.583635,130.546088],"南郡元町":[31.557727,130.54726],"城山1":[31.602536,130.546089],"鷹師2":[31.591478,130.543503],"新栄町":[31.547057,130.553624],"坂元町":[31.614333,130.561972],"西田1":[31.587437,130.545473],"下田町":[31.652015,130.564278],"若葉町":[31.625212,130.550569],"鷹師1":[31.589572,130.544477],"上之園町":[31.584138,130.547335],"下伊敷町":[31.624995,130.554166],"郡元2":[31.56231,130.548645],"平之町":[31.59134,130.544366],"東郡元町":[31.552765,130.551919],"伊敷台7":[31.626617,130.553431],"冷水町":[31.605402,130.555459],"玉里団地2":[31.617873,130.552724],"城山2":[31.602955,130.549715],"玉里団地3":[31.618682,130.551554],"鴨池1":[31.568207,130.551207],"西千石町":[31.589276,130.551403],"加治屋町":[31.58394,130.551343],"西坂元町":[31.609491,130.555116],"荒田2":[31.571549,130.552287],"郡元3":[31.56119,130.550029],"城山町":[31.600123,130.55623],"長田町":[31.602153,130.558261],"照国町":[31.593022,130.553111],"荒田1":[31.57663,130.553331],"真砂本町":[31.553275,130.555863],"高麗町":[31.580364,130.553107],"真砂町":[31.558766,130.554857],"鴨池2":[31.565001,130.55532],