{"西目":[32.000824,130.185935],"波留":[32.019219,130.203996],"港町":[32.016174,130.194694],"赤瀬川":[32.038787,130.230034],"塩浜町2":[32.001403,130.195669],"晴海町":[32.023706,130.19448],"浜町":[32.020101,130.194312],"塩鶴町2":[32.010069,130.193013],"鶴見町":[32.01407,130.192472],"本町":[32.017075,130.197024],"琴平町":[32.019573,130.195549],"塩鶴町1":[32.012139,130.197392],"塩浜町1":[32.004119,130.195965],"新町":[32.025538,130.195853],"大丸町":[32.016764,130.195705],"栄町":[32.020532,130.19735],"高松町":[32.017331,130.198571],"丸尾町":[32.024395,130.196603],"大川":[31.94661,130.224332],"山下":[32.012659,130.232593],"折口":[32.062614,130.219013],"鶴川内":[32.034398,130.246658],"脇本":[32.061878,130.23076],"多田":[32.06005,130.243481]}