{"春日町":[31.265005,130.26379],"大塚西町":[31.27346,130.268489],"大塚中町":[31.271169,130.276708],"火之神岬町":[31.253264,130.271716],"火之神北町":[31.260044,130.27359],"大塚南町":[31.26846,130.277809],"大塚北町":[31.27366,130.275683],"園見本町":[31.282272,130.2811],"立神北町":[31.275398,130.280262],"火之神町":[31.256737,130.28133],"塩屋北町":[31.268082,130.285986],"塩屋南町":[31.262658,130.281743],"中央町":[31.277465,130.28923],"立神本町":[31.270874,130.286015],"桜山西町":[31.292521,130.284326],"木場町":[31.284205,130.285291],"岩崎町":[31.282932,130.290623],"桜山町":[31.289473,130.292661],"鹿篭麓町":[31.286875,130.291417],"松之尾町":[31.26723,130.291482],"桜木町":[31.272804,130.293817],"汐見町":[31.269589,130.294884],"高見町":[31.2707,130.29488],"桜山本町":[31.299022,130.302992],"平田町":[31.280725,130.294191],"寿町":[31.290353,130.294735],"新町":[31.266531,130.305836],"緑町":[31.27582,130.29647],"千代田町":[31.272975,130.298116],"明和町":[31.27879,130.297385],"住吉町":[31.271834,130.298342],"折口町":[31.269088,130.298527],"西本町":[31.269618,130.298716],"恵比須町":[31.264829,130.299643],"宮田町":[31.280104,130.300189],"妙見町":[31.294809,130.30945],"港町":[31.266608,130.299323],"東本町":[31.269539,130.30182],"山手町":[31.274022,130.302606],"旭町":[31.265166,130.301812],"中町":[31.266911,130.301632],"若葉町":[31.275367,130.302918],"泉町":[31.268461,130.303405],"宮前町":[31.269039,130.305915],"日之出町":[31.270884,130.305406],"桜山東町":[31.300694,130.311178],"栄中町":[31.275202,130.311823],"美原町":[31.282517,130.317678],"栄本町":[31.272911,130.309529],"岩戸町":[31.261665,130.315387],"木原町":[31.277479,130.318162],"別府":[31.270494,130.359839],"枕崎":[31.275958,130.322579],"板敷西町":[31.267993,130.330674],"板敷南町":[31.259192,130.334956],"豊留町":[31.273336,130.339475],"板敷本町":[31.271805,130.340817],"瀬戸町":[31.278137,130.340956],"仁田浦町":[31.25806,130.34655],"別府西町":[31.271896,130.348185],"国見町":[31.28185,130.350059],"白沢北町":[31.259811,130.354918],"別府東町":[31.271934,130.356744],"白沢西町":[31.2549,130.361374],"あけぼの町":[31.2604,130.366281],"白沢東町":[31.258664,130.367367]}