{"汐見町":[32.10788,130.320233],"浦田町":[32.085778,130.313874],"福ノ江町":[32.096457,130.330091],"平和町":[32.084502,130.33161],"大野原町":[32.06427,130.335039],"高尾野町上水流":[32.078556,130.315068],"今釜町":[32.113419,130.330474],"高尾野町柴引":[32.078696,130.318509],"下知識町":[32.101484,130.335423],"高尾野町大久保":[32.049579,130.333753],"住吉町":[32.121076,130.331675],"明神町":[32.117953,130.334834],"武本":[32.065316,130.371975],"知識町":[32.087274,130.340864],"上知識町":[32.079525,130.341246],"西出水町":[32.072359,130.341258],"文化町":[32.089076,130.345746],"米ノ津町":[32.128584,130.341473],"六月田町":[32.110482,130.337712],"黄金町":[32.099566,130.352318],"五万石町":[32.068319,130.347687],"下鯖町":[32.121871,130.358411],"中央町":[32.083631,130.355688],"境町":[32.145829,130.370398],"向江町":[32.082064,130.356341],"美原町":[32.100135,130.36793],"緑町":[32.097853,130.354925],"昭和町":[32.0866,130.358568],"本町":[32.081307,130.361327],"麓町":[32.075543,130.364284],"上鯖渕":[32.081492,130.363095]}