{"開聞十町":[31.198194,130.547807],"開聞仙田":[31.210496,130.55072],"開聞川尻":[31.186313,130.567399],"開聞上野":[31.209495,130.564508],"山川岡児ケ水":[31.183705,130.5933],"小牧":[31.299506,130.589446],"新西方":[31.281084,130.599525],"岩本":[31.290323,130.608831],"山川大山":[31.19934,130.602712],"西方":[31.273909,130.622799],"山川浜児ケ水":[31.187297,130.599202],"山川小川":[31.190767,130.614308],"山川成川":[31.209493,130.627314],"山川福元":[31.20269,130.64253],"東方":[31.253642,130.643847],"十町":[31.248638,130.651484],"十二町":[31.222811,130.653054],"山川金生町":[31.203496,130.636866],"山川入船町":[31.205485,130.63955],"山川山下町":[31.201936,130.639815],"山川新生町":[31.202132,130.64053],"大牟礼2":[31.243263,130.642229],"山川潮見町":[31.204321,130.64105],"山川朝日町":[31.203141,130.641698],"大牟礼1":[31.242136,130.643499],"山川新栄町":[31.205803,130.64374],"大牟礼3":[31.243361,130.645485],"湊1":[31.240617,130.644534],"湯の浜1":[31.236513,130.6473],"湊4":[31.241141,130.651141],"湊2":[31.24085,130.647064],"湯の浜3":[31.233384,130.648339],"大牟礼4":[31.246293,130.64803],"湯の浜4":[31.230002,130.649923],"湊3":[31.238278,130.648709],"湯の浜2":[31.235203,130.649555],"湯の浜6":[31.227776,130.651646],"大牟礼5":[31.246103,130.651234],"湯の浜5":[31.228273,130.652767]}