{"大隅町岩川":[31.593414,130.979949],"財部町南俣":[31.714815,131.010063],"財部町北俣":[31.742922,130.998198],"大隅町中之内":[31.610205,130.994736],"財部町下財部":[31.748263,130.992622],"末吉町岩崎":[31.592203,131.009436],"大隅町月野":[31.572774,131.037214],"大隅町段中町":[31.587021,131.00363],"大隅町下窪町":[31.58283,131.006234],"末吉町諏訪方":[31.660939,131.017968],"大隅町鳴神町":[31.58684,131.005831],"大隅町境木町":[31.579924,131.006826],"末吉町深川":[31.665421,131.017393],"末吉町二之方":[31.637479,131.035844],"末吉町栄町2":[31.656514,131.018266],"末吉町栄町1":[31.654876,131.018684],"末吉町本町1":[31.656036,131.020889],"末吉町上町7":[31.649658,131.019882],"末吉町本町2":[31.656585,131.019753],"末吉町新町1":[31.656103,131.021196],"末吉町上町4":[31.653712,131.021073],"末吉町新町2":[31.657879,131.021887],"末吉町南之郷":[31.659548,131.037945]}