{"名瀬平松町":[28.399063,129.469603],"名瀬大字小宿":[28.391627,129.47528],"名瀬浜里町":[28.397142,129.468753],"名瀬大字朝仁":[28.406712,129.490825],"名瀬朝仁町":[28.397733,129.482714],"名瀬朝仁新町":[28.395411,129.487423],"名瀬永田町":[28.376358,129.497011],"名瀬矢之脇町":[28.383282,129.493247],"名瀬柳町":[28.378865,129.491545],"名瀬井根町":[28.375702,129.492622],"名瀬金久町":[28.379746,129.492735],"名瀬平田町":[28.365603,129.50014],"名瀬長浜町":[28.396082,129.495398],"名瀬塩浜町":[28.385732,129.494721],"名瀬入舟町":[28.382065,129.49505],"名瀬幸町":[28.379224,129.494218],"名瀬大字金久":[28.400738,129.494068],"名瀬真名津町":[28.365923,129.502173],"名瀬港町":[28.37969,129.497988],"名瀬古田町":[28.368795,129.499935],"名瀬末広町":[28.377387,129.496333],"名瀬久里町":[28.373458,129.49791],"名瀬伊津部町":[28.37758,129.499427],"名瀬石橋町":[28.372749,129.499363],"名瀬小浜町":[28.385057,129.506622],"名瀬安勝町":[28.376996,129.502248],"名瀬佐大熊町":[28.391829,129.50735],"名瀬小俣町":[28.369488,129.503687],"名瀬春日町":[28.367875,129.50463],"名瀬大字大熊":[28.402312,129.523374],"名瀬大字有屋":[28.39021,129.529519],"名瀬大熊町":[28.399963,129.524979],"名瀬和光町":[28.389307,129.526422],"名瀬鳩浜町":[28.398978,129.523945],"名瀬大字仲勝":[28.385087,129.526833],"名瀬朝日町":[28.397266,129.529753],"名瀬有屋町":[28.39286,129.529509],"名瀬仲勝町":[28.385932,129.528353],"名瀬浦上町":[28.39477,129.532214],"名瀬大字浦上":[28.387981,129.536197]}