{"大口宮人":[32.020429,130.584326],"大口鳥巣":[32.055755,130.603182],"大口曽木":[32.009948,130.579939],"大口下殿":[32.028477,130.59527],"大口白木":[32.057668,130.585634],"大口大島":[32.053689,130.602226],"大口堂崎":[32.032747,130.602726],"大口金波田":[32.033856,130.612861],"大口大田":[32.071547,130.613912],"大口里":[32.062384,130.615786],"菱刈下手":[32.03064,130.613398],"大口上町":[32.060405,130.609384],"大口元町":[32.057435,130.610271],"大口原田":[32.047152,130.62462],"大口木ノ氏":[32.072367,130.622225],"大口篠原":[32.066776,130.622017],"菱刈花北":[32.041761,130.62147],"大口目丸":[32.059948,130.632993]}