{"蒲生町白男":[31.761162,130.567808],"蒲生町北":[31.766806,130.567264],"蒲生町米丸":[31.772555,130.573845],"蒲生町久末":[31.758078,130.574484],"平松":[31.713886,130.616368],"蒲生町上久徳":[31.772405,130.58972],"蒲生町下久徳":[31.750788,130.595144],"船津":[31.738905,130.617209],"寺師":[31.760205,130.606565],"住吉":[31.760779,130.598143],"永瀬":[31.756554,130.599213],"西姶良3":[31.730504,130.59992],"西姶良4":[31.733158,130.604345],"脇元":[31.711908,130.625241],"西姶良1":[31.730785,130.606801],"増田":[31.750106,130.605407],"西姶良2":[31.731966,130.606304],"中津野":[31.746446,130.608735],"西餅田":[31.731082,130.630573],"永池町":[31.714722,130.615396],"池島町":[31.714865,130.619352],"豊留":[31.751694,130.618116],"下名":[31.762129,130.617025],"三拾町":[31.752352,130.625693],"深水":[31.75784,130.623615],"西宮島町":[31.726636,130.624023],"大山":[31.763478,130.620444],"宮島町":[31.730162,130.631859],"東餅田":[31.736866,130.636376],"鍋倉":[31.738388,130.635699],"松原町1":[31.718227,130.633579],"松原町2":[31.720601,130.635284],"松原町3":[31.72242,130.636049],"加治木町木田":[31.754486,130.666472],"加治木町新生町":[31.739273,130.658271],"加治木町反土":[31.746093,130.658007],"加治木町錦江町":[31.736373,130.662884],"加治木町本町":[31.736884,130.663188],"加治木町仮屋町":[31.743062,130.667201],"加治木町港町":[31.73081,130.661845],"加治木町朝日町":[31.736012,130.671002],"加治木町諏訪町":[31.738125,130.672369],"加治木町日木山":[31.73974,130.678408],"加治木町新富町":[31.741538,130.670494]}