{"米永":[31.947673,130.718184],"北方":[31.95655,130.716587],"木場":[31.950503,130.737811],"川西":[32.005296,130.750723],"般若寺":[32.041603,130.745308],"鶴丸":[32.032368,130.753798],"中津川":[32.010578,130.759647],"川添":[32.00405,130.757133]}