{"永吉":[31.401393,131.018208],"岡別府":[31.44726,130.988972],"假宿":[31.424229,131.016465],"井俣":[31.448514,131.022233],"神領":[31.437942,131.036727],"横瀬":[31.414374,131.028037],"益丸":[31.430361,131.028813],"菱田":[31.44714,131.056147]}