{"馬場":[31.241124,130.779125],"城元":[31.234888,130.795393],"神川":[31.271179,130.794052]}