{"宮之浦":[30.420207,130.569996],"楠川":[30.402837,130.621499],"安房":[30.317549,130.648843],"小瀬田":[30.401401,130.62225]}