{"大字中里":[28.316446,129.931411],"大字湾":[28.317981,129.940682],"大字赤連":[28.32416,129.950646],"大字池治":[28.327909,129.955898],"大字中間":[28.330405,129.955996]}