{"中勝":[28.382837,129.583009],"大勝":[28.397751,129.591102],"戸口":[28.366889,129.584005],"瀬留":[28.410644,129.595641],"浦":[28.413595,129.598491],"屋入":[28.411922,129.604424],"赤尾木":[28.407204,129.634909],"芦徳":[28.419537,129.619642]}