{"大字古仁屋":[28.145843,129.311274],"大字阿木名":[28.16541,129.317233],"古仁屋瀬久井西":[28.14634,129.320764],"古仁屋瀬久井東":[28.138548,129.321504]}