{"大字和泊":[27.393318,128.656811],"大字手々知名":[27.399058,128.662004],"大字喜美留":[27.414053,128.674446]}