{"真志喜4":[26.280103,127.738171],"字宇地泊":[26.272919,127.733591],"嘉数4":[26.261793,127.73572],"大謝名5":[26.267023,127.735476],"真志喜3":[26.271623,127.738555],"嘉数3":[26.256972,127.736886],"字大謝名":[26.270445,127.736387],"嘉数1":[26.258369,127.74096],"大謝名4":[26.265802,127.737146],"字真志喜":[26.272007,127.736978],"大謝名1":[26.268776,127.739585],"嘉数2":[26.255252,127.739339],"真志喜2":[26.274463,127.739398],"大謝名3":[26.263522,127.739451],"真志喜1":[26.270302,127.741919],"大謝名2":[26.266061,127.739422],"真栄原2":[26.260417,127.743848],"大山6":[26.27861,127.742906],"大山7":[26.287825,127.750257],"大山2":[26.276544,127.747194],"真栄原3":[26.264615,127.7438],"真栄原1":[26.258172,127.748076],"大山5":[26.280132,127.748339],"字真栄原":[26.260909,127.745188],"字我如古":[26.260315,127.748366],"字佐真下":[26.262972,127.752005],"我如古4":[26.256047,127.752386],"大山4":[26.282164,127.750772],"大山1":[26.283261,127.755037],"我如古1":[26.259089,127.757832],"大山3":[26.284762,127.754164],"字宜野湾":[26.269979,127.756312],"伊佐4":[26.28994,127.754133],"伊佐3":[26.294131,127.759151],"宜野湾2":[26.263117,127.760934],"我如古3":[26.252408,127.754632],"伊佐2":[26.288158,127.756203],"宜野湾3":[26.261927,127.758551],"我如古2":[26.25402,127.763069],"伊佐1":[26.285897,127.758479],"志真志4":[26.25677,127.760667],"宜野湾1":[26.265164,127.763659],"喜友名2":[26.283128,127.763203],"長田4":[26.260399,127.763408],"志真志1":[26.258141,127.767341],"志真志3":[26.256435,127.763812],"喜友名1":[26.28422,127.766963],"字喜友名":[26.288923,127.764693],"長田1":[26.265019,127.765815],"志真志2":[26.257275,127.768102],"長田3":[26.26334,127.770784],"神山1":[26.268804,127.76331],"新城2":[26.285869,127.772621],"長田2":[26.264226,127.768802],"愛知3":[26.264199,127.771607],"赤道1":[26.272786,127.768321],"愛知1":[26.270932,127.768911],"赤道2":[26.271907,127.775682],"新城1":[26.286873,127.774823],"愛知2":[26.268483,127.770289],"字上原":[26.27622,127.772056],"上原1":[26.279194,127.778321],"普天間2":[26.288864,127.777544],"上原2":[26.278265,127.780263],"野嵩2":[26.286535,127.781594],"字野嵩":[26.280935,127.776961],"普天間1":[26.293731,127.781792],"野嵩1":[26.284176,127.785123],"野嵩3":[26.287055,127.78668],"野嵩4":[26.290448,127.783925]}