{"字鏡水":[26.205567,127.663943],"字宮城":[26.186874,127.656167],"字具志":[26.178242,127.648964],"字当間":[26.193925,127.654403],"字安次嶺":[26.20016,127.662159],"字高良":[26.19161,127.658186],"具志3":[26.179858,127.660165],"具志1":[26.184292,127.660094],"字赤嶺":[26.193888,127.659132],"宮城1":[26.187538,127.657905],"具志2":[26.182326,127.66192],"高良3":[26.187775,127.658544],"赤嶺2":[26.195081,127.661425],"高良1":[26.186481,127.662297],"字小禄":[26.189069,127.680273],"宇栄原3":[26.186532,127.66652],"宇栄原1":[26.192618,127.666949],"高良2":[26.185277,127.664793],"住吉町1":[26.209895,127.664061],"住吉町3":[26.207743,127.665462],"赤嶺1":[26.195385,127.663864],"金城4":[26.197879,127.664955],"金城3":[26.19968,127.667013],"西3":[26.21868,127.668114],"金城2":[26.200746,127.668329],"辻3":[26.219944,127.670051],"金城1":[26.201652,127.668652],"金城5":[26.198337,127.668512],"宇栄原6":[26.184487,127.666244],"住吉町2":[26.208064,127.666618],"垣花町3":[26.208157,127.667708],"田原3":[26.195557,127.669184],"宇栄原2":[26.190141,127.669042],"垣花町2":[26.207851,127.66826],"山下町":[26.200708,127.674388],"宇栄原5":[26.184798,127.670795],"通堂町":[26.210141,127.673345],"字宇栄原":[26.185442,127.673855],"田原4":[26.194499,127.669928],"字田原":[26.196619,127.672618],"宇栄原4":[26.185154,127.673207],"垣花町":[26.207845,127.674182],"西2":[26.214024,127.670736],"港町1":[26.228748,127.681115],"田原1":[26.199424,127.67135],"辻1":[26.216297,127.671357],"辻2":[26.217955,127.67283],"港町4":[26.243053,127.672736],"垣花町1":[26.207107,127.670202],"田原2":[26.198424,127.671012],"西1":[26.214252,127.6729],"小禄4":[26.189555,127.673676],"小禄5":[26.192834,127.67561],"若狭1":[26.219735,127.674468],"奥武山町":[26.205159,127.677487],"久米1":[26.214253,127.675383],"東町":[26.213317,127.675513],"小禄3":[26.189123,127.678018],"久米2":[26.215767,127.677982],"港町2":[26.243054,127.68133],"港町3":[26.244009,127.679752],"若狭2":[26.221018,127.677199],"小禄2":[26.189281,127.677832],"旭町":[26.209288,127.678229],"鏡原町":[26.19529,127.680345],"松山1":[26.218058,127.680392],"泉崎1":[26.212023,127.681066],"若狭3":[26.223983,127.678631],"久茂地1":[26.214973,127.679084],"小禄1":[26.189688,127.681286],"壺川3":[26.205581,127.680374],"松山2":[26.220383,127.682229],"泉崎2":[26.210631,127.683385],"久茂地2":[26.219461,127.684222],"前島3":[26.222823,127.683547],"壺川2":[26.202497,127.683474],"久茂地3":[26.21628,127.683438],"壺川1":[26.204543,127.684584],"古波蔵3":[26.198936,127.687437],"松尾1":[26.212762,127.685173],"曙1":[26.238443,127.682612],"曙2":[26.240983,127.689223],"字上之屋":[26.229416,127.686345],"楚辺3":[26.205639,127.684229],"泊3":[26.22556,127.684638],"曙3":[26.241338,127.689637],"字天久":[26.237328,127.687264],"牧志1":[26.216169,127.687325],"楚辺2":[26.204894,127.689452],"前島2":[26.222459,127.686286],"楚辺1":[26.206484,127.685813],"松尾2":[26.212309,127.688969],"前島1":[26.220262,127.688821],"字安謝":[26.239279,127.69542],"古波蔵4":[26.195869,127.695063],"古波蔵2":[26.198509,127.690326],"牧志2":[26.218243,127.692177],"泊2":[26.225386,127.688232],"樋川1":[26.207966,127.690969],"天久2":[26.234108,127.690035],"上之屋1":[26.228891,127.690102],"泊1":[26.221921,127.691745],"安謝2":[26.235832,127.693435],"古波蔵1":[26.198684,127.692844],"牧志3":[26.216506,127.694621],"樋川2":[26.210858,127.692056],"天久1":[26.231765,127.693684],"おもろまち2":[26.22612,127.692493],"壺屋1":[26.214344,127.694349],"与儀2":[26.200696,127.693692],"与儀1":[26.205612,127.696171],"字安里":[26.221745,127.69853],"おもろまち3":[26.228125,127.696051],"字与儀":[26.205565,127.697265],"安里1":[26.219779,127.690984],"寄宮1":[26.210298,127.697478],"字国場":[26.193014,127.70599],"おもろまち1":[26.222362,127.696056],"安謝1":[26.235275,127.695435],"壺屋2":[26.211002,127.696632],"安里2":[26.21794,127.695777],"おもろまち4":[26.227478,127.700961],"安里3":[26.220735,127.697837],"寄宮2":[26.208049,127.698746],"銘苅3":[26.233441,127.701988],"銘苅2":[26.23063,127.699563],"字銘苅":[26.233638,127.702941],"三原1":[26.21449,127.69959],"字大道":[26.21802,127.701506],"字寄宮":[26.20464,127.69831],"銘苅1":[26.232418,127.703164],"寄宮3":[26.207586,127.702193],"真嘉比1":[26.222139,127.703194],"三原2":[26.211739,127.704107],"長田1":[26.204457,127.702303],"字松川":[26.222038,127.711971],"真嘉比2":[26.226979,127.703436],"松川2":[26.217962,127.704492],"松川1":[26.213666,127.704598],"三原3":[26.209879,127.704329],"識名1":[26.207856,127.706606],"長田2":[26.202547,127.706936],"古島1":[26.227271,127.703933],"真嘉比3":[26.226109,127.705455],"字古島":[26.223397,127.709668],"松島1":[26.223438,127.709312],"松川3":[26.21517,127.709651],"繁多川1":[26.211134,127.708385],"字仲井真":[26.194884,127.712094],"識名3":[26.2051,127.709653],"首里末吉町3":[26.233489,127.710126],"繁多川5":[26.208204,127.714329],"古島2":[26.226742,127.709896],"首里末吉町4":[26.228193,127.710385],"識名2":[26.206871,127.712818],"上間1":[26.201081,127.71101],"首里寒川町2":[26.21769,127.709359],"首里末吉町2":[26.229589,127.711689],"字上間":[26.197555,127.718046],"首里山川町3":[26.219563,127.71004],"繁多川2":[26.211734,127.712452],"識名4":[26.202587,127.71252],"松島2":[26.22484,127.713725],"首里山川町1":[26.220954,127.71486],"繁多川3":[26.214104,127.71367],"首里寒川町1":[26.217213,127.713406],"首里大名町1":[26.230817,127.716949],"首里山川町2":[26.223205,127.71419],"首里末吉町1":[26.227217,127.718542],"字識名":[26.199163,127.716752],"首里桃原町1":[26.222904,127.717173],"首里金城町2":[26.216252,127.714852],"首里真和志町2":[26.219006,127.715284],"字真地":[26.203092,127.722521],"繁多川4":[26.212018,127.718879],"首里儀保町4":[26.226935,127.718488],"首里金城町1":[26.215682,127.718818],"首里大中町2":[26.22254,127.715837],"首里桃原町2":[26.223794,127.71672],"首里金城町3":[26.214332,127.716031],"首里大中町1":[26.221524,127.717761],"首里真和志町1":[26.219744,127.716287],"首里池端町":[26.220451,127.716801],"首里金城町4":[26.213103,127.720353],"首里大名町2":[26.230719,127.719994],"首里平良町2":[26.2281,127.719497],"首里儀保町2":[26.225348,127.717966],"首里当蔵町3":[26.21844,127.722714],"首里当蔵町1":[26.220626,127.718781],"首里儀保町1":[26.224344,127.719526],"首里当蔵町2":[26.220542,127.720084],"首里儀保町3":[26.225155,127.71913],"首里久場川町1":[26.223664,127.723282],"首里崎山町1":[26.214749,127.721732],"首里平良町1":[26.230687,127.723365],"首里赤平町1":[26.221798,127.721125],"首里崎山町4":[26.212336,127.722931],"首里大名町3":[26.233041,127.723072],"首里赤平町2":[26.22303,127.722442],"首里赤田町1":[26.21715,127.722675],"首里汀良町1":[26.21932,127.72346],"首里石嶺町1":[26.227175,127.728872],"首里汀良町2":[26.22062,127.724529],"首里石嶺町3":[26.233991,127.728581],"首里崎山町2":[26.214757,127.723727],"首里赤田町2":[26.215533,127.724877],"首里久場川町2":[26.222529,127.728194],"首里鳥堀町1":[26.218246,127.724252],"首里崎山町3":[26.212866,127.725551],"首里汀良町3":[26.221011,127.729636],"首里鳥堀町2":[26.215651,127.725066],"首里鳥堀町4":[26.218967,127.734694],"首里赤田町3":[26.214371,127.726496],"首里鳥堀町3":[26.217822,127.726527],"首里鳥堀町5":[26.217922,127.732844],"首里石嶺町2":[26.224139,127.736077],"首里石嶺町4":[26.229788,127.734122]}