{"伊奈武瀬1":[26.243822,127.682154],"西洲2":[26.252876,127.689892],"西洲1":[26.245493,127.687785],"勢理客4":[26.24267,127.687575],"字小湾":[26.245398,127.695559],"勢理客3":[26.240264,127.695752],"字宮城":[26.251608,127.703343],"字仲西":[26.249754,127.700621],"勢理客2":[26.243149,127.698576],"字屋富祖":[26.254815,127.706728],"字城間":[26.26518,127.702831],"勢理客1":[26.242699,127.701058],"仲西3":[26.243297,127.701154],"内間5":[26.240338,127.701479],"仲西1":[26.248663,127.702142],"内間3":[26.235916,127.703779],"仲西2":[26.24715,127.700818],"宮城5":[26.242572,127.705507],"宮城4":[26.244517,127.706571],"宮城1":[26.251124,127.70648],"宮城3":[26.246782,127.707271],"内間4":[26.240481,127.70534],"宮城2":[26.247948,127.70838],"内間2":[26.237416,127.707737],"屋富祖3":[26.253071,127.708608],"内間1":[26.2404,127.708655],"字港川":[26.266249,127.715487],"宮城6":[26.245847,127.70926],"屋富祖2":[26.251108,127.711112],"屋富祖4":[26.253485,127.709624],"城間1":[26.254952,127.710262],"沢岻2":[26.233751,127.717662],"字沢岻":[26.235974,127.718456],"大平2":[26.245845,127.711414],"大平1":[26.249179,127.715766],"沢岻1":[26.234452,127.718435],"牧港5":[26.268227,127.726578],"字大平":[26.243635,127.71254],"城間3":[26.256125,127.71315],"城間2":[26.251482,127.713909],"屋富祖1":[26.250859,127.713527],"城間4":[26.259571,127.717723],"大平3":[26.246367,127.712784],"港川2":[26.263682,127.717694],"伊祖2":[26.254705,127.719177],"安波茶1":[26.245266,127.721723],"伊祖1":[26.25231,127.720375],"字牧港":[26.266963,127.716681],"牧港1":[26.266023,127.724087],"港川1":[26.260738,127.720967],"字経塚":[26.238982,127.727055],"仲間1":[26.249517,127.726149],"安波茶3":[26.244608,127.725664],"伊祖3":[26.257911,127.723565],"伊祖4":[26.256938,127.72429],"安波茶2":[26.248326,127.725696],"経塚1":[26.243848,127.725165],"牧港2":[26.260924,127.727166],"伊祖5":[26.257754,127.727742],"仲間2":[26.245528,127.732101],"字前田":[26.237996,127.736273],"仲間3":[26.244592,127.729116],"牧港4":[26.266142,127.729978],"当山1":[26.254284,127.733712],"牧港3":[26.259036,127.731736],"字仲間":[26.243549,127.728881],"前田1":[26.239007,127.739404],"前田2":[26.241125,127.739868],"当山3":[26.245546,127.737258],"当山2":[26.252696,127.738457],"前田4":[26.237505,127.7389],"前田3":[26.24228,127.742758],"西原6":[26.245836,127.747898],"西原1":[26.252639,127.745002],"西原5":[26.247902,127.747046],"西原2":[26.251474,127.748587],"西原3":[26.251921,127.751854],"西原4":[26.249855,127.750098]}