{"大里字稲嶺":[26.168753,127.748702],"大里字高平":[26.172325,127.746216],"大里字仲間":[26.177399,127.749935],"玉城字前川":[26.144722,127.758455],"玉城字愛地":[26.160906,127.752696],"大里字古堅":[26.188491,127.75217],"大里字大里":[26.183357,127.763271],"大里字嶺井":[26.195926,127.757311],"玉城字船越":[26.150153,127.758976],"大里字大城":[26.167361,127.764988],"玉城字奥武":[26.137996,127.757981],"玉城字堀川":[26.131193,127.763635],"玉城字當山":[26.142666,127.768336],"玉城字糸数":[26.153031,127.773388],"玉城字屋嘉部":[26.148047,127.771946],"佐敷字小谷":[26.175892,127.770293],"玉城字志堅原":[26.134105,127.773257],"佐敷字津波古":[26.186863,127.777429],"佐敷字新里":[26.171501,127.779594],"玉城字富里":[26.150343,127.773201],"玉城字喜良原":[26.153859,127.777718],"玉城字中山":[26.140756,127.77999],"玉城字玉城":[26.136853,127.784401],"玉城字親慶原":[26.156614,127.784489],"佐敷字新開":[26.174739,127.778265],"玉城字仲村渠":[26.142577,127.800275],"佐敷字兼久":[26.169972,127.786915],"佐敷字佐敷":[26.167058,127.798428],"玉城字百名":[26.142588,127.794841],"玉城字垣花":[26.149602,127.799224],"字つきしろ":[26.16062,127.794551],"佐敷字冨祖崎":[26.173352,127.797602],"佐敷字仲伊保":[26.179889,127.791725],"佐敷字手登根":[26.170125,127.808343],"知念":[26.172305,127.82508],"佐敷字屋比久":[26.176427,127.805508],"佐敷字伊原":[26.174492,127.809834]}