{"石川山城":[26.410893,127.820911],"石川嘉手苅":[26.41994,127.814963],"石川伊波":[26.414098,127.823019],"石川楚南":[26.401793,127.821754],"石川":[26.434956,127.839942],"石川東恩納":[26.41215,127.829052],"石川2":[26.427214,127.826302],"字栄野比":[26.390398,127.838793],"字赤道":[26.357221,127.835756],"石川曙3":[26.416009,127.826026],"石川1":[26.432551,127.830609],"字江洲":[26.340912,127.841089],"石川曙2":[26.414085,127.828506],"石川白浜2":[26.426793,127.827111],"石川曙1":[26.417426,127.829531],"石川石崎2":[26.429913,127.829986],"石川白浜1":[26.4312,127.830282],"石川石崎1":[26.427147,127.829249],"字兼箇段":[26.36501,127.847124],"石川東山本町1":[26.433845,127.833623],"石川赤崎1":[26.429898,127.837849],"字宮里":[26.350659,127.841127],"石川東山本町2":[26.435321,127.835302],"字昆布":[26.393872,127.853255],"石川赤崎2":[26.434666,127.840563],"石川東山1":[26.435674,127.837896],"字高江洲":[26.3463,127.848501],"字川崎":[26.385141,127.846588],"石川東山2":[26.437945,127.84007],"字西原":[26.37356,127.849199],"字前原":[26.340921,127.852165],"石川赤崎3":[26.431897,127.842408],"字喜屋武":[26.363704,127.853443],"喜仲2":[26.356759,127.845294],"喜仲3":[26.355624,127.848148],"喜仲1":[26.357651,127.846112],"字州崎":[26.332889,127.857176],"喜仲4":[26.353705,127.849864],"字平良川":[26.369756,127.851489],"字豊原":[26.345375,127.855959],"字天願":[26.385416,127.859751],"安慶名3":[26.374114,127.850694],"字安慶名":[26.382047,127.851156],"字仲嶺":[26.360778,127.854862],"安慶名2":[26.376247,127.849821],"みどり町5":[26.376237,127.853863],"字田場":[26.371444,127.85517],"みどり町6":[26.382321,127.85742],"字上江洲":[26.352152,127.864181],"みどり町4":[26.374737,127.856067],"字塩屋":[26.34998,127.863059],"みどり町1":[26.379574,127.859647],"字川田":[26.345948,127.869355],"みどり町3":[26.376221,127.862383],"字大田":[26.345896,127.871357],"字具志川":[26.345617,127.880311],"字赤野":[26.375941,127.869029],"みどり町2":[26.380228,127.864613],"字宇堅":[26.376579,127.869011],"勝連南風原":[26.332264,127.883853],"勝連平安名":[26.322256,127.902055],"与那城照間":[26.336145,127.893241],"与那城西原":[26.333858,127.891704],"与那城":[26.330941,127.899984],"勝連内間":[26.322681,127.903976],"与那城屋慶名":[26.326167,127.910723],"勝連平敷屋":[26.299532,127.918808],"与那城安勢理":[26.316724,127.908793],"与那城中央":[26.329892,127.904737],"与那城饒辺":[26.311806,127.918458],"勝連津堅":[26.252369,127.945172],"与那城屋平":[26.344709,127.945366],"与那城平安座":[26.342674,127.961312],"勝連浜":[26.326137,127.954082],"勝連比嘉":[26.32194,127.966616],"与那城平宮":[26.352055,127.973539],"与那城上原":[26.368413,127.983895],"与那城宮城":[26.368526,127.986333],"与那城桃原":[26.358938,127.976685],"与那城池味":[26.3737,127.985026],"与那城伊計":[26.394702,127.994399],"安慶名1":[26.373065,127.854293]}