{"字豊崎":[26.154256,127.666832],"字与根":[26.163664,127.66501],"字瀬長":[26.175892,127.65873],"字田頭":[26.17663,127.662897],"字伊良波":[26.173668,127.674253],"字名嘉地":[26.175273,127.66758],"字翁長":[26.159351,127.680248],"字座安":[26.167562,127.673603],"字渡橋名":[26.167426,127.676691],"字我那覇":[26.180857,127.675255],"字上田":[26.173629,127.684799],"字豊見城":[26.180329,127.6839],"字宜保":[26.178671,127.681095],"字保栄茂":[26.1633,127.690488],"字渡嘉敷":[26.167905,127.68514],"字高安":[26.178698,127.684211],"字高嶺":[26.165809,127.701845],"字平良":[26.169652,127.702056],"字根差部":[26.187665,127.687242],"字真玉橋":[26.191314,127.68683],"字饒波":[26.175787,127.69163],"字嘉数":[26.189575,127.705977],"字長堂":[26.183662,127.711966],"字金良":[26.182017,127.712486]}