{"西崎町5":[26.143234,127.660663],"西崎町4":[26.138289,127.661608],"西崎町1":[26.135244,127.66332],"西崎1":[26.12889,127.654152],"字喜屋武":[26.090703,127.670222],"字名城":[26.103795,127.666187],"西崎町3":[26.146986,127.666866],"字真栄里":[26.116563,127.686611],"西崎2":[26.141162,127.667678],"潮崎町4":[26.117384,127.66515],"潮崎町3":[26.120429,127.667636],"字糸満":[26.133092,127.668795],"潮崎町1":[26.122752,127.666857],"字小波蔵":[26.102112,127.671748],"西川町":[26.134229,127.668216],"潮崎町2":[26.125102,127.668962],"西崎6":[26.142824,127.671115],"字潮平":[26.141899,127.682202],"字福地":[26.094814,127.679253],"字兼城":[26.134098,127.672795],"字糸洲":[26.103618,127.68085],"字阿波根":[26.158306,127.689466],"字伊敷":[26.107485,127.682283],"字束里":[26.088891,127.678589],"字照屋":[26.137736,127.688158],"字南波平":[26.100495,127.686919],"字山城":[26.090008,127.684442],"字国吉":[26.119289,127.693536],"字伊原":[26.095279,127.690277],"字真壁":[26.10161,127.704183],"字座波":[26.146435,127.700951],"字大里":[26.124188,127.697705],"字賀数":[26.152214,127.696508],"字米須":[26.096467,127.70327],"字北波平":[26.160596,127.696424],"字武富":[26.165488,127.705956],"字新垣":[26.122255,127.708688],"字与座":[26.120081,127.711486],"字真栄平":[26.111669,127.716037],"字宇江城":[26.105092,127.715656],"字豊原":[26.142671,127.711933],"字大度":[26.100912,127.712786],"字摩文仁":[26.102114,127.727316],"西崎町2":[26.141154,127.669303]}