{"南桃原4":[26.325721,127.782067],"南桃原2":[26.318662,127.782916],"南桃原3":[26.320349,127.784272],"山内4":[26.330864,127.783379],"山内3":[26.32722,127.785659],"山内2":[26.322705,127.788549],"南桃原1":[26.317793,127.78817],"山内1":[26.326323,127.788109],"諸見里2":[26.331123,127.790127],"山里3":[26.319579,127.789052],"山里1":[26.324192,127.792626],"諸見里3":[26.325943,127.791884],"上地3":[26.333513,127.794327],"山里2":[26.322577,127.793027],"諸見里1":[26.330091,127.79496],"上地4":[26.336356,127.796366],"久保田1":[26.322914,127.795547],"久保田3":[26.318758,127.795226],"園田3":[26.329335,127.795302],"上地2":[26.332366,127.797453],"久保田2":[26.32347,127.798529],"上地1":[26.335387,127.799063],"美里6":[26.352099,127.809152],"中央2":[26.338827,127.799494],"字倉敷":[26.379419,127.805586],"園田1":[26.330636,127.799757],"園田2":[26.327705,127.802029],"中央1":[26.337236,127.801479],"胡屋2":[26.332704,127.803407],"胡屋4":[26.328969,127.802407],"知花4":[26.36467,127.807029],"中央4":[26.342923,127.802143],"八重島1":[26.344521,127.803084],"胡屋1":[26.337191,127.805324],"中央3":[26.338419,127.803111],"松本7":[26.358135,127.806118],"胡屋3":[26.33125,127.805],"八重島2":[26.349981,127.804874],"仲宗根町":[26.333491,127.805896],"嘉間良1":[26.34017,127.806661],"胡屋5":[26.328718,127.809041],"住吉2":[26.337913,127.805338],"嘉間良3":[26.343999,127.808487],"八重島3":[26.350113,127.807033],"松本6":[26.3556,127.810809],"室川1":[26.337402,127.80608],"松本5":[26.356977,127.81276],"字池原":[26.391988,127.82605],"字知花":[26.373579,127.813132],"嘉間良2":[26.342544,127.808279],"知花3":[26.361453,127.810505],"胡屋6":[26.327796,127.809953],"与儀2":[26.309017,127.811567],"住吉1":[26.337702,127.806979],"知花5":[26.36751,127.815731],"越来3":[26.345175,127.813241],"室川2":[26.337634,127.80834],"越来2":[26.344452,127.813043],"字登川":[26.371185,127.829849],"美里5":[26.352733,127.812564],"比屋根7":[26.319024,127.818501],"安慶田4":[26.328561,127.813541],"知花2":[26.35851,127.813071],"胡屋7":[26.324071,127.81123],"越来1":[26.343229,127.813293],"安慶田1":[26.334185,127.81189],"安慶田3":[26.331291,127.812183],"安慶田5":[26.327856,127.813172],"与儀1":[26.312286,127.816236],"城前町":[26.339217,127.814766],"比屋根6":[26.314762,127.81877],"安慶田2":[26.337455,127.813636],"与儀3":[26.307837,127.819494],"高原1":[26.325072,127.815088],"美里3":[26.34796,127.815665],"美里4":[26.352101,127.816891],"照屋3":[26.331905,127.815854],"松本1":[26.355562,127.817378],"松本4":[26.358025,127.818746],"知花6":[26.360524,127.821684],"知花1":[26.359922,127.819627],"美里2":[26.344075,127.816689],"照屋1":[26.335277,127.817323],"照屋2":[26.334754,127.817076],"美里1":[26.342556,127.818201],"高原2":[26.326639,127.818508],"高原4":[26.324248,127.822324],"照屋4":[26.334589,127.81774],"美原3":[26.348692,127.818309],"宮里1":[26.339547,127.819568],"高原3":[26.325281,127.822517],"照屋5":[26.333357,127.819462],"美原2":[26.34468,127.82058],"比屋根5":[26.307809,127.82748],"大里1":[26.327761,127.822157],"松本2":[26.353769,127.822115],"宮里2":[26.34266,127.823271],"東1":[26.343362,127.822866],"登川1":[26.369609,127.823541],"美原4":[26.350312,127.824579],"宮里3":[26.337167,127.825085],"松本3":[26.358297,127.821494],"比屋根":[26.311316,127.820429],"比屋根4":[26.31367,127.82286],"美原1":[26.349493,127.824689],"池原2":[26.381015,127.8271],"字松本":[26.352051,127.823967],"登川2":[26.370319,127.825759],"比屋根1":[26.316995,127.824358],"大里2":[26.329123,127.825978],"登川3":[26.372609,127.827145],"高原7":[26.320084,127.826588],"明道1":[26.357202,127.826182],"東2":[26.345208,127.825956],"桃原2":[26.335451,127.827128],"高原5":[26.322588,127.828853],"宮里4":[26.340259,127.826521],"桃原1":[26.334867,127.827098],"比屋根3":[26.312267,127.826807],"池原1":[26.378663,127.832792],"比屋根2":[26.313539,127.827278],"字美里":[26.344334,127.829121],"字大里":[26.327167,127.828938],"池原3":[26.389247,127.829704],"美里仲原町":[26.345129,127.828719],"高原6":[26.322044,127.829707],"字桃原":[26.332445,127.832817],"桃原3":[26.333592,127.831241],"泡瀬4":[26.320815,127.831835],"泡瀬5":[26.323716,127.832144],"池原5":[26.382784,127.835827],"池原4":[26.384636,127.831495],"泡瀬3":[26.315115,127.836416],"泡瀬6":[26.329586,127.832557],"泡瀬2":[26.318624,127.83895],"海邦1":[26.328421,127.834673],"泡瀬1":[26.319851,127.840429],"海邦2":[26.334336,127.841104],"海邦町":[26.326924,127.852923],"（大字なし）":[26.364902,127.798242],"古謝津嘉山町":[26.342089,127.832136],"古謝1":[26.337918,127.831194],"古謝2":[26.33607,127.8346],"古謝3":[26.338707,127.836353],"古謝":[26.336741,127.840822]}