{"平良":[24.831641,125.279391],"下地":[24.759648,125.309679],"上野":[24.728064,125.348165],"城辺":[24.719501,125.468204]}