{"字瀬底":[26.649173,127.873169],"字山川":[26.679672,127.887541],"字石川":[26.693036,127.889126],"字崎本部":[26.605879,127.899514],"字健堅":[26.639039,127.897898],"字備瀬":[26.70099,127.888771],"字大浜":[26.656321,127.88728],"字浜元":[26.670462,127.892824],"字谷茶":[26.659012,127.892652],"字豊原":[26.686591,127.895249],"字渡久地":[26.661831,127.897529],"字浦崎":[26.67708,127.89641],"字新里":[26.698993,127.902598],"字北里":[26.689528,127.905051],"字辺名地":[26.635845,127.912283],"字野原":[26.661464,127.902765],"字謝花":[26.683645,127.902749],"字古島":[26.680864,127.905251],"字東":[26.65622,127.90385],"字山里":[26.67371,127.919452],"字伊野波":[26.669713,127.930579],"字大嘉陽":[26.648843,127.913523],"字嘉津宇":[26.68798,127.910659],"字具志堅":[26.696568,127.917941],"字並里":[26.655171,127.931636],"字大堂":[26.678878,127.9235],"字伊豆味":[26.646865,127.962739]}