{"字瀬名波":[26.423584,127.734216],"字儀間":[26.420868,127.724813],"字宇座":[26.42592,127.722369],"字波平":[26.405369,127.735997],"字高志保":[26.407525,127.736001],"字都屋":[26.39272,127.728134],"字渡慶次":[26.416965,127.728107],"字楚辺":[26.384083,127.742517],"字座喜味":[26.404397,127.758033],"字長浜":[26.421797,127.740784],"字上地":[26.402366,127.738883],"字渡具知":[26.365597,127.743564],"字喜名":[26.404089,127.758674],"字古堅":[26.368674,127.753459],"字大湾":[26.378821,127.763917],"字大木":[26.380442,127.750114],"字伊良皆":[26.383086,127.755027],"字比謝":[26.379814,127.758336],"字比謝矼":[26.369944,127.75628],"字牧原":[26.377454,127.768423]}