{"字港":[26.321875,127.751594],"字砂辺":[26.337196,127.750772],"字宮城":[26.327045,127.750276],"字浜川":[26.329182,127.754079],"字美浜":[26.318571,127.758103],"字伊平":[26.326411,127.76502],"美浜3":[26.320615,127.757993],"北谷2":[26.305059,127.762366],"字北前":[26.297364,127.773082],"字下勢頭":[26.342789,127.777447],"北前1":[26.301138,127.761131],"美浜2":[26.314457,127.760076],"美浜1":[26.310216,127.762559],"字桑江":[26.32718,127.777421],"北谷1":[26.307673,127.76356],"字上勢頭":[26.333498,127.774576],"字北谷":[26.2989,127.773586],"字吉原":[26.317202,127.784025],"字大村":[26.309424,127.768168],"字玉上":[26.314415,127.78535],"字桃原":[26.32175,127.780302]}