{"字幸地":[26.227727,127.749665],"字池田":[26.213455,127.74753],"字徳佐田":[26.245472,127.750838],"字翁長":[26.238959,127.754649],"字棚原":[26.244608,127.757264],"字小波津":[26.222114,127.764893],"字桃原":[26.21989,127.751659],"字安室":[26.219865,127.757832],"字森川":[26.250512,127.759688],"字我謝":[26.215526,127.763835],"字呉屋":[26.237088,127.75933],"字上原":[26.242169,127.765983],"字与那城":[26.220301,127.765039],"字千原":[26.254045,127.766955],"字津花波":[26.229678,127.761535],"字小橋川":[26.228299,127.765401],"字兼久":[26.217338,127.771855],"字内間":[26.235835,127.770995],"字嘉手苅":[26.228075,127.769197],"字小那覇":[26.234065,127.782119],"字掛保久":[26.232011,127.773085],"字東崎":[26.217672,127.77592],"棚原1":[26.244441,127.755584],"上原1":[26.239154,127.761569],"上原2":[26.242382,127.76621]}