{"字与那原":[26.205298,127.756624],"字上与那原":[26.19903,127.75604],"字東浜":[26.208241,127.763295],"字板良敷":[26.188972,127.775497]}