{"字津嘉山":[26.184279,127.711085],"字兼城":[26.196303,127.722355],"字山川":[26.182805,127.728836],"字本部":[26.190304,127.72839],"字新川":[26.216249,127.736955],"字照屋":[26.189454,127.731054],"字神里":[26.17281,127.734317],"字宮平":[26.198515,127.741118],"字喜屋武":[26.186,127.735849],"字大名":[26.209005,127.737959],"字宮城":[26.20475,127.745005],"字与那覇":[26.201392,127.747994]}