{"字小城":[26.159729,127.709907],"字当銘":[26.14761,127.704347],"字志多伯":[26.146327,127.712812],"字宜次":[26.175473,127.71904],"字友寄":[26.172249,127.725013],"字高良":[26.128226,127.711844],"字上田原":[26.159383,127.716892],"字世名城":[26.142844,127.724721],"字外間":[26.177615,127.717697],"字東風平":[26.155384,127.728874],"字富盛":[26.133806,127.731839],"字伊覇":[26.160662,127.724069],"字屋宜原":[26.157096,127.729803],"字後原":[26.145505,127.728901]}