{"下新城中野":[39.798569,140.063673],"金足大清水":[39.84002,140.053285],"飯島":[39.77262,140.082771],"向浜2":[39.754126,140.050044],"金足下刈":[39.828377,140.060378],"向浜1":[39.706498,140.062315],"金足追分":[39.813792,140.057779],"金足岩瀬":[39.844995,140.070479],"土崎港相染町":[39.762335,140.061785],"金足小泉":[39.822903,140.05871],"下新城長岡":[39.809978,140.062203],"下浜羽川":[39.606762,140.076557],"飯島川端2":[39.784327,140.062313],"飯島川端3":[39.787028,140.06013],"飯島川端1":[39.780521,140.062319],"飯島穀丁":[39.77779,140.064556],"下浜長浜":[39.619301,140.071563],"土崎港西1":[39.751869,140.062893],"土崎港西3":[39.756039,140.066958],"土崎港西2":[39.753014,140.066367],"飯島道東2":[39.778904,140.064765],"土崎港西4":[39.759559,140.067511],"浜田":[39.65833,140.068055],"飯島道東3":[39.78495,140.066046],"金足堀内":[39.839188,140.071563],"土崎港西5":[39.763436,140.067658],"金足鳰崎":[39.818675,140.066097],"飯島道東1":[39.776238,140.067109],"下浜桂根":[39.64702,140.071946],"飯島鼠田1":[39.78585,140.066898],"土崎港中央1":[39.753427,140.067569],"土崎港中央3":[39.757098,140.071218],"土崎港南1":[39.744036,140.071835],"寺内":[39.731811,140.076345],"土崎港中央5":[39.760241,140.071337],"土崎港中央7":[39.761197,140.068577],"土崎港北7":[39.766667,140.068856],"新屋町":[39.687245,140.075219],"飯島緑丘町":[39.774442,140.071739],"新屋北浜町":[39.702133,140.07607],"飯島鼠田2":[39.778443,140.074604],"飯島鼠田3":[39.780024,140.073211],"金足高岡":[39.824012,140.082118],"新屋南浜町":[39.69564,140.069886],"寺内後城":[39.738724,140.074693],"下新城笠岡":[39.79281,140.074847],"土崎港南2":[39.744711,140.07429],"土崎港中央2":[39.749472,140.075055],"飯島松根西町":[39.769765,140.070721],"土崎港北5":[39.760312,140.073771],"港北新町":[39.767968,140.073512],"飯島鼠田4":[39.781787,140.073777],"土崎港中央6":[39.756775,140.073108],"土崎港北6":[39.76567,140.071159],"飯島松根東町":[39.773313,140.074363],"土崎港中央4":[39.753908,140.076055],"飯島美砂町":[39.776113,140.075054],"土崎港北1":[39.75977,140.078076],"新屋日吉町":[39.677866,140.075851],"新屋寿町":[39.694698,140.075135],"土崎港北4":[39.7632,140.075944],"土崎港南3":[39.748158,140.075692],"土崎港北3":[39.767874,140.084202],"飯島長野中町":[39.769639,140.081281],"飯島文京町":[39.771668,140.077608],"土崎港東3":[39.75713,140.078934],"金足浦山":[39.832191,140.078033],"新屋比内町":[39.673403,140.086653],"新屋勝平台":[39.70328,140.075619],"土崎港東1":[39.748726,140.075188],"新屋松美町":[39.699662,140.074955],"土崎港東2":[39.751592,140.082145],"新屋栗田町":[39.685063,140.082105],"港北松野町":[39.768313,140.079811],"新屋松美ガ丘北町":[39.709164,140.07866],"寺内大畑":[39.740212,140.079526],"将軍野南1":[39.744456,140.084453],"土崎港北2":[39.759033,140.083213],"新屋松美ガ丘南町":[39.699304,140.084033],"寺内大小路":[39.738142,140.077036],"将軍野南3":[39.747693,140.085345],"新屋勝平町":[39.697341,140.081478],"川尻町":[39.710044,140.087314],"土崎港東4":[39.754292,140.082427],"飯島長野上町":[39.769058,140.082333],"飯島長野本町":[39.76998,140.084168],"寺内鵜ノ木":[39.738615,140.083426],"寺内蛭根3":[39.731158,140.085468],"将軍野南5":[39.749216,140.086478],"新屋表町":[39.681103,140.082216],"下新城青崎":[39.807957,140.086527],"寺内児桜2":[39.737746,140.083984],"新屋松美ガ丘東町":[39.705961,140.082667],"寺内神屋敷":[39.731875,140.079264],"将軍野東1":[39.751409,140.083677],"新屋天秤野":[39.705983,140.085201],"寺内児桜1":[39.73651,140.08701],"飯島新町3":[39.77113,140.086167],"新屋元町":[39.68387,140.084913],"新屋割山町":[39.699567,140.088849],"新屋扇町":[39.678571,140.085557],"下新城岩城":[39.788991,140.101187],"将軍野東4":[39.760126,140.088671],"寺内堂ノ沢2":[39.735436,140.087423],"金足片田":[39.828862,140.106648],"新屋船場町":[39.698298,140.090353],"新屋朝日町":[39.702489,140.087748],"寺内油田3":[39.733467,140.089592],"寺内蛭根2":[39.729597,140.086474],"将軍野東2":[39.749804,140.086952],"将軍野南4":[39.743976,140.091084],"将軍野東3":[39.754976,140.089511],"新屋豊町":[39.699833,140.092961],"飯島新町2":[39.770445,140.087292],"飯島西袋3":[39.771793,140.088426],"寺内油田2":[39.73107,140.087031],"新屋大川町":[39.683893,140.094717],"新屋鳥木町":[39.682263,140.094305],"寺内蛭根1":[39.727795,140.09107],"新屋前野町":[39.671294,140.08762],"山王臨海町":[39.716059,140.088358],"飯島西袋2":[39.771461,140.089494],"将軍野南2":[39.74424,140.086033],"寺内堂ノ沢3":[39.736317,140.090506],"飯島新町1":[39.764232,140.088975],"新屋沖田町":[39.673546,140.091695],"八橋本町6":[39.724076,140.09203],"川尻大川町":[39.712148,140.093056],"寺内高野":[39.742681,140.08737],"将軍野青山町":[39.76014,140.09092],"新屋田尻沢西町":[39.672406,140.092127],"飯島飯田2":[39.772346,140.088895],"山王中島町":[39.716653,140.092787],"山王沼田町":[39.714943,140.092889],"八橋南2":[39.722006,140.089373],"将軍野向山":[39.753012,140.091099],"寺内堂ノ沢1":[39.734115,140.089207],"将軍野桂町":[39.753418,140.091256],"飯島飯田1":[39.771096,140.093732],"将軍野堰越":[39.760529,140.09285],"寺内油田1":[39.731219,140.091563],"下新城小友":[39.806078,140.090307],"寺内児桜3":[39.74142,140.090079],"外旭川":[39.768448,140.117922],"八橋南1":[39.720936,140.090191],"八橋":[39.724921,140.085449],"八橋イサノ2":[39.733478,140.094234],"飯島西袋1":[39.766819,140.092335],"茨島5":[39.694276,140.092295],"八橋イサノ1":[39.730596,140.094493],"川尻若葉町":[39.709057,140.092284],"茨島3":[39.696593,140.092342],"新屋田尻沢中町":[39.672351,140.094085],"茨島6":[39.692802,140.102644],"山王新町":[39.718268,140.093517],"川尻新川町":[39.706362,140.098624],"山王中園町":[39.714875,140.09683],"八橋運動公園":[39.723882,140.068251],"新屋高美町":[39.675084,140.094706],"八橋本町2":[39.722568,140.093601],"川尻御休町":[39.713096,140.099139],"八橋本町5":[39.72467,140.094977],"八橋田五郎2":[39.727716,140.095283],"外旭川八柳3":[39.747563,140.098605],"八橋大沼町":[39.731804,140.096095],"新屋田尻沢東町":[39.670227,140.095356],"川尻みよし町":[39.712245,140.099034],"山王7":[39.718166,140.100237],"八橋大畑2":[39.734153,140.095859],"金足吉田":[39.819217,140.111612],"八橋田五郎1":[39.727453,140.097581],"新屋渋谷町":[39.672669,140.097312],"八橋本町4":[39.724625,140.096497],"豊岩豊巻":[39.662137,140.111971],"山王6":[39.714544,140.101233],"外旭川八柳1":[39.743151,140.102589],"泉":[39.738101,140.098635],"豊岩石田坂":[39.663349,140.113005],"八橋大畑1":[39.734367,140.098172],"八橋鯲沼町":[39.731234,140.101935],"泉北1":[39.734631,140.103942],"八橋本町1":[39.722448,140.096988],"川尻上野町":[39.709171,140.100981],"八橋本町3":[39.726014,140.101926],"川尻総社町":[39.710929,140.102284],"金足黒川":[39.82934,140.119305],"外旭川八柳2":[39.745999,140.103851],"茨島4":[39.693449,140.103264],"八橋三和町":[39.728163,140.099508],"茨島7":[39.688027,140.101247],"上新城中":[39.796488,140.11207],"泉中央2":[39.733622,140.101571],"山王1":[39.721679,140.104316],"山王4":[39.718721,140.10382],"八橋新川向":[39.727497,140.10371],"山王5":[39.714443,140.108102],"川元松丘町":[39.712404,140.103512],"茨島2":[39.698578,140.103996],"高陽青柳町":[39.723266,140.105323],"泉中央1":[39.730789,140.108094],"牛島南2":[39.688367,140.108392],"牛島西4":[39.68727,140.105245],"外旭川八幡田2":[39.742387,140.104268],"川元むつみ町":[39.709254,140.106201],"川元小川町":[39.707345,140.104768],"仁井田":[39.675863,140.15849],"茨島1":[39.702839,140.10304],"泉南1":[39.728711,140.108332],"川元開和町":[39.710136,140.10581],"牛島西3":[39.691931,140.112471],"川元山下町":[39.712918,140.107939],"泉北2":[39.736853,140.105493],"山王2":[39.71965,140.107767],"山王3":[39.716316,140.107974],"外旭川八幡田1":[39.743641,140.10605],"高陽幸町":[39.724106,140.106885],"泉菅野1":[39.739068,140.105527],"保戸野千代田町":[39.725916,140.11221],"旭南3":[39.707534,140.111115],"卸町4":[39.696723,140.105867],"上新城五十丁":[39.793367,140.115871],"卸町5":[39.69362,140.108679],"牛島":[39.688494,140.11118],"旭南1":[39.70992,140.109463],"泉北3":[39.735271,140.11077],"卸町3":[39.69715,140.112264],"泉中央3":[39.73318,140.111093],"牛島南1":[39.690798,140.113181],"泉菅野2":[39.737169,140.111626],"泉中央6":[39.7311,140.111407],"旭北錦町":[39.718432,140.109258],"泉南2":[39.729032,140.111723],"旭北栄町":[39.719603,140.111078],"保戸野鉄砲町":[39.723447,140.109536],"楢山登町":[39.706119,140.11035],"牛島西1":[39.694528,140.113171],"泉北4":[39.736972,140.111218],"上新城道川":[39.778285,140.136335],"旭北寺町":[39.717915,140.111076],"旭南2":[39.710044,140.114001],"楢山川口境":[39.705216,140.110302],"牛島西2":[39.692979,140.115502],"大町6":[39.711354,140.115617],"泉中央4":[39.733317,140.116771],"大町5":[39.713718,140.116363],"泉中央5":[39.732463,140.117442],"大町4":[39.715462,140.116945],"大町3":[39.716861,140.117457],"大町2":[39.71872,140.118159],"泉南3":[39.730499,140.117752],"大町1":[39.719628,140.11848],"保戸野すわ町":[39.723948,140.115793],"保戸野原の町":[39.726225,140.112634],"保戸野通町":[39.72099,140.118932],"大住1":[39.692437,140.114607],"泉釜ノ町":[39.736097,140.117449],"楢山共和町":[39.702426,140.115165],"大住4":[39.68783,140.115223],"楢山南中町":[39.708038,140.118814],"御野場新町1":[39.677047,140.115824],"牛島東1":[39.701374,140.117109],"保戸野中町":[39.722674,140.116955],"南通亀の町":[39.71065,140.120757],