{"大森町上溝":[39.346326,140.406412],"雄物川町今宿":[39.28773,140.426543],"雄物川町西野":[39.254695,140.422101],"雄物川町南形":[39.274988,140.410568],"雄物川町道地":[39.265247,140.40991],"雄物川町矢神":[39.316631,140.413326],"雄物川町柏木":[39.26966,140.430781],"雄物川町常野":[39.263535,140.417474],"大森町":[39.344382,140.434761],"大森町猿田":[39.352812,140.420122],"雄物川町沼館":[39.300262,140.429046],"雄物川町薄井":[39.308066,140.45075],"雄物川町造山":[39.278492,140.430387],"十文字町睦合":[39.228929,140.447924],"雄物川町谷地新田":[39.266974,140.434556],"大森町十日町":[39.353991,140.44367],"大森町袴形":[39.369308,140.447689],"雄物川町東里":[39.278861,140.434057],"大雄":[39.349154,140.486],"大森町板井田":[39.396517,140.45872],"十文字町谷地新田":[39.252048,140.432215],"雄物川町砂子田":[39.285771,140.448095],"平鹿町樽見内":[39.280757,140.460106],"雄物川町会塚":[39.305829,140.45336],"十文字町源太左馬":[39.245654,140.464058],"十文字町木下":[39.24519,140.466555],"十文字町植田":[39.22042,140.47686],"平鹿町浅舞":[39.264898,140.48632],"平鹿町下鍋倉":[39.248752,140.488],"平鹿町下吉田":[39.297975,140.479485],"十文字町越前":[39.232898,140.48084],"十文字町鼎":[39.208757,140.51692],"平鹿町中吉田":[39.282398,140.495715],"百万刈":[39.37066,140.490647],"黒川":[39.3523,140.514655],"十文字町佐賀会":[39.209181,140.516696],"十文字町上鍋倉":[39.244421,140.504155],"平鹿町上吉田":[39.305511,140.511541],"清水町新田":[39.30347,140.511764],"下境":[39.350055,140.511601],"十文字町十五野新田":[39.233824,140.515146],"十文字町":[39.229123,140.524159],"十文字町仁井田":[39.212626,140.531117],"下八丁":[39.338214,140.519573],"猪岡":[39.31756,140.521665],"赤川":[39.323311,140.529564],"十文字町宝竜2":[39.217945,140.523656],"十文字町宝竜1":[39.219508,140.522784],"平鹿町醍醐":[39.248507,140.569932],"十文字町梨木":[39.231689,140.528924],"十文字町西原一番町":[39.225768,140.528507],"上境":[39.337675,140.543329],"十文字町腕越":[39.222501,140.540323],"上八丁":[39.332877,140.530253],"十文字町西原二番町":[39.228931,140.5302],"赤坂":[39.302774,140.545332],"三本柳":[39.319411,140.538651],"外目":[39.270278,140.53469],"増田町増田":[39.212226,140.544686],"安本":[39.355027,140.540243],"朝日が丘3":[39.292402,140.5376],"杉目":[39.3395,140.55775],"朝日が丘2":[39.30006,140.537196],"増田町戸波":[39.181579,140.545325],"柳田":[39.275123,140.553153],"朝日が丘4":[39.292527,140.539678],"朝日が丘1":[39.299276,140.541518],"静町":[39.33092,140.545869],"婦気大堤":[39.30206,140.553391],"増田町亀田":[39.211873,140.571038],"八幡":[39.327273,140.554831],"横手町":[39.312842,140.550821],"睦成":[39.316463,140.573667],"卸町":[39.32369,140.548564],"前郷":[39.312073,140.584855],"金沢中野":[39.372216,140.554701],"増田町熊渕":[39.198588,140.563644],"条里1":[39.310797,140.551812],"安田":[39.297924,140.56371],"大屋新町":[39.286276,140.558158],"条里3":[39.314678,140.555022],"大屋寺内":[39.256631,140.555649],"条里2":[39.313529,140.555704],"梅の木町":[39.31509,140.556259],"三枚橋1":[39.313303,140.559771],"駅南2":[39.302974,140.557694],"朝倉町":[39.325079,140.560055],"平城町":[39.319559,140.559282],"駅南1":[39.303109,140.561321],"寿町":[39.312444,140.56307],"駅前町":[39.308835,140.560293],"安田原町":[39.301677,140.564908],"増田町荻袋":[39.200664,140.575385],"杉沢":[39.348846,140.56259],"大水戸町":[39.315953,140.562233],"蛇の崎町":[39.317984,140.563078],"二葉町":[39.320207,140.562936],"前郷二番町":[39.309731,140.566],"中央町":[39.316229,140.564558],"前郷一番町":[39.311949,140.565324],"本町":[39.321322,140.566562],"神明町":[39.307809,140.56841],"幸町":[39.326227,140.565037],"松原町":[39.301035,140.56822],"大鳥町":[39.330831,140.564906],"新坂町":[39.327381,140.56551],"横山町":[39.302393,140.566869],"大町":[39.31777,140.567919],"四日町":[39.317057,140.566422],"田中町":[39.313375,140.564654],"台所町":[39.331076,140.566058],"明永町":[39.326089,140.568695],"城西町":[39.323339,140.567663],"鍛冶町":[39.310885,140.569271],"南町":[39.303489,140.567688],"平和町":[39.307723,140.572376],"追廻1":[39.3324,140.568297],"追廻2":[39.331514,140.571599],"清川町":[39.309318,140.574152],"羽黒町":[39.314484,140.572288],"城山町":[39.32123,140.569368],"追廻3":[39.33501,140.571395],"金沢":[39.379148,140.579565],"根岸町":[39.317273,140.57104],"上内町":[39.312728,140.576188],"城南町":[39.317806,140.575416],"金沢本町":[39.379189,140.575435],"旭川1":[39.310065,140.575548],"本郷町":[39.306037,140.579576],"旭川2":[39.30802,140.578508],"旭川3":[39.307432,140.581075],"大沢":[39.305619,140.58698],"山内大沢":[39.290112,140.590031],"山内土渕":[39.282546,140.624705],"山内平野沢":[39.275667,140.621762],"雄物川町深井":[39.276946,140.407621],"大森町八沢木":[39.35306,140.389348],"雄物川町大沢":[39.280023,140.398764]}