{"松岡":[39.159505,140.435796],"山田":[39.15922,140.465525],"八幡":[39.20336,140.447322],"角間":[39.210712,140.473245],"柳田":[39.187834,140.456448],"字柴目":[39.195747,140.457254],"字高前":[39.204508,140.460903],"酒蒔":[39.105616,140.471318],"深堀":[39.164864,140.460659],"金谷":[39.189744,140.465742],"字関合":[39.200005,140.462829],"字上下舘":[39.152479,140.463532],"字千刈":[39.183601,140.466525],"倉内":[39.178847,140.473638],"字旭田":[39.191387,140.46771],"字西中川原":[39.165026,140.469069],"字富士見":[39.192004,140.471592],"字宝涼":[39.181858,140.471634],"字沖鶴":[39.177021,140.474139],"二井田":[39.205078,140.486502],"字両神":[39.171094,140.476353],"清水町6":[39.168293,140.47831],"清水町5":[39.164785,140.478163],"相川":[39.100455,140.486086],"字大倉谷地":[39.179096,140.474095],"字下田面":[39.195649,140.475358],"岡田町":[39.159662,140.479519],"清水町3":[39.167208,140.481212],"清水町4":[39.16508,140.481416],"森":[39.192075,140.478604],"上関":[39.116557,140.490022],"岩崎":[39.200665,140.509276],"字万石":[39.157886,140.484768],"字大森":[39.178654,140.483264],"下関":[39.127689,140.493126],"字中野":[39.159706,140.48488],"清水町2":[39.166765,140.484109],"元清水4":[39.170627,140.484647],"元清水2":[39.168833,140.484442],"字鶴館":[39.174897,140.484315],"字大島":[39.178084,140.483731],"関口":[39.140284,140.487679],"清水町1":[39.165783,140.484923],"幸町1":[39.162313,140.483604],"西新町":[39.16458,140.486279],"元清水1":[39.168579,140.485828],"字大島町":[39.178334,140.48608],"元清水3":[39.169598,140.485411],"南台":[39.144569,140.490102],"字祝田":[39.182364,140.488647],"字前島":[39.174951,140.489967],"字沖田":[39.176678,140.490884],"若葉町":[39.14618,140.486168],"西愛宕町":[39.149177,140.486346],"千石町3":[39.153656,140.487835],"材木町2":[39.16158,140.488202],"千石町1":[39.157846,140.48688],"千石町2":[39.156031,140.488241],"表町4":[39.169037,140.489925],"愛宕町3":[39.150352,140.488398],"表町2":[39.165178,140.487424],"古館町":[39.171927,140.490194],"表町1":[39.165154,140.490234],"材木町1":[39.16111,140.491045],"愛宕町5":[39.147259,140.490454],"田町2":[39.157089,140.489852],"愛宕町2":[39.152227,140.491654],"表町3":[39.16647,140.490695],"御囲地町":[39.154448,140.491786],"前森3":[39.171465,140.492723],"千石町4":[39.156339,140.489888],"字黄金原":[39.183616,140.489493],"柳町2":[39.16635,140.492015],"前森2":[39.167707,140.492465],"大町2":[39.161251,140.491668],"吹張2":[39.155399,140.492038],"愛宕町4":[39.146299,140.492194],"桜通り":[39.176256,140.492893],"愛宕町1":[39.151769,140.493794],"田町1":[39.157405,140.492507],"大町1":[39.161436,140.492429],"柳町1":[39.166229,140.492862],"字内舘町":[39.161122,140.493057],"内町":[39.158993,140.495881],"杉沢":[39.179884,140.510591],"佐竹町":[39.161231,140.501263],"前森4":[39.17326,140.494028],"杉沢新所":[39.178988,140.496976],"大工町":[39.169585,140.496046],"湯ノ原1":[39.164841,140.498871],"裏門1":[39.163081,140.504763],"成沢":[39.195362,140.508683],"裏門2":[39.162816,140.507347],"裏門3":[39.163294,140.510634],"字下山谷":[39.161405,140.512651],"字山谷":[39.162765,140.525016],"字鉦打沢":[39.163092,140.534318],"字岩ノ沢山":[39.156062,140.532759],"字沼樋":[39.142388,140.481568],"字東松沢":[39.147326,140.501938],"字角間沢":[39.155803,140.510445],"北荒町":[39.166124,140.494238],"前森1":[39.168528,140.493693],"字荒町":[39.155483,140.494772],"吹張1":[39.153251,140.49269],"字西金堀沢山":[39.157807,140.520391],"字カックイ沢山":[39.158621,140.534112],"字広沢山":[39.160675,140.537818],"字中川原":[39.161954,140.477769],"字栄田":[39.185152,140.483268],"字赤土":[39.177569,140.492477],"字菱堂":[39.186832,140.478773],"字館ノ堀":[39.189259,140.479305],"字小豆田":[39.159236,140.484604],"字布目":[39.152334,140.450204],"字新町":[39.15309,140.494251],"字鳶ケ沢山":[39.155717,140.498438],"湯ノ原2":[39.170361,140.501647],"字裏門":[39.162371,140.510599],"字鶴田":[39.175546,140.484339],"字湯ノ上山":[39.164593,140.508089]}