{"濡浜北":[39.385956,140.025442],"水林":[39.382591,140.032164],"石脇":[39.401582,140.053281],"西目町海士剥":[39.361734,140.025497],"藤崎":[39.363843,140.044528],"西目町沼田":[39.349671,140.027983],"船岡":[39.348127,140.031681],"浜ノ町":[39.385893,140.029223],"親川":[39.431157,140.033771],"井戸尻":[39.386241,140.032398],"片町":[39.387485,140.033675],"浜三川":[39.420863,140.028241],"観音町":[39.388885,140.036063],"薬師堂":[39.366736,140.043628],"調練場":[39.383738,140.034984],"下地ヶ沢":[39.376822,140.040138],"砂子下":[39.38691,140.039051],"古雪町":[39.390415,140.040042],"北裏地":[39.39235,140.040426],"船ヶ台":[39.380642,140.041836],"新組町":[39.384062,140.040839],"下川原中島":[39.393036,140.04234],"陳場岱":[39.37555,140.042684],"和泉町":[39.389707,140.03905],"鶴沼":[39.384359,140.042637],"給人町":[39.388256,140.043856],"肴町":[39.391683,140.04094],"小防ヶ沢":[39.379714,140.042485],"田町":[39.389796,140.040844],"葛法":[39.344291,140.066297],"猟師町":[39.392087,140.043118],"不戻沢":[39.376368,140.043485],"砂糖畑":[39.383422,140.04252],"中町":[39.390639,140.04418],"日役町":[39.392796,140.046005],"後町":[39.392406,140.045924],"瓦谷地":[39.3867,140.045778],"表尾崎町":[39.387839,140.044274],"西小人町":[39.381693,140.047044],"大鍬町":[39.379328,140.045292],"大町":[39.390548,140.045331],"小人町":[39.379149,140.051899],"裏尾崎町":[39.388539,140.044972],"大堤下":[39.374861,140.044579],"尾崎":[39.3847,140.048976],"大浦":[39.402155,140.053445],"中竪町":[39.389522,140.046802],"鍛冶町":[39.393169,140.047138],"桶屋町":[39.392379,140.047798],"御門":[39.383023,140.0508],"谷山小路":[39.390104,140.047023],"美倉町":[39.39092,140.048466],"埋田":[39.359748,140.058587],"巣組":[39.392793,140.048159],"岩渕下":[39.390619,140.049331],"桜小路":[39.386753,140.051402],"本田仲町":[39.384158,140.053671],"二番堰":[39.381915,140.057776],"三条":[39.357054,140.073242],"八幡下":[39.39393,140.054242],"東町":[39.385202,140.053632],"笹道":[39.383393,140.055417],"谷地町":[39.385988,140.054514],"花畑町4":[39.386045,140.054983],"一番堰":[39.376288,140.061231],"花畑町3":[39.388084,140.055176],"花畑町1":[39.385784,140.056488],"赤沼町":[39.390282,140.05684],"花畑町2":[39.388111,140.05717],"赤沼下":[39.391025,140.060814],"円正脇":[39.383987,140.057079],"出戸町":[39.389255,140.065024],"川口":[39.397511,140.056257],"赤沼下道":[39.388957,140.057337],"寺後":[39.384528,140.056862],"西梵天":[39.386834,140.057512],"内黒瀬":[39.427715,140.069101],"中梵天":[39.38778,140.0626],"松街道":[39.377699,140.063139],"玉ノ池":[39.349673,140.062171],"東梵天":[39.387433,140.065404],"宮内":[39.35484,140.064911],"上大野":[39.371988,140.067025],"出戸上野":[39.379945,140.064456],"下大野":[39.377989,140.064375],"内越":[39.414557,140.071617],"岩城内道川":[39.412928,140.067093],"梵天谷地":[39.385263,140.067389],"南福田":[39.343376,140.06761],"土谷":[39.385281,140.078407],"二十六木":[39.364255,140.068094],"万願寺":[39.352976,140.086946],"福山":[39.401544,140.080413],"大中ノ沢":[39.371428,140.080887],"畑谷":[39.408584,140.071402],"荒町":[39.355894,140.07703],"鮎瀬":[39.341708,140.090956],"山田":[39.413524,140.086466],"矢島町城内":[39.23779,140.135412],"矢島町矢島町":[39.230809,140.13282],"矢島町荒沢":[39.21873,140.143765],"矢島町田中町":[39.227008,140.136777],"矢島町舘町":[39.229705,140.136683],"矢島町七日町":[39.229577,140.144629],"矢島町元町":[39.225656,140.159172],"館前":[39.36133,140.083488],"堤脇":[39.374915,140.045157],"切通":[39.383657,140.045334],"蟻山":[39.38323,140.039008],"今野谷地":[39.386011,140.034229]}