{"増沢":[40.188564,140.295957],"木戸石":[40.182602,140.326916],"八幡岱新田":[40.172782,140.30792],"川井":[40.176239,140.346765],"上杉":[40.148383,140.376724],"新田目":[40.160072,140.329519],"坊沢":[40.23248,140.35946],"下杉":[40.170194,140.360355],"本城":[40.123984,140.36593],"脇神":[40.20525,140.366218],"綴子":[40.263424,140.386477],"米内沢":[40.124126,140.394519],"鷹巣":[40.217054,140.376681],"道城":[40.139696,140.361027],"元町":[40.228379,140.365512],"大町":[40.225273,140.366123],"松葉町":[40.230768,140.369685],"米代町":[40.224202,140.367992],"住吉町":[40.228091,140.36968],"東横町":[40.225036,140.371229],"花園町":[40.228666,140.372511],"宮前町":[40.223891,140.374892],"材木町":[40.23148,140.374874],"旭町":[40.227253,140.374607],"栄":[40.238788,140.392719],"伊勢町":[40.224915,140.379846],"中屋敷":[40.186541,140.39759],"七日市":[40.177779,140.411859],"小森":[40.184122,140.412012],"小又":[40.061761,140.41736]}