{"角館町西長野":[39.596725,140.532937],"角館町雲然":[39.592104,140.552704],"角館町小勝田":[39.60575,140.554596],"角館町":[39.581995,140.566482],"田沢湖神代":[39.60237,140.593886],"角館町広久内":[39.601647,140.592763],"田沢湖田沢":[39.752225,140.717263],"田沢湖刺巻":[39.681677,140.703014],"田沢湖生保内":[39.730404,140.714789],"角館町薗田":[39.581531,140.574921],"田沢湖小松":[39.60543,140.566904]}