{"字中久保":[39.940877,140.071183],"字押切":[39.941452,140.070569],"字中嶋":[39.941737,140.071076],"字下川原":[39.939209,140.072657],"夜叉袋":[39.955426,140.083407],"真坂":[39.967433,140.084736],"字大道":[39.948539,140.073111],"字一日市":[39.942877,140.070882],"字中田":[39.949386,140.081385],"字家ノ後":[39.943444,140.078976],"字昼根下":[39.945392,140.083145],"浦大町":[39.968237,140.086922],"字上沖谷地":[39.94608,140.08305],"川崎":[39.944278,140.099349],"小池":[39.954186,140.092132],"字川口":[39.949111,140.058177],"字蒲沼":[39.948446,140.072382],"字上昼根":[39.941435,140.083644],"字嶋ノ内":[39.944388,140.07012]}