{"大字上反田":[38.266967,140.255595],"大字村木沢":[38.254805,140.282466],"大字門伝":[38.240812,140.265097],"大字若木":[38.260622,140.256188],"城森":[38.240437,140.262243],"富神前":[38.237245,140.262451],"後明":[38.271102,140.256646],"大字古館":[38.258942,140.28068],"大字下反田":[38.271554,140.272174],"大字柏倉":[38.235821,140.28343],"大字長谷堂":[38.213384,140.279583],"桜ケ丘":[38.250778,140.26209],"反町":[38.243938,140.267569],"谷地前":[38.212172,140.268074],"すげさわの丘":[38.225302,140.271486],"辻":[38.253148,140.267254],"大道端":[38.240107,140.273181],"東古館":[38.265881,140.274716],"大字菅沢":[38.222213,140.26962],"阿弥陀":[38.251536,140.272853],"南反田":[38.269694,140.273408],"飯塚町":[38.258778,140.284428],"田吹":[38.234693,140.27625],"中屋敷":[38.237202,140.271253],"大字志戸田":[38.278228,140.290171],"大字鮨洗":[38.290785,140.282079],"百目鬼":[38.226202,140.280305],"富神台":[38.240485,140.282139],"西原2":[38.270148,140.27941],"西原1":[38.263445,140.279891],"大字下椹沢":[38.265917,140.28271],"高木":[38.234392,140.285196],"上江":[38.277476,140.282631],"大字二位田":[38.224036,140.290766],"大字沼木":[38.254032,140.281959],"東二位田":[38.221052,140.288182],"北志戸田":[38.280009,140.285419],"平田":[38.270747,140.285265],"鋳物町":[38.235427,140.289726],"大字松原":[38.208127,140.308379],"東志戸田":[38.278266,140.29108],"木ノ目田":[38.248333,140.290143],"中江":[38.277744,140.291057],"大字谷柏":[38.210988,140.295105],"大字吉野宿":[38.283902,140.294033],"砂田":[38.257395,140.294115],"明神前":[38.243751,140.292593],"大字船町":[38.30947,140.288647],"横井":[38.280453,140.293135],"金石田":[38.265061,140.289661],"大字前明石":[38.231893,140.298353],"羽黒堂":[38.243613,140.29685],"中沼":[38.249274,140.297974],"西前明石":[38.225051,140.29995],"明石堂":[38.23001,140.295935],"大字上椹沢":[38.264784,140.298228],"天神台":[38.268221,140.293243],"大字中野":[38.306506,140.298608],"松栄1":[38.239164,140.295038],"松栄":[38.240596,140.295289],"大字陣場新田":[38.28412,140.300921],"黄金":[38.263588,140.301262],"千代田":[38.263192,140.301063],"南館西":[38.238428,140.305191],"飯沢":[38.241016,140.298196],"富の中2":[38.233593,140.305047],"長苗代":[38.24357,140.304839],"京旦":[38.228527,140.303678],"陣場3":[38.27981,140.303885],"大字黒沢":[38.192227,140.303963],"大字西中野":[38.300597,140.300435],"三社":[38.315796,140.305226],"大字内表":[38.290667,140.304264],"富の中1":[38.237547,140.305367],"大字片谷地":[38.213264,140.31024],"大字陣場":[38.284593,140.304299],"砂塚":[38.261408,140.304385],"東篭野町":[38.298313,140.306055],"大字南館":[38.232328,140.304826],"陣場2":[38.277513,140.307371],"西崎":[38.262484,140.305228],"若宮3":[38.224413,140.309224],"若宮4":[38.227477,140.307252],"南石関":[38.250134,140.306673],"吉原3":[38.230847,140.308846],"内表東":[38.292087,140.306552],"陣場南":[38.274323,140.310628],"富の中4":[38.231952,140.308566],"南松原2":[38.198294,140.307423],"瀬波2":[38.280265,140.307385],"銅谷口":[38.299555,140.308202],"大字中野目":[38.332897,140.313181],"瀬波3":[38.283549,140.307917],"富の中3":[38.233767,140.309357],"北江俣":[38.283785,140.310088],"南館5":[38.235511,140.309151],"高堂2":[38.240011,140.308771],"南松原1":[38.200012,140.306371],"蔵王松ケ丘2":[38.193513,140.307955],"あかねケ丘3":[38.241014,140.307665],"瀬波1":[38.279401,140.308384],"やよい2":[38.255241,140.307067],"行才":[38.288181,140.308404],"菅原":[38.272977,140.309689],"あかねケ丘2":[38.244702,140.307838],"下田":[38.321396,140.310179],"若宮2":[38.225182,140.314471],"蔵王成沢":[38.198711,140.320132],"高堂":[38.240383,140.312777],"あかねケ丘1":[38.251496,140.309353],"江南4":[38.275626,140.312416],"桜田西5":[38.22143,140.310296],"陣場1":[38.277465,140.31136],"高堂1":[38.239808,140.312383],"吉原2":[38.228395,140.312913],"若宮1":[38.227559,140.308769],"吉原南":[38.222437,140.313072],"南館3":[38.234826,140.31334],"南館4":[38.23507,140.311134],"表蔵王":[38.193912,140.313433],"清住町3":[38.253014,140.312675],"藤治屋敷":[38.307048,140.310426],"蔵王半郷":[38.19343,140.324793],"蔵王松ケ丘1":[38.199283,140.311372],"江俣5":[38.279189,140.312649],"清住町2":[38.258241,140.311422],"八幡前":[38.302862,140.308701],"城西町5":[38.261195,140.317436],"大字成安":[38.320429,140.317166],"西田2":[38.264449,140.31714],"桜田西4":[38.217166,140.316841],"成沢西3":[38.206938,140.313091],"上町5":[38.240677,140.313098],"桜田南":[38.215036,140.313284],"上町4":[38.244682,140.316302],"成沢西2":[38.208913,140.315719],"西田3":[38.267361,140.312395],"西田5":[38.269224,140.317842],"南館2":[38.238517,140.312937],"白川":[38.30945,140.322875],"久保田3":[38.246538,140.317641],"桜田西3":[38.2219,140.313633],"蔵王上野":[38.176822,140.333166],"吉原1":[38.230591,140.316882],"久保田2":[38.250281,140.316899],"蔵王南成沢":[38.198745,140.316081],"元木3":[38.223128,140.315098],"白山2":[38.224899,140.316498],"成沢西1":[38.210842,140.317684],"深町2":[38.233381,140.318796],"江南3":[38.27084,140.316318],"嶋南4":[38.28046,140.314773],"城西町3":[38.25778,140.320466],"桜田西2":[38.2198,140.318831],"桜田西1":[38.221983,140.319468],"大字渋江":[38.325126,140.3162],"深町1":[38.234659,140.314934],"江俣4":[38.274876,140.316705],"南館1":[38.239611,140.316478],"上町3":[38.241085,140.319752],"成沢西4":[38.206284,140.316141],"大字灰塚":[38.331778,140.32149],"飯田西2":[38.215722,140.315141],"飯田西3":[38.213326,140.319677],"嶋南3":[38.281483,140.316824],"深町3":[38.231776,140.314711],"嶋北4":[38.288416,140.318275],"清住町1":[38.253732,140.315867],"白山1":[38.227156,140.319679],"篭田3":[38.238815,140.318919],"久保田1":[38.249885,140.319281],"西田1":[38.264184,140.320571],"嶋北2":[38.288076,140.321405],"上町1":[38.242497,140.323724],"城西町4":[38.259617,140.324731],"成沢西5":[38.209396,140.320481],"上町2":[38.246092,140.321482],"飯田西4":[38.211455,140.317797],"春日町":[38.250779,140.31928],"南栄町3":[38.230246,140.318167],"江俣3":[38.276552,140.322045],"西田4":[38.271096,140.31364],"嶋南2":[38.281948,140.321013],"馬合":[38.30907,140.31881],"江南1":[38.268444,140.321601],"篭田2":[38.238233,140.321463],"江南2":[38.271821,140.321501],"南栄町2":[38.232519,140.319274],"双葉町2":[38.249986,140.320107],"檀野前":[38.29606,140.323696],"長表":[38.294617,140.320172],"大字今塚":[38.294601,140.323641],"嶋北3":[38.290284,140.323205],"江俣2":[38.276927,140.32254],"篭田1":[38.240969,140.322728],"飯田西5":[38.210052,140.321686],"桜田東3":[38.21744,140.32028],"嶋南1":[38.281281,140.324215],"桜田東1":[38.220947,140.321811],"元木2":[38.223689,140.325246],"白山3":[38.227071,140.321445],"城西町2":[38.257058,140.323328],"城南町3":[38.251056,140.322697],"下条町2":[38.260745,140.325228],"南栄町1":[38.233625,140.319822],"下条町3":[38.268556,140.320358],"天神町":[38.307737,140.32459],"美畑町":[38.235484,140.327369],"五日町":[38.245382,140.32529],"江俣1":[38.276215,140.32314],"七十刈":[38.297765,140.323485],"嶋北1":[38.287393,140.32423],"飯田西1":[38.217061,140.320626],"双葉町1":[38.248487,140.326855],"桜田東2":[38.222353,140.32461],"末広町":[38.23844,140.32552],"飯田5":[38.21066,140.325894],"城南町2":[38.252201,140.328809],"元木1":[38.224804,140.325921],"城西町1":[38.258227,140.3252],"南三番町":[38.23232,140.323262],"南四番町":[38.234076,140.326028],"飯田4":[38.214082,140.325381],"若葉町":[38.242196,140.325278],"城南町1":[38.250732,140.326342],"高田":[38.306152,140.320169],"南二番町":[38.228339,140.324002],"割田":[38.302535,140.324622],"桜田東4":[38.217918,140.325237],"北町3":[38.272381,140.326855],"桧町4":[38.27818,140.327565],"大字見崎":[38.296496,140.325166],"飯田1":[38.21578,140.32398],"馬見ケ崎3":[38.280195,140.327662],"馬見ケ崎4":[38.283843,140.334631],"霞城町":[38.256063,140.331181],"下条町5":[38.2695,140.325024],"見崎川原":[38.302963,140.32878],"下条町1":[38.26339,140.328061],"青田南":[38.220603,140.330736],"城北町1":[38.25734,140.331373],"幸町":[38.247126,140.327329],"城北町2":[38.259391,140.33275],"青田5":[38.221078,140.330085],"青田4":[38.224043,140.330397],"南一番町":[38.232863,140.327439],"飯田2":[38.217437,140.329899],"下条町4":[38.265059,140.327374],"境田町":[38.296486,140.326616],"蔵王山田":[38.195024,140.328468],"鉄砲町1":[38.237325,140.329254],"北山形2":[38.265546,140.331678],"八日町2":[38.240863,140.328282],"北町2":[38.270702,140.329946],"八日町1":[38.243941,140.328804],"青田1":[38.22573,140.327389],"肴町":[38.262303,140.328319],"馬見ケ崎2":[38.280834,140.331339],"桧町3":[38.278107,140.331138],"飯田3":[38.217117,140.33174],"香澄町1":[38.250738,140.330011],"鳥居ケ丘":[38.230296,140.331136],"大字千手堂":[38.313041,140.337461],"荒楯町2":[38.231192,140.332781],"旭が丘":[38.226612,140.329017],"中桜田1":[38.219373,140.330174],"香澄町3":[38.246491,140.331741],"北町4":[38.27242,140.334661],"鉄砲町3":[38.236111,140.328666],"沖町":[38.287951,140.334976],"長町":[38.292757,140.334588],"荒楯町1":[38.233042,140.330399],"香澄町2":[38.248903,140.333269],