{"浜中":[38.835592,139.814183],"十里塚":[38.889276,139.818542],"広岡新田":[38.827127,139.807874],"黒森":[38.858871,139.818058],"坂野辺新田":[38.886251,139.829302],"宮野浦":[38.898374,139.81795],"緑ケ丘2":[38.896092,139.811873],"若宮町2":[38.900689,139.80976],"宮野浦3":[38.909641,139.811898],"若宮町1":[38.899827,139.813637],"宮野浦2":[38.905211,139.811283],"緑ケ丘1":[38.899605,139.816265],"宮野浦1":[38.908367,139.817149],"大浜2":[38.931387,139.81981],"高見台2":[38.89815,139.816821],"大浜1":[38.925735,139.818631],"高見台1":[38.9018,139.823224],"宮海":[38.978938,139.841096],"飯森山1":[38.893928,139.819679],"飯森山2":[38.88704,139.827787],"高砂2":[38.943808,139.820876],"光ケ丘5":[38.934321,139.82213],"高砂4":[38.946139,139.826497],"高砂3":[38.942485,139.825249],"高砂1":[38.942664,139.825955],"光ケ丘4":[38.93862,139.828686],"光ケ丘3":[38.929903,139.826376],"古湊町":[38.946387,139.827688],"南新町2":[38.919478,139.825526],"光ケ丘2":[38.925495,139.830821],"南新町1":[38.918508,139.82771],"北新町2":[38.922581,139.830126],"船場町1":[38.915729,139.831658],"松美町":[38.940374,139.830595],"船場町2":[38.916483,139.827824],"入船町":[38.909161,139.831748],"広野":[38.83024,139.847692],"日吉町2":[38.918974,139.832925],"北浜町":[38.945405,139.828458],"光ケ丘1":[38.928284,139.830395],"日吉町1":[38.920048,139.833059],"錦町4":[38.877594,139.831593],"北新町1":[38.923017,139.83299],"錦町3":[38.883525,139.831786],"新町":[38.932757,139.832382],"錦町5":[38.879907,139.834701],"本町3":[38.915101,139.835662],"堤町":[38.90576,139.833116],"錦町1":[38.881196,139.836297],"中町3":[38.918373,139.834862],"錦町2":[38.882127,139.834096],"山居町2":[38.912408,139.834317],"住吉町":[38.926405,139.833771],"京田3":[38.875488,139.835677],"北今町":[38.924007,139.835908],"北里町":[38.92602,139.834613],"寿町":[38.919571,139.836102],"若竹町1":[38.904874,139.836661],"若竹町2":[38.901423,139.839443],"中町2":[38.917896,139.837079],"京田2":[38.876836,139.838456],"北千日堂前":[38.936436,139.836337],"本町2":[38.913672,139.836621],"山居町1":[38.911219,139.836941],"栄町":[38.924454,139.839181],"千石町1":[38.90916,139.837083],"豊里":[38.946728,139.838011],"中町1":[38.91613,139.838719],"千石町2":[38.903612,139.839718],"酒井新田":[38.936388,139.840092],"北千日町":[38.935686,139.837265],"中央西町":[38.919254,139.837853],"南千日町":[38.927115,139.839714],"千日町":[38.93005,139.84128],"本町1":[38.913665,139.839949],"上本町":[38.912494,139.842682],"西野町":[38.941077,139.836527],"若原町":[38.897881,139.842257],"二番町":[38.915834,139.839676],"京田4":[38.873457,139.83954],"中央東町":[38.919428,139.839451],"御成町":[38.926813,139.841854],"両羽町":[38.896519,139.842562],"落野目":[38.873291,139.86999],"亀ケ崎4":[38.902657,139.84022],"亀ケ崎3":[38.902231,139.849638],"相生町2":[38.918138,139.8408],"京田1":[38.882651,139.838702],"亀ケ崎1":[38.910441,139.843713],"一番町":[38.916026,139.842068],"泉町":[38.929384,139.843001],"ゆたか1":[38.93509,139.841457],"相生町1":[38.917463,139.84308],"ゆたか2":[38.935894,139.845668],"新井田町":[38.914885,139.845371],"亀ケ崎2":[38.907351,139.844547],"幸町2":[38.924811,139.843087],"東泉町1":[38.927921,139.846122],"広栄町1":[38.86669,139.844745],"東中の口町":[38.910745,139.843938],"駅東1":[38.925568,139.844421],"亀ケ崎6":[38.898225,139.847307],"幸町1":[38.923784,139.845324],"東栄町":[38.916262,139.849108],"東両羽町":[38.895221,139.848036],"亀ケ崎5":[38.896583,139.854627],"東泉町5":[38.933322,139.853272],"浜田1":[38.918627,139.848185],"東泉町3":[38.931253,139.849761],"広栄町2":[38.862348,139.846294],"若浜町":[38.91176,139.847248],"亀ケ崎7":[38.896049,139.849248],"みずほ1":[38.904047,139.850631],"末広町":[38.910026,139.849067],"広栄町3":[38.864273,139.847155],"ゆたか3":[38.938461,139.8526],"駅東2":[38.922505,139.847645],"あきほ町":[38.891046,139.849189],"藤塚":[38.9537,139.850355],"東泉町2":[38.926774,139.853491],"浜田2":[38.921916,139.847643],"旭新町":[38.92513,139.852206],"大町":[38.903926,139.856238],"新橋3":[38.917035,139.851582],"松原南":[38.901313,139.854645],"緑町":[38.913607,139.853237],"東泉町4":[38.932265,139.854634],"みずほ2":[38.902083,139.855928],"大宮町2":[38.884225,139.857394],"東泉町6":[38.93808,139.853299],"新橋2":[38.91922,139.852983],"新橋4":[38.916423,139.855642],"東大町2":[38.907931,139.853387],"新橋1":[38.920459,139.853767],"北新橋1":[38.921819,139.858259],"東大町1":[38.912582,139.856428],"卸町":[38.886385,139.858877],"北新橋2":[38.925455,139.85874],"下安町":[38.927558,139.858434],"こがね町2":[38.897025,139.856973],"穂積":[38.971515,139.856022],"新橋5":[38.915931,139.857458],"大宮町1":[38.888588,139.856115],"吉田新田":[38.93576,139.861662],"こがね町1":[38.903672,139.856829],"東大町3":[38.905969,139.860717],"東町1":[38.909954,139.86368],"大宮町3":[38.885244,139.863079],"こあら3":[38.911963,139.863959],"こあら2":[38.913852,139.864475],"日の出町1":[38.918029,139.862247],"大宮":[38.897208,139.867015],"曙町1":[38.919654,139.862615],"富士見町1":[38.921712,139.858809],"板戸":[38.863741,139.861828],"大宮町4":[38.885794,139.864035],"富士見町2":[38.924513,139.864159],"上安町1":[38.926892,139.860392],"こあら1":[38.916397,139.863554],"上安町2":[38.927806,139.865221],"日の出町2":[38.917602,139.862531],"保岡":[38.948194,139.863933],"曙町2":[38.91943,139.865154],"富士見町3":[38.923725,139.86516],"四ツ興野":[38.905155,139.868206],"上安町3":[38.930023,139.867913],"字仁助谷地":[38.896034,139.865275],"大多新田":[38.916521,139.868508],"遊摺部":[38.882254,139.878799],"宮内":[38.982124,139.869338],"千代田":[38.998256,139.871599],"牧曽根":[38.934826,139.866991],"新堀":[38.873995,139.873414],"土崎":[38.911852,139.875159],"局":[38.851352,139.885288],"門田":[38.856706,139.879101],"木川":[38.860945,139.879588],"本楯":[38.967817,139.893302],"勝保関":[38.902595,139.887993],"庭田":[38.960436,139.882382],"大野新田":[38.898678,139.885566],"小牧":[38.89591,139.891273],"丸沼":[38.872181,139.895323],"茨野新田":[38.899653,139.903077],"寺田":[38.956963,139.934053],"法連寺":[38.962718,139.927563],"小泉":[38.970392,139.936809],"市条":[38.961537,139.935999],"北仁田":[38.972208,139.936386],"観音寺":[38.970934,139.942744],"麓":[38.97301,139.947484],"常禅寺":[38.968858,139.955984],"高砂":[38.944811,139.819404],"浜松町":[38.937424,139.81948],"漆曽根":[38.916645,139.864781],"東町2":[38.90626,139.861142],"飯森山3":[38.892662,139.817366]}