{"大字本合海":[38.738056,140.252287],"大字升形":[38.755634,140.265894],"大字福田":[38.744188,140.284432],"大字角沢":[38.733099,140.295846],"大字飛田":[38.759341,140.28355],"十日町":[38.785263,140.311154],"大字仁間":[38.743679,140.287732],"千門町":[38.76236,140.28572],"大字松本":[38.748476,140.304963],"城西町":[38.764112,140.290174],"五日町":[38.780508,140.318296],"新町":[38.760229,140.289101],"城南町":[38.764376,140.293143],"堀端町":[38.766766,140.294064],"桧町":[38.770232,140.292978],"宮内町":[38.760647,140.292577],"小田島町":[38.764937,140.29927],"石川町":[38.770157,140.295271],"栄町":[38.760146,140.296608],"大字鳥越":[38.748414,140.335341],"北町":[38.772562,140.298114],"下田町":[38.758518,140.297925],"沼田町":[38.771207,140.300531],"大手町":[38.768166,140.300686],"大町":[38.762653,140.300323],"鉄砲町":[38.757996,140.299236],"下金沢町":[38.755796,140.299776],"本町":[38.767635,140.302082],"若葉町":[38.759228,140.305827],"沖の町":[38.763792,140.304903],"万場町":[38.772998,140.301601],"中道町":[38.774239,140.301451],"住吉町":[38.766646,140.3044],"常葉町":[38.76966,140.303288],"末広町":[38.75753,140.306059],"上金沢町":[38.748345,140.307505],"多門町":[38.761991,140.305691],"金沢":[38.757493,140.317426],"大字泉田":[38.82003,140.324026],"東谷地田町":[38.758197,140.312298],"沼田":[38.773103,140.297909]}