{"高松":[38.139139,140.259927],"藤吾":[38.13022,140.271382],"新北浦":[38.132619,140.267931],"河崎3":[38.154728,140.266332],"河崎2":[38.154337,140.267664],"河崎1":[38.149101,140.266175],"松山2":[38.157846,140.269868],"三本松":[38.138445,140.272563],"関根":[38.130846,140.273815],"鶴脛町1":[38.160069,140.275415],"石崎2":[38.152928,140.272272],"久保手":[38.182109,140.277179],"石崎1":[38.152298,140.273586],"長清水1":[38.145135,140.275838],"沢丁":[38.155289,140.274962],"矢来1":[38.153018,140.276728],"十日町":[38.159138,140.279163],"二日町":[38.154744,140.274311],"矢来4":[38.148856,140.276867],"八日町":[38.155355,140.279155],"裏町":[38.175288,140.282899],"美咲町1":[38.156462,140.281936],"栄町2":[38.15677,140.281585],"朝日台1":[38.165655,140.281841],"金生西2":[38.143097,140.281192],"四ツ谷1":[38.165511,140.282494],"金生1":[38.152235,140.284644],"美咲町2":[38.15178,140.282199],"金生":[38.148298,140.288306],"金生西1":[38.145206,140.283524],"泉川":[38.16129,140.291174],"金生東1":[38.144534,140.285411],"旭町2":[38.163778,140.28845],"旭町3":[38.165759,140.290257],"仙石":[38.149761,140.288188],"四ツ谷2":[38.170825,140.288651],"金瓶":[38.176206,140.310521],"金谷":[38.171429,140.303633],"北町":[38.16993,140.279188],"権現堂":[38.168426,140.308046],"松山3":[38.157327,140.267918],"河崎":[38.154951,140.259512],"河崎4":[38.149568,140.264338],"葉山":[38.149135,140.260787],"長清水3":[38.141662,140.279591],"長清水2":[38.144987,140.27505],"石堂":[38.144937,140.278325],"松山1":[38.156706,140.271721],"新湯":[38.157369,140.27178],"矢来2":[38.151759,140.277184],"矢来3":[38.151091,140.274765],"栄町1":[38.158117,140.280395],"新丁":[38.160549,140.283064],"北町本丁":[38.160502,140.283929],"御井戸丁":[38.159624,140.278446],"軽井沢1":[38.16365,140.280153],"湯町":[38.160476,140.276059],"鶴脛町2":[38.159127,140.268691],"大石2":[38.174546,140.284591],"鶴脛町":[38.165861,140.279336],"軽井沢2":[38.163916,140.279707],"朝日台2":[38.169231,140.284085],"新町1":[38.161911,140.280557],"旭町1":[38.163726,140.285804],"新町2":[38.164908,140.28443],"北町1":[38.158835,140.282931],"北町2":[38.157426,140.282611],"金生東2":[38.14408,140.285355],"金生西3":[38.13762,140.282613],"宮脇":[38.137341,140.282532],"弁天2":[38.170809,140.293044],"弁天1":[38.167022,140.291789],"大石1":[38.17115,140.282545],"元城内":[38.158365,140.276772],"けやきの森":[38.143705,140.271016],"南町":[38.149682,140.275036],"東町":[38.153049,140.286705],"新金谷":[38.170369,140.305437],"高野":[38.161313,140.313379],"蔵王の森":[38.161962,140.304711],"永野":[38.164349,140.30275]}