{"大字尾花沢":[38.613382,140.420288],"大字朧気":[38.594976,140.405912],"上町4":[38.600623,140.399162],"上町6":[38.604012,140.400111],"朧気1":[38.595619,140.403454],"梺町2":[38.608,140.400077],"梺町1":[38.605267,140.399988],"上町5":[38.601113,140.402426],"大字五十沢":[38.587766,140.40174],"上町3":[38.59681,140.404181],"上町2":[38.600855,140.404932],"梺町3":[38.607602,140.403567],"中町":[38.606291,140.404996],"上町1":[38.602317,140.404373],"梺町4":[38.611968,140.404889],"横町1":[38.606832,140.405724],"若葉町1":[38.598722,140.406027],"北町1":[38.61008,140.409376],"新町中央":[38.606664,140.406217],"北町2":[38.611827,140.407169],"新町1":[38.602517,140.410437],"若葉町2":[38.600049,140.410229],"新町2":[38.605608,140.411595],"横町2":[38.607586,140.411001],"若葉町3":[38.600167,140.412745],"新町4":[38.607263,140.414678],"若葉町4":[38.599095,140.411695],"新町3":[38.598731,140.416941],"新町5":[38.607896,140.417959],"大字二藤袋":[38.602616,140.434193]}