{"羽付":[38.067717,140.115633],"和田":[38.063546,140.11146],"漆山":[38.069807,140.12282],"池黒":[38.069813,140.123257],"宮内":[38.085311,140.134642],"長瀞":[38.053304,140.128503],"西落合":[38.050689,140.131021],"中落合":[38.052741,140.134877],"萩生田":[38.053123,140.141449],"高梨":[38.045774,140.14202],"蒲生田":[38.053928,140.139811],"島貫":[38.046797,140.147022],"鍋田":[38.038718,140.14511],"郡山":[38.040672,140.151745],"若狭郷屋":[38.055164,140.145575],"金山":[38.087155,140.144781],"三間通":[38.048034,140.157482],"中ノ目":[38.038455,140.152652],"中央東":[38.057626,140.150159],"大橋":[38.028667,140.154967],"上野":[38.059163,140.155889],"爼柳":[38.03391,140.159952],"二色根":[38.052186,140.165271],"長岡":[38.03862,140.163753],"椚塚":[38.047701,140.157563],"赤湯":[38.054225,140.177127]}