{"大字根際":[38.28927,140.253855],"向ケ丘":[38.271598,140.246528],"大字要害":[38.274628,140.250325],"大字大寺":[38.304737,140.259931],"大字上沢":[38.277322,140.256546],"大字山辺":[38.291021,140.261371],"緑ケ丘2":[38.290413,140.258232],"緑ケ丘6":[38.289132,140.256713],"緑ケ丘3":[38.29111,140.257412],"大字北垣":[38.306445,140.25491],"緑ケ丘4":[38.292012,140.258153],"緑ケ丘1":[38.290574,140.259065],"緑ケ丘5":[38.290295,140.258986],"緑ケ丘":[38.289142,140.262288],"大字大塚":[38.277521,140.264206],"大字三河":[38.282772,140.273318],"近江":[38.28215,140.273787],"大字三河尻":[38.282609,140.275225],"元宮":[38.283076,140.25615],"宮の前":[38.28406,140.250458],"大字元木":[38.280151,140.257085]}