{"大字柳沢":[38.326852,140.24998],"大字土橋":[38.337614,140.254746],"大字岡":[38.348095,140.258695],"大字小塩":[38.349565,140.255102],"大字金沢":[38.31775,140.258995],"大字長崎":[38.340096,140.278169],"いずみ":[38.340066,140.277709],"あおば":[38.337363,140.285297],"大字達磨寺":[38.325105,140.287441],"大字向新田":[38.31642,140.286778]}