{"西里":[38.420025,140.276572],"谷地":[38.447155,140.337904],"字造山":[38.406257,140.294392],"字畑中":[38.409962,140.297857],"大字岩木":[38.455525,140.317067],"大字溝延":[38.393786,140.307188],"大字吉田":[38.442005,140.324924],"谷地中央5":[38.419914,140.308633],"谷地中央1":[38.421248,140.311763],"谷地所岡3":[38.432394,140.311938],"谷地所岡1":[38.42666,140.310654],"谷地中央4":[38.417522,140.311812],"谷地所岡2":[38.432044,140.314184],"谷地中央3":[38.418392,140.315845],"谷地中央2":[38.420078,140.315648],"谷地ひな市1":[38.42967,140.318323],"谷地荒町東1":[38.416687,140.320325],"谷地ひな市2":[38.431844,140.319255],"谷地ひな市4":[38.428397,140.320924],"大字新吉田":[38.452413,140.345082],"谷地ひな市3":[38.432476,140.321879],"谷地荒町東2":[38.422893,140.323022],"大字田井":[38.408396,140.328182]}