{"大字大井沢":[38.390793,139.994576],"大字月岡":[38.448819,140.055531],"大字志津":[38.475025,140.002296],"大字月山沢":[38.455648,140.009869],"大字砂子関":[38.455946,140.02299],"大字本道寺":[38.44632,140.066121],"大字水沢":[38.434875,140.105857],"大字入間":[38.433023,140.087007],"大字岩根沢":[38.435765,140.111786],"大字沼山":[38.426967,140.136188],"大字綱取":[38.436949,140.117382],"大字間沢":[38.433593,140.136462],"大字原":[38.424102,140.141063],"大字海味":[38.421342,140.163193],"大字吉川":[38.404244,140.204567],"大字睦合":[38.416336,140.195125]}