{"大字三中":[38.303964,140.136332],"大字宮宿":[38.304144,140.159614],"大字四ノ沢":[38.313653,140.163445],"大字新宿":[38.298144,140.155763],"大字大谷":[38.343995,140.171745],"大字和合":[38.329669,140.174635],"大字馬神":[38.344333,140.181824],"大字玉ノ井":[38.34227,140.182477]}