{"大字大石田":[38.589773,140.381661],"桂木町":[38.593229,140.367648],"緑町":[38.59493,140.372042],"四日町":[38.590752,140.369539],"大字横山":[38.582745,140.368508],"駅前通り":[38.59532,140.37464],"大字今宿":[38.580697,140.385426],"大字岩ケ袋":[38.602942,140.372864]}