{"大字飛森":[38.887669,140.327997],"大字金山":[38.89042,140.339251],"大字山崎":[38.863615,140.324283],"大字下野明":[38.86909,140.341506]}