{"大字木ノ下":[38.846524,140.245552],"大字大沢":[38.866951,140.236579],"大字内町":[38.8524,140.27874],"大字新町":[38.854378,140.270852],"大字川ノ内":[38.865699,140.260823],"大字平岡":[38.853839,140.284296]}