{"大字上小松":[38.008222,140.058669],"大字下小松":[38.030391,140.058037],"大字西大塚":[38.063668,140.069464],"大字下奥田":[37.990236,140.051885],"大字中小松":[38.016422,140.061115],"大字小松":[38.025,140.063501],"大字大塚":[38.03497,140.06151]}