{"大字小国小坂町":[38.059495,139.745532],"大字増岡":[38.069343,139.743647],"大字幸町":[38.067424,139.74238],"大字大宮":[38.073365,139.74341],"大字小国小坂町3":[38.06147,139.742582],"大字宮の台":[38.077116,139.74244],"大字西":[38.066706,139.746411],"大字小国小坂町1":[38.06031,139.744466],"大字小国小坂町2":[38.061358,139.744748],"大字湯花":[38.072297,139.746087],"大字北":[38.067773,139.752633],"大字小国町":[38.061252,139.75859],"大字栄町":[38.061339,139.749019],"大字兵庫舘1":[38.052778,139.752681],"大字岩井沢":[38.055531,139.763148],"大字緑町2":[38.058548,139.749715],"大字緑町1":[38.059117,139.749853],"大字緑町3":[38.057961,139.749751],"大字緑町5":[38.057159,139.748728],"大字緑町4":[38.056794,139.749736],"大字兵庫舘2":[38.054684,139.754524],"大字東原":[38.048641,139.756867],"大字兵庫舘3":[38.052416,139.75681],"大字町原":[38.046924,139.765638],"大字あけぼの2":[38.054004,139.757171],"大字あけぼの1":[38.058588,139.756226],"大字あけぼの3":[38.055966,139.759135]}