{"余目":[38.853984,139.915188],"跡":[38.859162,139.897659],"松陽1":[38.851955,139.895918],"松陽2":[38.85384,139.897365],"松陽3":[38.854024,139.89914],"払田":[38.837368,139.908616],"廿六木":[38.858181,139.914651],"常万":[38.839768,139.913324],"福原":[38.845988,139.922756],"余目新田":[38.833081,139.923861]}