{"比子":[39.005823,139.857408],"藤崎":[39.003726,139.870854],"吹浦":[39.071562,139.8767],"庄泉":[39.00361,139.871297],"菅里":[39.060748,139.886656],"北目":[39.057572,139.88916],"遊佐":[39.011572,139.918053],"小原田":[39.014781,139.928645],"吉出":[39.01773,139.939815],"野沢":[39.027902,139.909876]}