{"土湯温泉町":[37.682764,140.329731],"松川町水原":[37.650488,140.435655],"佐原":[37.73392,140.356229],"荒井":[37.715799,140.384947],"在庭坂":[37.759828,140.371606],"土船":[37.749219,140.385749],"町庭坂":[37.777645,140.390416],"桜本":[37.753691,140.395373],"上名倉":[37.733945,140.396707],"庄野":[37.743155,140.388178],"二子塚":[37.75242,140.390596],"大笹生":[37.796746,140.411486],"さくら3":[37.728136,140.387376],"荒井北3":[37.726213,140.387741],"荒井北2":[37.727548,140.390984],"上野寺":[37.759117,140.412952],"上鳥渡":[37.734619,140.416485],"笹木野":[37.767051,140.417794],"佐倉下":[37.738939,140.405521],"下野寺":[37.759201,140.426766],"笹谷":[37.797169,140.413354],"仁井田":[37.750309,140.436633],"飯坂町中野":[37.828044,140.431156],"下鳥渡":[37.731613,140.424741],"南沢又":[37.787234,140.447558],"成川":[37.739474,140.437541],"山田":[37.716688,140.433399],"北沢又":[37.787051,140.448744],"小田":[37.705388,140.439184],"飯坂町平野":[37.815428,140.425304],"八島田":[37.768576,140.431446],"大森":[37.738872,140.447627],"飯坂町":[37.813344,140.448805],"吉倉":[37.745638,140.449405],"西中央4":[37.759515,140.431153],"西中央5":[37.757323,140.427936],"西中央3":[37.76111,140.43149],"北中央3":[37.764741,140.430557],"北中央2":[37.764194,140.434871],"西中央1":[37.759007,140.434686],"西中央2":[37.760853,140.43476],"平石":[37.710577,140.462979],"北中央1":[37.763154,140.435107],"松川町":[37.659942,140.46508],"松川町関谷":[37.674211,140.452179],"南中央3":[37.758886,140.438712],"南中央2":[37.761,140.438816],"南中央4":[37.757221,140.440634],"東中央3":[37.76211,140.438184],"八木田":[37.748201,140.443129],"野田町":[37.765743,140.445775],"野田町6":[37.756453,140.447074],"飯坂町湯野":[37.844115,140.464249],"東中央2":[37.763814,140.439259],"南中央1":[37.760356,140.441333],"東中央1":[37.763438,140.442278],"森合":[37.765582,140.452114],"野田町7":[37.762069,140.443573],"泉":[37.777402,140.454804],"野田町4":[37.760962,140.453911],"南矢野目":[37.790827,140.464061],"永井川":[37.716939,140.452832],"野田町5":[37.760538,140.447634],"方木田":[37.744876,140.45356],"野田町2":[37.756214,140.451963],"野田町3":[37.760079,140.449186],"太平寺":[37.73076,140.459313],"松川町浅川":[37.687213,140.472262],"野田町1":[37.753849,140.451243],"須川町":[37.752627,140.452269],"太田町":[37.754724,140.457891],"三河南町":[37.756228,140.458014],"金谷川":[37.682875,140.454037],"伏拝":[37.716429,140.466431],"三河北町":[37.758539,140.454118],"御山":[37.774617,140.468919],"矢剣町":[37.747146,140.457956],"黒岩":[37.728081,140.470734],"北矢野目":[37.790437,140.460669],"曽根田町":[37.7613,140.458522],"郷野目":[37.737758,140.462627],"早稲町":[37.751362,140.463501],"森合町":[37.76593,140.464922],"沖高":[37.800223,140.467111],"清水町":[37.703634,140.464492],"五月町":[37.749029,140.463307],"栄町":[37.755763,140.458999],"南町":[37.742204,140.465027],"下飯坂":[37.812853,140.46936],"清明町":[37.747486,140.462199],"陣場町":[37.756937,140.462131],"置賜町":[37.755534,140.465575],"天神町":[37.76174,140.46245],"蓬莱町1":[37.701352,140.466786],"鳥谷野":[37.734113,140.471205],"松川町美郷3":[37.664513,140.465899],"柳町":[37.747118,140.464904],"蓬莱町2":[37.694298,140.470663],"松川町美郷2":[37.663615,140.465965],"荒町":[37.749124,140.46581],"御倉町":[37.746809,140.465465],"中町":[37.750088,140.465742],"本町":[37.752428,140.465638],"万世町":[37.758029,140.466125],"丸子":[37.783326,140.468805],"宮下町":[37.761559,140.46821],"御山町":[37.764974,140.468445],"大町":[37.754482,140.467649],"杉妻町":[37.750149,140.467503],"新町":[37.75549,140.468292],"松川町金沢":[37.683725,140.495443],"信夫山":[37.77292,140.476233],"渡利":[37.75503,140.495448],"上町":[37.752325,140.469504],"新浜町":[37.759,140.470025],"霞町":[37.765398,140.470826],"宮町":[37.757135,140.469667],"小倉寺":[37.726616,140.477239],"松川町美郷4":[37.664655,140.474228],"田沢":[37.71102,140.492067],"舟場町":[37.753383,140.473498],"北町":[37.754076,140.472485],"仲間町":[37.757037,140.473063],"光が丘":[37.691297,140.474451],"松木町":[37.758727,140.472333],"桜台":[37.710164,140.470549],"松川町美郷1":[37.659925,140.468901],"花園町":[37.762965,140.474039],"春日町":[37.76861,140.475426],"鎌田":[37.798561,140.478092],"蓬莱町4":[37.70027,140.472405],"山下町":[37.765238,140.473933],"蓬莱町5":[37.696941,140.480869],"宮代":[37.801182,140.486103],"蓬莱町6":[37.691351,140.481654],"蓬莱町3":[37.701198,140.481521],"飯坂町東湯野":[37.82343,140.482982],"豊田町":[37.755784,140.474369],"浜田町":[37.757062,140.475077],"五老内町":[37.760649,140.476349],"上浜町":[37.755983,140.478014],"北五老内町":[37.762628,140.477528],"旭町":[37.764438,140.478624],"五十辺":[37.781367,140.47471],"南向台1":[37.723513,140.476203],"松浪町":[37.767653,140.48059],"入江町":[37.771789,140.482236],"桜木町":[37.765556,140.482321],"腰浜町":[37.757343,140.484714],"南向台2":[37.721551,140.481794],"蓬莱町7":[37.689989,140.48284],"本内":[37.781862,140.482709],"松山町":[37.775381,140.484858],"東浜町":[37.766041,140.488464],"八島町":[37.769003,140.483681],"南向台3":[37.72444,140.485896],"蓬莱町8":[37.694005,140.489909],"松川町沼袋":[37.654886,140.48742],"堀河町":[37.765197,140.490252],"瀬上町":[37.798536,140.516664],"岡部":[37.768247,140.494575],"山口":[37.771101,140.522665],"岡島":[37.783477,140.502821],"さくら2":[37.728546,140.388008],"さくら1":[37.728808,140.391773],"大波":[37.757383,140.53084],"五十辺北原":[37.781766,140.471773]}