{"北会津町宮袋新田":[37.498501,139.84536],"北会津町十二所":[37.501435,139.847523],"北会津町本田":[37.503932,139.851963],"北会津町和泉":[37.524572,139.854744],"北会津町宮ノ下":[37.514297,139.853688],"北会津町出尻":[37.521431,139.854584],"北会津町宮袋":[37.487693,139.854815],"北会津町天満":[37.483228,139.85632],"北会津町舘":[37.517507,139.85544],"北会津町鷺林":[37.493756,139.85978],"北会津町安良田":[37.509337,139.85805],"北会津町麻生新田":[37.480596,139.860297],"北会津町田村山":[37.521727,139.861285],"北会津町下荒井":[37.509843,139.865427],"北会津町大島":[37.47498,139.865242],"北会津町石原":[37.511383,139.865935],"北会津町寺堀":[37.489789,139.863183],"北会津町西後庵":[37.468928,139.866278],"北会津町今和泉":[37.491974,139.867448],"北会津町真宮":[37.511436,139.876179],"北会津町金屋":[37.462362,139.875767],"北会津町西麻生":[37.479942,139.869119],"北会津町中里":[37.513525,139.868082],"北会津町白山":[37.511689,139.865944],"真宮新町北3":[37.527646,139.869415],"北会津町北後庵":[37.469609,139.865313],"北会津町古麻生":[37.47458,139.869616],"真宮新町北4":[37.527198,139.871088],"真宮新町北2":[37.522582,139.872322],"北会津町東麻生":[37.485714,139.873147],"北会津町下野":[37.458262,139.875005],"真宮新町南4":[37.52148,139.875408],"北会津町新在家":[37.472139,139.873724],"北会津町松野":[37.473332,139.87439],"北会津町中荒井":[37.49364,139.878333],"真宮新町北1":[37.527285,139.871922],"真宮新町南3":[37.517148,139.876142],"北会津町ほたるの森":[37.495575,139.874992],"真宮新町南2":[37.515833,139.878942],"神指町大字高久":[37.541391,139.87661],"北会津町蟹川":[37.504451,139.87801],"真宮新町南1":[37.511071,139.877787],"北会津町柏原":[37.47894,139.878696],"北会津町両堂":[37.474279,139.886025],"北会津町小松":[37.470069,139.885059],"北会津町下米塚":[37.484907,139.889874],"神指町大字北四合":[37.529812,139.886244],"神指町下神指":[37.526889,139.883099],"北会津町二日町":[37.499114,139.883138],"神指町横沼":[37.529771,139.885263],"北会津町東小松":[37.474395,139.892972],"高野町大字界沢":[37.541131,139.890761],"神指町小見":[37.504203,139.894823],"神指町大字中四合":[37.502525,139.896616],"北会津町上米塚":[37.472964,139.896448],"北会津町古舘":[37.476201,139.891594],"神指町高瀬":[37.516946,139.900147],"神指町大字南四合":[37.48466,139.90033],"北会津町水季の里":[37.476756,139.894331],"高野町大字柳川":[37.536141,139.891204],"北会津町三本松":[37.474003,139.896074],"河東町福島":[37.567314,139.90127],"河東町代田":[37.563042,139.904304],"神指町天満":[37.503851,139.90026],"神指町西城戸":[37.501561,139.902696],"門田町大字飯寺":[37.473759,139.9097],"町北町大字中沢":[37.512799,139.904167],"柳原町4":[37.4933,139.903422],"住吉町":[37.485338,139.90785],"高野町大字木流":[37.540987,139.913041],"神指町東城戸":[37.508983,139.906094],"幕内東町":[37.489276,139.905651],"神指町大字黒川":[37.504426,139.907532],"大戸町大字芦牧":[37.36417,139.917713],"柳原町1":[37.492085,139.905574],"高野町橋本木流":[37.542272,139.912609],"河東町谷沢":[37.553585,139.909398],"柳原町2":[37.494111,139.907662],"高野町大字中沼":[37.533704,139.917949],"高野町大字上高野":[37.524393,139.909306],"門田町大字一ノ堰":[37.463678,139.906884],"日吉町":[37.489434,139.907364],"門田町大字徳久":[37.473987,139.911057],"門田町工業団地":[37.47225,139.910369],"御旗町":[37.493928,139.90963],"材木町2":[37.485589,139.910049],"材木町1":[37.48807,139.914044],"桜町":[37.480777,139.909323],"門田町大字日吉":[37.478466,139.917188],"河東町岡田":[37.574759,139.918779],"河東町郡山":[37.554287,139.930155],"橋本2":[37.50392,139.91263],"町北町大字藤室":[37.508214,139.922523],"橋本1":[37.505505,139.913932],"門田町大字面川":[37.435917,139.92693],"河東町大田原":[37.565453,139.918767],"五月町":[37.500306,139.912563],"高野町平塚":[37.535687,139.920952],"緑町":[37.496103,139.914018],"インター西":[37.520453,139.917214],"大戸町下雨屋":[37.423275,139.920112],"大戸町石村":[37.431565,139.916087],"大戸町大字小谷":[37.368684,139.919282],"西七日町":[37.500981,139.917821],"八日町":[37.499751,139.917672],"対馬館町":[37.481745,139.914292],"城西町":[37.484449,139.918513],"川原町":[37.486994,139.91531],"町北町大字始":[37.521305,139.92596],"大戸町宮内":[37.416292,139.917616],"新横町":[37.492469,139.915553],"本町":[37.49505,139.916126],"河東町熊野堂":[37.563033,139.920639],"湯川町":[37.488253,139.919275],"館脇町":[37.483603,139.918934],"高野町上沼":[37.541101,139.918819],"大戸町上雨屋":[37.413413,139.922476],"日新町":[37.499134,139.917999],"南花畑":[37.48493,139.925786],"大戸町上小塩":[37.364584,139.918773],"金川町":[37.506512,139.92256],"七日町":[37.500569,139.919036],"米代2":[37.486702,139.922722],"門田町大字中野":[37.47176,139.923889],"門田町大字堤沢":[37.450688,139.926988],"西年貢1":[37.477742,139.924643],"館馬町":[37.47921,139.924614],"米代1":[37.488457,139.925863],"門田町大字御山":[37.462357,139.933951],"山鹿町":[37.489934,139.926048],"錦町":[37.481166,139.925437],"町北町大字上荒久田":[37.515386,139.925069],"西年貢2":[37.476525,139.924071],"城北町":[37.504729,139.926945],"西栄町":[37.49441,139.927405],"門田町大字年貢町":[37.471591,139.924434],"中町":[37.496191,139.92747],"町北町大字石堂":[37.508805,139.924942],"東年貢2":[37.473061,139.93036],"高野町中前田":[37.528392,139.932105],"石堂町":[37.505753,139.926834],"河東町広野":[37.568107,139.936484],"河東町倉橋":[37.531352,139.945795],"大町1":[37.501416,139.927332],"河東町広田":[37.550957,139.932765],"明和町":[37.47864,139.92709],"表町":[37.483009,139.929958],"東年貢1":[37.476077,139.926719],"南町":[37.484221,139.931442],"城南町":[37.486751,139.927184],"一箕町大字鶴賀":[37.519637,139.967317],"追手町":[37.489644,139.927624],"河東町金田":[37.535637,139.946369],"東栄町":[37.49424,139.933689],"古川町":[37.477293,139.926661],"大町2":[37.502796,139.928512],"駅前町":[37.506036,139.928911],"河東町南高野":[37.551294,139.931738],"栄町":[37.495975,139.93073],"中央1":[37.50043,139.930631],"中央2":[37.503077,139.932636],"馬場町":[37.499971,139.932622],"大戸町上三寄大豆田":[37.38981,139.934938],"門田町大字黒岩":[37.468035,139.946655],"一箕町大字亀賀":[37.51773,139.944087],"中央3":[37.506008,139.934749],"大戸町上三寄香塩":[37.395177,139.936551],"天神町":[37.482435,139.93258],"白虎町":[37.509881,139.938324],"町北町谷地":[37.520602,139.931678],"扇町":[37.511533,139.933948],"城東町":[37.486643,139.93751],"上町":[37.498885,139.935398],"城前":[37.49202,139.93564],"馬場本町":[37.501554,139.932672],"河東町東長原":[37.562775,139.94392],"宮町":[37.493969,139.940018],"大戸町大字上三寄":[37.392697,139.93369],"蚕養町":[37.503276,139.936479],"河東町浅山":[37.552612,139.940042],"行仁町":[37.498411,139.938933],"北青木":[37.480542,139.939901],"相生町":[37.502085,139.936849],"旭町":[37.500656,139.939163],"徒之町":[37.492656,139.934976],"建福寺前":[37.481348,139.940484],"千石町":[37.494205,139.944804],"山見町":[37.508425,139.944206],"宝町":[37.486064,139.940332],"滝沢町":[37.504675,139.940408],"花畑東":[37.498754,139.942814],"花春町":[37.490874,139.944695],"平安町":[37.501932,139.942198],"南千石町":[37.49254,139.943195],"一箕町大字八幡":[37.518682,139.973298],"北滝沢2":[37.512335,139.946845],"桧町":[37.4994,139.945984],"東千石1":[37.496413,139.947668],"八角町":[37.502952,139.942609],"東千石2":[37.499145,139.945975],"花見ケ丘2":[37.485332,139.946526],"一箕町大字松長":[37.52345,139.956185],"鶴賀町":[37.52111,139.948262],"湯川南":[37.485433,139.947654],"天寧寺町":[37.488724,139.94677],"慶山1":[37.492325,139.948018],"東千石3":[37.499315,139.948196],"居合町":[37.519464,139.949574],"一箕町大字八角":[37.504357,139.947099],"飯盛2":[37.500698,139.949462],"大塚2":[37.51588,139.94716],"飯盛3":[37.503812,139.948098],"和田1":[37.500475,139.95021],"中島町":[37.511572,139.949003],"堤町":[37.518486,139.952621],"北滝沢1":[37.513257,139.952506],"東山町大字石山":[37.489852,139.956955],"大塚1":[37.515408,139.95217],"慶山2":[37.492624,139.953587],"和田2":[37.498429,139.951856],"飯盛1":[37.502349,139.953258],"一箕町松長2":[37.533068,139.952013],"一箕町松長1":[37.532375,139.957662],"一箕町松長5":[37.528118,139.964833],"一箕町松長3":[37.527099,139.956258],"一箕町松長4":[37.527885,139.959993],"河東町八田":[37.539912,140.008771],"一箕町松長6":[37.525642,139.962589],"東山町大字湯本":[37.474551,139.963433],"一箕町大字金堀":[37.501532,139.972875],"湊町大字赤井":[37.508769,139.99509],"柳原町3":[37.496785,139.902249],"神指町高瀬新田":[37.517235,139.900199],"町北町中沢西":[37.513143,139.903704],"昭和町":[37.50344,139.934133],"花見ケ丘1":[37.48435,139.941061],"花見ケ丘3":[37.484181,139.945933],"幕内南町":[37.484491,139.903769],"飯寺北1":[37.484475,139.906799],"神指町大字南四合幕内南":[37.48354,139.907142],"門田町大字飯寺村西":[37.48383,139.908167],"門田町大字徳久竹之元":[37.471483,139.912268]}