{"三穂田町下守屋":[37.334877,140.243685],"逢瀬町多田野":[37.388945,140.282567],"熱海町高玉":[37.500834,140.280791],"熱海町熱海5":[37.48849,140.262415],"三穂田町山口":[37.365649,140.281388],"三穂田町富岡":[37.352884,140.279945],"逢瀬町河内":[37.429571,140.271658],"熱海町熱海4":[37.485697,140.265118],"熱海町安子島":[37.468969,140.287459],"熱海町熱海3":[37.478846,140.277064],"熱海町熱海1":[37.482632,140.277072],"熱海町熱海2":[37.479903,140.278041],"熱海町熱海6":[37.489291,140.277012],"熱海町長橋":[37.454073,140.287598],"三穂田町鍋山":[37.339698,140.295524],"逢瀬町夏出":[37.445909,140.270229],"熱海町玉川":[37.480968,140.306061],"三穂田町八幡":[37.362336,140.290966],"三穂田町大谷":[37.369017,140.290236],"片平町":[37.419143,140.320115],"三穂田町駒屋":[37.360886,140.309515],"大槻町":[37.404757,140.334085],"熱海町上伊豆島":[37.460597,140.302108],"待池台2":[37.449447,140.318279],"三穂田町野田":[37.341888,140.300796],"三穂田町駒屋2":[37.36494,140.300636],"待池台1":[37.443011,140.300165],"三穂田町川田1":[37.363549,140.309086],"安積町牛庭":[37.35124,140.3245],"三穂田町川田":[37.357905,140.314834],"熱海町下伊豆島":[37.443135,140.323484],"安積町牛庭6":[37.341849,140.325266],"安積町牛庭5":[37.347915,140.326324],"三穂田町川田3":[37.359855,140.322481],"御前南6":[37.386343,140.33128],"御前南5":[37.384902,140.326351],"三穂田町川田2":[37.362027,140.32316],"喜久田町":[37.433433,140.349738],"安積町牛庭4":[37.342914,140.332318],"安積町牛庭2":[37.347808,140.333246],"御前南4":[37.384219,140.326151],"喜久田町堀之内":[37.455826,140.341767],"静西2":[37.389686,140.32719],"安積町成田":[37.357431,140.332096],"静西1":[37.387375,140.328263],"御前南3":[37.381483,140.33048],"中野2":[37.391066,140.332793],"土瓜1":[37.401712,140.334351],"御前南2":[37.382007,140.334861],"堤3":[37.394935,140.331959],"土瓜2":[37.400751,140.329524],"安積町牛庭1":[37.350436,140.338677],"中野1":[37.393813,140.332992],"谷地本町":[37.388241,140.332841],"富田町":[37.428195,140.347083],"御前南1":[37.383158,140.335594],"安積町牛庭3":[37.346436,140.337458],"中ノ目1":[37.421285,140.334077],"静町":[37.389684,140.339333],"鳴神3":[37.394744,140.336877],"うねめ町":[37.413222,140.333694],"安積町荒井":[37.370022,140.349881],"堤2":[37.397606,140.337739],"堤1":[37.399402,140.341204],"柏山町":[37.400176,140.341393],"喜久田町前田沢":[37.463394,140.364083],"鳴神2":[37.393817,140.339715],"喜久田町卸1":[37.440234,140.343269],"鳴神1":[37.397633,140.340342],"希望ヶ丘":[37.410712,140.338917],"安積町吉田2":[37.34855,140.344737],"喜久田町卸2":[37.437388,140.343351],"安積町大森町":[37.344309,140.347213],"台新1":[37.394234,140.347173],"島2":[37.396329,140.349997],"台新2":[37.38989,140.342439],"島1":[37.399145,140.351807],"字亀田西":[37.401996,140.342082],"久留米6":[37.377175,140.346715],"亀田1":[37.401916,140.343093],"喜久田町卸3":[37.438047,140.346461],"亀田2":[37.405073,140.348727],"町東2":[37.418535,140.352203],"字上亀田":[37.410628,140.344571],"喜久田町坪沢1":[37.462691,140.348258],"喜久田町早稲原":[37.449948,140.357625],"喜久田町原1":[37.464428,140.348263],"町東3":[37.420717,140.346294],"安積町笹川":[37.351093,140.358828],"字下亀田":[37.411164,140.351189],"富久山町八山田":[37.42582,140.371354],"字小関谷地":[37.40709,140.349736],"久留米4":[37.380355,140.356592],"久留米5":[37.376108,140.349151],"喜久田町坪沢2":[37.462871,140.350123],"開成6":[37.386509,140.352894],"喜久田町原3":[37.468766,140.352996],"町東1":[37.421627,140.354693],"開成3":[37.397419,140.351918],"字桑野北町":[37.407424,140.349997],"字原中":[37.411332,140.351192],"桑野3":[37.40674,140.355434],"桑野4":[37.407412,140.350647],"桑野2":[37.402023,140.356263],"開成5":[37.389023,140.353243],"喜久田町坪沢3":[37.460108,140.352326],"桑野5":[37.410414,140.355841],"桑野1":[37.398877,140.353818],"喜久田町原2":[37.467007,140.354036],"新屋敷2":[37.418714,140.355795],"久留米3":[37.377387,140.356752],"安積町南長久保1":[37.358163,140.356331],"安積町南長久保2":[37.35228,140.360065],"成山町":[37.362994,140.364637],"喜久田町坪沢4":[37.465018,140.356997],"喜久田町前田沢1":[37.46834,140.355357],"安積町長久保2":[37.36253,140.357695],"開成2":[37.395586,140.360759],"開成4":[37.392366,140.356539],"不動前1":[37.420811,140.35751],"字五百渕西":[37.38498,140.356227],"字桑野清水台":[37.385407,140.355494],"新屋敷1":[37.417462,140.358712],"並木5":[37.414077,140.361229],"字菜根屋敷":[37.384131,140.356622],"並木4":[37.411511,140.357903],"並木3":[37.408618,140.360479],"久留米2":[37.376868,140.361105],"字五百渕山":[37.383966,140.358442],"朝日3":[37.407472,140.360804],"鶴見坦3":[37.392007,140.35952],"安積町長久保5":[37.352527,140.359203],"安積町長久保3":[37.355769,140.359362],"菜根5":[37.385443,140.359203],"菜根2":[37.3869,140.360875],"朝日2":[37.405343,140.35861],"安積町長久保1":[37.36222,140.36427],"朝日1":[37.402868,140.359971],"字台東":[37.383773,140.358714],"字山崎":[37.381719,140.360624],"日和田町":[37.443191,140.379278],"久留米1":[37.375818,140.364212],"備前舘2":[37.415741,140.361769],"名郷田2":[37.417787,140.362264],"安積4":[37.350922,140.366548],"喜久田町赤坂1":[37.463313,140.363277],"喜久田町赤坂2":[37.465492,140.363692],"鶴見坦1":[37.393823,140.362704],"並木1":[37.410989,140.367117],"並木2":[37.411848,140.367023],"菜根1":[37.387209,140.364337],"西ノ内2":[37.40551,140.362478],"開成1":[37.398121,140.359214],"安積3":[37.357529,140.367912],"備前舘1":[37.414943,140.364069],"鶴見坦2":[37.392248,140.368282],"緑町":[37.405217,140.366573],"菜根4":[37.386483,140.364756],"名郷田1":[37.416035,140.366322],"豊田町":[37.398069,140.363854],"安積2":[37.360711,140.369538],"安積1":[37.362792,140.370286],"字名倉":[37.372704,140.366052],"長者1":[37.399059,140.368661],"長者3":[37.401499,140.367147],"菜根3":[37.385007,140.369663],"字賀庄":[37.371033,140.370356],"長者2":[37.402293,140.371148],"西ノ内1":[37.406135,140.370147],"桜木2":[37.411224,140.368134],"深沢2":[37.389604,140.368188],"香久池2":[37.377551,140.373647],"笹川3":[37.355534,140.370335],"桃見台":[37.402776,140.371149],"麓山2":[37.396071,140.37162],"香久池1":[37.381,140.375906],"池ノ台":[37.391518,140.37399],"日和田町高倉":[37.461321,140.391042],"笹川2":[37.359055,140.373152],"七ッ池町":[37.382077,140.374114],"字城清水":[37.374798,140.372498],"笹川1":[37.362096,140.372596],"南2":[37.366238,140.371036],"字川向":[37.370068,140.370878],"八山田3":[37.431747,140.376254],"八山田2":[37.427594,140.3748],"深沢1":[37.387069,140.372501],"桜木1":[37.410052,140.37163],"富久山町久保田":[37.419728,140.37778],"細沼町":[37.39708,140.379281],"虎丸町":[37.399058,140.376037],"麓山1":[37.394559,140.373796],"神明町":[37.401301,140.378422],"八山田1":[37.424038,140.376904],"田村町徳定":[37.35925,140.38645],"咲田1":[37.404061,140.37373],"山根町":[37.386031,140.376929],"田村町御代田":[37.35193,140.375981],"南1":[37.373824,140.373888],"愛宕町":[37.388973,140.376811],"図景2":[37.377742,140.377563],"安積町日出山":[37.363162,140.387733],"安積町日出山3":[37.365442,140.376411],"若葉町":[37.407071,140.376993],"八山田4":[37.429765,140.381623],"八山田5":[37.4267,140.382425],"八山田6":[37.42367,140.382685],"堤下町":[37.392042,140.381404],"堂前町":[37.394374,140.377914],"字深田台":[37.369269,140.37555],"図景1":[37.385718,140.38044],"咲田2":[37.405788,140.378422],"八山田7":[37.422681,140.383635],"栄町":[37.389371,140.378244],"小原田5":[37.377391,140.378492],"安積町日出山1":[37.375843,140.382215],"小原田4":[37.380291,140.382457],"安積町日出山4":[37.370853,140.382964],"小原田1":[37.385713,140.381247],"清水台1":[37.397919,140.382369],"清水台2":[37.399581,140.38316],"赤木町":[37.403066,140.384229],"本町2":[37.390553,140.385196],"安積町日出山2":[37.375671,140.385358],"本町1":[37.393086,140.383603],"富久山町福原":[37.415526,140.408766],"中町":[37.396336,140.384303],"字八木橋":[37.37713,140.385331],"小原田3":[37.38048,140.383609],"大町1":[37.401589,140.386931],"小原田2":[37.382385,140.385779],"大町2":[37.40328,140.386862],"田村町正直":[37.343723,140.390281],"駅前1":[37.395007,140.386848],"田村町金屋":[37.359702,140.389417],"昭和1":[37.387816,140.390161],"駅前2":[37.398385,140.387785],"字八作内":[37.377,140.386458],"松木町":[37.389661,140.388898],"田村町山中":[37.336299,140.409465],"方八町1":[37.393138,140.388891],"方八町2":[37.392028,140.392573],"字東宿":[37.40313,140.390107],"字大名艮":[37.403645,140.389473],"昭和2":[37.384927,140.392577],"田村町大供":[37.33057,140.417951],"田村町守山":[37.328862,140.409168],"向河原町":[37.400492,140.393776],"字石塚":[37.380682,140.395132],"田村町上行合":[37.367468,140.398135],"谷島町":[37.39891,140.391098],"芳賀3":[37.38825,140.394874],"字古川":[37.386052,140.397512],"芳賀2":[37.38964,140.398716],"横塚1":[37.395195,140.399903],"芳賀1":[37.393386,140.395188],"日和田町梅沢":[37.461196,140.401298],"横塚3":[37.401886,140.40573],"字榧ノ木":[37.387192,140.396993],"田村町大善寺":[37.356388,140.403133],"田村町岩作":[37.327973,140.408669],"字大河原":[37.373871,140.401217],"字外河原":[37.376628,140.400462],"字道場":[37.38238,140.397233],"横塚2":[37.399334,140.401811],"石渕町":[37.387921,140.400668],