{"平中塩":[37.078535,140.892583],"平":[37.064791,140.890646],"自由ケ丘":[37.030307,140.890717],"平谷川瀬":[37.048346,140.890659],"明治団地":[37.043207,140.890997],"平上荒川":[37.039023,140.891105],"好間町川中子":[37.068278,140.890226],"常磐松久須根町":[37.014764,140.890386],"常磐上矢田町":[37.023588,140.889646],"四倉町駒込":[37.121125,140.910751],"若葉台2":[37.015738,140.897536],"平下荒川":[37.039969,140.899196],"若葉台1":[37.020442,140.899956],"平幕ノ内":[37.066019,140.897206],"石森2":[37.079892,140.89678],"石森1":[37.075181,140.898921],"郷ケ丘1":[37.02505,140.898491],"平鯨岡":[37.065561,140.9058],"鹿島町鹿島":[37.009712,140.902437],"平南白土":[37.049246,140.913897],"平南白土1":[37.044162,140.905573],"郷ケ丘2":[37.023918,140.90888],"平鎌田":[37.062843,140.909803],"平四ツ波":[37.082069,140.901704],"四倉町上柳生":[37.110226,140.906328],"中央台飯野2":[37.009363,140.911832],"中央台飯野1":[37.018646,140.90498],"平北白土":[37.054041,140.913537],"平南白土2":[37.045992,140.909353],"平中山":[37.030073,140.905584],"平上片寄":[37.081243,140.912972],"平大室":[37.073328,140.910746],"鹿島町下矢田":[37.0064,140.901521],"郷ケ丘3":[37.028542,140.913704],"四倉町八茎":[37.128868,140.914374],"中央台飯野3":[37.014735,140.91112],"四倉町下柳生":[37.105306,140.912987],"中央台飯野5":[37.018856,140.917251],"平吉野谷":[37.017823,140.914621],"平塩":[37.05716,140.919367],"郷ケ丘4":[37.028637,140.91432],"中央台飯野4":[37.01816,140.913267],"平上神谷":[37.073794,140.915994],"平中神谷":[37.066732,140.933883],"四倉町薬王寺":[37.116461,140.920724],"平小泉":[37.033786,140.923815],"平上高久":[37.026928,140.932127],"中央台高久1":[37.007758,140.922352],"平菅波":[37.048302,140.930024],"平山崎":[37.056166,140.936753],"四倉町山田小湊":[37.116335,140.926084],"平絹谷":[37.087104,140.935258],"中央台高久4":[37.01103,140.932456],"中央台高久2":[37.007348,140.927329],"四倉町玉山":[37.131313,140.922897],"平下山口":[37.022889,140.943157],"平下片寄":[37.082678,140.929352],"平北神谷":[37.095214,140.944474],"平上山口":[37.001323,140.944181],"平下神谷":[37.069724,140.940527],"四倉町長友":[37.103701,140.950673],"平泉崎":[37.07104,140.944199],"平荒田目":[37.054708,140.94936],"平馬目":[37.084155,140.942654],"平下高久":[37.036513,140.956593],"四倉町中島":[37.116083,140.951916],"平上大越":[37.049557,140.948938],"四倉町白岩":[37.125525,140.956504],"平下大越":[37.046021,140.954928],"四倉町大森":[37.089235,140.95623],"四倉町名木":[37.095462,140.954283],"四倉町戸田":[37.106509,140.969271],"平藤間":[37.037928,140.964264],"四倉町狐塚":[37.094311,140.960361],"平原高野":[37.074126,140.961886],"四倉町":[37.099058,140.986507],"四倉町細谷":[37.082586,140.96757],"平神谷作":[37.010843,140.960882],"平沼ノ内":[37.009072,140.953637],"大久町小山田":[37.136461,140.972008],"平沼ノ内諏訪原1":[37.020107,140.970826],"四倉町塩木":[37.093746,140.968216],"平沼ノ内諏訪原2":[37.015713,140.970862],"四倉町上仁井田":[37.094836,140.982852],"四倉町下仁井田":[37.083612,140.971914],"大久町大久":[37.153243,140.981422],"大久町小久":[37.131368,140.987131],"久之浜町久之浜":[37.140764,140.994483],"久之浜町西1":[37.146975,140.993381],"久之浜町田之網":[37.11731,140.997369],"久之浜町西2":[37.146346,140.994366],"久之浜町西3":[37.144622,140.99447],"久之浜町金ケ沢":[37.157839,140.999041],"平鶴ケ井":[37.015992,140.951105],"平水品":[37.106044,140.926596],"平赤井":[37.086376,140.867784],"内郷高野町":[37.037634,140.809362],"好間町北好間":[37.077617,140.828308],"好間町大利":[37.084772,140.812565],"内郷白水町":[37.027555,140.848377],"常磐藤原町":[37.004054,140.814097],"好間町上好間":[37.055496,140.823326],"常磐上湯長谷町":[37.002019,140.831559],"内郷宮町":[37.041299,140.83692],"小川町西小川":[37.104098,140.862967],"常磐湯本町":[37.011167,140.838518],"好間工業団地":[37.073827,140.863201],"好間町中好間":[37.05734,140.843702],"内郷内町":[37.035925,140.841605],"内郷高坂町2":[37.044489,140.848226],"内郷綴町":[37.021634,140.851381],"内郷高坂町":[37.045517,140.851954],"小川町高萩":[37.127177,140.862554],"内郷御台境町":[37.055627,140.858846],"内郷高坂町1":[37.046214,140.851565],"小川町塩田":[37.126863,140.853791],"平赤井比良1":[37.091803,140.854404],"平赤井比良2":[37.088049,140.857028],"小川町上小川":[37.13417,140.85941],"小川町上平":[37.129218,140.872754],"平赤井比良3":[37.088712,140.861142],"好間町小谷作":[37.066611,140.866876],"好間町下好間":[37.063057,140.873129],"常磐水野谷町":[37.008368,140.873098],"小川町下小川":[37.098392,140.868499],"平中平窪":[37.092699,140.89135],"小川町三島":[37.126109,140.862837],"内郷御厩町1":[37.044666,140.869442],"内郷御厩町":[37.046624,140.876294],"草木台2":[37.015832,140.870205],"草木台1":[37.022154,140.867882],"平上平窪":[37.102649,140.889828],"内郷御厩町2":[37.046789,140.871707],"小川町関場":[37.12045,140.872463],"草木台4":[37.017974,140.872894],"草木台3":[37.020697,140.872247],"内郷御厩町3":[37.048923,140.874033],"好間町愛谷":[37.074461,140.877937],"好間町今新田":[37.065916,140.873359],"内郷御厩町4":[37.050706,140.876393],"平下平窪":[37.090115,140.892159],"内郷小島町":[37.049911,140.878963],"平中平窪1":[37.085889,140.877527],"平中平窪2":[37.087237,140.879609],"平中平窪3":[37.085554,140.879819],"小島町1":[37.04881,140.881694],"平成2":[37.039811,140.881378],"平下平窪3":[37.077292,140.884669],"平下平窪2":[37.076298,140.884863],"平下平窪1":[37.075156,140.883549],"小島町2":[37.048816,140.884602],"平成1":[37.040559,140.883187],"小島町3":[37.048929,140.88509],"平谷川瀬1":[37.047197,140.888089],"草木台5":[37.019585,140.874456],"山田町":[36.94723,140.757846],"江畑町":[36.938254,140.793637],"高倉町":[36.9391,140.786003],"渡辺町上釜戸":[36.970972,140.802071],"渡辺町松小屋":[36.946115,140.815863],"渡辺町中釜戸":[36.9648,140.805713],"添野町":[36.94161,140.822682],"渡辺町田部":[36.957428,140.832391],"渡辺町昼野":[36.969301,140.834048],"常磐白鳥町":[36.992322,140.836867],"渡辺町泉田":[36.971733,140.848773],"渡辺町洞":[36.958383,140.84052],"桜ケ丘3":[36.993129,140.839341],"桜ケ丘1":[36.991621,140.839082],"泉町":[36.944619,140.839364],"桜ケ丘4":[36.993322,140.841927],"桜ケ丘2":[36.99266,140.843119],"常磐松が台":[37.004604,140.841374],"泉もえぎ台3":[36.948991,140.843462],"中部工業団地":[36.968321,140.843519],"常磐下湯長谷町":[36.988646,140.85048],"泉玉露7":[36.954853,140.847626],"泉もえぎ台2":[36.949928,140.844074],"泉玉露6":[36.958578,140.847366],"泉もえぎ台1":[36.945638,140.844921],"常磐西郷町":[36.987393,140.852741],"泉玉露2":[36.955638,140.851915],"泉玉露5":[36.960394,140.848847],"常磐関船町":[37.000238,140.850226],"泉玉露4":[36.958654,140.850871],"泉町玉露":[36.961236,140.857492],"泉町2":[36.954212,140.850497],"泉ケ丘1":[36.964534,140.860783],"泉ケ丘2":[36.961832,140.859583],"泉町下川":[36.941836,140.856912],"常磐長孫町":[36.975858,140.85224],"泉町4":[36.952297,140.854393],"泉町5":[36.948137,140.852779],"泉玉露3":[36.958396,140.855065],"泉町6":[36.946417,140.857383],"泉玉露1":[36.956633,140.856051],"泉ケ丘3":[36.968894,140.858488],"常磐下湯長谷町3":[36.989484,140.859143],"常磐下湯長谷町1":[36.991636,140.858749],"泉町3":[36.951786,140.858421],"泉町1":[36.953151,140.858481],"常磐下湯長谷町2":[36.990673,140.858466],"泉町滝尻":[36.951336,140.873939],"泉町本谷":[36.964124,140.862667],"常磐馬玉町":[36.972815,140.864955],"常磐下船尾町":[36.990678,140.879858],"常磐岩ケ岡町":[36.980478,140.863084],"葉山1":[36.966634,140.865692],"小名浜島":[36.975575,140.875729],"葉山2":[36.966566,140.867685],"葉山3":[36.96259,140.864737],"小名浜":[36.94223,140.901259],"小名浜野田":[36.986214,140.877841],"小名浜南富岡":[36.960806,140.876566],"常磐三沢町":[37.00569,140.882973],"小名浜住吉":[36.973191,140.883833],"小名浜大原":[36.967086,140.895236],"小名浜玉川町":[36.984857,140.879776],"小名浜岩出":[36.987436,140.885722],"小名浜林城":[36.979805,140.891627],"小名浜相子島":[36.976144,140.893565],"小名浜西君ヶ塚町":[36.957368,140.892841],"小名浜愛宕上":[36.953082,140.893141],"小名浜愛宕町":[36.950998,140.892809],"小名浜金成":[36.989879,140.894465],"鹿島町御代":[36.981907,140.899922],"小名浜岡小名":[36.966397,140.905347],"小名浜西町":[36.950531,140.901419],"小名浜寺廻町":[36.951034,140.901493],"小名浜君ヶ塚町":[36.958524,140.903323],"小名浜南君ヶ塚町":[36.957468,140.902491],"小名浜中町境":[36.954996,140.901752],"鹿島町飯田":[36.990212,140.898593],"鹿島町船戸":[36.985629,140.903363],"鹿島町米田":[36.995126,140.903332],"鹿島町久保3":[36.986393,140.900005],"小名浜花畑町":[36.957635,140.905265],"鹿島町久保2":[36.989548,140.902709],"鹿島町久保":[36.985606,140.899692],"鹿島町久保1":[36.992272,140.906325],"小名浜岡小名2":[36.958525,140.908292],"小名浜岡小名3":[36.962838,140.908283],"鹿島町走熊":[36.994785,140.913043],"小名浜諏訪町":[36.956178,140.909019],"小名浜岡小名1":[36.957447,140.908738],"小名浜岡小名4":[36.963877,140.911197],"小名浜上神白":[36.9665,140.9193],"鹿島町下蔵持":[36.995317,140.923684],"湘南台1":[36.957157,140.913114],"中央台鹿島1":[37.00778,140.914656],"湘南台2":[36.957235,140.914682],"小名浜港ヶ丘":[36.945528,140.917751],"小名浜下神白":[36.941953,140.916759],"中央台鹿島3":[37.006777,140.925123],"中央台鹿島2":[37.000024,140.925478],"鹿島町上蔵持":[36.989913,140.932449],"永崎":[36.959941,140.937639],"中央台高久3":[37.003946,140.934247],"洋向台4":[36.963566,140.930953],"洋向台2":[36.966769,140.935343],