{"舘ケ岡":[37.324781,140.310726],"仁井田":[37.333591,140.347878],"大桑原":[37.298614,140.318892],"袋田":[37.30706,140.323233],"越久":[37.318761,140.329662],"吉美根":[37.302926,140.330742],"松塚":[37.270324,140.32995],"稲":[37.278781,140.332296],"西川":[37.299863,140.366968],"岩渕":[37.268971,140.329796],"季の郷":[37.342075,140.338959],"横山町":[37.285427,140.342313],"向陽町":[37.339659,140.351098],"森宿":[37.31703,140.375536],"影沼町":[37.286596,140.356496],"芹沢町":[37.278567,140.354323],"牛袋町":[37.291756,140.356074],"日向町":[37.295353,140.356676],"新町":[37.293658,140.354939],"西田町":[37.298413,140.354789],"大袋町":[37.284071,140.360532],"堀底町":[37.289515,140.358393],"卸町":[37.29327,140.358969],"西の内町":[37.296406,140.359193],"五月雨":[37.280744,140.360438],"西川町":[37.294486,140.361276],"岩崎":[37.288741,140.364422],"坂の上町":[37.298481,140.36186],"茶畑町":[37.288873,140.363296],"一里坦":[37.277155,140.36506],"岡東町":[37.296482,140.363895],"岩作":[37.278635,140.365792],"滑川":[37.320626,140.370424],"八幡山":[37.288067,140.365249],"高久田境":[37.273352,140.369379],"陣場町":[37.299413,140.366607],"稲荷町":[37.282556,140.369495],"館取町":[37.296333,140.368449],"丸田町":[37.289074,140.364474],"並木町":[37.276686,140.371438],"大黒町":[37.287667,140.367267],"池下":[37.303649,140.367549],"宮の杜":[37.323021,140.364802],"山寺道":[37.300867,140.366649],"池ノ下町":[37.303566,140.368539],"台":[37.298202,140.369149],"長禄町":[37.295255,140.371198],"弘法坦":[37.292281,140.372339],"上人坦":[37.300957,140.375168],"岩瀬森":[37.302615,140.372494],"南町":[37.281119,140.375277],"大町":[37.284828,140.376603],"広表":[37.274149,140.371833],"中山":[37.300624,140.371543],"八幡町":[37.287086,140.374128],"前田川":[37.263302,140.384254],"栄町":[37.296055,140.372422],"加治町":[37.289085,140.374553],"千日堂":[37.276127,140.374228],"諏訪町":[37.290064,140.374665],"塚田":[37.296504,140.374317],"北町":[37.296076,140.375052],"上北町":[37.292302,140.378087],"下宿町":[37.309652,140.374933],"本町":[37.285248,140.375891],"中宿":[37.297259,140.375313],"六軒":[37.274182,140.375867],"中町":[37.288985,140.37616],"下宿前":[37.305091,140.376208],"宮先町":[37.289587,140.374861],"古屋敷":[37.295421,140.380556],"和田":[37.268122,140.379349],"馬町":[37.285052,140.376596],"東町":[37.28719,140.377581],"寺田":[37.280915,140.379297],"江持":[37.322814,140.387182],"前川":[37.295219,140.382525],"池上町":[37.288451,140.380034],"旭町":[37.286686,140.377614],"守谷舘":[37.293474,140.376819],"崩免":[37.303015,140.378505],"境免":[37.304808,140.376905],"桜岡":[37.281084,140.380515],"新田":[37.273724,140.383353],"仲の町":[37.296296,140.38505],"中曽根":[37.299976,140.383727],"妙見":[37.285943,140.383029],"東作":[37.277297,140.385091],"あおば町":[37.316527,140.381719],"栗谷沢":[37.287141,140.38628],"愛宕山":[37.290967,140.382402],"芦田塚":[37.293272,140.388731],"南上町":[37.283665,140.387653],"前田川扇町":[37.251842,140.383651],"北上町":[37.285215,140.386844],"花岡":[37.274813,140.387156],"古河":[37.297612,140.387269],"六郎兵衛":[37.293216,140.389609],"朝日田":[37.280999,140.391129],"緑町":[37.288908,140.386531],"和田道":[37.283763,140.390149],"古舘":[37.297579,140.389576],"牡丹園":[37.273162,140.392812],"浜尾":[37.295415,140.392238],"堤":[37.309196,140.410249],"市野関":[37.265355,140.407153],"小作田":[37.269628,140.409762],"田中":[37.252804,140.412679],"日照田":[37.254982,140.421715],"下小山田":[37.276897,140.423898],"雨田":[37.266178,140.416115],"柳山":[37.301491,140.3797]}