{"岳温泉深堀":[37.601455,140.354823],"木ノ根坂":[37.639274,140.361415],"不動平":[37.639074,140.35493],"岳温泉3":[37.603769,140.353663],"馬場平":[37.582384,140.343205],"岳温泉大和":[37.596716,140.361787],"大関":[37.621579,140.360332],"岳温泉4":[37.616798,140.349567],"小関":[37.590438,140.348917],"苗松":[37.563552,140.359703],"岳温泉1":[37.603509,140.359968],"岳温泉横森":[37.584576,140.366925],"岳温泉2":[37.599558,140.360795],"雄平台":[37.573592,140.358797],"栄町":[37.625716,140.369833],"岳東町":[37.620225,140.365342],"原セ山口":[37.57865,140.380842],"立石":[37.594806,140.373155],"箕輪2":[37.566845,140.383718],"休石原":[37.638568,140.371752],"萩坂":[37.609004,140.374194],"大根畑":[37.631834,140.375327],"三雄山":[37.570075,140.370557],"原セ上平":[37.576319,140.38004],"原セ才木":[37.589053,140.381294],"箕輪3":[37.570837,140.375527],"上葉木坂":[37.617769,140.3745],"上新田":[37.616007,140.386299],"毘沙門堂":[37.594862,140.385284],"前原":[37.606007,140.384054],"箕輪1":[37.567879,140.389828],"原セ笠張":[37.571767,140.389847],"原セ仲谷地":[37.582238,140.381849],"原セ天ヶ作":[37.584253,140.387734],"休石":[37.626372,140.388765],"板目沢":[37.616694,140.395093],"毘沙門堂山":[37.602382,140.384996],"原セ川原":[37.59446,140.382039],"永田6":[37.602381,140.396387],"原セ日照田":[37.583699,140.396083],"原セ堰下":[37.589495,140.390817],"永田5":[37.599815,140.399228],"原セ大畑":[37.58038,140.393135],"永田4":[37.592693,140.39408],"二又":[37.631947,140.396826],"笹屋":[37.626469,140.400882],"舘野原":[37.564424,140.392751],"原セ上ノ内":[37.568879,140.392189],"新田":[37.610783,140.393481],"大森沢":[37.608735,140.397773],"原セ諏訪":[37.574489,140.400928],"永田2":[37.59222,140.405879],"二伊滝3":[37.611199,140.405428],"高平":[37.585949,140.404701],"舘野4":[37.561646,140.397845],"舘野3":[37.563009,140.400939],"舘野2":[37.56839,140.401741],"杉田町1":[37.562583,140.413306],"大作":[37.575872,140.410186],"山田":[37.576184,140.403526],"永田積内":[37.597201,140.405234],"永田御堂内":[37.599028,140.405274],"住吉":[37.55474,140.406636],"古家":[37.623735,140.408681],"長命":[37.559878,140.408434],"永田3":[37.589022,140.401123],"高越屋戸":[37.5824,140.409052],"硯石":[37.585257,140.409003],"舘野1":[37.565084,140.404864],"永田才木":[37.597084,140.406173],"中山田":[37.579827,140.403989],"杉田町2":[37.565455,140.414384],"永田馬保内":[37.597611,140.41191],"永田1":[37.591475,140.406654],"西町":[37.557767,140.412678],"薬師":[37.551446,140.412053],"永田鍛治内":[37.593526,140.408285],"杉田町3":[37.571483,140.415675],"下山田":[37.574759,140.412041],"隠里":[37.547492,140.416203],"二伊滝2":[37.604498,140.422738],"鉄扇町":[37.627702,140.418486],"上平内":[37.555988,140.415297],"成田町1":[37.589296,140.422175],"在師":[37.543002,140.415653],"東町":[37.55941,140.413416],"中江":[37.560886,140.417372],"藤之前":[37.576936,140.413034],"成上":[37.556399,140.418798],"三保内":[37.586809,140.417742],"姫子松":[37.560022,140.42042],"伊佐沼町1":[37.610364,140.421075],"大沢":[37.548506,140.416831],"新座":[37.57496,140.418382],"大平山":[37.57244,140.41741],"社前":[37.565898,140.420018],"正法寺町":[37.582759,140.41679],"郡山台":[37.556004,140.42103],"杉田駄子内":[37.566824,140.423635],"塩沢町2":[37.615217,140.419901],"成田町2":[37.595665,140.419694],"藤太郎内":[37.585595,140.418796],"槻木":[37.574943,140.418947],"成田日向":[37.586422,140.418666],"二伊滝1":[37.601157,140.424479],"向陽台":[37.557487,140.42293],"東裏":[37.580494,140.423126],"長者宮":[37.560417,140.423745],"西池":[37.574057,140.423484],"大壇":[37.586813,140.421271],"中ノ目":[37.62202,140.419153],"中里":[37.578365,140.42523],"向原":[37.583643,140.428865],"片岸":[37.565993,140.423528],"上原":[37.62382,140.42347],"塩沢町1":[37.61437,140.428509],"若宮2":[37.588533,140.423431],"七ツ段":[37.555952,140.427155],"羽石":[37.583238,140.430089],"郭内3":[37.598066,140.434224],"郭内4":[37.605945,140.424355],"若宮1":[37.593083,140.430226],"原田":[37.579511,140.426888],"反返":[37.566711,140.427869],"諏訪原":[37.562511,140.43333],"細野":[37.606803,140.42797],"十神":[37.552322,140.429116],"遠西":[37.57052,140.433519],"借宿":[37.560481,140.43155],"高西":[37.575365,140.431697],"金色":[37.586454,140.433844],"末広町":[37.620541,140.43787],"岩崎":[37.564425,140.432218],"松岡":[37.594142,140.43354],"唐谷山":[37.57225,140.43264],"袋内":[37.569938,140.431306],"金色久保":[37.58329,140.430427],"杉田仲之内":[37.558765,140.433954],"表2":[37.60613,140.437691],"本町2":[37.590957,140.43988],"下ノ内":[37.576013,140.434301],"不動":[37.577591,140.432496],"木藤次郎内":[37.582383,140.438162],"本町1":[37.593343,140.436311],"市海道":[37.588609,140.436285],"郭内1":[37.595171,140.434937],"舟形石":[37.57191,140.434994],"前田":[37.562941,140.439193],"八万舘":[37.577765,140.440051],"郭内2":[37.602106,140.443446],"三原町":[37.625499,140.447902],"油井":[37.614219,140.432649],"落合":[37.561691,140.435994],"舟形石山":[37.573525,140.432978],"表1":[37.602685,140.443475],"下平":[37.578216,140.439729],"茶園1":[37.588056,140.440049],"亀谷1":[37.591389,140.442575],"関":[37.573066,140.440139],"作田":[37.586632,140.443653],"坦子内":[37.630163,140.44479],"渋川":[37.612764,140.475287],"南トロミ":[37.563126,140.444569],"茶園2":[37.587653,140.44257],"北トロミ":[37.573625,140.448307],"竹田1":[37.599902,140.445743],"亀谷2":[37.594817,140.445679],"竹田2":[37.601976,140.443662],"平石高田4":[37.578277,140.446949],"榎戸1":[37.593749,140.446406],"冠木":[37.585316,140.446432],"高田":[37.582157,140.44767],"上竹1":[37.587015,140.450886],"根崎1":[37.598703,140.446148],"赤井沢":[37.566576,140.453176],"幸町":[37.628049,140.452716],"根崎2":[37.599985,140.446547],"上竹2":[37.586267,140.453459],"平石高田3":[37.573476,140.455088],"平石高田2":[37.575384,140.460702],"智恵子の森4":[37.598752,140.45434],"平石高田1":[37.58541,140.456695],"榎戸2":[37.592493,140.458112],"智恵子の森5":[37.597799,140.454656],"智恵子の森1":[37.601219,140.456688],"智恵子の森2":[37.599582,140.456817],"智恵子の森3":[37.598772,140.457038],"吉倉":[37.64485,140.460956],"諸越谷":[37.584524,140.461575],"沖2":[37.57301,140.46367],"木ノ崎":[37.578366,140.470507],"米沢":[37.643225,140.472255],"三合内":[37.583814,140.466894],"島ノ内":[37.580875,140.469698],"西光内":[37.586695,140.472088],"丑子内":[37.586673,140.471353],"上川崎":[37.609675,140.475218],"矢ノ戸":[37.595029,140.477255],"石畑":[37.593492,140.4786],"小沢":[37.630923,140.491353],"下川崎":[37.634273,140.484847],"西勝田":[37.559181,140.490295],"小浜":[37.543156,140.503293],"下長折":[37.574837,140.502225],"上長折":[37.566851,140.515247],"菅田":[37.551648,140.430516],"向作田":[37.5828,140.443323],"鐙摺石":[37.580594,140.44282],"湯川町":[37.620692,140.416283],"沢松倉":[37.642315,140.368403],"宮沢":[37.636083,140.390313],"伊佐沼町2":[37.616568,140.409855],"井戸神":[37.581951,140.413465],"宮戸":[37.575468,140.441006],"成田":[37.542755,140.501581],"八坂町":[37.556268,140.485299],"鈴石東町3":[37.551622,140.492388],"遠山":[37.559202,140.488037],"水上":[37.581757,140.500165],"大久保2":[37.539271,140.487264],"初森":[37.524771,140.505751],"安達ヶ原3":[37.592036,140.461573],"安達ヶ原2":[37.585365,140.45773],"安達ヶ原1":[37.584699,140.459833],"安達ヶ原4":[37.597844,140.464343],"安達ヶ原5":[37.593466,140.466095],"安達ヶ原7":[37.599188,140.469896],"安達ヶ原6":[37.592315,140.471299],"高越松ヶ作":[37.583333,140.416473],"大石ヶ作":[37.573007,140.368476]}