{"船引町要田":[37.450941,140.525383],"船引町芦沢":[37.422624,140.518984],"船引町春山":[37.439909,140.522268],"船引町光陽台":[37.43209,140.532483],"船引町笹山":[37.463959,140.54462],"船引町文珠":[37.448375,140.56327],"船引町石森":[37.450883,140.564178],"船引町船引":[37.448927,140.566291],"船引町北鹿又":[37.463394,140.570056],"船引町東部台2":[37.445155,140.581937],"船引町東部台1":[37.44079,140.580134],"船引町東部台6":[37.436057,140.585567],"船引町東部台3":[37.445395,140.582557],"船引町東部台5":[37.436086,140.588971],"船引町東部台4":[37.436302,140.58946],"大越町牧野":[37.37098,140.597958],"船引町今泉":[37.430247,140.599269],"大越町栗出":[37.363401,140.615444],"大越町下大越":[37.400349,140.629276],"常葉町西向":[37.438945,140.624047],"船引町椚山":[37.411401,140.60828],"常葉町常葉":[37.439644,140.638829],"大越町上大越":[37.374019,140.65051],"常葉町久保":[37.446039,140.628381],"滝根町菅谷":[37.346152,140.668635],"滝根町広瀬":[37.316203,140.666508],"常葉町新田作":[37.446672,140.647835],"滝根町神俣":[37.340506,140.696317],"船引町永谷":[37.41966,140.567279],"常葉町鹿山":[37.451531,140.61681]}