{"扇田":[37.820139,140.493446],"柏木町":[37.824884,140.491235],"鶴巻":[37.823721,140.491088],"諏訪野2":[37.816429,140.49209],"一本松":[37.813856,140.491589],"中志和田":[37.818319,140.491533],"諏訪前":[37.812198,140.494691],"野崎":[37.827155,140.494804],"諏訪野3":[37.814712,140.496383],"諏訪野1":[37.815807,140.496961],"諏訪西":[37.813784,140.494174],"沓形":[37.822517,140.496872],"川原町":[37.811693,140.495916],"根岸":[37.820805,140.494768],"細谷":[37.825428,140.494872],"干供田":[37.823201,140.494659],"久根妻":[37.819177,140.4947],"下志和田":[37.817088,140.498353],"菅田":[37.813929,140.496429],"舘ノ内":[37.820412,140.49755],"沢田":[37.823414,140.498704],"長川原":[37.811383,140.49607],"新町":[37.815676,140.497339],"南堀":[37.818095,140.500532],"屋敷間":[37.816381,140.498155],"北後":[37.8223,140.497622],"高田":[37.825958,140.498921],"田町":[37.81761,140.500883],"姥川":[37.814866,140.499678],"篭田":[37.824491,140.500187],"本町":[37.818083,140.501108],"上台":[37.826763,140.501162],"馬場口":[37.823703,140.500004],"片町":[37.820039,140.501626],"鍛治屋川":[37.816279,140.502466],"柳内":[37.826088,140.502312],"長岡":[37.817706,140.502066],"右城":[37.820394,140.503796],"中畑":[37.821999,140.504204],"瀬戸場":[37.827278,140.501069],"北畑":[37.82239,140.504525],"宮前":[37.818536,140.506124],"荒町":[37.813908,140.504787],"岡前":[37.819653,140.505583],"坂ノ上":[37.816512,140.502898],"鶴田":[37.826419,140.505182],"広前":[37.819644,140.50497],"雪車町":[37.818337,140.505378],"塚畑":[37.814819,140.506],"堀切端":[37.828089,140.507892],"前川原":[37.81965,140.508363],"川原田":[37.816011,140.506277],"原島":[37.823216,140.510489],"一本木":[37.825147,140.509649],"堂ノ内":[37.826294,140.509177],"梨子木町":[37.818488,140.507067],"水抜":[37.816614,140.50697],"箱崎":[37.81606,140.51783],"岡沼":[37.826144,140.511364],"伏黒":[37.826679,140.521382],"下川原":[37.828112,140.514215],"保原町上保原":[37.808206,140.524596],"保原町大柳":[37.797879,140.5456],"保原町":[37.819783,140.562029],"保原町所沢":[37.796478,140.560982],"保原町富沢":[37.789516,140.560082],"保原町中瀬":[37.847529,140.566176],"保原町大泉":[37.819983,140.561519],"保原町大立目":[37.835792,140.568399],"梁川町向川原":[37.846313,140.571454],"保原町柱田":[37.795548,140.571999],"保原町二井田":[37.828872,140.58214],"保原町みずほ":[37.824324,140.569763],"霊山町下小国":[37.765936,140.585527],"梁川町二野袋":[37.854248,140.580222],"梁川町柳田":[37.840416,140.582646],"梁川町粟野":[37.8483,140.575696],"保原町金原田":[37.815859,140.587302],"霊山町掛田":[37.78182,140.586038],"梁川町やながわ工業団地":[37.860608,140.593159],"梁川町新田":[37.833674,140.603186],"梁川町細谷":[37.822282,140.589565],"梁川町":[37.849292,140.607498],"梁川町東大枝":[37.874587,140.599277],"梁川町陽光台":[37.836688,140.595806],"霊山町山野川":[37.79934,140.601038],"梁川町青葉町":[37.846798,140.603204],"梁川町幸町":[37.851849,140.601979],"梁川町広瀬町":[37.850416,140.604451],"梁川町桜町":[37.847842,140.605536],"梁川町五十沢":[37.885016,140.623206],"梁川町大関":[37.83061,140.60568],"霊山町中川":[37.793469,140.60839],"梁川町八幡":[37.858828,140.630617],"梁川町舟生":[37.866691,140.631051],"梁川町山舟生":[37.872833,140.644742],"長町":[37.826845,140.496996],"根田":[37.825821,140.495672],"坂ノ下":[37.815145,140.502348],"姥ケ懐":[37.814714,140.501573],"一本杉":[37.813965,140.505428],"中道":[37.819027,140.491182],"六角":[37.825557,140.499015],"上志和田":[37.81756,140.490396],"志和田前":[37.815889,140.490794],"前田":[37.814901,140.489897],"梁川町希望ケ丘":[37.86263,140.614563]}