{"岩根":[37.483114,140.343586],"青田":[37.500641,140.388305],"関下":[37.478818,140.369321],"荒井":[37.489758,140.375944],"本宮":[37.523318,140.392913],"仁井田":[37.502815,140.39572],"糠沢":[37.50386,140.44704],"高木":[37.521516,140.416373],"和田":[37.535185,140.436193],"長屋":[37.522242,140.465037]}