{"大字泉田":[37.87787,140.533144],"大字小坂":[37.875903,140.538964],"大字鳥取":[37.891879,140.52459],"大字内谷":[37.889717,140.531905],"板橋南":[37.875488,140.53682],"大字山崎":[37.8795,140.544266],"大字塚野目":[37.864918,140.547651],"大字藤田":[37.870756,140.548024],"大字石母田":[37.889538,140.556712],"大字徳江":[37.858247,140.558002],"大字森山":[37.883178,140.566181],"大字高城":[37.890819,140.580111],"大字大木戸":[37.884962,140.57295],"大字貝田":[37.902036,140.577015],"大字西大枝":[37.887838,140.589778],"大字川内":[37.871488,140.588302],"大字光明寺":[37.891637,140.581906],"新鳥取":[37.88974,140.526766],"新泉田":[37.881469,140.521195],"新小坂":[37.886951,140.522285]}