{"大字鶴沢":[37.664363,140.562765],"大字羽田":[37.675227,140.564105],"大字小神":[37.671967,140.586862],"大字東福沢":[37.655708,140.593998],"字宮ノ入":[37.669386,140.596936],"字柏崎":[37.661358,140.596821],"字赤坂":[37.666226,140.595361],"字宮ノ脇":[37.668286,140.597591],"字段ノ腰":[37.663726,140.598114],"字五百田":[37.666233,140.598487],"字日和田":[37.66398,140.600839],"字海老ヶ作":[37.676053,140.601318],"字天神入":[37.670613,140.602197],"字早坂":[37.672728,140.601605],"字池ノ入":[37.661175,140.601992],"字宮町":[37.667937,140.600383],"字延命神":[37.674641,140.60362],"字八反田":[37.663776,140.600222],"字竹ノ内":[37.666583,140.6016],"字三百田":[37.679003,140.601861],"字舘ノ腰":[37.655938,140.604713],"字鉄炮町":[37.664293,140.603486],"字瓦町":[37.664572,140.603399],"字中丁":[37.667918,140.604731],"字下拍子":[37.678857,140.60334],"字新中町":[37.660052,140.606956],"字新田":[37.678523,140.60576],"字寺前":[37.668985,140.606455],"字壺ヶ作":[37.671227,140.60498],"字後田":[37.665032,140.604767],"字寺久保":[37.664442,140.605315],"字本町":[37.667864,140.604892],"字倉ヶ作":[37.671732,140.607585],"字根本":[37.665308,140.607087],"字道場":[37.66988,140.608383],"字中島":[37.667777,140.608985],"字仲ノ内":[37.655499,140.607493],"字大内":[37.667014,140.607657],"字小作":[37.657293,140.611083],"字大作":[37.660367,140.608559],"字細田":[37.650717,140.61011],"字賤ノ田":[37.663739,140.611246],"字大清水":[37.665724,140.608098],"字七窪":[37.671239,140.60941],"字西戸ノ内":[37.66835,140.609784],"字後庵":[37.664841,140.611461],"字舘":[37.667268,140.609736],"字壁沢":[37.671014,140.610439],"小綱木":[37.651553,140.61139],"飯坂":[37.666578,140.614791],"字道内":[37.666218,140.611385],"字樋ノ口":[37.664058,140.59705],"字橋本":[37.655353,140.611894],"字上桜":[37.651566,140.60424],"字仁井町":[37.65122,140.60585],"字川原田":[37.657887,140.606501],"字新宮":[37.659612,140.603408],"字石川":[37.669864,140.606361],"字宮前":[37.668453,140.599169],"字桜ヶ作":[37.670286,140.598798],"字七曲":[37.671571,140.597208],"字広畑":[37.648765,140.600123],"鶴沢梅ヶ作":[37.66891,140.56351],"鶴沢下矢川田":[37.665524,140.56392]}