{"玉井":[37.537926,140.367882],"大山":[37.53127,140.397453]}