{"久来石南":[37.221603,140.330104],"城ノ内":[37.23072,140.323424],"久来石":[37.230681,140.330811],"桜岡":[37.240216,140.333963],"小栗山":[37.235714,140.326206],"南町":[37.226076,140.343238],"境":[37.248758,140.337968],"仁井田":[37.260827,140.335955],"笠石":[37.240954,140.338773],"前山":[37.251222,140.338651],"岡ノ内":[37.256987,140.344444],"中町":[37.248195,140.34485],"笠石原町":[37.234446,140.34856],"五斗蒔町":[37.263766,140.348995],"深内町":[37.275758,140.350022],"川崎町":[37.265958,140.342688],"中央":[37.250255,140.345813],"不時沼":[37.259862,140.34957],"東町":[37.242637,140.351245],"大山":[37.226173,140.353331],"鏡田かげ沼町":[37.269158,140.346662],"本町":[37.258978,140.351703],"旭町":[37.245189,140.353093],"緑町":[37.248455,140.358172],"大池":[37.268261,140.354892],"羽鳥":[37.23761,140.35853],"鏡沼":[37.267161,140.356141],"池ノ原":[37.252692,140.35551],"蒲之沢町":[37.274177,140.360326],"南高久田":[37.263385,140.362617],"堀米":[37.227888,140.362962],"豊郷":[37.233616,140.364726],"高久田":[37.268976,140.359342],"豊郷中":[37.235473,140.365395],"桜町":[37.253506,140.367811],"鹿島":[37.270834,140.36667],"豊田":[37.261818,140.37627],"成田原町":[37.232619,140.368482],"北町":[37.245953,140.374259],"池の台":[37.236906,140.369735],"東鹿島":[37.267741,140.377019]}