{"小塩":[37.183565,139.524484],"青柳":[37.193591,139.527869],"古町":[37.180274,139.528631],"多々石":[37.175518,139.530027],"永田":[37.2017,139.759592],"丹藤":[37.204252,139.766173],"田島":[37.200376,139.773966],"田部":[37.20588,139.806813],"長野":[37.214323,139.806442]}