{"群岡":[37.630505,139.625098],"野沢":[37.588011,139.646334],"上野尻":[37.629287,139.63197],"新郷大字豊洲":[37.634594,139.634579],"新郷大字三河":[37.608332,139.630767],"登世島":[37.60271,139.66536],"尾野本":[37.585486,139.659226],"下谷":[37.569286,139.661449]}