{"大字赤枝":[37.57811,139.945723],"大字大谷":[37.556396,139.979463],"大字磐梯":[37.561328,140.038168],"大字更科":[37.562914,140.00997]}