{"大字翁沢":[37.528698,140.052028],"大字磐根":[37.556271,140.050936],"大字長田":[37.562564,140.058169],"字綿場":[37.567187,140.062211],"大字三ツ和":[37.537101,140.076337],"字葉山":[37.574046,140.096339],"字磐梯山":[37.570984,140.075953],"字五輪原":[37.562698,140.076486],"字若林":[37.569239,140.084373],"大字磐里":[37.557151,140.107462],"字町島田":[37.560217,140.086035],"字桐木沢":[37.564298,140.088133],"字林崎":[37.562129,140.090069],"字土湯沢山":[37.631458,140.096368],"字禰次":[37.560435,140.092948],"字山神原":[37.643618,140.104295],"字清水端":[37.594997,140.12279],"字見禰山":[37.572413,140.102942],"字諏訪前":[37.564748,140.096912],"字堤下":[37.563474,140.099794],"字堤北":[37.565279,140.098917],"字西峰":[37.575956,140.105685],"字猫石山":[37.571873,140.098456],"字樋場道下":[37.564584,140.100077],"字並杉西":[37.566005,140.100602],"字樋場":[37.565341,140.100616],"大字堅田":[37.53388,140.063984],"字鶴峰西":[37.563596,140.100497],"字土町西裡":[37.567258,140.100369],"字土町":[37.567338,140.099838],"字土町南":[37.566358,140.10233],"大字千代田":[37.54802,140.105568],"字茶園":[37.564814,140.10185],"字中町":[37.568747,140.104077],"字城南":[37.560298,140.106054],"字北半坂":[37.565365,140.103573],"字鶴田":[37.56073,140.102904],"字馬場":[37.566834,140.103137],"字古城町":[37.56089,140.105409],"字南半坂":[37.564167,140.105298],"字清水":[37.587236,140.12197],"字半坂":[37.564732,140.104385],"字新馬場":[37.566609,140.104593],"字新地":[37.56454,140.105817],"字新町":[37.564027,140.106579],"字弁才天西":[37.566925,140.106234],"字堤":[37.565079,140.105166],"字六角":[37.559149,140.106602],"字本町":[37.560332,140.107381],"字寺後":[37.566722,140.108138],"字カキ田":[37.558911,140.107328],"大字若宮":[37.622108,140.204205],"字坂下":[37.566684,140.109597],"字ガギ田":[37.558259,140.107575],"字裏町":[37.560219,140.107676],"字上ザル田":[37.557863,140.10761],"字芦原":[37.557559,140.10875],"字寺東":[37.560398,140.109248],"字琵琶沢原":[37.590901,140.118254],"字東町裏":[37.564898,140.110212],"字見禰":[37.57603,140.113145],"字横マクリ":[37.558915,140.110117],"字町東":[37.564559,140.110698],"字オヒデ川":[37.559687,140.109394],"字雷":[37.565537,140.109455],"字梨木西":[37.559043,140.112593],"字塚田":[37.566417,140.111629],"字小黒川":[37.563295,140.110278],"字明円":[37.566169,140.112295],"字津金沢":[37.560435,140.112535],"字窪南":[37.563427,140.111504],"字窪ノ内":[37.564926,140.110817],"字グミ沢原":[37.595263,140.121111],"字清水前":[37.580473,140.11761],"字出雲壇":[37.563022,140.115196],"字村東下":[37.565138,140.111947],"字的場":[37.606339,140.119072],"字沼田":[37.564321,140.112975],"字五百苅":[37.568135,140.116912],"字下辺沢":[37.601308,140.11862],"字太田":[37.563561,140.113717],"字御三壇":[37.566413,140.115614],"字板橋北":[37.56413,140.11402],"字窪田":[37.565821,140.114601],"大字中小松":[37.525666,140.117302],"字新堀西":[37.571426,140.117915],"字二丁田":[37.567464,140.120707],"大字金田":[37.51706,140.132019],"字行人壇":[37.569032,140.118286],"字欠上り":[37.570243,140.117991],"字芹沢":[37.579743,140.120496],"字長坂":[37.610656,140.120617],"字大谷地":[37.590378,140.123168],"字上ノ山":[37.578914,140.12115],"字東谷地":[37.553583,140.122854],"字上屋敷":[37.561814,140.121081],"字今泉":[37.561276,140.121188],"字新堀向":[37.569923,140.122902],"字村北":[37.599307,140.125792],"字古林":[37.586089,140.126088],"大字西舘":[37.547834,140.126665],"字中道西":[37.576736,140.122687],"字渋谷":[37.59616,140.127428],"字土手間":[37.60189,140.12455],"字三ツ屋":[37.603016,140.124874],"大字三郷":[37.576408,140.141745],"大字八幡":[37.545471,140.139974],"大字川桁":[37.537827,140.137352],"大字蚕養":[37.617652,140.231015],"大字関都":[37.508649,140.151191],"大字壺楊":[37.501499,140.1454],"大字山潟":[37.476894,140.154721],"字沼ノ倉":[37.576726,140.121236],"字新村中":[37.577229,140.121439],"字大道西":[37.56628,140.099586],"字町西":[37.564993,140.09782],"字諏訪西":[37.564957,140.095622],"字大道南":[37.562079,140.083971],"字上村東":[37.561573,140.086484],"字上村前":[37.558884,140.082697],"字上村西":[37.561176,140.081324],"字町尻":[37.559181,140.106263],"字諏訪東":[37.564313,140.096283],"字西葉山":[37.569313,140.075904],"字太田西":[37.563945,140.113354],"字村中":[37.577792,140.123662],"字新村東":[37.574074,140.122326],"大字磐根神送":[37.562086,140.039867],"大字磐根小松原":[37.558726,140.048009],"大字磐根十朗橋":[37.559283,140.046573],"大字磐根磐根":[37.561494,140.046651]}