{"大字坂本":[37.553598,139.757818],"大字気多宮":[37.569078,139.808395],"大字牛川":[37.558467,139.807834],"大字船杉":[37.554751,139.806081],"大字八日沢":[37.579126,139.800397],"大字塔寺":[37.571016,139.80387],"大字見明":[37.583998,139.809149],"大字勝大":[37.536535,139.78688],"大字大上":[37.587972,139.810993],"大字宇内":[37.598286,139.814009],"大字津尻":[37.60494,139.801892],"字稲荷塚":[37.566118,139.814225],"大字樋島":[37.534933,139.823328],"大字新舘":[37.568712,139.813415],"字中岩田":[37.560849,139.814653],"字惣六":[37.565224,139.809854],"字逆水":[37.559994,139.813708],"字沢ノ目":[37.561291,139.815718],"字大道":[37.567839,139.812584],"字沼田甲":[37.565924,139.814743],"字中岡甲":[37.565502,139.814788],"大字白狐":[37.551467,139.822374],"字市中新町甲":[37.561853,139.814979],"字舘ノ下":[37.564538,139.817037],"字市中四番甲":[37.561794,139.817751],"字舘ノ内甲":[37.562201,139.820368],"字松ノ目":[37.560253,139.818886],"字市中三番甲":[37.561536,139.820724],"大字大沖":[37.55078,139.822353],"字四十石":[37.565223,139.826168],"字石田甲":[37.558085,139.820147],"字石田":[37.556754,139.82192],"字西南町裏甲":[37.55952,139.820955],"字曲田":[37.55328,139.822675],"字茶屋町甲":[37.562239,139.820891],"字五反田":[37.556336,139.823297],"字大堀川西甲":[37.559763,139.821857],"字古町川尻":[37.562612,139.824012],"大字合川":[37.586912,139.828588],"字市中二番甲":[37.560778,139.82237],"字古屋敷甲":[37.562138,139.824012],"字光明寺東甲":[37.561518,139.826538],"字上四十石甲":[37.565921,139.824816],"字東南町裏甲":[37.560177,139.822321],"大字中泉":[37.57051,139.827903],"字五反田甲":[37.559413,139.82485],"字小川原":[37.559069,139.826614],"大字五ノ併":[37.53366,139.829089],"字市中一番甲":[37.560395,139.826753],"字上口甲":[37.562103,139.826239],"字上口":[37.560356,139.831406],"字福原前甲":[37.55795,139.837114],"大字青津":[37.59285,139.832137],"大字羽林":[37.555361,139.826683],"字古市乙":[37.560128,139.830117],"字家ノ前乙":[37.559365,139.828455],"字戌亥乙":[37.561168,139.828133],"字東屋敷添乙":[37.559688,139.828732],"字上窪道北乙":[37.559655,139.83165],"字台ノ下":[37.555315,139.834523],"字上ノ台乙":[37.55907,139.831239],"大字青木":[37.585679,139.834472],"大字三谷":[37.579594,139.839094],"大字金上":[37.559691,139.841577],"大字福原":[37.550302,139.844233],"大字御池田":[37.576251,139.848382],"大字沼越":[37.583627,139.849377],"大字宮古":[37.558465,139.856512],"大字五香":[37.571027,139.855545],"大字新開津":[37.540457,139.854712],"大字海老細":[37.545231,139.858831],"大字開津":[37.530461,139.851351],"大字立川":[37.584628,139.856477],"大字束原":[37.537169,139.864722],"字北逆水甲":[37.561004,139.815163],"字原道東甲":[37.555955,139.825638],"字東上口甲":[37.56086,139.829025],"字西ノ宮乙":[37.561542,139.827481],"字北小川原乙":[37.559974,139.826414],"字小川原甲":[37.559253,139.82567],"字上沼ノ上丙":[37.559816,139.832356],"字姥ケ下乙":[37.55947,139.831907]}