{"冨川":[37.444552,139.834241],"永井野":[37.451004,139.835343],"字布才地":[37.459158,139.835945],"字沼ノ上":[37.47316,139.830073],"字御田":[37.469746,139.844742],"字漆原北":[37.458546,139.83432],"字高田":[37.459006,139.837694],"字御蔵南":[37.459036,139.836963],"字油田":[37.468444,139.838609],"字川添":[37.459008,139.836699],"字西裏":[37.466661,139.83995],"字宮林":[37.456793,139.841081],"字龍興寺北":[37.465651,139.839582],"字文珠西":[37.457811,139.840364],"字柳台":[37.470576,139.840868],"字法憧寺南":[37.460359,139.840329],"勝原":[37.450796,139.83986],"字鹿島":[37.463372,139.841483],"字宮北":[37.459562,139.840934],"字法憧寺東":[37.462218,139.842473],"字高田道上":[37.468448,139.843011],"字外川原":[37.458526,139.842189],"字谷地前":[37.470198,139.843397],"字観音北":[37.46562,139.843245],"下堀":[37.466542,139.858797],"字東川原":[37.463604,139.847062],"字佐布川":[37.477132,139.851474],"字坂ノ下道上":[37.483016,139.846411],"字権現宮南":[37.468531,139.846381],"字坂ノ下道下":[37.486078,139.844984],"字家ノ下":[37.480078,139.849797],"字水戸":[37.469696,139.8543],"字高田前川原":[37.470468,139.854802],"字宮ノ腰":[37.473669,139.854347],"字安田":[37.472698,139.855507],"字高田村東":[37.471854,139.856404],"福重岡":[37.433987,139.865794],"字旱泥":[37.460089,139.877834],"字丸山":[37.446927,139.878622],"氷玉":[37.425456,139.888962],"字山道下":[37.450392,139.879374],"字舘ノ廻":[37.460766,139.881871],"字三本松":[37.458864,139.878994],"字大八郷":[37.442587,139.880636],"字荒井":[37.458657,139.882457],"字村上":[37.441334,139.880577],"字荒井前":[37.456346,139.883148],"字横堀下":[37.446476,139.880967],"字本郷道上":[37.453573,139.882324],"字石切畑":[37.451585,139.886131],"字延命寺前":[37.44744,139.882438],"字黒沢":[37.450118,139.882395],"字本郷":[37.450351,139.887057],"字本郷前川原":[37.457751,139.882066],"字杉":[37.455014,139.882782],"字権現堂":[37.458727,139.883176],"字川原町":[37.456244,139.883632],"字北川原":[37.451861,139.88679],"字本郷道西":[37.449205,139.889227],"字松原際":[37.454398,139.889029],"字瀬戸屋前":[37.454157,139.889322],"字川原町北":[37.456978,139.886424],"字本屋敷":[37.457388,139.889474],"字北浦":[37.450954,139.886579],"字本郷上":[37.44939,139.889985],"大石":[37.432222,139.907073],"字瀬戸町":[37.451715,139.891049],"字家西":[37.450904,139.90211],"字本郷高田町":[37.444794,139.894544],"字舩場":[37.44008,139.903318],"字新町":[37.45846,139.893174],"字思堀":[37.456,139.894405],"字思堀向":[37.456291,139.89444],"字車川原":[37.453735,139.893325],"字新用地":[37.453739,139.897239],"字向川原":[37.451094,139.902778],"字駅前":[37.458726,139.89515],"字簗場上":[37.452402,139.897859],"字御用地跡":[37.452489,139.896389],"字黒川":[37.458034,139.899496],"字上村北":[37.459239,139.901136],"字上村西道下":[37.457687,139.900402],"穂馬":[37.409828,139.913463],"字家東":[37.451718,139.903525],"字宗頤町":[37.457079,139.900861],"字上村東":[37.456966,139.902109],"字六日町":[37.448015,139.904662],"字松ノ木田":[37.484083,139.845463],"字内川原":[37.463966,139.846873],"字台ノ下":[37.471574,139.849546],"字法憧寺北":[37.463179,139.842758],"字清龍寺北":[37.460004,139.840055],"字文珠東":[37.458307,139.841075],"字西裏屋敷添":[37.461543,139.837949],"字新丁屋敷":[37.461705,139.837423],"字谷地":[37.46931,139.842966],"字新丁西":[37.467237,139.840146],"字権現宮":[37.469316,139.845406],"字真々川":[37.449073,139.889636],"字寺ノ前":[37.449112,139.890861],"字三日町":[37.445257,139.894974],"字地尻":[37.468123,139.842552],"字堰下":[37.458288,139.895743],"字東谷地":[37.448922,139.893641],"字中道下":[37.448704,139.889701],"字上村西道上":[37.455687,139.900226],"字上村南":[37.456708,139.900539],"字高田中川原道下":[37.484643,139.847459]}