{"大字小田倉":[37.117588,140.184122],"大字真船":[37.13665,140.158884],"大字鶴生":[37.164131,140.1258],"大字熊倉":[37.134898,140.130073],"大字羽太":[37.167968,140.164615],"大字米":[37.135672,140.193332],"大字柏野":[37.155621,140.177658],"字石塚南":[37.123521,140.181139],"字石塚北":[37.123666,140.17746],"字屋敷裏西":[37.126352,140.181642],"字前山西":[37.122448,140.186368],"大字長坂":[37.163058,140.196824],"字豊作西":[37.125085,140.185694],"字裏山南":[37.125655,140.184085],"字屋敷裏東":[37.126732,140.187448],"字道南西":[37.123978,140.187872],"字豊作東":[37.125867,140.188433],"字下前田西":[37.124831,140.188657],"字前山東":[37.120763,140.187128],"字道南東":[37.122868,140.18927],"字下前田東":[37.122966,140.190309]}