{"大字踏瀬":[37.175936,140.286247],"大字太田川":[37.180937,140.251069],"大字泉崎":[37.151458,140.275117],"大字関和久":[37.144415,140.328308],"大字北平山":[37.132392,140.307345]}