{"大字二子塚":[37.132866,140.350321],"大字川原田":[37.130074,140.35038],"大字滑津":[37.146089,140.350741],"大字中島":[37.132398,140.351242],"大字吉岡":[37.130556,140.361781],"大字松崎":[37.164391,140.402483]}