{"大字台宿":[36.949382,140.405568],"大字塙":[36.950371,140.421554],"大字上渋井":[36.970786,140.40782],"大字伊香":[36.942374,140.406926],"大字上石井":[36.934265,140.415459]}