{"大字赤羽":[37.130949,140.37329],"大字新屋敷":[37.158584,140.42459],"大字沢井":[37.140672,140.391325],"大字中野":[37.178148,140.42365],"字原":[37.144493,140.414434],"字下ノ内":[37.169187,140.411502],"字宝殿前":[37.155163,140.414723],"字成亀":[37.15861,140.418364],"字王子平":[37.14148,140.42557],"字和久":[37.161991,140.420642],"字梁瀬":[37.152466,140.415355],"大字山形":[37.131342,140.422291],"字外国見":[37.154416,140.424254],"字曲ノ内":[37.147245,140.430242],"字猫啼":[37.134412,140.436682],"字大橋":[37.169814,140.433873],"大字曲木":[37.183787,140.443796],"字国見":[37.153334,140.425853],"字柳作":[37.15432,140.428423],"字白石":[37.141394,140.433775],"大字塩沢":[37.168088,140.437262],"字塩ノ平":[37.164324,140.434962],"字飛ケ作":[37.155555,140.435169],"字前ノ内":[37.160118,140.439621],"字秋台":[37.146214,140.439555],"字大五郎内":[37.151581,140.432656],"字石塚":[37.153307,140.434246],"字草倉田":[37.163735,140.434258],"字渡里沢":[37.153097,140.439318],"字大内":[37.157379,140.445994],"字当町":[37.145715,140.442513],"字立ケ岡":[37.138033,140.44726],"字松木下":[37.138138,140.444738],"字鹿ノ坂":[37.147388,140.442483],"字石田":[37.162128,140.445131],"字長久保":[37.156862,140.446885],"字大室":[37.139908,140.44966],"字豆ケ平":[37.128873,140.444752],"字弥吾":[37.165947,140.445728],"字下泉":[37.146948,140.448125],"字塩沼":[37.136813,140.451947],"字長郷田":[37.156066,140.454821],"字古舘":[37.154567,140.455593],"字矢ノ目田":[37.148054,140.449889],"大字母畑":[37.167607,140.460536],"字南町":[37.14675,140.453527],"字高田":[37.150926,140.452161],"字新町":[37.147609,140.453755],"字北町":[37.152788,140.457549],"字関根":[37.146624,140.460308],"字境ノ内":[37.160134,140.463093],"字屋敷ノ入":[37.157687,140.466635],"大字双里":[37.149546,140.468035],"大字湯郷渡":[37.176834,140.469662],"大字北山":[37.158663,140.467871],"大字形見":[37.140947,140.480665],"大字中田":[37.151582,140.504584],"大字谷沢":[37.132097,140.496443],"大字谷地":[37.114319,140.507107],"大字坂路":[37.123291,140.510874],"字轡取":[37.162353,140.440167],"字一ノ沢":[37.158415,140.45723],"字江堀田":[37.162787,140.4603],"字大沢":[37.130807,140.439011]}