{"大字竜崎":[37.24109,140.40564],"大字小高":[37.208301,140.41357],"大字川辺":[37.196456,140.41018],"大字中":[37.214744,140.40965],"大字岩法寺":[37.237852,140.406895],"大字蒜生":[37.20747,140.410774],"大字北須釜":[37.218682,140.462419],"大字吉":[37.196426,140.434486],"大字南須釜":[37.212881,140.449461]}