{"大字西山":[37.198261,140.559938],"大字中倉":[37.16273,140.533502],"大字小平":[37.186743,140.574484],"大字下蓬田":[37.236753,140.542713],"大字蓬田新田":[37.255266,140.554422],"大字北方":[37.189559,140.571744],"大字上蓬田":[37.243347,140.567081],"大字小松原":[37.209831,140.564987],"大字永田":[37.206417,140.568771],"大字鴇子":[37.217466,140.591856],"大字東山":[37.207196,140.595258],"大字駒形":[37.188187,140.587936]}