{"大字下舞木":[37.424224,140.426316],"大字上舞木":[37.420202,140.444173],"大字斎藤":[37.393237,140.458487],"大字山田":[37.429945,140.450872],"大字鷹巣":[37.422888,140.459254],"大字沼沢":[37.403639,140.458396],"大字西方":[37.402955,140.472033],"字一本松":[37.442422,140.476541],"字沼之倉":[37.435242,140.474777],"大字平沢":[37.450354,140.483949],"大字狐田":[37.398895,140.489901],"字大久保":[37.435977,140.475223],"八島台8":[37.44593,140.477387],"八島台7":[37.449086,140.475164],"大字貝山":[37.429623,140.476767],"八島台6":[37.447323,140.475984],"大字春沢":[37.416794,140.477399],"字山崎":[37.437094,140.480565],"八島台4":[37.445473,140.477796],"字鎌田前":[37.442247,140.47948],"大字蛇沢":[37.415268,140.481231],"八島台3":[37.442677,140.479024],"八島台5":[37.447846,140.482081],"担橋1":[37.448113,140.483895],"字天王前":[37.443411,140.483987],"字天王下":[37.443475,140.481243],"字雁木田":[37.438907,140.483546],"字鶴蒔田":[37.441514,140.480211],"字深田和":[37.457054,140.482258],"大字春田":[37.402118,140.490013],"大字柴原":[37.418612,140.502764],"字丈六":[37.44226,140.485155],"大字過足":[37.386357,140.482934],"字八幡町":[37.43937,140.484584],"字荒町":[37.445066,140.486302],"八島台1":[37.446936,140.48661],"担橋2":[37.44869,140.48614],"字馬場":[37.438492,140.485352],"字中町":[37.44083,140.488581],"字四反田":[37.448593,140.486604],"字渋池":[37.446545,140.488109],"字樋ノ口":[37.453645,140.488084],"字小浜海道":[37.446951,140.487923],"字御免町":[37.440232,140.490744],"字松橋":[37.453529,140.492445],"字大町":[37.443661,140.497153],"字北向町":[37.44481,140.489023],"字小金滝":[37.440537,140.491074],"字北町":[37.443936,140.49132],"大字蛇石":[37.401659,140.509613],"字燕清水":[37.446343,140.494234],"大字楽内":[37.431104,140.496912],"字桜谷":[37.439862,140.492945],"字六斗蒔":[37.454419,140.49508],"字仁井町":[37.450858,140.501127],"字恵下越":[37.434657,140.495302],"字南町":[37.440804,140.49277],"字六升蒔":[37.448387,140.495611],"字新町":[37.435495,140.496162],"字山中":[37.439592,140.496502],"字亀井":[37.443726,140.497606],"桜ケ丘4":[37.432479,140.498728],"桜ケ丘1":[37.434542,140.498534],"字烏帽子石":[37.447607,140.499115],"字清水":[37.438237,140.498101],"大字根本":[37.390033,140.501509],"大字滝":[37.406999,140.505996],"字番組":[37.43436,140.497673],"大字込木":[37.423357,140.507559],"字弓町":[37.436268,140.498542],"大字熊耳":[37.450786,140.508099],"字清水畑":[37.44853,140.500422],"字四軒丁":[37.435334,140.498446],"桜ケ丘3":[37.436058,140.501919],"字師範場":[37.437067,140.502466],"字大平":[37.442629,140.504629],"字小滝":[37.43834,140.505435],"大字樋渡":[37.39915,140.507175],"字赤坂":[37.435911,140.505238],"字八十内":[37.433536,140.50433],"字栗林":[37.440285,140.508352],"字永作":[37.437506,140.508392],"大字芹ケ沢":[37.438847,140.516958],"桜ケ丘2":[37.43513,140.499254],"字日向町":[37.445953,140.489981],"字持合畑":[37.44804,140.491869],"字化粧坂":[37.434344,140.496042],"字会下谷":[37.438352,140.493448],"字尼ケ谷":[37.436883,140.490018],"字番組頭":[37.434153,140.497141],"八島台2":[37.446529,140.4834],"大字貝山古内前通":[37.429736,140.47668]}