{"大字井出":[37.285958,141.00064],"大字上繁岡":[37.304436,140.978681],"大字大谷":[37.277641,140.990473],"大字上小塙":[37.275332,140.973514],"大字下小塙":[37.270835,140.998128],"大字山田岡":[37.247487,141.003007],"大字北田":[37.271578,141.004557],"大字前原":[37.26331,141.002182],"大字下繁岡":[37.289201,141.019008],"大字波倉":[37.295956,141.016507],"大字山田浜":[37.258252,141.010346]}