{"大字上手岡":[37.369149,140.961373],"大字上郡山":[37.3196,140.997363],"大字本岡":[37.343079,140.996526],"大字大菅":[37.370989,140.988995],"字夜の森北1":[37.368704,140.994946],"字夜の森南3":[37.360579,140.992768],"字夜の森南1":[37.363324,140.995412],"字夜の森南4":[37.359298,140.992815],"字夜の森南2":[37.363972,140.997663],"字夜の森北3":[37.36838,141.00067],"字夜の森北2":[37.366434,141.000082],"字夜の森南5":[37.356896,140.997819],"桜1":[37.3644,140.999787],"桜2":[37.363956,141.003047],"大字小良ケ浜":[37.366038,141.017966],"大字仏浜":[37.335951,141.02695],"大字小浜":[37.333542,141.00896],"大字下郡山":[37.323807,141.008852],"本町1":[37.341138,141.009921],"本町2":[37.339187,141.009705],"中央1":[37.337917,141.013537],"中央2":[37.340533,141.012707],"小浜":[37.340538,141.027762],"大字毛萱":[37.326898,141.02542]}