{"大字小丸":[37.46579,140.928446],"大字室原":[37.505731,140.934813],"大字立野":[37.519985,140.951771],"大字井手":[37.463648,140.942289],"大字末森":[37.485163,140.937724],"大字大堀":[37.476342,140.942594],"大字田尻":[37.490203,140.959392],"大字苅宿":[37.508005,140.964672],"大字小野田":[37.475784,140.958154],"大字加倉":[37.497944,140.966517],"大字谷津田":[37.475768,140.972809],"大字川添":[37.492595,140.976413],"大字酒田":[37.506096,140.982227],"大字藤橋":[37.507416,140.994356],"大字酒井":[37.472887,140.979476],"大字樋渡":[37.485549,140.989128],"大字権現堂":[37.496686,140.982115],"大字西台":[37.500089,140.995824],"大字牛渡":[37.489025,140.995779],"大字高瀬":[37.47848,140.995744],"大字幾世橋":[37.493603,141.007372],"大字北幾世橋":[37.496111,141.013946],"大字棚塩":[37.491016,141.03687],"大字両竹":[37.474594,141.035916],"大字請戸":[37.480537,141.037712],"大字中浜":[37.47427,141.036914]}