{"杉崎町":[36.375428,140.33587],"鯉淵町":[36.341297,140.388714],"小原町":[36.374364,140.336164],"五平町":[36.348701,140.360232],"三湯町":[36.373463,140.340059],"木葉下町":[36.41488,140.362134],"有賀町":[36.387004,140.360854],"小林町":[36.355122,140.358343],"中原町":[36.376441,140.362339],"谷津町":[36.408415,140.372701],"内原町":[36.356235,140.358783],"内原町1":[36.369938,140.351789],"黒磯町":[36.388075,140.361516],"三野輪町":[36.393684,140.362819],"牛伏町":[36.389114,140.361318],"田島町":[36.403752,140.371152],"大足町":[36.385047,140.374704],"全隈町":[36.41374,140.39208],"赤尾関町":[36.358593,140.372438],"筑地町":[36.365504,140.381062],"加倉井町":[36.380067,140.379728],"金谷町":[36.379961,140.380467],"成沢町":[36.442152,140.399864],"下野町":[36.318953,140.387278],"飯島町":[36.369028,140.40305],"藤井町":[36.44593,140.397099],"大塚町":[36.39317,140.39138],"高田町":[36.339549,140.40274],"河和田町":[36.367959,140.425365],"藤が原3":[36.462431,140.38997],"開江町":[36.399387,140.389878],"田野町":[36.41174,140.419205],"萱場町":[36.34886,140.402383],"藤が原2":[36.457325,140.392178],"双葉台2":[36.393262,140.391626],"双葉台1":[36.389817,140.397454],"双葉台3":[36.395675,140.397455],"藤が原1":[36.458961,140.393443],"双葉台4":[36.395223,140.40004],"河和田3":[36.373491,140.409976],"河和田2":[36.377954,140.406531],"飯富町":[36.424551,140.426274],"双葉台5":[36.393233,140.406876],"中丸町":[36.392376,140.413683],"岩根町":[36.446083,140.425728],"赤塚1":[36.38146,140.408938],"堀町":[36.410815,140.419222],"河和田1":[36.372618,140.417824],"小吹町":[36.344998,140.432707],"赤塚2":[36.390553,140.414751],"姫子2":[36.382723,140.423235],"見和3":[36.373168,140.424536],"平須町":[36.323022,140.441806],"見川町":[36.359429,140.437743],"石川4":[36.394058,140.426771],"石川3":[36.387136,140.420525],"東赤塚":[36.385301,140.433889],"上国井町":[36.440394,140.427404],"見川5":[36.36875,140.424714],"渡里町":[36.411518,140.441757],"姫子1":[36.38394,140.434776],"石川2":[36.386142,140.430978],"石川1":[36.393257,140.430256],"見和2":[36.377951,140.429903],"下国井町":[36.423916,140.429228],"見川4":[36.361342,140.434645],"新原1":[36.390633,140.433443],"松が丘2":[36.387769,140.434709],"西原2":[36.390785,140.437133],"見川2":[36.375392,140.443795],"見和1":[36.380026,140.443061],"見川3":[36.362315,140.442475],"松が丘1":[36.384878,140.436993],"田谷町":[36.413144,140.446602],"新原2":[36.393022,140.438595],"笠原町":[36.33104,140.451041],"千波町":[36.365344,140.44762],"自由が丘":[36.384461,140.440198],"西原1":[36.386676,140.444396],"西原3":[36.39121,140.443367],"袴塚3":[36.396629,140.443261],"曙町":[36.394781,140.4457],"見川1":[36.368097,140.444803],"東原2":[36.385132,140.445641],"緑町3":[36.382597,140.442221],"文京2":[36.403221,140.445289],"袴塚2":[36.395421,140.446314],"上水戸4":[36.39338,140.444872],"上水戸2":[36.390773,140.445347],"東野町":[36.32824,140.456064],"東原3":[36.386438,140.446779],"文京1":[36.397806,140.448487],"東原1":[36.384312,140.449136],"袴塚1":[36.39493,140.449496],"緑町2":[36.379614,140.450098],"上河内町":[36.413596,140.456181],"大工町3":[36.381238,140.454694],"上水戸3":[36.391546,140.448881],"元山町2":[36.377846,140.453049],"愛宕町":[36.396968,140.452626],"新荘2":[36.384024,140.451108],"上水戸1":[36.388968,140.451239],"常磐町1":[36.374512,140.458709],"末広町3":[36.391563,140.451855],"緑町1":[36.379599,140.453835],"常磐町":[36.371903,140.467047],"新荘1":[36.383004,140.455776],"ちとせ2":[36.397751,140.455651],"元山町1":[36.378199,140.454966],"新荘3":[36.387121,140.453596],"松本町":[36.39217,140.453947],"末広町1":[36.386577,140.457544],"常磐町2":[36.37789,140.456461],"末広町2":[36.389337,140.454188],"ちとせ1":[36.396273,140.456442],"吉沢町":[36.327257,140.45737],"米沢町":[36.34843,140.464258],"大工町2":[36.3804,140.457534],"八幡町":[36.3896,140.458182],"栄町2":[36.384631,140.460095],"栄町1":[36.383397,140.459615],"中河内町":[36.389331,140.473985],"大工町1":[36.379844,140.458741],"五軒町3":[36.383384,140.462008],"泉町3":[36.380515,140.462188],"根本4":[36.389482,140.465727],"天王町":[36.376356,140.460184],"金町3":[36.384493,140.463497],"元吉田町":[36.339609,140.481253],"泉町2":[36.379781,140.464127],"五軒町2":[36.381818,140.46487],"住吉町":[36.337257,140.475193],"備前町":[36.372699,140.463994],"柳河町":[36.398161,140.47373],"酒門町":[36.340084,140.482122],"根本3":[36.388483,140.468618],"金町2":[36.383121,140.466795],"泉町1":[36.377495,140.464154],"五軒町1":[36.380658,140.467812],"梅香2":[36.376781,140.465774],"南町3":[36.377107,140.466747],"根本2":[36.386636,140.473148],"中央2":[36.367999,140.470498],"金町1":[36.380864,140.469006],"桜川1":[36.370303,140.469641],"中央1":[36.364104,140.471162],"南町1":[36.374039,140.472605],"宮町2":[36.37263,140.472843],"北見町":[36.378083,140.477363],"根本1":[36.383172,140.476403],"宮町1":[36.370616,140.472138],"白梅1":[36.36486,140.474475],"城南1":[36.367252,140.475125],"大町1":[36.377684,140.474135],"三の丸1":[36.375103,140.476621],"青柳町":[36.387084,140.476212],"白梅2":[36.363245,140.477075],"城南2":[36.366594,140.480576],"三の丸2":[36.373967,140.482436],"桜川2":[36.36902,140.480201],"白梅3":[36.36336,140.483793],"元台町":[36.36018,140.48186],"城南3":[36.366232,140.484165],"柵町1":[36.367791,140.483803],"三の丸3":[36.371842,140.483628],"水府町":[36.379245,140.481972],"白梅4":[36.36238,140.484956],"元石川町":[36.337007,140.498463],"けやき台3":[36.333368,140.488083],"柵町2":[36.368497,140.48672],"城東1":[36.373195,140.490481],"柳町1":[36.365413,140.48841],"けやき台1":[36.338867,140.489562],"本町1":[36.363719,140.490194],"紺屋町":[36.363062,140.489739],"朝日町":[36.360986,140.487096],"けやき台2":[36.334519,140.489742],"柵町3":[36.368882,140.491691],"柳町2":[36.365877,140.492152],"浜田町":[36.368954,140.502215],"城東2":[36.372901,140.491328],"本町2":[36.36296,140.493927],"東台1":[36.367295,140.495274],"本町3":[36.365618,140.498779],"東台2":[36.368769,140.497243],"城東4":[36.373886,140.497118],"浜田1":[36.36149,140.495981],"城東3":[36.371645,140.500378],"森戸町":[36.304345,140.503114],"城東5":[36.377653,140.497444],"東桜川":[36.36925,140.500228],"浜田2":[36.366683,140.501035],"六反田町":[36.33747,140.498236],"谷田町":[36.35638,140.514041],"若宮1":[36.374356,140.506218],"若宮2":[36.376145,140.501522],"若宮町":[36.378348,140.497336],"百合が丘町":[36.347072,140.508412],"大場町":[36.314247,140.533529],"渋井町":[36.368457,140.50245],"吉沼町":[36.372639,140.511034],"下入野町":[36.30641,140.518144],"栗崎町":[36.341988,140.523901],"西大野":[36.361274,140.519492],"東大野":[36.364954,140.528442],"大串町":[36.324078,140.540478],"東前町":[36.339963,140.53464],"秋成町":[36.31391,140.535021],"東前3":[36.337388,140.531076],"東前2":[36.339606,140.533182],"圷大野":[36.363124,140.537777],"中大野":[36.360752,140.547955],"下大野町":[36.356774,140.554881],"島田町":[36.318292,140.541334],"塩崎町":[36.334987,140.558591],"平戸町":[36.324002,140.559388],"川又町":[36.334165,140.559527],"小泉町":[36.343848,140.575827],"石川町":[36.394562,140.425762],"南町2":[36.374891,140.471008],"大町2":[36.377623,140.471049],"大町3":[36.379915,140.468866],"梅香1":[36.372549,140.469128],"吉田":[36.362309,140.485932],"藤柄町":[36.3616,140.483278],"瓦谷":[36.36275,140.491844],"宮町3":[36.373299,140.471424],"宮内町":[36.361184,140.481385],"根本町":[36.391622,140.466195],"内原町2":[36.374769,140.359157]}