{"神田町":[36.496705,140.566489],"下土木内町":[36.496584,140.567301],"大和田町":[36.517182,140.578288],"大和田町1":[36.51276,140.588465],"茂宮町":[36.49731,140.593375],"石名坂町2":[36.51938,140.594997],"石名坂町1":[36.508172,140.594243],"留町":[36.497611,140.595933],"南高野町2":[36.50455,140.606985],"南高野町1":[36.499092,140.601122],"南高野町3":[36.507817,140.600899],"久慈町5":[36.495267,140.609345],"塙山町2":[36.549633,140.607525],"金沢町7":[36.539252,140.605456],"大みか町7":[36.519743,140.60955],"久慈町7":[36.509546,140.608471],"久慈町6":[36.504277,140.611967],"大久保町":[36.553975,140.61444],"金沢町6":[36.541205,140.61149],"久慈町4":[36.491482,140.611467],"台原町2":[36.535794,140.607732],"台原町3":[36.530035,140.608595],"みかの原町1":[36.524376,140.608363],"塙山町1":[36.549216,140.612151],"みかの原町2":[36.522919,140.610999],"金沢町5":[36.540509,140.612595],"大みか町6":[36.512886,140.616434],"諏訪町3":[36.566249,140.626078],"台原町1":[36.530985,140.613413],"久慈町3":[36.495061,140.609868],"久慈町2":[36.503552,140.622599],"森山町4":[36.516468,140.611678],"大沼町4":[36.532725,140.613324],"森山町3":[36.523264,140.614808],"みなと町":[36.495547,140.619636],"大沼町3":[36.527965,140.614515],"金沢町3":[36.541859,140.613253],"諏訪町5":[36.564788,140.619852],"久慈町1":[36.497351,140.622512],"金沢町4":[36.540836,140.613892],"金沢町2":[36.545202,140.613696],"大沼町2":[36.536882,140.618147],"大久保町4":[36.554786,140.617016],"末広町5":[36.560402,140.6208],"西成沢町4":[36.576578,140.621487],"森山町2":[36.526956,140.617857],"諏訪町4":[36.565678,140.625734],"森山町5":[36.518477,140.619934],"大久保町5":[36.550988,140.618877],"大沼町1":[36.528218,140.618695],"諏訪町":[36.57338,140.617914],"大みか町1":[36.511397,140.619063],"大みか町5":[36.506605,140.623007],"大久保町3":[36.551971,140.621403],"大久保町2":[36.553076,140.621158],"金沢町1":[36.536259,140.622539],"大みか町2":[36.513571,140.620023],"東大沼町3":[36.527085,140.622686],"森山町1":[36.519123,140.621955],"末広町4":[36.56468,140.62248],"末広町3":[36.562962,140.625258],"水木町2":[36.517911,140.623164],"末広町2":[36.56012,140.62708],"東大沼町2":[36.534966,140.628396],"西成沢町3":[36.573603,140.628424],"千石町4":[36.548486,140.627071],"千石町3":[36.549783,140.628584],"東金沢町4":[36.541515,140.627935],"成沢町":[36.582481,140.627419],"大久保町1":[36.556058,140.627038],"東金沢町5":[36.536205,140.628248],"大みか町4":[36.508722,140.631874],"末広町1":[36.557591,140.626301],"東金沢町3":[36.543987,140.62931],"千石町2":[36.554332,140.629378],"諏訪町2":[36.571823,140.627753],"大みか町3":[36.513586,140.630688],"東多賀町5":[36.548084,140.628087],"西成沢町2":[36.578623,140.630504],"東大沼町4":[36.526373,140.628557],"千石町1":[36.551435,140.631763],"桜川町2":[36.559959,140.632526],"桜川町1":[36.558028,140.629823],"諏訪町1":[36.563652,140.636039],"桜川町4":[36.563846,140.630374],"水木町1":[36.517461,140.633343],"多賀町2":[36.556605,140.632001],"東金沢町2":[36.540173,140.633241],"東大沼町1":[36.529151,140.631181],"東多賀町4":[36.544807,140.633554],"多賀町1":[36.555823,140.634867],"東多賀町2":[36.548571,140.635869],"西成沢町1":[36.582981,140.637887],"鮎川町6":[36.572401,140.631578],"多賀町3":[36.558395,140.634549],"東金沢町1":[36.538173,140.634587],"桜川町3":[36.560443,140.633176],"東多賀町3":[36.542401,140.634207],"多賀町5":[36.560906,140.634982],"多賀町4":[36.55928,140.637012],"城南町5":[36.589302,140.634212],"中成沢町3":[36.573813,140.636096],"鮎川町5":[36.572865,140.635586],"城南町4":[36.582997,140.639641],"鮎川町2":[36.564736,140.636676],"河原子町4":[36.542312,140.635657],"鮎川町1":[36.559746,140.639918],"助川町4":[36.592809,140.637875],"東多賀町1":[36.547842,140.63967],"助川町5":[36.592771,140.643453],"中成沢町2":[36.576425,140.638774],"鮎川町3":[36.567269,140.646814],"河原子町3":[36.540435,140.639084],"高鈴町1":[36.598952,140.648878],"中成沢町4":[36.575525,140.644699],"高鈴町5":[36.609144,140.64185],"城南町2":[36.587378,140.642224],"河原子町2":[36.546099,140.641805],"国分町1":[36.562336,140.645339],"助川町3":[36.594288,140.639172],"鮎川町4":[36.570291,140.648397],"白銀町2":[36.613439,140.644787],"城南町3":[36.584627,140.640262],"河原子町1":[36.547994,140.64287],"白銀町3":[36.614897,140.641748],"中成沢町1":[36.579333,140.643557],"会瀬町3":[36.582909,140.641486],"東成沢町3":[36.572884,140.649987],"高鈴町2":[36.600146,140.648924],"城南町1":[36.586915,140.647262],"国分町2":[36.553908,140.644267],"高鈴町4":[36.606732,140.646021],"会瀬町4":[36.585004,140.647727],"東成沢町2":[36.575419,140.650245],"助川町2":[36.591763,140.645331],"鹿島町3":[36.590331,140.647812],"国分町3":[36.562294,140.647122],"高鈴町3":[36.602031,140.647658],"会瀬町2":[36.579895,140.651508],"白銀町1":[36.604798,140.651792],"鹿島町2":[36.592696,140.651931],"宮田町1":[36.600951,140.651586],"助川町1":[36.598955,140.649975],"鹿島町1":[36.59571,140.653486],"弁天町2":[36.59124,140.654855],"弁天町3":[36.589359,140.649938],"東成沢町1":[36.57233,140.651102],"宮田町2":[36.60323,140.653195],"会瀬町1":[36.576497,140.655085],"神峰町1":[36.598435,140.652501],"宮田町4":[36.607129,140.651493],"神峰町2":[36.601233,140.653898],"弁天町1":[36.593609,140.656422],"幸町3":[36.583928,140.658375],"宮田町5":[36.608859,140.653652],"かみあい町2":[36.62794,140.656088],"宮田町3":[36.603418,140.653569],"神峰町3":[36.600398,140.654684],"若葉町1":[36.595296,140.657465],"かみあい町3":[36.627202,140.656696],"幸町2":[36.587782,140.660297],"神峰町4":[36.603614,140.658776],"若葉町2":[36.598635,140.657276],"幸町1":[36.59148,140.660962],"相賀町":[36.581033,140.659256],"若葉町3":[36.599438,140.658885],"平和町1":[36.592917,140.662112],"平和町2":[36.594565,140.661808],"本宮町1":[36.603827,140.659891],"滑川町3":[36.61334,140.657833],"滑川本町3":[36.624741,140.664631],"旭町3":[36.584019,140.661786],"田尻町2":[36.63148,140.667459],"十王町友部":[36.689952,140.684162],"東町1":[36.595901,140.662569],"旭町2":[36.587578,140.660864],"本宮町2":[36.604755,140.66456],"滑川本町2":[36.62269,140.659627],"本宮町3":[36.605851,140.662033],"東町2":[36.600803,140.663996],"十王町山部":[36.693172,140.677991],"滑川町2":[36.614346,140.670142],"滑川本町1":[36.617041,140.668889],"旭町1":[36.592105,140.66264],"かみあい町1":[36.628401,140.663513],"滑川町1":[36.609234,140.668059],"本宮町4":[36.605998,140.667314],"東町3":[36.596483,140.66814],"滑川本町4":[36.623132,140.669188],"東町4":[36.600022,140.669174],"砂沢町":[36.66332,140.67694],"本宮町5":[36.604618,140.670053],"小木津町1":[36.635477,140.669329],"東滑川町1":[36.60623,140.674557],"田尻町3":[36.627995,140.675944],"小木津町2":[36.645843,140.671921],"東滑川町2":[36.611371,140.670956],"滑川本町5":[36.620199,140.673309],"田尻町1":[36.632763,140.673518],"東滑川町3":[36.611577,140.677513],"東滑川町4":[36.61911,140.673255],"日高町1":[36.63365,140.674185],"小木津町3":[36.641708,140.67671],"日高町2":[36.639374,140.682614],"田尻町4":[36.624655,140.678245],"小木津町":[36.647862,140.672976],"東滑川町5":[36.606508,140.675428],"日高町5":[36.636627,140.685452],"十王町城の丘3":[36.668629,140.67752],"折笠町":[36.649795,140.686691],"十王町城の丘1":[36.668355,140.679627],"相田町1":[36.630552,140.683885],"田尻町5":[36.624464,140.683657],"川尻町":[36.6643,140.681558],"田尻町6":[36.619313,140.684328],"相田町3":[36.627766,140.68948],"川尻町7":[36.659329,140.690042],"折笠町1":[36.658311,140.683105],"川尻町6":[36.666634,140.686553],"小木津町4":[36.644315,140.682867],"日高町3":[36.639663,140.691379],"田尻町7":[36.622008,140.688504],"十王町友部東4":[36.668319,140.685021],"相田町2":[36.629906,140.688827],"十王町友部東3":[36.669503,140.685221],"日高町4":[36.632689,140.690716],"十王町友部東2":[36.669873,140.686524],"小木津町5":[36.641148,140.688498],"十王町伊師本郷":[36.677928,140.695652],"川尻町5":[36.654623,140.694309],"川尻町4":[36.657285,140.697197],"川尻町1":[36.654213,140.701805],"十王町伊師":[36.680376,140.713645],"川尻町3":[36.663171,140.707821],"川尻町2":[36.655973,140.702795],"十王町友部東1":[36.671643,140.688156],"助川町":[36.59232,140.634501],"石名坂町":[36.516751,140.606551],"宮田町":[36.612234,140.655952],"中丸町1":[36.556833,140.613565],"滑川町":[36.614446,140.654618],"金沢町":[36.542272,140.61077],"森山町":[36.522161,140.609975]}