{"大字北南茂呂":[36.225713,139.850099],"大字七五三場":[36.212825,139.821967],"大字武井":[36.253794,139.835649],"大字東茂呂":[36.224402,139.851199],"大字江川新宿":[36.235892,139.836072],"大字田間":[36.249434,139.848617],"大字江川大町":[36.238213,139.835459],"大字小田林":[36.304824,139.852493],"大字上成":[36.27002,139.847169],"大字大木":[36.269109,139.84512],"大字結城":[36.292509,139.858691],"大字結城作":[36.281181,139.850472],"大字新宿新田":[36.219553,139.86716],"大字上山川":[36.2377,139.871916],"大字山川新宿":[36.24069,139.869225],"大字五助":[36.304097,139.852479],"大字鹿窪":[36.281595,139.879877],"大字善右ヱ門新田":[36.218135,139.860442],"新堤仲通り":[36.275651,139.870035],"城南町1":[36.28922,139.862427],"川木谷2":[36.298572,139.861749],"みどり町2":[36.300155,139.864347],"新福寺3":[36.29247,139.864486],"富士見町3":[36.30129,139.863876],"若宮":[36.272193,139.877906],"新福寺6":[36.287804,139.864994],"川木谷1":[36.297704,139.866778],"みどり町1":[36.299898,139.865907],"新福寺1":[36.293413,139.865132],"新矢畑":[36.267618,139.870224],"新福寺5":[36.288447,139.867704],"富士見町4":[36.301163,139.866928],"大橋町":[36.295775,139.868546],"新福寺4":[36.290828,139.869404],"新福寺2":[36.294088,139.868821],"大字今宿":[36.235696,139.87859],"大字古宿新田":[36.240315,139.870929],"中央町1":[36.291878,139.871368],"大字矢畑":[36.256514,139.875429],"国府町1":[36.298852,139.874217],"大字粕礼":[36.226735,139.888196],"大字山王":[36.240995,139.887184],"大字芳賀崎":[36.234501,139.886171],"大字林":[36.264405,139.892243],"大字浜野辺":[36.226612,139.897982],"大字大谷瀬":[36.305319,139.888788],"大字小森":[36.284937,139.897299],"大字水海道":[36.228039,139.897051],"大字中":[36.266661,139.893926],"大字久保田":[36.284442,139.897287],"中央町2":[36.290816,139.871793]}