{"豊田町":[35.88288,140.133432],"小通幸谷町":[35.927399,140.131669],"稗柄町":[35.935721,140.132774],"川原代町":[35.916342,140.171496],"羽黒町":[35.881818,140.141532],"佐貫町":[35.926332,140.140441],"庄兵衛新田町":[35.938683,140.135724],"佐貫1":[35.930352,140.139088],"若柴町":[35.93564,140.147395],"佐貫4":[35.933801,140.142202],"佐貫3":[35.930676,140.138752],"南が丘1":[35.88142,140.141772],"佐貫2":[35.927929,140.142557],"南が丘2":[35.88165,140.143656],"南が丘6":[35.879984,140.148348],"南が丘3":[35.880503,140.145953],"南中島町":[35.922089,140.146543],"川崎町":[35.926214,140.147571],"南が丘4":[35.880726,140.148171],"馴柴町":[35.910541,140.180919],"南が丘5":[35.881586,140.149864],"入地町":[35.917391,140.155831],"北方町":[35.881918,140.150532],"高須町":[35.903059,140.160551],"大留町":[35.894541,140.154214],"松葉4":[35.940438,140.152015],"長山1":[35.942389,140.152565],"松葉3":[35.936486,140.15383],"長山2":[35.945298,140.156103],"長沖町":[35.898651,140.164939],"稲荷新田町":[35.928577,140.154278],"松葉5":[35.939557,140.156162],"松葉1":[35.934648,140.157935],"松葉6":[35.940161,140.159239],"長山5":[35.948922,140.15803],"長山3":[35.944578,140.158343],"松葉2":[35.936818,140.15745],"長山6":[35.94708,140.158072],"平台3":[35.925333,140.158548],"長山4":[35.944414,140.162192],"長山7":[35.947965,140.164007],"小柴5":[35.932358,140.155465],"小柴4":[35.928635,140.161172],"小柴1":[35.932044,140.166369],"長山8":[35.945977,140.164809],"平台4":[35.924821,140.163538],"平台2":[35.923835,140.162364],"小柴3":[35.927541,140.165426],"小柴2":[35.929753,140.165382],"馴馬町":[35.914074,140.167168],"須藤堀町":[35.888279,140.171217],"平台1":[35.921816,140.164129],"長沖新田町":[35.900054,140.166817],"中根台1":[35.927266,140.172054],"平台5":[35.922159,140.171181],"中根台2":[35.929373,140.172124],"中根台3":[35.932121,140.175263],"米町":[35.908269,140.182329],"姫宮":[35.902224,140.169383],"姫宮町":[35.904819,140.176136],"（大字なし）":[35.901757,140.18677],"中根台5":[35.926825,140.174006],"中根台4":[35.929782,140.175771],"高砂":[35.900413,140.18544],"久保台2":[35.936428,140.178243],"久保台1":[35.929626,140.176393],"別所町":[35.92521,140.183973],"久保台4":[35.933412,140.179882],"根町":[35.913616,140.194347],"久保台3":[35.933946,140.182336],"貝原塚町":[35.922286,140.231607],"川余郷":[35.901849,140.186633],"奈戸岡":[35.914214,140.193728],"新町":[35.906772,140.184731],"羽原町":[35.920086,140.190075],"上町":[35.907921,140.184086],"寺後":[35.909822,140.185519],"直鮒":[35.899482,140.187713],"横町":[35.908164,140.184133],"佐沼町":[35.889534,140.200488],"愛戸町":[35.913831,140.190966],"田町":[35.906896,140.192251],"下町":[35.901202,140.191829],"出し山町":[35.913511,140.192445],"古城":[35.908989,140.195118],"藤ケ丘6":[35.930733,140.193115],"大徳町":[35.889116,140.199065],"泉町":[35.948224,140.211742],"砂町":[35.904387,140.197223],"光順田":[35.906997,140.192249],"藤ケ丘4":[35.939528,140.193801],"城ノ内1":[35.929233,140.19679],"藤ケ丘5":[35.93778,140.195117],"緑町":[35.909516,140.200204],"城ノ内2":[35.925989,140.19785],"宮渕町":[35.885835,140.210147],"野原町":[35.912329,140.20118],"藤ケ丘7":[35.931391,140.201314],"藤ケ丘3":[35.93817,140.198894],"上大徳新町":[35.900287,140.20089],"藤ケ丘1":[35.936375,140.201441],"城ノ内3":[35.923162,140.202855],"城ノ内4":[35.925781,140.203795],"藤ケ丘2":[35.938165,140.206929],"中里3":[35.923215,140.212837],"八代町":[35.920691,140.211947],"中里2":[35.930028,140.203769],"中里1":[35.932728,140.204349],"松ケ丘1":[35.933013,140.20826],"松ケ丘2":[35.926985,140.206617],"城ノ内5":[35.921645,140.212218],"松ケ丘4":[35.935271,140.210265],"松ケ丘3":[35.932253,140.211069],"薄倉町":[35.925482,140.22924],"白羽1":[35.920461,140.219658],"白羽4":[35.926975,140.217531],"白羽2":[35.922095,140.224821],"白羽3":[35.91931,140.226406],"長峰町":[35.920289,140.230409],"大塚町":[35.932146,140.237464],"向陽台1":[35.935558,140.227447],"向陽台5":[35.93342,140.23155],"半田町":[35.925805,140.230033],"向陽台3":[35.938133,140.230989],"高作町":[35.919374,140.237886],"板橋町":[35.929688,140.238367],"塗戸町":[35.916398,140.237237],"門倉新田町":[35.912692,140.167133],"向陽台2":[35.938678,140.23285],"六斗蒔":[35.903274,140.177025],"向陽台4":[35.92963,140.237191]}