{"大字秋山":[36.701964,140.685195],"大字上手綱":[36.745535,140.699067],"大字高萩":[36.720027,140.698345],"大字望海":[36.754651,140.683375],"大字島名":[36.717834,140.689947],"大字下手綱":[36.729023,140.715524],"大字石滝":[36.69659,140.71474],"大字安良川":[36.703042,140.71332],"大字赤浜":[36.747863,140.729374],"本町1":[36.714285,140.71199],"本町2":[36.715154,140.713385],"本町3":[36.716265,140.714347],"本町4":[36.71957,140.715974],"大和町3":[36.710433,140.712728],"大和町2":[36.713945,140.714153],"大字高戸":[36.726472,140.727027],"春日町2":[36.715236,140.713697],"大和町1":[36.713883,140.715069],"大和町4":[36.711158,140.714619],"春日町1":[36.71439,140.715194],"高浜町3":[36.703015,140.715844],"春日町3":[36.719377,140.717148],"高浜町1":[36.707685,140.716651],"東本町2":[36.71425,140.717743],"東本町1":[36.711107,140.717805],"東本町3":[36.717943,140.718434],"東本町4":[36.720509,140.719855],"高浜町2":[36.709694,140.721834],"有明町2":[36.712573,140.721257],"有明町1":[36.71553,140.722379],"肥前町1":[36.71702,140.723128],"肥前町2":[36.720474,140.720395],"有明町3":[36.715508,140.72412]}