{"中郷町日棚":[36.762541,140.713116],"中郷町石岡":[36.783917,140.703728],"中郷町松井":[36.769958,140.721412],"磯原町大塚":[36.794488,140.710201],"中郷町小野矢指":[36.760121,140.71928],"磯原町上相田":[36.807242,140.715005],"華川町小豆畑":[36.816951,140.709404],"中郷町粟野":[36.769393,140.721937],"華川町下相田":[36.815972,140.717956],"華川町車":[36.819318,140.740825],"華川町中妻":[36.812396,140.728571],"中郷町上桜井":[36.780551,140.735446],"磯原町豊田":[36.788901,140.729282],"中郷町汐見ケ丘8":[36.766151,140.730204],"中郷町汐見ケ丘1":[36.762638,140.730986],"中郷町汐見ケ丘10":[36.76673,140.729197],"中郷町汐見ケ丘7":[36.764793,140.731562],"華川町臼場":[36.799073,140.74082],"中郷町足洗":[36.764927,140.735747],"中郷町汐見ケ丘9":[36.767015,140.730058],"中郷町汐見ケ丘5":[36.764753,140.733695],"中郷町汐見ケ丘6":[36.764089,140.7334],"中郷町汐見ケ丘2":[36.761814,140.732668],"中郷町汐見ケ丘3":[36.76301,140.733437],"中郷町汐見ケ丘4":[36.763662,140.733765],"磯原町豊田2":[36.795986,140.734908],"磯原町豊田1":[36.794184,140.734368],"磯原町磯原5":[36.797532,140.73819],"中郷町下桜井":[36.780382,140.73745],"磯原町磯原3":[36.792107,140.740072],"磯原町磯原2":[36.790077,140.743831],"磯原町磯原4":[36.794294,140.742409],"磯原町磯原":[36.809213,140.748238],"磯原町磯原6":[36.798172,140.741191],"磯原町磯原1":[36.791426,140.746329],"磯原町本町1":[36.789604,140.744302],"磯原町本町2":[36.789965,140.745785],"関南町神岡上":[36.825708,140.773999],"磯原町本町3":[36.790698,140.747208],"磯原町本町4":[36.791259,140.748386],"関南町神岡下":[36.829739,140.775944],"関南町関本下":[36.84059,140.77603],"関本町関本中":[36.853016,140.778826],"関南町里根川":[36.841846,140.778377],"関南町仁井田":[36.832071,140.778252],"大津町北町4":[36.842314,140.780993],"大津町北町1":[36.847492,140.778302],"大津町北町2":[36.846691,140.778715],"大津町北町3":[36.844816,140.778055],"大津町北町":[36.8413,140.782444],"大津町":[36.828148,140.795174],"平潟町":[36.849847,140.785175],"大津町字五浦2":[36.8277,140.796224],"大津町字五浦3":[36.832894,140.798763],"磯原町木皿":[36.796059,140.709638],"関本町福田":[36.844233,140.767797],"大津町字五浦1":[36.833261,140.800966]}