{"福原":[36.355677,140.184011],"稲田":[36.376678,140.22101],"片庭":[36.394303,140.217479],"大郷戸":[36.392665,140.222327],"本戸":[36.333118,140.2116],"飯合":[36.377268,140.220541],"箱田":[36.393112,140.223014],"上郷":[36.300657,140.253905],"来栖":[36.37543,140.244795],"石井":[36.390295,140.243474],"上加賀田":[36.336947,140.26527],"北吉原":[36.360397,140.244736],"下市毛":[36.370521,140.252879],"寺崎":[36.392891,140.257068],"南吉原":[36.359663,140.245739],"笠間":[36.362625,140.277383],"赤坂":[36.392368,140.252448],"日沢":[36.404733,140.253938],"下郷":[36.299084,140.290055],"石寺":[36.427536,140.246746],"泉":[36.283545,140.253288],"飯田":[36.404255,140.268975],"金井":[36.39826,140.263666],"手越":[36.357449,140.261281],"平町":[36.33725,140.300302],"大渕":[36.397571,140.263765],"南小泉":[36.321668,140.277007],"市野谷":[36.270015,140.267444],"大田町":[36.338191,140.300572],"福田":[36.414889,140.305594],"日草場":[36.373336,140.254356],"大橋":[36.418401,140.315164],"吉岡":[36.297976,140.29004],"下加賀田":[36.334643,140.288446],"福島":[36.274576,140.301474],"中市原":[36.381724,140.301624],"橋爪":[36.337942,140.298427],"押辺":[36.303379,140.306138],"上市原":[36.382766,140.303827],"南友部":[36.351752,140.306436],"下市原":[36.370753,140.297902],"大古山":[36.322752,140.295404],"土師":[36.303019,140.305369],"矢野下":[36.325232,140.310342],"八雲2":[36.347865,140.303584],"中央4":[36.340758,140.300159],"中央3":[36.346321,140.305356],"八雲1":[36.347702,140.307333],"友部駅前":[36.351338,140.308066],"小原":[36.3665,140.339479],"東平1":[36.350249,140.314879],"東平2":[36.346606,140.312214],"中央1":[36.344651,140.307768],"旭町":[36.334485,140.321302],"中央2":[36.343232,140.305414],"住吉":[36.312502,140.328364],"鴻巣":[36.350941,140.316534],"美原2":[36.341904,140.312926],"東平3":[36.348803,140.313862],"美原1":[36.344438,140.312835],"東平4":[36.347519,140.313596],"美原3":[36.342115,140.317331],"池野辺":[36.414468,140.339175],"湯崎":[36.311171,140.329548],"鯉淵":[36.350405,140.31686],"美原4":[36.340318,140.320718],"安居":[36.281164,140.325341],"随分附":[36.326359,140.332457],"長兎路":[36.304988,140.332781],"五平":[36.352454,140.336456],"仁古田":[36.302106,140.355104],"柏井":[36.31205,140.359841],"長兎路仁古田入会地":[36.312494,140.366641]}