{"新地町":[35.959131,140.123502],"城中町":[35.949003,140.142134],"刈谷町5":[35.972567,140.124787],"刈谷町4":[35.967176,140.125962],"田宮町":[35.975256,140.136783],"刈谷町1":[35.973128,140.125395],"刈谷町2":[35.971617,140.131613],"刈谷町3":[35.969587,140.131571],"牛久町":[35.974987,140.138525],"猪子町":[36.004134,140.137016],"遠山町":[35.951736,140.144085],"田宮2":[35.987194,140.142388],"田宮3":[35.975974,140.141072],"南7":[35.962184,140.143794],"東猯穴町":[36.01647,140.153438],"南1":[35.966386,140.142348],"中央5":[35.974052,140.141045],"中央1":[35.985438,140.147026],"南4":[35.966101,140.142658],"南2":[35.973382,140.145302],"中央3":[35.97576,140.144238],"柏田町":[35.969202,140.161413],"中央4":[35.976947,140.148985],"南6":[35.962974,140.148835],"中央2":[35.981309,140.149475],"東大和田町":[35.998636,140.152844],"南3":[35.970322,140.149361],"栄町1":[35.988778,140.149966],"ひたち野西1":[36.009804,140.151818],"南5":[35.965907,140.149794],"ひたち野西4":[36.004448,140.155608],"栄町6":[35.983701,140.152224],"栄町2":[35.987471,140.154668],"さくら台1":[35.957752,140.155671],"上柏田1":[35.993867,140.153326],"栄町3":[35.98713,140.153557],"栄町5":[35.979322,140.151985],"神谷1":[35.971752,140.153111],"神谷2":[35.966364,140.154407],"神谷6":[35.966997,140.153376],"栄町4":[35.983062,140.156603],"上柏田2":[35.993829,140.157602],"中根町":[36.007218,140.158397],"ひたち野西2":[36.01045,140.15444],"上柏田4":[35.985007,140.160587],"ひたち野西3":[36.007982,140.15824],"神谷5":[35.96421,140.157163],"さくら台2":[35.957374,140.158886],"上柏田3":[35.993269,140.162543],"ひたち野東5":[36.002017,140.159068],"下根町":[36.000877,140.159139],"神谷3":[35.968424,140.160807],"ひたち野東1":[36.007889,140.158975],"さくら台3":[35.959858,140.165413],"女化町":[35.955408,140.165844],"神谷4":[35.96666,140.159998],"ひたち野東4":[36.001917,140.163127],"ひたち野東2":[36.004569,140.172197],"さくら台4":[35.959133,140.165911],"岡見町":[35.973393,140.187966],"ひたち野東3":[36.001567,140.17502],"結束町":[35.967332,140.171368],"上太田町":[35.95654,140.185856],"福田町":[35.968202,140.204615],"小坂町":[35.957249,140.214862],"久野町":[35.955853,140.238675],"正直町":[35.957254,140.226037],"島田町":[35.955483,140.228557],"桂町":[35.973948,140.235],"奥原町":[35.956617,140.251206],"井ノ岡町":[35.954425,140.24336],"庄兵衛新田町":[35.951195,140.133488]}