{"上郷":[36.075502,140.002786],"吉沼":[36.128185,140.013771],"安食":[36.168777,140.025932],"高良田":[36.070588,140.012924],"高須賀":[36.070585,140.013289],"田倉":[36.117707,140.01706],"西高野":[36.132774,140.025727],"手子生":[36.104428,140.032215],"寺具":[36.176468,140.026106],"上里":[36.132229,140.025427],"緑ケ原1":[36.114565,140.020152],"木俣":[36.089551,140.024296],"中別府":[36.075165,140.028538],"作谷":[36.169814,140.028134],"緑ケ原4":[36.112643,140.024272],"真瀬":[36.038343,140.046189],"下別府":[36.073584,140.030632],"大砂":[36.14498,140.044906],"今鹿島":[36.110791,140.046779],"緑ケ原2":[36.115317,140.027919],"鍋沼新田":[36.058324,140.035074],"高野":[36.109321,140.048812],"上河原崎":[36.079777,140.03432],"野畑":[36.092456,140.037169],"大久保":[36.145045,140.043349],"下河原崎":[36.069465,140.042556],"洞下":[36.202222,140.051472],"豊里の杜2":[36.100631,140.046836],"鬼ケ窪":[36.09098,140.048104],"百家":[36.091688,140.048308],"島名":[36.068529,140.052788],"北原":[36.155973,140.05488],"長高野":[36.138316,140.055747],"和台":[36.156459,140.05477],"和台原":[36.166986,140.051956],"豊里の杜1":[36.103735,140.049449],"沼崎":[36.110638,140.072539],"花島新田":[36.030725,140.051005],"高野原新田":[36.184945,140.051092],"上菅間":[36.203196,140.07204],"上大島":[36.223092,140.075344],"水守":[36.170137,140.052167],"磯部":[36.187517,140.055222],"みどりの1":[36.031101,140.054584],"明石":[36.186373,140.056216],"谷田部":[36.040208,140.056604],"みどりの2":[36.034103,140.048449],"前野":[36.137526,140.068191],"酒丸":[36.104538,140.064586],"上萱丸":[36.032186,140.054482],"池田":[36.192842,140.070094],"篠崎":[36.136943,140.068992],"高田":[36.083974,140.061372],"みどりの中央":[36.019059,140.063744],"土田":[36.08704,140.061795],"田中":[36.177177,140.073276],"中東":[36.104543,140.063863],"中菅間":[36.197794,140.072628],"国松":[36.215373,140.08098],"下萱丸":[36.032274,140.061104],"田水山":[36.178977,140.063917],"東光台1":[36.098165,140.065442],"面野井":[36.074579,140.072606],"遠東":[36.092683,140.071846],"水堀":[36.063789,140.068774],"西栗山":[36.01481,140.063831],"東光台2":[36.098215,140.067225],"東光台5":[36.084838,140.064767],"東光台4":[36.093373,140.067357],"上沢":[36.156991,140.071439],"中野":[36.019575,140.065654],"大穂":[36.151885,140.07268],"東光台3":[36.093801,140.069453],"飯田":[36.014848,140.0707],"旭":[36.108781,140.073468],"平":[36.053972,140.067162],"御幸が丘":[36.070175,140.079904],"大白硲":[36.052968,140.067716],"小白硲":[36.051281,140.076191],"研究学園3":[36.088046,140.074622],"南原":[36.127554,140.0761],"山木":[36.153578,140.0787],"研究学園2":[36.081688,140.071079],"根崎":[36.009058,140.073351],"学園南1":[36.080106,140.071983],"蓮沼":[36.1234,140.083052],"学園の森1":[36.091719,140.072466],"立原":[36.130874,140.077856],"大貫":[36.196158,140.077079],"西岡":[36.069806,140.089728],"苅間":[36.085109,140.096491],"西沢":[36.112215,140.074879],"研究学園1":[36.084544,140.078509],"西大橋":[36.070186,140.091867],"研究学園4":[36.087402,140.079779],"学園の森2":[36.091222,140.080997],"沼田":[36.21204,140.089574],"大曽根":[36.132631,140.092856],"八幡台":[36.055222,140.078238],"境松":[36.007828,140.081726],"筑穂3":[36.129444,140.082988],"佐":[36.152474,140.081231],"泉":[36.171655,140.087347],"境田":[36.011735,140.081453],"杉木":[36.187351,140.077725],"筑穂2":[36.130879,140.082045],"台町1":[36.036987,140.077999],"山中":[36.064225,140.080878],"小沢":[36.182634,140.083094],"神郡":[36.190265,140.091034],"北条":[36.181602,140.083303],"筑穂1":[36.137618,140.08204],"学園南2":[36.08156,140.084695],"漆所":[36.194924,140.078789],"筑波":[36.215306,140.11214],"柳橋":[36.062298,140.07815],"研究学園5":[36.082096,140.082835],"新井":[36.064084,140.078895],"小泉":[36.174662,140.085051],"台町2":[36.037357,140.084507],"学園の森3":[36.100901,140.084555],"上横場":[36.037344,140.093993],"花畑2":[36.132907,140.087143],"若森":[36.146508,140.089644],"台町3":[36.032199,140.086016],"緑が丘":[36.010209,140.086388],"北郷":[36.104962,140.08505],"君島":[36.166949,140.088772],"学園南3":[36.080837,140.092188],"東丸山":[36.018017,140.084859],"駒込":[35.996842,140.094079],"西平塚":[36.1019,140.085954],"花畑1":[36.128713,140.085288],"大わし":[36.053917,140.090056],"研究学園6":[36.081366,140.091226],"花畑3":[36.132109,140.093362],"島":[36.063287,140.089001],"葛城根崎":[36.079597,140.089466],"小山":[35.987678,140.089308],"臼井":[36.203657,140.099301],"観音台1":[36.028261,140.090957],"羽成":[36.027273,140.09157],"松代1":[36.069661,140.098448],"手代木":[36.059556,140.089977],"今泉":[36.036873,140.092914],"房内":[36.009336,140.093638],"東平塚":[36.099994,140.097857],"梅ケ丘":[35.985582,140.093658],"下平塚":[36.087001,140.090462],"天王台3":[36.12487,140.092719],"上岩崎":[35.972197,140.097194],"西郷":[36.070085,140.092363],"研究学園7":[36.082564,140.092083],"藤本":[36.048634,140.093411],"春日2":[36.082007,140.106536],"春日3":[36.091082,140.100259],"北太田":[36.14389,140.100536],"天王台1":[36.112377,140.105369],"玉取":[36.132585,140.093425],"若栗":[36.010273,140.105876],"大舟戸":[35.966145,140.103021],"鹿島台":[36.134587,140.098711],"観音台2":[36.032561,140.103271],"春日4":[36.099854,140.098359],"茎崎":[35.99406,140.097653],"栗原":[36.119055,140.120544],"松代2":[36.070095,140.098707],"天王台2":[36.118234,140.099548],"天久保3":[36.104146,140.098994],"榎戸":[36.048978,140.102652],"平沢":[36.178015,140.106158],"松代3":[36.069074,140.099214],"小野崎":[36.070765,140.112853],"九万坪":[36.005747,140.102978],"天久保2":[36.096091,140.110622],"自由ケ丘":[35.962027,140.108645],"六斗":[36.001051,140.099902],"桜が丘":[36.010903,140.102327],"観音台3":[36.028893,140.102416],"松代4":[36.063174,140.104785],"春日1":[36.086353,140.105436],"下岩崎":[35.964495,140.108747],"若葉":[36.020823,140.10175],"西大沼":[36.06319,140.110692],"松代5":[36.062895,140.109645],"細見":[35.957463,140.102876],"森の里":[35.993998,140.106156],"北中妻":[36.034718,140.107507],"小田":[36.143824,140.114674],"天久保1":[36.091336,140.111499],"柴崎":[36.100448,140.120256],"中山":[36.020997,140.106008],"山口":[36.165775,140.119716],"小和田":[36.163693,140.114195],"中内":[36.046907,140.110812],"稲荷原":[36.008196,140.106883],"吾妻3":[36.090971,140.111778],"館野":[36.047194,140.116877],"南中妻":[36.033709,140.108495],"吾妻2":[36.08231,140.106943],"妻木":[36.088344,140.120548],"吾妻1":[36.082734,140.113534],"桜2":[36.113859,140.113754],"天久保4":[36.102476,140.110463],"東新井":[36.072265,140.112664],"上原":[36.057198,140.120549],"小茎":[35.987478,140.118267],"泊崎":[35.958477,140.113397],"小野川":[36.049578,140.122275],"桜1":[36.111048,140.117435],"松野木":[36.057393,140.118333],"あしび野":[35.960669,140.112778],"竹園1":[36.078632,140.116342],"高崎":[35.994493,140.120368],"上野":[36.113625,140.113452],"高野台1":[36.02238,140.11715],"桜3":[36.115066,140.116141],"高野台2":[36.027929,140.114922],"菅間":[36.018016,140.116424],"二の宮3":[36.070438,140.114274],"池の台":[36.017012,140.121803],"富士見台":[35.949886,140.119417],"二の宮1":[36.072441,140.115322],"二の宮4":[36.061765,140.119542],"吾妻4":[36.088944,140.115206],"竹園2":[36.076166,140.12239],"赤塚":[36.044347,140.129421],"千現1":[36.075782,140.125205],"二の宮2":[36.061201,140.120923],"大形":[36.143083,140.121271],"竹園3":[36.078859,140.128104],"上境":[36.109697,140.144074],"下横場":[36.025729,140.129039],"高野台3":[36.023268,140.126894],"花室":[36.093212,140.130455],"花園":[36.08622,140.121902],"千現2":[36.06765,140.130574],"城山":[35.990894,140.125239],"天宝喜":[35.981517,140.128992],"長峰":[36.057343,140.122697],"下原":[36.038142,140.126296],"宝陽台":[35.978532,140.127604],"稲荷前":[36.050236,140.129873],"梶内":[36.038048,140.125046],"東岡":[36.093558,140.13008],"金田":[36.098645,140.122193],"西大井":[36.016956,140.131126],"倉掛":[36.075804,140.125648],"牧園":[36.022074,140.128647],"栄":[36.105623,140.136905],"東1":[36.060445,140.132914],"上ノ室":[36.075721,140.147866],"市之台":[36.02303,140.133275],"松の里":[36.007025,140.133375],"高見原3":[36.002065,140.133031],"高見原2":[35.994388,140.131771],"新牧田":[36.032178,140.129971],"高見原5":[35.993768,140.127088],"中根":[36.110058,140.143039],"東2":[36.050037,140.132874],"高見原4":[35.988801,140.133574],"横町":[36.105572,140.137552],"稲岡":[36.030726,140.140699],"池向":[36.017505,140.137431],"明神":[35.987339,140.132898],"並木1":[36.069809,140.136946],"大井":[36.016879,140.138576],"樋の沢":[36.02245,140.133652],"下大島":[36.13396,140.141405],"高見原1":[35.991442,140.138293],"梅園1":[36.060501,140.141257],"並木2":[36.064561,140.140913],"梅園2":[36.057797,140.143845],"北中島":[36.021851,140.142202],"大角豆":[36.072026,140.135401],"古来":[36.08839,140.147916],"並木4":[36.058389,140.145014],"並木3":[36.062957,140.150409],"松塚":[36.109871,140.143627],