{"大字津田":[36.40466,140.503891],"大字枝川":[36.378482,140.494788],"大字市毛":[36.39081,140.506696],"津田東4":[36.412799,140.502353],"津田東3":[36.409801,140.502956],"大字後台":[36.418354,140.499579],"津田東2":[36.406464,140.506801],"津田東1":[36.408935,140.507758],"大字勝倉":[36.37676,140.510349],"大字堀口":[36.387765,140.514456],"大字田彦":[36.413565,140.514041],"大字武田":[36.382956,140.520634],"大字佐和":[36.45315,140.527948],"勝田中原町":[36.392493,140.51833],"大字東石川":[36.388633,140.537735],"勝田本町":[36.392843,140.523363],"大字稲田":[36.432563,140.531546],"西大島1":[36.403753,140.520974],"大字高場":[36.424637,140.530968],"西大島3":[36.406686,140.52528],"勝田泉町":[36.390368,140.526405],"春日町":[36.388215,140.52638],"西大島2":[36.406152,140.52821],"勝田中央":[36.394327,140.530868],"元町":[36.395535,140.524935],"共栄町":[36.397994,140.527557],"表町":[36.386348,140.527714],"東大島1":[36.400729,140.526306],"堂端2":[36.409595,140.527358],"石川町":[36.39328,140.530616],"東石川1":[36.395928,140.52856],"東大島2":[36.406051,140.532272],"堂端1":[36.408417,140.529245],"西光地1":[36.410438,140.530444],"東大島3":[36.402957,140.535252],"大成町":[36.384416,140.53592],"青葉町":[36.386143,140.52903],"高場6":[36.428329,140.532426],"東大島4":[36.403237,140.534791],"高場5":[36.432028,140.531477],"西光地2":[36.413367,140.531038],"東石川3":[36.393337,140.531285],"高場3":[36.428071,140.53333],"大字金上":[36.366348,140.533127],"外野2":[36.40891,140.534769],"西光地3":[36.421691,140.535059],"東石川2":[36.397794,140.532397],"大平4":[36.380858,140.536083],"大平1":[36.383926,140.535733],"外野1":[36.405594,140.538978],"高場4":[36.428426,140.536034],"大平3":[36.379038,140.536755],"高場2":[36.423475,140.534631],"長堀町1":[36.390132,140.537509],"はしかべ2":[36.409596,140.541471],"稲田2":[36.433987,140.538259],"高場1":[36.430293,140.539916],"大平2":[36.37995,140.540777],"はしかべ1":[36.406982,140.543385],"大字三反田":[36.367486,140.538043],"長堀町2":[36.391617,140.541857],"大字高野":[36.422931,140.545068],"長堀町3":[36.3884,140.544314],"稲田1":[36.433754,140.539098],"笹野町1":[36.397773,140.541814],"大字中根":[36.397677,140.553144],"小砂町1":[36.386975,140.544709],"小貫山1":[36.433892,140.543021],"笹野町2":[36.397365,140.543294],"松戸町1":[36.391964,140.545945],"松戸町3":[36.388979,140.546232],"小貫山2":[36.429543,140.547834],"笹野町3":[36.395866,140.548101],"松戸町2":[36.393496,140.549476],"大字足崎":[36.414085,140.552537],"大字馬渡":[36.40628,140.596396],"上野2":[36.392309,140.556665],"後野2":[36.390043,140.558552],"後野1":[36.393812,140.56032],"柳沢":[36.352812,140.578892],"美田多町":[36.35304,140.561533],"阿字ケ浦町":[36.376115,140.593178],"部田野":[36.375651,140.575113],"山崎":[36.377238,140.573277],"柳が丘":[36.354732,140.572498],"大字長砂":[36.42255,140.612141],"関戸":[36.34739,140.576658],"峰後":[36.349678,140.5773],"国神前":[36.347061,140.577848],"栄町2":[36.345043,140.58051],"新光町":[36.403447,140.583295],"田中後":[36.349773,140.58154],"獅子前":[36.352648,140.582211],"栄町1":[36.340051,140.585953],"相金町":[36.35094,140.588753],"釈迦町":[36.345401,140.587667],"小谷金":[36.362597,140.586291],"新堤":[36.356579,140.589094],"山ノ上町":[36.340733,140.584695],"幸町":[36.347527,140.585756],"海門町2":[36.339715,140.589432],"西十三奉行":[36.361592,140.595717],"洞下町":[36.345661,140.588702],"館山":[36.349812,140.587454],"湊中央1":[36.340215,140.589056],"湊中央2":[36.344328,140.591283],"八幡町":[36.344994,140.590724],"田宮原":[36.355436,140.591244],"海門町1":[36.337451,140.593117],"湊本町":[36.339527,140.594909],"北神敷台":[36.357143,140.594733],"南神敷台":[36.351576,140.5956],"湊泉町":[36.346822,140.594687],"鍛治屋窪":[36.352008,140.592064],"東本町":[36.346472,140.59518],"船窪":[36.348121,140.593951],"西赤坂":[36.356631,140.595616],"狢谷津":[36.348598,140.59811],"赤坂":[36.355019,140.59614],"和田町1":[36.344082,140.598495],"富士ノ上":[36.346248,140.595925],"十三奉行":[36.360893,140.597479],"鶴代":[36.359394,140.599231],"湊中原":[36.350647,140.598996],"和田町2":[36.344048,140.600091],"和田町3":[36.342071,140.60268],"和尚塚":[36.356974,140.600121],"烏ケ台":[36.37039,140.602134],"浅井内":[36.349611,140.600468],"牛久保2":[36.347734,140.602225],"道メキ":[36.354479,140.603559],"牛久保1":[36.347212,140.60308],"殿山町2":[36.352462,140.60699],"平磯遠原町":[36.363421,140.605979],"沢メキ":[36.354456,140.604994],"平磯町":[36.355243,140.612316],"殿山町1":[36.345484,140.607153],"磯崎町":[36.375782,140.625683],"雨沢谷津":[36.358409,140.58413],"廻り目":[36.351926,140.595803],"四十発句":[36.351571,140.589571]}