{"永山":[35.961561,140.509069],"清水":[35.987622,140.524214],"牛堀":[35.959888,140.511457],"堀之内":[35.962891,140.524295],"上戸":[35.955062,140.518993],"島須":[35.95836,140.524156],"茂木":[35.982599,140.534189],"潮来":[35.94262,140.544594],"大塚野2":[35.946676,140.537714],"大塚野1":[35.942994,140.543081],"大賀":[36.004375,140.543121],"大生":[35.990407,140.545328],"築地":[35.971966,140.564017],"辻":[35.961005,140.546412],"あやめ1":[35.937365,140.54946],"あやめ2":[35.936022,140.55059],"釜谷":[35.999906,140.5629],"川尾":[35.969713,140.565882],"古高":[35.970664,140.567251],"須賀南":[35.948847,140.5689],"日の出8":[35.936757,140.560374],"須賀":[35.950266,140.568066],"大洲":[35.939637,140.568554],"水原":[35.983744,140.5817],"日の出7":[35.939001,140.565267],"日の出6":[35.930758,140.571137],"日の出5":[35.930397,140.575923],"曲松":[35.950447,140.569308],"小泉":[35.956737,140.567684],"曲松南":[35.948951,140.569172],"日の出3":[35.934681,140.571721],"日の出4":[35.932878,140.575069],"小泉南":[35.956591,140.581648],"新宮":[35.965618,140.573348],"日の出2":[35.935528,140.581272],"大山":[35.962987,140.576527],"日の出1":[35.935209,140.582328],"福島":[35.931674,140.590298],"延方":[35.94307,140.587617],"前川":[35.95313,140.603132],"延方西":[35.956368,140.588438],"新宮南":[35.957135,140.585572],"宮前2":[35.958116,140.58801],"宮前1":[35.956661,140.589454],"下田":[35.960052,140.594152],"米島":[35.944543,140.587651],"洲崎":[35.954935,140.598705],"延方東":[35.955501,140.589996],"徳島":[35.925623,140.614392]}