{"舟生":[36.247793,139.936381],"板橋":[36.250175,139.934775],"布川":[36.275903,139.936368],"辻":[36.24708,139.983655],"藤ケ谷":[36.275382,139.936292],"幸町1":[36.28517,139.936449],"上野":[36.244535,139.93414],"玉戸":[36.287797,139.936526],"花橋":[36.239936,139.943277],"花田":[36.239585,139.942335],"幸町2":[36.28312,139.941233],"犬塚":[36.249621,139.951901],"幸町3":[36.283047,139.945335],"西方":[36.288486,139.952199],"関舘":[36.23361,139.970159],"下野殿":[36.272347,139.972518],"野殿":[36.272016,139.957453],"嘉家佐和":[36.26505,139.972127],"井上":[36.254398,139.977414],"中村新田":[36.232818,139.969673],"木戸":[36.232416,139.979604],"梶内":[36.234401,139.978463],"一本松":[36.289213,139.95301],"二木成":[36.288005,139.974472],"黒子":[36.249613,139.981212],"西榎生":[36.288387,139.984361],"野田":[36.281928,139.988034],"旭ヶ丘":[36.26348,139.988304],"西石田":[36.27568,139.992517],"稲荷":[36.240719,139.988817],"東榎生":[36.284588,139.989716],"西保末":[36.245348,139.99719],"上川中子":[36.286499,139.995855],"下川中子":[36.264067,140.001297],"飯田":[36.267775,139.994112],"川連":[36.283,140.002084],"大林":[36.253797,139.994649],"古内":[36.263904,140.002037],"徳持":[36.290133,140.01617],"谷原":[36.226394,140.001735],"東保末":[36.246999,140.005724],"村田":[36.288294,140.020539],"大塚":[36.290197,140.013582],"吉田":[36.270812,140.001669],"海老江":[36.247403,140.006111],"竹垣":[36.256868,140.011759],"赤浜":[36.217249,140.024961],"築地":[36.249944,140.013471],"深見":[36.29868,140.000204],"中上野":[36.230351,140.018088],"鷺島":[36.240019,140.01999],"高津":[36.230626,140.018038],"松原":[36.278032,140.020861],"成井":[36.234096,140.016934],"鍋山":[36.274141,140.031544],"新井新田":[36.248937,140.025088],"寺上野":[36.219562,140.04257],"桑山":[36.309351,140.027527],"向上野":[36.218588,140.043101],"倉持":[36.246605,140.02973],"内淀":[36.274624,140.031203],"海老ヶ島":[36.246786,140.03022],"猫島":[36.281995,140.037535],"田宿":[36.272154,140.039131],"山王堂":[36.237897,140.045921],"宮山":[36.255809,140.05553],"東石田":[36.218624,140.045591],"中根":[36.238112,140.046703],"宮後":[36.274706,140.058657],"押尾":[36.256038,140.056772],"有田":[36.24493,140.056197],"上西郷谷":[36.274803,140.059132],"下川島":[36.290386,139.905174],"伊佐山":[36.291959,139.914907],"小川":[36.314243,139.92645],"下江連":[36.333871,139.931026],"女方":[36.288016,139.920239],"伊讃美":[36.310362,139.927529],"大谷":[36.331951,139.936649],"上平塚":[36.312083,139.93086],"西山田":[36.334419,139.935218],"飯島":[36.310735,139.931051],"森添島":[36.33621,139.938254],"山崎":[36.327032,139.943996],"下平塚":[36.310045,139.935615],"五所宮":[36.327824,139.943575],"笹塚":[36.3055,139.953356],"掉ヶ島":[36.331606,139.953902],"栗島":[36.323115,139.954854],"小塙":[36.338158,139.950349],"子思儀":[36.343119,139.958186],"神分":[36.304969,139.953037],"灰塚":[36.328645,139.959975],"西大島":[36.308747,139.958211],"泉":[36.331271,139.960444],"石塔":[36.334626,139.96398],"外塚":[36.30941,139.962475],"石原田":[36.311914,139.961429],"口戸":[36.349545,139.965373],"筑瀬":[36.344838,139.963443],"谷中":[36.322834,139.963027],"岡芹":[36.322767,139.976019],"林":[36.34207,139.965162],"柴山":[36.344201,139.96804],"西谷貝":[36.310356,139.962926],"菅谷":[36.307915,139.967559],"樋口":[36.364375,139.967251],"谷部":[36.336636,139.970988],"折本":[36.339372,139.971895],"乙":[36.309643,139.967764],"みどり町2":[36.298171,139.971305],"みどり町1":[36.301671,139.974981],"中舘":[36.325053,139.975861],"国府田":[36.348639,139.977181],"甲":[36.316973,139.975948],"蒔田":[36.349505,139.97725],"落合":[36.361034,139.994389],"小林":[36.319004,139.978221],"上中山":[36.334445,139.988826],"丙":[36.307317,139.981765],"稲野辺":[36.318862,139.979419],"高島":[36.33174,139.985353],"下岡崎2":[36.303615,139.98174],"下岡崎1":[36.305921,139.981959],"榎生1":[36.29655,139.981502],"下岡崎3":[36.298693,139.981785],"下中山":[36.306517,139.982282],"市野辺":[36.314698,139.990278],"川澄":[36.334489,140.000149],"野":[36.33835,139.991914],"横島":[36.316777,139.997641],"成田":[36.304847,139.993523],"塚原":[36.303599,139.991717],"羽方":[36.349334,140.000807],"島":[36.300635,139.991764],"下高田":[36.361337,139.997734],"蕨":[36.29672,139.993956],"直井":[36.312834,139.999106],"大関":[36.336668,139.997288],"金丸":[36.311904,139.999075],"八田":[36.359996,140.002925],"井出蛯沢":[36.336421,140.000852],"奥田":[36.364071,140.002936],"向川澄":[36.328631,140.013229],"小栗":[36.364195,140.003751],"茂田":[36.308028,140.000476],"横塚":[36.306803,140.015807],"門井":[36.330426,140.014798],"蓮沼":[36.320058,140.031494],"細田":[36.324557,140.03625],"谷永島":[36.30985,140.028333],"久地楽":[36.339926,140.037391],"新治":[36.326737,140.037181],"蓬田":[36.360548,140.035567],"知行":[36.306775,140.034858],"清水":[36.301454,140.040038],"三郷":[36.331359,140.041659],"柳":[36.325598,140.035927],"上星谷":[36.323245,140.040675],"古郡":[36.349787,140.038394],"下星谷":[36.31113,140.045765],"下郷谷":[36.307514,140.046838],"大島":[36.306636,140.046827],"八幡":[36.321417,140.047813],"下岡崎":[36.3022,139.985669],"関本上":[36.271136,139.910024],"関本分中":[36.245849,139.925108],"関本肥土":[36.250915,139.917896],"関本下":[36.250847,139.930547],"関本上中":[36.258459,139.915989],"船玉":[36.270809,139.911706],"江":[36.238871,139.920326],"関本中":[36.240729,139.907388]}