{"上根本":[35.91909,140.259374],"下根本":[35.919741,140.25883],"上君山":[35.929033,140.273148],"月出里":[35.980875,140.280021],"蒲ケ山":[35.969861,140.273299],"松山":[35.92469,140.288136],"下君山":[35.923994,140.287592],"中山":[35.91073,140.283285],"羽賀":[35.93735,140.298815],"角崎":[35.906578,140.28639],"沼田":[35.956615,140.316361],"伊佐津":[35.917706,140.292764],"時崎":[35.9562,140.28723],"犬塚":[35.964802,140.286909],"狸穴":[35.917901,140.290107],"柴崎":[35.907833,140.286947],"江戸崎":[35.978542,140.312192],"戌渡":[35.893937,140.306843],"小羽賀":[35.945843,140.303927],"伊崎":[35.894034,140.308085],"村田":[35.944964,140.305387],"下太田":[35.914551,140.308962],"寺内":[35.92384,140.31759],"南太田":[35.897361,140.323134],"太田":[35.917971,140.329346],"小野":[35.924963,140.318377],"佐倉":[35.97487,140.323397],"駒塚":[35.934587,140.336127],"鳩崎":[35.992535,140.340217],"高田":[35.943145,140.349649],"堀川":[35.926777,140.328349],"稲波":[35.973339,140.346084],"椎塚":[35.928266,140.342751],"桑山":[35.92721,140.341648],"南ケ丘":[35.932475,140.336513],"信太古渡":[35.975909,140.338087],"清水":[35.929994,140.343071],"羽生":[35.96568,140.351842],"古渡":[35.975526,140.362272],"堀之内":[35.95498,140.355712],"町田":[35.909189,140.349998],"東大沼":[35.939199,140.353798],"柏木古渡":[35.970779,140.356072],"柏木":[35.964883,140.360984],"市崎":[35.936787,140.365588],"神宮寺":[35.950791,140.37251],"飯出":[35.981821,140.37407],"福田":[35.939561,140.376746],"岡飯出":[35.981263,140.374524],"阿波":[35.951174,140.374661],"中島":[35.932499,140.382724],"幸田":[35.940144,140.389915],"四箇":[35.966553,140.396224],"余津谷":[35.909827,140.384747],"清久島":[35.910645,140.387838],"光葉":[35.940216,140.388718],"脇川":[35.923041,140.386459],"橋向":[35.911207,140.390069],"三次":[35.978344,140.39772],"神崎本宿":[35.925407,140.388854],"甘田":[35.964963,140.416447],"釜井":[35.939707,140.39127],"佐原組新田":[35.933862,140.412478],"上馬渡":[35.97063,140.398555],"南山来":[35.965758,140.397206],"須賀津":[35.970501,140.407377],"押砂":[35.91195,140.409779],"浮島":[35.951855,140.484531],"下馬渡":[35.969683,140.400047],"伊佐部":[35.937757,140.420812],"阿波崎":[35.939116,140.420963],"手賀組新田":[35.923069,140.432718],"曲渕":[35.910214,140.420109],"四ツ谷":[35.910744,140.424669],"下須田":[35.952628,140.424321],"八千石":[35.939084,140.43449],"上須田":[35.94097,140.437004],"六角":[35.916679,140.441177],"結佐":[35.927445,140.457078],"上之島":[35.925644,140.464645],"本新":[35.94986,140.492448],"石納":[35.924886,140.465784],"西代":[35.913255,140.484557],"飯島":[35.913327,140.484878],"八筋川":[35.941349,140.498397],"佐原下手":[35.930965,140.492872],"境島":[35.949621,140.502839],"大島":[35.957498,140.504355],"三島":[35.958151,140.507418],"西の洲":[35.984648,140.397829],"新橋":[35.914842,140.348766]}