{"上野原地新田":[36.355599,140.050914],"本郷":[36.362484,140.056422],"大国玉":[36.3248,140.07913],"真壁町上谷貝":[36.313274,140.053513],"下泉":[36.35611,140.050693],"堤上":[36.372533,140.064037],"真壁町下谷貝":[36.291783,140.071483],"金敷":[36.322347,140.053337],"高森":[36.343273,140.077947],"中泉":[36.351648,140.077769],"真壁町細芝":[36.281501,140.066912],"真壁町大塚新田":[36.307305,140.071826],"西飯岡":[36.366341,140.082354],"大泉":[36.398006,140.096375],"長方":[36.357326,140.082775],"真壁町源法寺":[36.275502,140.073869],"真壁町酒寄":[36.23211,140.076895],"真壁町椎尾":[36.256844,140.079094],"真壁町東矢貝":[36.294772,140.084338],"真壁町塙世":[36.280461,140.085976],"高久":[36.309188,140.089411],"真壁町東山田":[36.255488,140.08581],"羽田":[36.32582,140.092371],"真壁町亀熊":[36.28039,140.101012],"青木":[36.358083,140.091995],"真壁町羽鳥":[36.233618,140.105023],"真壁町原方":[36.297002,140.099753],"飯渕":[36.379136,140.088552],"真壁町伊佐々":[36.269029,140.090488],"久原":[36.376467,140.094779],"富岡":[36.371122,140.092295],"真壁町飯塚":[36.275405,140.095044],"鍬田":[36.358093,140.090272],"真壁町田":[36.274178,140.098902],"阿部田":[36.320124,140.099834],"富谷":[36.375161,140.116488],"本木":[36.331988,140.123592],"犬田":[36.354429,140.112305],"岩瀬":[36.371472,140.134031],"真壁町真壁":[36.277273,140.102694],"西桜川3":[36.363928,140.102364],"東飯田":[36.311199,140.116733],"真壁町桜井":[36.276397,140.136423],"真壁町山尾":[36.263427,140.128689],"御領3":[36.366728,140.104118],"真壁町古城":[36.276889,140.103531],"真壁町長岡":[36.292501,140.123291],"御領2":[36.366024,140.102358],"大曽根":[36.317003,140.126116],"御領1":[36.365898,140.106016],"西桜川2":[36.363849,140.10528],"門毛":[36.40174,140.135763],"真壁町白井":[36.286252,140.128544],"西桜川1":[36.363915,140.108846],"明日香1":[36.365442,140.108963],"明日香4":[36.367832,140.110393],"真壁町上小幡":[36.301025,140.121561],"東桜川1":[36.363733,140.111774],"真壁町下小幡":[36.297912,140.117174],"明日香2":[36.36587,140.11102],"水戸":[36.355509,140.12212],"中里":[36.381116,140.119384],"青柳":[36.360026,140.121141],"明日香3":[36.365212,140.113066],"東桜川2":[36.361989,140.113526],"富士見台1":[36.363722,140.1144],"入野":[36.393963,140.131177],"富士見台3":[36.365772,140.11585],"東桜川3":[36.360939,140.116842],"富士見台4":[36.364711,140.118153],"富士見台2":[36.362777,140.117548],"上城":[36.35221,140.131345],"南飯田":[36.382355,140.136171],"友部":[36.358069,140.147374],"松田":[36.346677,140.145042],"磯部":[36.371058,140.144714],"亀岡":[36.378801,140.14578],"間中":[36.392031,140.144467],"西小塙":[36.356896,140.162269],"猿田":[36.335643,140.156386],"稲":[36.372838,140.153923],"曽根":[36.337532,140.153022],"平沢":[36.386583,140.155675],"加茂部":[36.352036,140.166633],"福崎":[36.379288,140.154337],"高幡":[36.337666,140.162216],"木植":[36.32945,140.166044],"大月":[36.364276,140.176288],"池亀":[36.390047,140.172568],"小塩":[36.38142,140.161366],"坂本":[36.372186,140.173204],"山口":[36.390368,140.184668],"今泉":[36.330024,140.165242]}