{"賀":[35.896559,140.622368],"下幡木":[35.922079,140.632328],"筒井":[35.902944,140.626438],"息栖":[35.875219,140.635054],"鰐川":[35.925849,140.632692],"平泉":[35.909048,140.640961],"大野原中央4":[35.885136,140.634459],"大野原中央3":[35.889027,140.637454],"堀割1":[35.919875,140.637614],"大野原5":[35.891623,140.637651],"堀割2":[35.923471,140.635625],"大野原4":[35.898455,140.635838],"大野原中央5":[35.882259,140.641722],"高浜":[35.870859,140.649432],"大野原6":[35.890214,140.641004],"居切":[35.921877,140.652265],"大野原中央2":[35.884887,140.643394],"平泉東1":[35.902944,140.640181],"堀割3":[35.920966,140.639],"神栖1":[35.899149,140.647611],"大野原3":[35.896122,140.64507],"深芝":[35.910334,140.642821],"平泉東2":[35.903997,140.645916],"大野原中央6":[35.878816,140.646045],"大野原7":[35.88951,140.646374],"神栖2":[35.899347,140.650805],"平泉東3":[35.9074,140.643495],"大野原2":[35.8946,140.649955],"大野原中央1":[35.882734,140.648532],"石神":[35.870762,140.650096],"大野原8":[35.887271,140.651416],"深芝南2":[35.909191,140.648714],"田畑":[35.883022,140.65283],"神栖3":[35.904959,140.653535],"深芝南1":[35.910322,140.651967],"大野原1":[35.892591,140.655018],"深芝南3":[35.911106,140.650781],"神栖4":[35.909468,140.654566],"木崎":[35.887327,140.658981],"深芝南4":[35.917096,140.655686],"深芝南5":[35.912508,140.655249],"溝口":[35.872197,140.669516],"芝崎":[35.865445,140.657369],"東深芝":[35.905217,140.665835],"萩原":[35.863743,140.676366],"知手":[35.890943,140.721492],"奥野谷":[35.899404,140.680307],"日川":[35.861555,140.701112],"東和田":[35.887406,140.705004],"知手中央10":[35.877643,140.69995],"横瀬":[35.844245,140.707157],"知手中央9":[35.874568,140.697168],"知手中央1":[35.881804,140.704992],"北浜":[35.917057,140.706799],"知手中央8":[35.865252,140.709134],"知手中央6":[35.876173,140.707614],"知手中央7":[35.868757,140.710613],"知手中央2":[35.884229,140.712427],"知手中央3":[35.88183,140.714048],"太田":[35.837187,140.715024],"砂山":[35.840214,140.741006],"知手中央5":[35.875643,140.709155],"知手中央4":[35.877475,140.717144],"柳川":[35.846626,140.750232],"南浜":[35.882878,140.729293],"太田新町5":[35.834142,140.725317],"太田新町4":[35.833458,140.728813],"太田新町2":[35.832024,140.730549],"太田新町3":[35.834111,140.730202],"太田新町1":[35.832887,140.731239],"矢田部":[35.775977,140.770845],"若松中央2":[35.83505,140.736515],"柳川中央2":[35.862049,140.736897],"若松中央3":[35.834359,140.737746],"柳川中央1":[35.860328,140.738836],"若松中央1":[35.836812,140.740016],"若松中央4":[35.83572,140.740685],"若松中央5":[35.834344,140.741811],"須田":[35.844459,140.751638],"土合西2":[35.795228,140.770663],"土合西1":[35.792901,140.771258],"土合南3":[35.790732,140.771203],"土合西3":[35.7985,140.775028],"土合南2":[35.788106,140.775454],"土合本町5":[35.799921,140.780915],"土合中央3":[35.7909,140.773387],"土合中央2":[35.789806,140.776859],"土合南1":[35.787456,140.77671],"土合西4":[35.802208,140.779875],"土合本町3":[35.794281,140.778293],"土合東2":[35.783456,140.780531],"土合本町4":[35.796669,140.777769],"土合本町2":[35.790342,140.780248],"土合中央1":[35.78814,140.777259],"土合東1":[35.786709,140.780328],"土合本町1":[35.788189,140.781353],"波崎":[35.765522,140.787265],"土合北2":[35.796663,140.783747],"土合北1":[35.792671,140.786784],"波崎新港":[35.746768,140.844508]}