{"紅葉":[36.229063,140.446481],"大和田":[36.199196,140.465794],"青柳":[36.16415,140.467279],"菅野谷":[36.213613,140.458217],"上冨田":[36.216377,140.465137],"借宿":[36.13789,140.453662],"下冨田":[36.201773,140.471513],"半原":[36.143112,140.477494],"舟木":[36.217662,140.464914],"鳥栖":[36.19279,140.481606],"当間":[36.163294,140.492579],"鹿田":[36.231053,140.506047],"徳宿":[36.18687,140.526461],"野友":[36.139025,140.480081],"串挽":[36.146785,140.507945],"大戸":[36.209435,140.514689],"秋山":[36.177187,140.492211],"飯名":[36.157916,140.507383],"塔ケ崎":[36.154056,140.5065],"田崎":[36.24197,140.520245],"箕輪":[36.266502,140.525412],"造谷":[36.243765,140.522159],"安房":[36.176278,140.524128],"鉾田":[36.154205,140.507171],"駒木根":[36.188986,140.506979],"常磐":[36.202791,140.542736],"新鉾田西1":[36.149597,140.513795],"高田":[36.129396,140.520154],"新鉾田西2":[36.150032,140.515925],"烟田":[36.145833,140.526525],"新鉾田1":[36.151519,140.519553],"安塚":[36.144822,140.550193],"新鉾田2":[36.152368,140.520973],"子生":[36.224826,140.541653],"上太田":[36.250806,140.533602],"滝浜":[36.186358,140.560202],"下太田":[36.268124,140.525475],"二重作":[36.123931,140.557379],"梶山":[36.113807,140.551285],"阿玉":[36.102037,140.563862],"柏熊":[36.182441,140.570964],"樅山":[36.201415,140.55263],"玉田":[36.218349,140.563054],"沢尻":[36.237072,140.549987],"上釜":[36.242897,140.547392],"荒地":[36.236488,140.552144],"札":[36.077311,140.554966],"大蔵":[36.102154,140.572566],"勝下新田":[36.208137,140.547224],"白塚":[36.168296,140.574882],"青山":[36.12914,140.566519],"江川":[36.075877,140.55342],"冷水":[36.211496,140.555096],"大竹":[36.150447,140.581017],"汲上":[36.102881,140.574831],"勝下":[36.201311,140.566772],"中居":[36.083569,140.561614],"上幡木":[36.087949,140.600307],"台濁沢":[36.140125,140.583081],"湯坪":[36.186775,140.569095],"上沢":[36.098632,140.600489],"飯島":[36.09474,140.602281],"柏熊新田":[36.187154,140.5633]}