{"成田町":[36.287369,140.557884],"神山町":[36.304712,140.537329],"大貫町":[36.312818,140.558168],"桜道":[36.312855,140.561525],"港中央":[36.306382,140.568365],"磯浜町":[36.333809,140.584759],"五反田":[36.321438,140.566969],"和銅":[36.320333,140.574542],"磯道":[36.321721,140.579726],"東光台":[36.3171,140.582184]}