{"大字大子":[36.765443,140.35741],"大字浅川":[36.782134,140.34662],"大字矢田":[36.780813,140.353271],"大字池田":[36.786864,140.361454],"大字北田気":[36.767089,140.359916]}