{"大字舟子":[36.024552,140.287608],"大字大山":[36.01296,140.356357],"大字布佐":[36.006932,140.284656],"大字土屋":[35.996752,140.277433],"大字受領":[36.008503,140.307631],"大字木原":[36.018583,140.304961],"郷中":[36.011815,140.301725],"大字興津":[35.995845,140.311415],"大字信太":[35.979329,140.300415],"大字美駒":[35.98244,140.308866],"大字茂呂":[36.011593,140.31337],"大字大谷":[36.002804,140.32336],"大字大須賀津":[36.021066,140.306821],"みどり台":[36.016873,140.314649],"大字宮地":[36.009583,140.315983],"大字大塚":[36.016853,140.334557],"大字谷中":[36.017164,140.323238],"大字山王":[36.016563,140.322026],"大字木":[36.014327,140.327116],"大字定光":[36.013771,140.326178],"大字山内":[36.022238,140.330135],"大字太田":[36.010844,140.32934],"大字本橋":[36.014606,140.333332],"大字間野":[36.010962,140.33577],"大字八井田":[36.023899,140.332421],"大字見晴":[36.016161,140.335245],"大字中野内":[36.016452,140.33551],"大字土浦":[36.012973,140.356072],"大字根火":[36.023674,140.335541],"大字牛込":[36.020911,140.341494],"大字根本":[36.023774,140.346445],"大字馬掛":[36.023956,140.352707],"大字馬見山":[36.013222,140.35582],"大字堀田":[36.0237,140.33525]}