{"大字荒川本郷":[36.02896,140.189036],"うずら野4":[36.03052,140.173031],"住吉1":[36.034702,140.171779],"うずら野1":[36.032586,140.173328],"本郷3":[36.022485,140.172223],"うずら野2":[36.034077,140.181401],"本郷1":[36.027396,140.176619],"住吉2":[36.035346,140.174261],"大字実穀":[36.01434,140.189888],"本郷2":[36.025311,140.183842],"大字小池":[35.990533,140.197307],"うずら野3":[36.031659,140.182234],"大字阿見":[36.052182,140.217794],"大字上長":[36.008144,140.194688],"大字福田":[35.99075,140.199992],"大字鈴木":[36.021515,140.206255],"大字若栗":[36.026369,140.231981],"大字吉原":[35.99491,140.224306],"西郷3":[36.039411,140.210664],"中郷2":[36.041944,140.214577],"中央3":[36.03258,140.21427],"中央1":[36.029971,140.214813],"大字青宿":[36.042187,140.24389],"中央2":[36.026436,140.219206],"岡崎3":[36.039638,140.218905],"中央4":[36.031299,140.220849],"中央5":[36.035196,140.22124],"岡崎1":[36.041638,140.219793],"岡崎2":[36.03638,140.221108],"中央6":[36.030207,140.2209],"中央8":[36.027545,140.225184],"大字廻戸":[36.044562,140.220873],"中央7":[36.027542,140.227826],"大字曙":[36.034437,140.228689],"大字大室":[36.033597,140.22656],"大字上条":[36.004922,140.237694],"大字竹来":[36.030145,140.231592],"大字飯倉":[35.987046,140.254329],"大字追原":[36.011892,140.254211],"大字掛馬":[36.028161,140.247333],"大字香澄の里":[36.018173,140.251626],"大字星の里":[36.002372,140.250972],"大字島津":[36.035913,140.251753],"南平台3":[36.027267,140.252702],"南平台1":[36.022008,140.254901],"大字塙":[36.010267,140.253518],"南平台2":[36.026649,140.255165],"大字大形":[35.986289,140.255519],"大字君島":[35.997885,140.277269],"大字石川":[36.017842,140.275433],"中郷3":[36.039494,140.211809]}