{"生板":[35.887144,140.233364],"生板鍋子新田":[35.864738,140.215378],"龍ケ崎町歩":[35.866058,140.216001],"幸谷":[35.8869,140.233006],"大徳鍋子新田":[35.864572,140.237812],"小林町歩":[35.86528,140.242634],"羽子騎":[35.887483,140.236187],"源清田":[35.872672,140.266935],"古河林":[35.894893,140.254514],"角崎町歩":[35.871724,140.245987],"手栗":[35.893936,140.264913],"猿島":[35.867227,140.25006],"宮渕":[35.869422,140.24999],"平三郎":[35.869667,140.259478],"布鎌":[35.873196,140.267058],"長竿":[35.877421,140.288768],"十里":[35.874914,140.273624],"庄布川":[35.895201,140.281456],"下町歩":[35.877402,140.279349],"田川":[35.877194,140.289955],"金江津":[35.879589,140.315817],"片巻":[35.879194,140.314778],"下加納":[35.897509,140.324267],"平川":[35.902159,140.362916],"十三間戸":[35.906356,140.376571]}