{"大字平塚":[36.186438,139.863882],"大字水口":[36.16922,139.868149],"大字塩本":[36.209906,139.854899],"大字西大山":[36.205445,139.867773],"大字菅谷":[36.176349,139.864877],"大字下山川":[36.206379,139.870485],"大字粕礼":[36.215909,139.876652],"大字大戸新田":[36.187055,139.867623],"大字佐野":[36.202228,139.888227],"大字松本":[36.183013,139.871885],"大字成田":[36.19747,139.885746],"大字村貫":[36.170315,139.887722],"大字磯":[36.169204,139.888615],"大字芦ケ谷新田":[36.128462,139.893944],"大字若":[36.171622,139.889554],"大字芦ケ谷":[36.128636,139.894601],"大字兵庫":[36.201306,139.887699],"大字小屋":[36.224552,139.894408],"大字瀬戸井":[36.196458,139.897674],"大字久下田":[36.204942,139.901452],"大字蕗田":[36.162841,139.898896],"大字東原":[36.183937,139.892487],"大字太田":[36.174418,139.908342],"大字大里":[36.225748,139.901338],"大字八町":[36.196383,139.899412],"大字新地":[36.171558,139.905034],"大字大間木":[36.148773,139.904012],"大字新地新田":[36.171977,139.9039],"大字大渡戸":[36.225456,139.902159],"大字東蕗田":[36.15843,139.908809],"大字尾崎":[36.141451,139.900987],"大字高崎":[36.214319,139.91409],"大字新井":[36.190501,139.9095],"大字栗山":[36.149042,139.905173],"大字坪井":[36.210295,139.914545],"大字福岡":[36.169521,139.908058],"大字沼森":[36.190093,139.908907],"大字野爪":[36.196867,139.915248],"大字袋":[36.196441,139.914926],"大字東大山":[36.174063,139.923603],"大字川尻":[36.1894,139.926456],"大字貝谷":[36.179977,139.922043],"大字苅橋":[36.174198,139.924424],"大字今里":[36.195271,139.930117],"大字仁江戸":[36.165214,139.94269],"大字本郷":[36.182731,139.93042],"大字粟野":[36.171646,139.935564],"大字片角":[36.182449,139.931403],"大字中野":[36.169039,139.927795]}