{"大字川妻":[36.123176,139.719664],"大字元栗橋":[36.113758,139.744491],"大字小手指":[36.119517,139.73722],"原宿台3":[36.098086,139.740128],"原宿台4":[36.09387,139.73433],"原宿台1":[36.098125,139.741968],"大字新幸谷":[36.114908,139.743182],"原宿台2":[36.097783,139.74304],"大字冬木":[36.101251,139.739257],"大字釈迦":[36.126214,139.744654],"大字小福田":[36.116451,139.753716],"大字大福田":[36.116222,139.756579],"大字幸主":[36.084867,139.766006],"大字江川":[36.091432,139.762859],"大字山王山":[36.107942,139.75956],"大字山王":[36.099485,139.772435],"大字前林":[36.126214,139.744654]}