{"大字塚崎":[36.120028,139.771675],"大字横塚":[36.151451,139.775186],"大字志鳥":[36.143314,139.798462],"大字稲尾":[36.142496,139.797868],"大字長井戸":[36.136032,139.799327],"（大字なし）":[36.100302,139.79574],"大字下小橋":[36.104692,139.80295],"大字猿山":[36.14198,139.806119],"陽光台1":[36.11272,139.804588],"陽光台2":[36.108089,139.804281],"大字浦向":[36.087576,139.808317],"大字上小橋":[36.122965,139.804538],"大字西泉田":[36.123362,139.804781],"大字蛇池":[36.136726,139.810944],"大字金岡":[36.07826,139.812867],"大字新田戸":[36.077307,139.813092],"大字染谷":[36.104917,139.8115],"大字桐ケ作":[36.06186,139.825607],"大字下砂井":[36.131827,139.829494],"大字百戸":[36.077917,139.814165],"大字一ノ谷":[36.083745,139.824491],"大字大歩":[36.110804,139.81779],"大字山崎":[36.124782,139.82455],"大字栗山":[36.132684,139.832245],"大字伏木":[36.083479,139.825755],"大字内門":[36.114843,139.84126],"大字若林":[36.084745,139.836231]}