{"大字布川":[35.860118,140.158821],"大字羽根野":[35.881455,140.128527],"大字上曽根":[35.874187,140.129061],"大字押付新田":[35.863586,140.134428],"大字八幡台":[35.858453,140.143471],"大字早尾":[35.878892,140.148272],"大字下曽根":[35.87,140.145879],"大字下井":[35.866535,140.158709],"四季の丘2":[35.85424,140.149376],"四季の丘1":[35.857595,140.150209],"大字中田切":[35.860899,140.158395],"大字横須賀":[35.874385,140.152746],"大字大平":[35.876716,140.152387],"もえぎ野台2":[35.876022,140.159419],"もえぎ野台1":[35.876638,140.159756],"大字羽中":[35.860271,140.158906],"もえぎ野台3":[35.879042,140.161169],"もえぎ野台4":[35.876392,140.160437],"大字立木":[35.864268,140.16644],"大字奥山":[35.879322,140.161837],"大字押戸":[35.881848,140.165433],"もえぎ野台5":[35.87652,140.165382],"大字福木":[35.857202,140.170153],"大字中谷":[35.855235,140.176284],"大字大房":[35.873853,140.176036],"大字立崎":[35.854652,140.186196],"大字加納新田":[35.860723,140.192927],"大字惣新田":[35.87069,140.193499],"大字東奥山新田":[35.864174,140.213005]}