{"古賀志町":[36.598297,139.765624],"福岡町":[36.594905,139.781716],"上小池町":[36.689316,139.788321],"石那田町":[36.665127,139.824403],"飯山町":[36.709602,139.809837],"飯田町":[36.560337,139.80619],"田野町":[36.60458,139.795771],"田下町":[36.59834,139.813953],"新里町":[36.646737,139.825411],"下小池町":[36.695012,139.809551],"下荒針町":[36.5843,139.814672],"大谷町":[36.591882,139.81325],"篠井町":[36.682738,139.829053],"岩原町":[36.613257,139.831408],"鷺の谷町":[36.513604,139.830397],"上欠町":[36.546011,139.818991],"下欠町":[36.528318,139.832076],"駒生町":[36.588807,139.832042],"徳次郎町":[36.658134,139.827847],"幕田町":[36.508457,139.839512],"宝木本町":[36.61074,139.835886],"砥上町":[36.545182,139.839939],"大網町":[36.654732,139.848257],"西の宮1":[36.571734,139.839213],"西の宮2":[36.575702,139.839324],"西川田町":[36.510177,139.840091],"宝木町2":[36.590009,139.843205],"下砥上町":[36.523271,139.842891],"鶴田町":[36.542972,139.849789],"西川田本町3":[36.513674,139.843308],"針ケ谷町":[36.4843,139.85072],"西川田本町4":[36.510457,139.846082],"西川田本町2":[36.515779,139.850543],"西川田南1":[36.505177,139.849417],"西川田本町1":[36.519847,139.852381],"上横倉町":[36.656236,139.859754],"細谷町":[36.600493,139.851815],"鶴田3":[36.55913,139.850608],"兵庫塚町":[36.500355,139.853633],"上金井町":[36.64119,139.855221],"西川田5":[36.509932,139.853721],"駒生2":[36.576037,139.849906],"西川田南2":[36.506711,139.85539],"駒生1":[36.570586,139.850087],"宝木町1":[36.573731,139.856052],"鶴田2":[36.563206,139.850918],"下金井町":[36.627617,139.851115],"西川田3":[36.512894,139.854856],"針ケ谷1":[36.497327,139.853296],"野沢町":[36.605569,139.856813],"東浦町":[36.519291,139.853379],"東原町":[36.527349,139.855829],"西川田1":[36.51753,139.854336],"細谷1":[36.590796,139.85659],"兵庫塚3":[36.498097,139.854173],"上戸祭4":[36.598525,139.85864],"緑3":[36.520969,139.856009],"兵庫塚1":[36.502112,139.860188],"下横倉町":[36.642921,139.863714],"若草5":[36.589641,139.856718],"鶴田1":[36.561111,139.858101],"一の沢1":[36.569644,139.860109],"若草4":[36.587525,139.855706],"八千代2":[36.530539,139.859974],"双葉3":[36.528058,139.857225],"西川田4":[36.510108,139.864046],"一の沢2":[36.57102,139.857325],"冬室町":[36.685325,139.855454],"兵庫塚2":[36.50019,139.860304],"八千代1":[36.53196,139.860218],"緑4":[36.518322,139.856522],"大塚町":[36.533645,139.861338],"さつき1":[36.488418,139.859561],"西川田東町":[36.505198,139.859266],"双葉2":[36.526875,139.858535],"富士見町":[36.476567,139.858421],"緑5":[36.513934,139.859755],"一ノ沢町":[36.57334,139.856852],"若草3":[36.585909,139.863646],"宮山田町":[36.701189,139.870771],"上戸祭3":[36.591832,139.861909],"さつき3":[36.485871,139.85996],"緑2":[36.518541,139.863894],"五代1":[36.488612,139.860698],"上戸祭町":[36.589377,139.869112],"西川田7":[36.507214,139.862192],"西川田6":[36.506936,139.857672],"さつき2":[36.486865,139.86244],"みどり野町":[36.5021,139.860673],"双葉1":[36.528035,139.863628],"若草2":[36.581287,139.862387],"大和2":[36.531759,139.861763],"西一の沢町":[36.565047,139.858286],"大和3":[36.537427,139.864755],"宮本町":[36.529681,139.860187],"北一の沢町":[36.573687,139.860549],"戸祭4":[36.576534,139.86181],"五代3":[36.492895,139.861065],"緑1":[36.522004,139.865102],"江曽島2":[36.523919,139.863782],"雀の宮7":[36.487994,139.865271],"東宝木町":[36.578537,139.861637],"睦町":[36.560436,139.862466],"戸祭2":[36.570309,139.866567],"南一の沢町":[36.563494,139.864534],"今宮3":[36.517632,139.863706],"中一の沢町":[36.566378,139.863556],"大和1":[36.537438,139.865673],"南町":[36.482281,139.862548],"若草1":[36.581804,139.866609],"瓦谷町":[36.608299,139.886464],"若松原3":[36.500139,139.862318],"北若松原2":[36.50681,139.863078],"江曽島1":[36.524977,139.866901],"若松原2":[36.498855,139.863992],"今宮4":[36.50947,139.868699],"桜4":[36.569494,139.868845],"北若松原1":[36.505796,139.869134],"春日町":[36.530807,139.865509],"五代2":[36.494092,139.863443],"高松町":[36.668224,139.873787],"横山町":[36.615556,139.885942],"滝の原3":[36.539562,139.862705],"今宮1":[36.521153,139.869787],"今宮2":[36.51484,139.867212],"中戸祭1":[36.57981,139.864621],"戸祭3":[36.574492,139.868277],"上戸祭1":[36.584561,139.866061],"住吉町":[36.557021,139.865282],"幸町":[36.554283,139.867649],"江曽島5":[36.520357,139.868472],"桜5":[36.564821,139.865586],"滝谷町":[36.550605,139.866705],"弥生2":[36.53997,139.866081],"江曽島4":[36.525437,139.86735],"西大寛2":[36.561235,139.868335],"若松原1":[36.498267,139.87061],"宮原5":[36.540507,139.869685],"陽南4":[36.53529,139.867957],"雀の宮6":[36.488519,139.866418],"高砂町":[36.487145,139.866175],"雀の宮4":[36.493011,139.871555],"戸祭1":[36.572786,139.869641],"江曽島3":[36.529106,139.868466],"弥生1":[36.544459,139.866082],"桜3":[36.564311,139.868283],"茂原1":[36.473507,139.870633],"明保野町":[36.545803,139.867486],"中戸祭町":[36.582405,139.874808],"南高砂町":[36.485076,139.871813],"桜2":[36.564997,139.86995],"操町":[36.559258,139.869765],"六道町":[36.555483,139.870223],"京町":[36.550965,139.872089],"松原1":[36.568093,139.87229],"花園町":[36.549322,139.873255],"江曽島町":[36.522502,139.873763],"西大寛1":[36.559683,139.869357],"菊水町":[36.548384,139.873377],"江曽島本町":[36.530046,139.868625],"日の出2":[36.544134,139.873131],"桜1":[36.561943,139.871303],"吉野2":[36.544791,139.872959],"陽南3":[36.53391,139.872405],"松原2":[36.571564,139.871166],"関白町":[36.684528,139.890039],"茂原3":[36.471252,139.872542],"雀の宮2":[36.498641,139.871746],"西原1":[36.556085,139.874675],"吉野1":[36.545197,139.874361],"茂原2":[36.476498,139.873487],"大寛2":[36.559032,139.871702],"清住3":[36.566389,139.871744],"立伏町":[36.632119,139.883928],"松原3":[36.572265,139.874945],"大寛1":[36.559801,139.874853],"小幡2":[36.562679,139.873866],"末広2":[36.480004,139.873122],"宮原4":[36.540908,139.874117],"材木町":[36.561628,139.875133],"戸祭町":[36.577889,139.875686],"中里町":[36.672016,139.878807],"末広1":[36.482644,139.874726],"宮の内2":[36.507545,139.873926],"新富町":[36.486857,139.875184],"雀の宮3":[36.493699,139.87479],"雀の宮5":[36.488058,139.87524],"西原2":[36.553237,139.874917],"長岡町":[36.599205,139.892909],"西原3":[36.551658,139.875305],"茂原町":[36.474413,139.882514],"雀の宮1":[36.494464,139.875035],"星が丘2":[36.570103,139.877403],"新町1":[36.550207,139.874876],"上横田町":[36.509888,139.907692],"日の出1":[36.544048,139.874266],"新町2":[36.546523,139.877146],"宮原1":[36.543619,139.875253],"下戸祭2":[36.573122,139.874685],"陽南2":[36.536116,139.877208],"宮の内4":[36.500331,139.877449],"星が丘1":[36.56882,139.87789],"小幡1":[36.562773,139.87671],"清住2":[36.565259,139.876571],"宮の内3":[36.505215,139.878679],"西2":[36.558004,139.878925],"西3":[36.555861,139.878858],"清住1":[36.564529,139.878673],"雀宮町":[36.483667,139.875899],"戸祭台":[36.579624,139.875615],"西1":[36.559585,139.879171],"一条3":[36.55407,139.878936],"宮の内1":[36.506262,139.878708],"一条4":[36.55208,139.879116],"伝馬町":[36.560942,139.879677],"花房2":[36.549619,139.878645],"不動前3":[36.545637,139.87856],"陽南1":[36.536828,139.879671],"台新田町":[36.520245,139.879037],"横田新町":[36.514166,139.879883],"花房3":[36.5472,139.878272],"羽牛田町":[36.482964,139.876592],"宮原3":[36.540931,139.875122],"泉町":[36.563687,139.879815],"台新田1":[36.516913,139.878051],"山本3":[36.583997,139.87951],"下戸祭1":[36.573191,139.88195],"昭和2":[36.567097,139.882109],"西原町":[36.529857,139.880513],"上御田町":[36.505509,139.885625],"不動前5":[36.541019,139.879481],"昭和1":[36.564938,139.878845],"不動前1":[36.543942,139.880281],"今里町":[36.686202,139.894021],"豊郷台3":[36.609354,139.883021],"戸祭元町":[36.568112,139.880029],"本町":[36.564123,139.883822],"松が峰2":[36.555753,139.880598],"一条1":[36.553723,139.881899],"松が峰1":[36.55777,139.880499],"叶谷町":[36.647623,139.894995],"宮園町":[36.558662,139.881755],"山本2":[36.583368,139.880113],"花房本町":[36.548763,139.880675],"城南3":[36.512517,139.882862],"江野町":[36.559694,139.883715],"池上町":[36.561161,139.883237],"花房1":[36.548266,139.88085],"不動前2":[36.545799,139.881915],"東横田町":[36.507373,139.886433],"城南2":[36.513792,139.882261],"一条2":[36.550982,139.881733],"城南1":[36.518335,139.882426],"豊郷台1":[36.604216,139.882024],"下反町町":[36.489763,139.888233],"上小倉町":[36.718696,139.891723],"不動前4":[36.542578,139.881131],"旭1":[36.55386,139.882444],"中央1":[36.557825,139.883872],"中央2":[36.556365,139.88401],"川田町":[36.530856,139.890776],"塙田1":[36.56528,139.886051],"富士見が丘1":[36.586338,139.883194],"昭和3":[36.568178,139.8842],"旭2":[36.552588,139.886918],"河原町":[36.55053,139.885343],"東戸祭1":[36.570573,139.883686],"塙田5":[36.570556,139.887245],"横山3":[36.621126,139.889653],"馬場通り2":[36.560916,139.885012],"曲師町":[36.559819,139.885561],"御田長島町":[36.475821,139.886437],"中央本町":[36.558367,139.885111],