{"小俣町":[36.369494,139.368314],"小俣南町":[36.364006,139.379255],"葉鹿町":[36.384039,139.394898],"葉鹿町2":[36.365671,139.388024],"葉鹿南町":[36.359685,139.387957],"葉鹿町1":[36.362145,139.39521],"大前町":[36.360183,139.392494],"板倉町":[36.376786,139.425594],"鹿島町":[36.350525,139.400849],"粟谷町":[36.397613,139.402447],"山下町":[36.362582,139.419334],"五十部町":[36.352373,139.434455],"南大町":[36.323276,139.417503],"里矢場町":[36.316213,139.421461],"松田町":[36.423038,139.423102],"中川町":[36.327708,139.426283],"西新井町":[36.319583,139.430663],"借宿町":[36.328772,139.435481],"借宿町1":[36.328721,139.428756],"今福町":[36.343117,139.436512],"新宿町":[36.305049,139.427927],"堀込町":[36.310695,139.433341],"八幡町":[36.322984,139.430772],"八幡町3":[36.321698,139.435193],"緑町2":[36.33616,139.434758],"藤本町":[36.294749,139.434773],"八幡町2":[36.32222,139.437859],"大岩町":[36.356165,139.446081],"緑町1":[36.336846,139.435055],"通7":[36.340374,139.438361],"朝倉町3":[36.32111,139.438613],"八幡町1":[36.324856,139.439263],"栄町1":[36.337024,139.441374],"通6":[36.338372,139.439928],"西宮町":[36.343094,139.443845],"朝倉町":[36.318014,139.452857],"通4":[36.336111,139.445765],"通5":[36.337931,139.443539],"田中町":[36.331022,139.443482],"島田町":[36.294836,139.448757],"荒金町":[36.289632,139.444335],"朝倉町2":[36.316104,139.444957],"巴町":[36.338863,139.446196],"通3":[36.334743,139.447465],"通2":[36.335029,139.451463],"本城3":[36.341837,139.448016],"福居町":[36.309462,139.463418],"南町":[36.329561,139.449808],"月谷町":[36.36423,139.450361],"雪輪町":[36.338284,139.448645],"家富町":[36.338611,139.449003],"本城2":[36.348168,139.455177],"井草町":[36.336139,139.451079],"永楽町":[36.332038,139.454389],"柳原町":[36.341329,139.454437],"大正町":[36.343328,139.455243],"百頭町":[36.300445,139.456143],"伊勢南町":[36.331891,139.455113],"本城1":[36.356247,139.454431],"昌平町":[36.335792,139.453221],"県町":[36.28702,139.472841],"伊勢町3":[36.33433,139.455035],"旭町":[36.337147,139.455957],"大町":[36.336303,139.455836],"名草上町":[36.423016,139.449758],"有楽町":[36.343739,139.458455],"伊勢町1":[36.332578,139.455324],"西砂原後町":[36.344635,139.458659],"丸山町":[36.339327,139.456592],"伊勢町2":[36.334128,139.457841],"伊勢町4":[36.330998,139.457839],"元学町":[36.343531,139.459613],"上渋垂町":[36.30298,139.475414],"羽刈町":[36.281213,139.470077],"相生町":[36.334219,139.461467],"岩井町":[36.321489,139.460602],"田所町":[36.348013,139.462139],"錦町":[36.329953,139.462461],"助戸3":[36.334143,139.464135],"江川町1":[36.35151,139.461235],"福富町":[36.316206,139.460539],"大橋町1":[36.343028,139.466486],"大橋町2":[36.334716,139.46264],"東砂原後町":[36.348921,139.465588],"福富新町":[36.313667,139.462696],"江川町2":[36.352385,139.462488],"江川町":[36.357994,139.461722],"寿町":[36.325113,139.464161],"田島町":[36.365416,139.469458],"千歳町":[36.325332,139.463567],"新山町":[36.343888,139.468072],"江川町3":[36.358235,139.466534],"問屋町":[36.306859,139.46765],"助戸仲町":[36.33212,139.467789],"助戸大橋町":[36.335787,139.46449],"田島町1":[36.360183,139.469466],"江川町4":[36.357875,139.468605],"赤松台2":[36.365435,139.47041],"助戸東山町":[36.33935,139.46739],"助戸1":[36.328252,139.47324],"常盤町":[36.327586,139.470734],"利保町1":[36.347434,139.471247],"助戸新山町":[36.345705,139.472541],"久松町":[36.331602,139.473233],"若草町":[36.321247,139.473805],"芳町":[36.336371,139.471086],"利保町2":[36.357014,139.473017],"宮北町":[36.325977,139.472655],"弥生町":[36.339527,139.472069],"赤松台1":[36.360876,139.470527],"利保町3":[36.359852,139.474546],"富士見町":[36.34121,139.474705],"花園町":[36.334067,139.473939],"真砂町":[36.33798,139.474589],"猿田町":[36.31544,139.478882],"利保町":[36.352818,139.475602],"小曽根町":[36.275393,139.479867],"大月町":[36.339368,139.484827],"菅田町":[36.360537,139.484965],"山川町":[36.326719,139.474681],"下渋垂町":[36.301104,139.479633],"末広町":[36.341331,139.476201],"名草中町":[36.390679,139.480151],"名草下町":[36.368666,139.488201],"常見町1":[36.315892,139.482985],"梁田町":[36.305779,139.486901],"菅田町1":[36.36348,139.484694],"常見町2":[36.319653,139.486866],"名草下町1":[36.368677,139.484583],"樺崎町":[36.350519,139.503711],"鵤木町":[36.310251,139.494208],"常見町3":[36.314891,139.490414],"久保田町":[36.298748,139.497049],"八椚町":[36.319889,139.499496],"高松町":[36.284907,139.496719],"常見町":[36.314239,139.482953],"毛野新町1":[36.320923,139.494832],"毛野新町2":[36.32212,139.495374],"大沼田町":[36.32869,139.50347],"毛野新町3":[36.323322,139.495906],"毛野新町4":[36.324512,139.496439],"川崎町":[36.312297,139.496845],"野田町":[36.298163,139.502531],"大久保町":[36.320345,139.506764],"瑞穂野町":[36.284085,139.521116],"奥戸町":[36.305635,139.52141],"迫間町":[36.319514,139.515118],"西場町":[36.326606,139.524981],"多田木町":[36.311442,139.52542],"駒場町":[36.322053,139.534728],"稲岡町":[36.334118,139.542505],"寺岡町":[36.321776,139.54176],"栄町2":[36.335371,139.438589],"通1":[36.33347,139.451823],"大門通":[36.336116,139.452374],"助戸2":[36.328703,139.467702]}