{"出流町":[36.472189,139.599739],"藤岡町都賀":[36.287095,139.611548],"鍋山町":[36.451063,139.638988],"岩舟町小野寺":[36.376185,139.630866],"岩舟町古江":[36.33917,139.620114],"星野町":[36.478329,139.636955],"岩舟町上岡":[36.342299,139.627625],"藤岡町大田和":[36.296753,139.62471],"岩舟町下岡":[36.339248,139.635228],"岩舟町下津原":[36.325821,139.635984],"岩舟町新里":[36.334563,139.640678],"藤岡町藤岡":[36.25853,139.64434],"藤岡町太田":[36.309753,139.647884],"藤岡町甲":[36.291231,139.643038],"岩舟町三谷":[36.341591,139.637613],"岩舟町畳岡":[36.325226,139.644059],"柏倉町":[36.397785,139.649138],"梅沢町":[36.435617,139.664014],"藤岡町大前":[36.278852,139.66949],"岩舟町静":[36.298298,139.663254],"尻内町":[36.432507,139.67955],"大久保町":[36.438652,139.663905],"藤岡町赤麻":[36.27773,139.670428],"小野口町":[36.380823,139.670056],"岩舟町鷲巣":[36.337011,139.661894],"大平町西山田":[36.337685,139.671943],"岩舟町五十畑":[36.333879,139.66876],"藤岡町下宮":[36.206896,139.6669],"岩舟町和泉":[36.329665,139.669944],"皆川城内町":[36.402488,139.70038],"岩舟町曲ケ島":[36.303287,139.676069],"都賀町大柿":[36.457993,139.708782],"志鳥町":[36.379629,139.674932],"大平町富田":[36.336743,139.689613],"岩舟町静和":[36.311413,139.684206],"藤岡町富吉":[36.286375,139.700128],"千塚町":[36.415067,139.683856],"藤岡町中根":[36.279718,139.695168],"梓町":[36.429479,139.682197],"西方町真名子":[36.472222,139.698426],"宮町":[36.405289,139.684732],"平井町":[36.365217,139.713777],"岩舟町静戸":[36.299532,139.690729],"仲方町":[36.420107,139.696005],"岩出町":[36.384769,139.707834],"藤岡町石川":[36.259006,139.695506],"大皆川町":[36.3954,139.699483],"藤岡町部屋":[36.273295,139.718351],"大森町":[36.418774,139.700696],"藤岡町帯刀":[36.261313,139.695469],"大平町下皆川":[36.350548,139.703108],"薗部町4":[36.379604,139.706156],"大平町新":[36.327486,139.712766],"吹上町":[36.410907,139.700662],"藤岡町西前原":[36.276099,139.701666],"都賀町大橋":[36.440601,139.720362],"大平町伯仲":[36.305224,139.706313],"新井町":[36.395713,139.706079],"藤岡町蛭沼":[36.279971,139.703504],"大平町西水代":[36.316931,139.704476],"泉川町":[36.386747,139.714659],"都賀町臼久保":[36.436257,139.719094],"野中町":[36.393282,139.715298],"都賀町深沢":[36.451399,139.708031],"都賀町木":[36.429392,139.720804],"大平町真弓":[36.337785,139.72864],"細堀町":[36.415113,139.717142],"木野地町":[36.413318,139.731312],"大平町蔵井":[36.350468,139.72542],"大平町西野田":[36.327282,139.720392],"藤岡町新波":[36.270138,139.714872],"西方町本城":[36.479711,139.741647],"片柳町5":[36.372727,139.715117],"薗部町2":[36.37386,139.713007],"片柳町4":[36.36374,139.714607],"都賀町富張":[36.447548,139.729211],"薗部町3":[36.382741,139.716101],"大平町川連":[36.354592,139.718718],"箱森町":[36.385506,139.715011],"西方町元":[36.467564,139.731352],"薗部町1":[36.379135,139.72264],"藤岡町緑川":[36.285327,139.725903],"片柳町2":[36.370863,139.725955],"片柳町1":[36.373631,139.727688],"片柳町3":[36.367222,139.723048],"川原田町":[36.402761,139.733999],"大平町土与":[36.353874,139.730582],"柳橋町":[36.380699,139.724518],"大平町榎本":[36.3151,139.72881],"富士見町":[36.374852,139.728292],"祝町":[36.379436,139.725651],"境町":[36.373406,139.728669],"小平町":[36.388121,139.72918],"大平町牛久":[36.356659,139.729652],"都賀町原宿":[36.439806,139.731468],"西方町本郷":[36.455485,139.737848],"入舟町":[36.383507,139.730183],"湊町":[36.378464,139.727701],"沼和田町":[36.370193,139.732357],"錦町":[36.385841,139.728026],"室町":[36.377175,139.732275],"大町":[36.398312,139.73745],"倭町":[36.377544,139.732391],"嘉右衛門町":[36.388876,139.732128],"河合町":[36.374891,139.732684],"大平町上高島":[36.338782,139.735784],"大平町横堀":[36.356283,139.743563],"万町":[36.380909,139.732823],"泉町":[36.385742,139.738664],"旭町":[36.376968,139.735174],"昭和町":[36.388371,139.73722],"都賀町升塚":[36.411875,139.747539],"平柳町1":[36.398676,139.738397],"城内町2":[36.367538,139.744794],"都賀町合戦場":[36.406317,139.747382],"大平町下高島":[36.331593,139.744622],"本町":[36.380554,139.738548],"日ノ出町":[36.386808,139.742607],"西方町金井":[36.454728,139.742536],"都賀町家中":[36.430534,139.771213],"平柳町3":[36.396645,139.752498],"平柳町2":[36.395976,139.753341],"西方町金崎":[36.477682,139.740941],"城内町1":[36.375627,139.742513],"神田町":[36.377188,139.746759],"大宮町":[36.38674,139.757103],"今泉町2":[36.384856,139.74746],"大平町北武井":[36.350386,139.747017],"今泉町1":[36.37972,139.753755],"都賀町平川":[36.406321,139.747858],"樋ノ口町":[36.364292,139.759735],"大塚町":[36.420049,139.786885],"仲仕上町":[36.374603,139.756519],"国府町":[36.39912,139.766764],"藤田町":[36.380288,139.767895],"高谷町":[36.357345,139.762766],"宮田町":[36.369129,139.764459],"久保田町":[36.372311,139.769451],"寄居町":[36.390026,139.779537],"惣社町":[36.399545,139.783698],"田村町":[36.392725,139.780521],"柳原町":[36.41833,139.787892],"大光寺町":[36.391309,139.796515]}