{"寺久保町":[36.375886,139.532321],"赤見町":[36.349849,139.545273],"高橋町":[36.292945,139.533923],"村上町":[36.303284,139.536357],"出流原町":[36.366169,139.543751],"上羽田町":[36.299937,139.548682],"下羽田町":[36.288721,139.542424],"免鳥町":[36.31528,139.553043],"並木町":[36.326675,139.551332],"山形町":[36.379954,139.548002],"戸奈良町":[36.369479,139.565797],"小中町":[36.332622,139.563516],"石塚町":[36.368668,139.568853],"田島町":[36.295506,139.561078],"君田町":[36.296299,139.556017],"大橋町":[36.321681,139.568274],"船津川町":[36.27287,139.563199],"岩崎町":[36.393561,139.57018],"堀米町":[36.333555,139.564527],"赤坂町":[36.308974,139.573801],"庚申塚町":[36.283892,139.564534],"小見町":[36.344184,139.566197],"戸室町":[36.393551,139.574159],"田沼町":[36.365383,139.578607],"大古屋町":[36.283139,139.570496],"天神町":[36.322139,139.574441],"寺中町":[36.302224,139.57081],"植下町":[36.292173,139.583769],"大町":[36.313888,139.573031],"朝日町":[36.315818,139.573297],"吉水町":[36.346472,139.580086],"金井上町":[36.311127,139.574067],"七軒町":[36.305451,139.57433],"吉水駅前3":[36.341746,139.574785],"大蔵町":[36.315369,139.573231],"伊保内町":[36.287154,139.574406],"船越町":[36.398823,139.574045],"吉水駅前2":[36.345034,139.578163],"大祝町":[36.310603,139.57605],"上台町":[36.305971,139.575601],"本町":[36.313854,139.573794],"伊賀町":[36.31531,139.577408],"吉水駅前1":[36.348192,139.579359],"植野町":[36.306487,139.576786],"栃本町":[36.358437,139.595927],"万町":[36.313186,139.576819],"若松町":[36.321729,139.58076],"高砂町":[36.313052,139.580496],"金吹町":[36.310456,139.57892],"植上町":[36.301962,139.576127],"奈良渕町":[36.337261,139.586302],"金屋下町":[36.310954,139.579256],"相生町":[36.31521,139.582488],"久保町":[36.315868,139.58285],"亀井町":[36.312343,139.583325],"浅沼町":[36.311721,139.593001],"飯田町":[36.282241,139.585103],"山越町":[36.384903,139.585139],"若宮上町":[36.297353,139.589392],"若宮下町":[36.292578,139.586639],"田之入町":[36.345113,139.589687],"富岡町":[36.315123,139.586737],"多田町":[36.367304,139.601809],"高萩町":[36.305122,139.604028],"北茂呂町":[36.299072,139.59045],"茂呂山町":[36.293949,139.592632],"馬門町":[36.284223,139.601633],"犬伏上町":[36.324879,139.591742],"犬伏中町":[36.325043,139.596007],"栄町":[36.308589,139.595533],"豊代町":[36.413486,139.5944],"あくと町":[36.403445,139.604127],"富士町":[36.334545,139.604772],"犬伏下町":[36.319589,139.601326],"大栗町":[36.327991,139.605851],"越名町":[36.298392,139.610332],"高山町":[36.275504,139.610979],"鉢木町":[36.416669,139.60286],"山菅町":[36.394036,139.607746],"伊勢山町":[36.316857,139.60307],"中町":[36.390266,139.614943],"犬伏新町":[36.320913,139.606308],"鐙塚町":[36.306096,139.603746],"米山南町":[36.321132,139.606391],"葛生西2":[36.406193,139.607838],"葛生西1":[36.399065,139.607502],"葛生西3":[36.412087,139.609813],"韮川町":[36.335722,139.614276],"葛生東1":[36.401889,139.613814],"富士見町":[36.394744,139.608492],"会沢町":[36.411558,139.637286],"関川町":[36.323207,139.617802],"葛生東2":[36.406324,139.61167],"葛生東3":[36.409492,139.614202],"西浦町":[36.293095,139.614403],"築地町":[36.405185,139.615583],"宮下町":[36.415212,139.617843],"黒袴町":[36.311924,139.617197],"町谷町":[36.325693,139.632175],"嘉多山町":[36.413099,139.61115],"新吉水町":[36.352844,139.577719],"天明町":[36.312244,139.57393],"大和町":[36.31265,139.576833],"金屋仲町":[36.310991,139.578809]}