{"湯元":[36.804584,139.410123],"中宮祠":[36.738906,139.503469],"細尾町":[36.730123,139.553541],"清滝新細尾町":[36.731124,139.548631],"清滝町":[36.738952,139.557055],"清滝3":[36.732374,139.555546],"清滝2":[36.736527,139.560379],"清滝4":[36.737587,139.563713],"清滝丹勢町":[36.742626,139.557869],"丹勢":[36.746192,139.563279],"清滝中安戸町":[36.73569,139.559157],"清滝1":[36.747413,139.57231],"清滝桜ケ丘町":[36.742175,139.567197],"清滝安良沢町":[36.749442,139.576032],"清滝和の代町":[36.743855,139.57387],"久次良町":[36.756055,139.5745],"日光":[36.760157,139.580083],"匠町":[36.752336,139.597494],"花石町":[36.752324,139.58677],"山内":[36.75267,139.614272],"本町":[36.753249,139.595061],"萩垣面":[36.755536,139.609861],"中鉢石町":[36.752703,139.608348],"安川町":[36.753565,139.596101],"所野":[36.740045,139.656295],"上鉢石町":[36.752452,139.606739],"下鉢石町":[36.750983,139.610558],"御幸町":[36.749648,139.614386],"稲荷町1":[36.749479,139.615096],"稲荷町2":[36.750464,139.616142],"石屋町":[36.747055,139.61585],"稲荷町3":[36.748628,139.618617],"松原町":[36.748044,139.621024],"若杉町":[36.74275,139.624282],"相生町":[36.744622,139.622593],"東和町":[36.747066,139.623629],"七里":[36.740366,139.632791],"宝殿":[36.743678,139.627431],"野口":[36.732025,139.649422],"山久保":[36.722766,139.622062],"小百":[36.764408,139.69054],"和泉":[36.724798,139.666868],"瀬川":[36.733109,139.669503],"平ケ崎":[36.719052,139.679457],"千本木":[36.711726,139.696758],"瀬尾":[36.735676,139.678866],"長畑":[36.677314,139.699036],"今市":[36.730444,139.687971],"下の内":[36.71377,139.694748],"中央町":[36.7178,139.692806],"明神":[36.683435,139.702738],"原宿":[36.766393,139.699673],"大桑町":[36.768013,139.722768],"柄倉":[36.779522,139.705796],"佐下部":[36.791923,139.683805],"室瀬":[36.699912,139.71008],"並木町":[36.719132,139.692541],"豊田":[36.731542,139.710059],"倉ケ崎":[36.753999,139.706398],"今市本町":[36.719475,139.701991],"吉沢":[36.708466,139.713042],"倉ケ崎新田":[36.747783,139.70865],"栗原":[36.772092,139.714494],"小佐越":[36.809852,139.692085],"川治温泉川治":[36.895135,139.710664],"藤原":[36.885935,139.707336],"高柴":[36.770251,139.706698],"鬼怒川温泉大原":[36.821684,139.716563],"小代":[36.662705,139.704584],"芹沼":[36.747352,139.730862],"高徳":[36.780047,139.718411],"森友":[36.714788,139.736967],"川治温泉高原":[36.893296,139.706711],"鬼怒川温泉滝":[36.825256,139.706488],"土沢":[36.70663,139.720068],"小倉":[36.63512,139.729965],"荊沢":[36.738022,139.732185],"川室":[36.762002,139.739267],"板橋":[36.675371,139.737968],"轟":[36.756461,139.750385],"文挾町":[36.642893,139.737041],"町谷":[36.743413,139.742626],"岩崎":[36.632997,139.73863],"針貝":[36.746269,139.768482],"大室":[36.730636,139.733583],"木和田島":[36.693587,139.75019],"手岡":[36.642086,139.764133],"水無":[36.70637,139.74724],"大渡":[36.764421,139.744524],"大沢町":[36.695684,139.76817],"猪倉":[36.653783,139.76786],"薄井沢":[36.716433,139.7773],"根室":[36.708232,139.785354],"山口":[36.684595,139.773106],"塩野室町":[36.749364,139.780434],"矢野口":[36.728762,139.789811],"沢又":[36.715855,139.788052],"嘉多蔵":[36.712802,139.791935],"沓掛":[36.715836,139.811312],"小林":[36.712615,139.827494]}