{"鷲巣":[36.356439,139.922391],"砂ケ原":[36.388376,139.922629],"西大島":[36.355752,139.919627],"大道泉":[36.366293,139.92306],"谷貝新田":[36.398683,139.927402],"上江連":[36.34772,139.928351],"若旅":[36.403466,139.974585],"堀込":[36.373784,139.93264],"長沼":[36.359934,139.936092],"古山":[36.351977,139.94571],"中":[36.417343,139.949575],"粕田":[36.421578,139.943349],"上谷貝":[36.389096,139.941313],"青田":[36.380286,139.941125],"上大曽":[36.388962,139.942425],"上大沼":[36.43314,139.959556],"大沼":[36.437942,139.946855],"柳林":[36.443925,139.946262],"下大曽":[36.38035,139.956948],"下大沼":[36.426865,139.953003],"加倉":[36.426208,139.958491],"長島":[36.372124,139.960032],"長田":[36.449896,139.964663],"寺分":[36.423184,139.946125],"寺内":[36.404757,139.966187],"程島":[36.363285,139.96228],"久下田":[36.380435,139.960655],"境":[36.358013,139.958128],"鬼怒ケ丘":[36.454711,139.965691],"松山町":[36.43547,139.967855],"勝瓜":[36.463999,139.96659],"久下田西5":[36.377901,139.963693],"久下田西6":[36.376062,139.96362],"下籠谷":[36.476782,139.981653],"長田1":[36.450861,139.964491],"久下田西7":[36.371567,139.964985],"鬼怒ケ丘1":[36.454135,139.964185],"久下田西3":[36.37576,139.965399],"久下田西4":[36.378722,139.966027],"さくら3":[36.383595,139.966494],"さくら4":[36.386349,139.966581],"久下田西2":[36.376105,139.967398],"久下田西1":[36.379457,139.968001],"亀山":[36.454159,139.980056],"さくら2":[36.38043,139.969145],"さくら1":[36.384935,139.970299],"石島":[36.37599,139.971955],"伊勢崎":[36.415898,139.985294],"下高間木":[36.435036,139.983137],"茅堤":[36.425552,139.969948],"小橋":[36.416614,139.984604],"高勢町2":[36.436716,139.979962],"大根田":[36.379878,139.976801],"西高間木":[36.438255,139.973058],"高勢町1":[36.438383,139.975012],"亀山3":[36.454361,139.97919],"高勢町3":[36.429836,139.98162],"沖":[36.399686,139.991463],"大和田":[36.399148,139.978624],"上高間木":[36.436381,139.983093],"上高間木3":[36.440887,139.989419],"上高間木2":[36.442204,139.990102],"下高間木1":[36.434891,139.984914],"亀山1":[36.452996,139.987198],"八木岡":[36.429075,139.988887],"下高間木2":[36.430582,139.988882],"上高間木1":[36.44491,139.9911],"横田":[36.403252,139.993673],"熊倉3":[36.44141,139.993862],"鹿":[36.391738,139.995207],"熊倉町":[36.453989,139.993351],"阿部品":[36.376066,139.995923],"大谷台町":[36.435236,139.993866],"熊倉1":[36.450614,139.989433],"熊倉2":[36.442285,139.993736],"下鷺谷":[36.465938,139.994485],"並木町2":[36.439345,139.997421],"並木町3":[36.44512,139.995914],"下大田和":[36.465803,140.007017],"上鷺谷":[36.48964,139.998404],"大谷本町":[36.435668,139.995333],"西郷":[36.457393,140.001545],"白布ケ丘":[36.439833,139.998993],"物井":[36.414845,140.000495],"桑ノ川":[36.380074,140.005684],"大谷新町":[36.432918,139.998908],"並木町4":[36.445412,140.001416],"東沼":[36.430495,140.020641],"台町":[36.431309,140.002786],"寺久保1":[36.447594,140.003074],"並木町1":[36.442759,140.001596],"堀内":[36.477613,140.009787],"上大田和":[36.471833,140.020886],"田町":[36.431532,140.013216],"西沼":[36.42959,140.009686],"荒町":[36.438859,140.022949],"荒町2":[36.449558,140.010116],"高田":[36.400354,140.029999],"荒町3":[36.444474,140.019708],"中郷":[36.456007,140.01766],"荒町4":[36.448413,140.018659],"飯貝":[36.481783,140.023428],"東大島":[36.418496,140.02525],"反町":[36.384133,140.022666],"東光寺1":[36.439508,140.024208],"水戸部":[36.381547,140.031007],"島":[36.432372,140.020271],"田島":[36.466169,140.022593],"東光寺2":[36.443887,140.020719],"東郷":[36.448113,140.025722],"東光寺3":[36.443365,140.02754],"小林":[36.438358,140.044494],"京泉":[36.488294,140.031207],"八條":[36.457946,140.039286],"三谷":[36.385074,140.040735],"君島":[36.415192,140.039227],"原町":[36.47268,140.042155],"阿部岡":[36.403403,140.048986],"赤羽":[36.493706,140.042177],"道祖土":[36.413447,140.046574],"鶴田":[36.464827,140.050709],"西田井":[36.472072,140.063271],"根本":[36.430226,140.047838],"南高岡":[36.386643,140.06408],"須釜":[36.41893,140.055857],"清水":[36.489888,140.059915],"青谷":[36.423732,140.063077],"亀山2":[36.454274,139.985914]}