{"上石上":[36.860615,139.934889],"下石上":[36.854512,139.957146],"薄葉":[36.825804,139.965316],"野崎1":[36.842296,139.95634],"野崎2":[36.848248,139.957347],"実取":[36.837811,139.977471],"平沢":[36.82042,139.980629],"親園":[36.818685,140.013353],"佐久山":[36.806258,140.008949],"滝沢":[36.815828,140.012717],"加治屋":[36.863422,139.996211],"美原3":[36.85598,140.000784],"美原2":[36.865552,140.000864],"浅香2":[36.85439,140.003178],"美原1":[36.860357,140.010827],"今泉":[36.893581,140.016315],"本町1":[36.869004,140.018623],"本町2":[36.868386,140.017344],"紫塚1":[36.87668,140.014058],"浅香1":[36.860126,140.016116],"末広3":[36.864875,140.014003],"浅香4":[36.848718,140.015339],"浅香3":[36.85917,140.017104],"紫塚3":[36.883108,140.019925],"末広2":[36.863717,140.014816],"戸野内":[36.898451,140.027276],"浅香5":[36.844901,140.017653],"岡":[36.892487,140.02198],"滝岡":[36.815975,140.031091],"紫塚2":[36.874773,140.022238],"藤沢":[36.775374,140.033572],"末広1":[36.860767,140.017159],"住吉町2":[36.8724,140.023853],"住吉町1":[36.869782,140.021094],"荻野目":[36.841626,140.023217],"富士見2":[36.844376,140.020208],"中央2":[36.865939,140.024488],"富士見1":[36.852151,140.025775],"若松町":[36.861518,140.028769],"町島":[36.883243,140.033281],"紫塚4":[36.876464,140.023001],"花園":[36.813709,140.049317],"新富町3":[36.86079,140.022593],"中央1":[36.867776,140.025949],"山の手2":[36.87524,140.029791],"新富町1":[36.866073,140.027835],"山の手1":[36.867426,140.027902],"新富町2":[36.86478,140.025153],"荒井":[36.888935,140.037257],"元町1":[36.86108,140.030263],"中田原":[36.853336,140.053217],"城山1":[36.866607,140.028532],"城山2":[36.869646,140.03455],"富池":[36.897896,140.036146],"若草1":[36.846731,140.043875],"練貫":[36.91974,140.040008],"元町2":[36.867194,140.036331],"宇田川":[36.841245,140.046944],"大神":[36.790921,140.046279],"若草2":[36.852745,140.045296],"市野沢":[36.901444,140.052078],"上奥沢":[36.86581,140.058746],"福原":[36.793894,140.050077],"北大和久":[36.850117,140.053008],"小滝":[36.908257,140.062951],"赤瀬":[36.843229,140.061566],"奥沢":[36.856288,140.058345],"乙連沢":[36.898357,140.084553],"倉骨":[36.835818,140.077155],"北金丸":[36.874608,140.090398],"鹿畑":[36.840232,140.076969],"羽田":[36.923725,140.086126],"南金丸":[36.852419,140.085527],"湯津上":[36.840907,140.089591],"桧木沢":[36.906744,140.099978],"余瀬":[36.865724,140.105089],"狭原":[36.85588,140.107202],"寒井":[36.915166,140.099416]}