{"国分寺":[36.394769,139.801939],"紫":[36.383618,139.811682],"川中子":[36.396232,139.821982],"橋本":[36.421498,139.833028],"箕輪":[36.40194,139.833673],"上台":[36.437738,139.832055],"細谷":[36.429678,139.843734],"小金井":[36.405715,139.845937],"小金井6":[36.373887,139.838681],"下長田":[36.457683,139.845721],"小金井5":[36.377359,139.835952],"小金井3":[36.382969,139.837985],"小金井2":[36.383276,139.838723],"小金井4":[36.380326,139.842283],"中大領":[36.417639,139.854482],"小金井1":[36.38371,139.841709],"上古山":[36.472318,139.862342],"下大領":[36.41257,139.842303],"駅東1":[36.373503,139.841976],"柴":[36.377312,139.849377],"駅東7":[36.368555,139.845139],"駅東2":[36.374648,139.845494],"下古山":[36.450669,139.870669],"笹原":[36.401026,139.852947],"駅東6":[36.371876,139.84724],"石橋":[36.438558,139.852663],"駅東3":[36.377338,139.846756],"東前原":[36.418474,139.848459],"上大領":[36.43819,139.85225],"駅東5":[36.374042,139.848327],"駅東4":[36.378887,139.84887],"下石橋":[36.4186,139.862693],"緑2":[36.384664,139.852037],"大光寺2":[36.42863,139.849647],"薬師寺":[36.398117,139.878031],"医大前1":[36.391673,139.850703],"緑1":[36.387627,139.854565],"大光寺1":[36.43284,139.853737],"烏ケ森1":[36.38324,139.853233],"医大前4":[36.394364,139.854227],"緑3":[36.389007,139.858298],"下古山1":[36.441523,139.859443],"医大前2":[36.397445,139.854706],"烏ケ森2":[36.380181,139.858862],"医大前3":[36.397267,139.85627],"祇園1":[36.394417,139.858475],"下古山2":[36.444572,139.856897],"大松山1":[36.432584,139.856535],"緑6":[36.383825,139.861207],"緑4":[36.388363,139.859207],"下古山3":[36.448956,139.861097],"緑5":[36.38601,139.863076],"花の木2":[36.431787,139.859752],"下坪山":[36.359239,139.863966],"祇園2":[36.392836,139.864485],"文教1":[36.442684,139.862465],"祇園4":[36.390035,139.861513],"文教2":[36.445166,139.861526],"花の木1":[36.430749,139.863248],"文教3":[36.448786,139.864673],"祇園5":[36.390299,139.864243],"仁良川":[36.385555,139.878691],"花田":[36.362582,139.879723],"絹板":[36.355006,139.886038],"田中":[36.392069,139.891595],"東根":[36.369382,139.887192],"町田":[36.400405,139.89336],"成田":[36.416857,139.886848],"下文狹":[36.390669,139.891256],"上坪山":[36.369934,139.898254],"谷地賀":[36.3866,139.904854],"磯部":[36.381618,139.90344],"三王山":[36.396036,139.912489],"本吉田":[36.361431,139.903889],"下吉田":[36.359429,139.906268],"別当河原":[36.374277,139.904896],"中川島":[36.387733,139.912607],"上川島":[36.388418,139.911937],"上吉田":[36.38843,139.921529],"祇園3":[36.392083,139.860078],"花の木3":[36.428937,139.861583]}