{"大字千本":[36.57829,140.138115],"大字上菅又":[36.552725,140.148393],"大字下菅又":[36.542597,140.137256],"大字天子":[36.528597,140.148227],"大字黒田":[36.607246,140.141504],"大字木幡":[36.49695,140.162745],"大字町田":[36.575909,140.14057],"大字飯":[36.461482,140.187998],"大字北高岡":[36.510582,140.168777],"大字坂井":[36.540502,140.166039],"大字小山":[36.488109,140.163728],"大字深沢":[36.423076,140.151093],"大字茂木":[36.536205,140.183804],"大字上後郷":[36.5538,140.170815],"大字所草":[36.575835,140.161893],"大字生井":[36.601552,140.172187],"大字烏生田":[36.577978,140.176409],"大字九石":[36.565985,140.164962],"大字竹原":[36.584791,140.176807],"大字小井戸":[36.550535,140.20578],"大字小貫":[36.433844,140.181995],"大字神井":[36.509294,140.179613],"大字福手":[36.473852,140.20543],"大字大畑":[36.588584,140.190117],"大字後郷":[36.560592,140.19025],"大字大瀬":[36.581527,140.191842],"大字鮎田":[36.49301,140.221443],"大字牧野":[36.581087,140.211813],"大字入郷":[36.59371,140.202919],"大字増井":[36.534578,140.194663],"大字三坂":[36.528798,140.205666],"大字林":[36.530011,140.213446],"大字塩田":[36.543672,140.20328],"大字河又":[36.610748,140.2233],"大字河井":[36.566317,140.202173],"大字馬門":[36.539625,140.212471],"大字飯野":[36.544141,140.240641],"大字小深":[36.57759,140.223528],"大字桧山":[36.526131,140.248575],"大字山内":[36.587691,140.237311],"大字青梅":[36.512157,140.237876]}