{"大字野渡":[36.210996,139.705017],"大字野木":[36.233459,139.716284],"大字友沼":[36.261204,139.731792],"大字南赤塚":[36.221885,139.743499],"大字丸林":[36.236101,139.734871],"大字中谷":[36.222245,139.743192],"大字潤島":[36.243954,139.755451],"大字若林":[36.236697,139.76156],"大字佐川野":[36.22926,139.779912],"大字川田":[36.248764,139.782999]}