{"大字船生":[36.767878,139.821324],"大字上寺島":[36.818665,139.841555],"大字佐貫":[36.748012,139.804838],"大字上沢":[36.748687,139.830341],"大字玉生":[36.775832,139.860697],"大字下寺島":[36.798758,139.839923],"大字芦場新田":[36.767401,139.836586],"大字飯岡":[36.753164,139.85221],"大字鳥羽新田":[36.838898,139.840358],"大字東房":[36.785183,139.849111],"大字風見":[36.736997,139.87353],"大字熊ノ木":[36.789317,139.86833],"大字風見山田":[36.739553,139.859215],"大字道下":[36.764456,139.863699],"大字泉":[36.749175,139.865846],"大字喜佐見":[36.79363,139.871272],"大字原荻野目":[36.762173,139.86565],"大字金枝":[36.753971,139.874344],"大字田所":[36.7472,139.900164],"大字大宮":[36.733827,139.894817],"大字上平":[36.723633,139.884035],"大字大久保":[36.72116,139.918109],"大字肘内":[36.725281,139.931437]}