{"大字宝積寺":[36.632012,139.974601],"大字上阿久津":[36.647036,139.964404],"大字中阿久津":[36.65045,139.968521],"大字大谷":[36.663909,139.972546],"大字石末":[36.651083,139.990032],"光陽台5":[36.612477,139.982545],"光陽台6":[36.620953,139.981345],"光陽台4":[36.619485,139.985992],"光陽台2":[36.622489,139.987346],"宝石台5":[36.614744,139.986509],"光陽台3":[36.621451,139.98829],"宝石台3":[36.617971,139.991458],"光陽台1":[36.623168,139.99189],"大字上高根沢":[36.592,140.045417],"宝石台4":[36.61555,139.99486],"宝石台1":[36.622308,139.995219],"宝石台2":[36.616265,139.997425],"大字花岡":[36.660145,140.014157],"大字西高谷":[36.633037,140.017424],"大字寺渡戸":[36.622209,140.022795],"大字伏久":[36.672093,140.024056],"大字平田":[36.647688,140.030554],"大字栗ケ島":[36.608742,140.045173],"大字太田":[36.628047,140.03746],"大字文挾":[36.662755,140.03867],"大字飯室":[36.64878,140.050386],"大字桑窪":[36.627517,140.059905],"大字上柏崎":[36.645335,140.051724],"大字亀梨":[36.648028,140.059942],"大字下柏崎":[36.61886,140.070751],"大字中柏崎":[36.609153,140.075242]}