{"小口":[36.753585,140.149767],"北向田":[36.743172,140.154158],"久那瀬":[36.719917,140.158418],"松野":[36.719849,140.165215],"馬頭":[36.732194,140.167591],"和見":[36.775383,140.18497],"健武":[36.751804,140.18368],"矢又":[36.732786,140.178394],"小砂":[36.78028,140.137585]}